start	end	text
0	5220	Okay, but the real men in black, are we talking about humans or non-human intelligence?
5440	10600	What is the real men in black compared to just government agents being, you know, interrogating people?
12500	23860	I think there's enough evidence in the literature to indicate that the phenomenon may be associated with some cases of what we call men in black.
24580	25740	But what are they?
28200	34380	secrets cover-ups and strange phenomena ufos and ideas that challenge reality itself
34380	38900	all these mysteries all this time are we ever going to get to the bottom of these
38900	45120	my name is george knapp i dig into news stories that others can't or won't i'm jeremy corbell
45120	51800	and for some reason people tell me things they probably shouldn't and this is weaponized
51800	52140	Weaponize.
54760	56860	All right, you guys, welcome to Weaponize.
56920	58860	We had some technological problems.
58960	63440	I'm going to blame that on George Knapp, but we have a great episode with Dr. James Lekatsky,
63520	70160	Dr. Colm Kelleher, talking about the UFO programs and their new book, which is inside the U.S.
70160	73220	government, Covert UFO Program, Initial Revelations.
73380	75760	So jumping on in with all you all, here we go.
76560	81860	Jim McCaskey, it's so great to have you in column here to talk about OSAP.
81980	87840	For the benefit of our audience that does not understand the difference between OSAP and AATIP,
87900	94140	your new book, Inside the U.S. Government Covert UFO Program Initial Revelations, really draws a distinction.
94400	96420	And it's not bashing AATIP.
96420	100880	It's not going after Lou Elizondo or showing differences.
101180	104140	But there were distinct differences between those two programs.
105760	110740	audience, those who are not aware of what each of those acronyms mean, what the difference was?
111600	122120	Well, the Advanced Aerospace Weapons System Applications Program was basically created
122120	130800	between myself and Senator Reid at the Defense Intelligence Agency. It was a $22 million program.
130800	139220	program. It had the capability of going five years. We completed our objectives in two years.
139680	150600	You might say it was a test of various components of a UFO, UAP, paranormal research program.
150740	159160	Right from the beginning, it included all aspects of both UFOs and the paranormal in relationship to
161000	166180	It was a contract that was put out on the Internet.
166460	169500	It had a quick turnaround because of the funding mechanism.
169800	171580	The first year was $10 million.
172240	174420	The second year was $12 million.
176560	180780	And we gutted out.
180780	192320	We had numerous interested parties who wished to bid on the contract, but following the regulations, it first had to go to small businesses.
192660	200400	Well, the only small business, we found small businesses that were capable of bidding on it, but they chose not to.
201820	213140	Bob Bigelow's BAS created specifically, and that was so important to DIA, specifically to address our needs in this program.
213380	219820	And when I say needs, we used a new method of putting out this request for proposal.
220140	226000	We did not tell the contractor, the bidder, what to do.
226000	234800	we said this is what we wanted achieved how would you do it and that's how this program was created
234800	241580	and had specifically all the right components let me um let me back up a little bit just for
241580	247380	our listeners people that are listening and also just for the visual audience here um dr lakatsky
247380	254520	first of all in december 2017 the world learned that there was a ufo study program and that it
256000	261760	for $22 million. They heard that that program was called AATIP. But what you've told us is that,
261780	268460	no, you ran the program, the DIA, for studying UFOs, and it was called AWCEP, Advanced Aerospace
268460	275220	Weapon System Applications Program. So you're talking now about a government study, a UFO
275220	282480	program, studying all the physics and the nature of UFOs up to date. And so you're kind of coming
282480	288060	and forward with these books, with Dr. Kelleher and George Knapp, and you're laying it out for
288060	294080	people. This is what we did. This is how we did it. We don't want it to get messed up. You know,
294080	299180	we want to tell you what happened. It's a big deal. It's a big deal that you're speaking to
299180	306780	us right now as, you know, someone from the DIA who studied UFOs. So I guess the question for me,
306780	319400	For me, very simple, audience kind of might want to know, is that when that came out in December 2017 and didn't see your program named there, I mean, what does that feel like?
319460	322320	Are you doing this because you want to clarify the record to the public?
323040	323600	Exactly.
323640	327700	And we stated that clearly in Skinwalkers at the Pentagon.
327700	329660	We want to clarify the record.
329740	332840	Now we're giving the details of the record.
332840	344820	Now, the thing is, is AATIP, the name itself, I did not create that name, but it was created for a specific reason.
344920	346820	I don't think that's ever been printed.
347780	352540	It was done, yes, in Senator Reid's letter asking for a special access program.
352700	355800	That's been out in the press for, what, five years now.
356860	361360	But where did the need for a different name come from?
362840	371040	took me by surprise when I saw the funding, someone, in other words, the notification of
371040	379300	funding that, yes, DIA was getting this money. It was on a piece of paper that had highly classified
379300	388020	programs listed on the rest of the paper. And someone in Congress put secret on the program
388020	396880	name and its very abbreviated contents that were on that document. I did not want to get
396880	405220	us crossways with any security considerations. I wanted a different name. Now, I believe that
405220	413140	who we called Axelrod or perhaps Luella Zond or perhaps some of their cohorts, and maybe all of
413140	421360	them came up with the name AATIP. That name would have been a great problem for DIA because OSAP
421360	429880	routed the money to the defense warning office of DIA, period. It had to be that name.
430180	437420	So the contract may have been called that too because that's what we put at the open
437420	441020	open solicitation that can still be found on the internet.
443840	448120	And I've repeated in Skinwalkers at the Pentagon, you know,
448120	452360	a concise amount of material as to what we requested.
452820	456340	But that's where the name AATIP came from.
456400	466040	AATIP was something that was necessary to be proceeded with on military cases.
467420	473380	that I was not privy because it was mainly spun up as I was getting ready to retire.
474060	483060	I will say this, though, that when I left, all of our references were electronically,
483960	491400	specifically scanned in electronically at DIA. Now, I can't say what happened in the years since
491400	497620	I retired in 2016, it could have been that they're purged, but they weren't physical records.
497920	506060	So I don't see why there is a problem in people asking for them, except for the fact,
506220	512280	and this is why these books are required. Most of them were proprietary. Remember,
513860	518480	they were monthly reports from the contractor and specialized studies.
519420	531760	They had people's names, contractor names, the facilities that were being bought and constructed.
532600	535140	They had security information.
536140	538060	They had all of this.
538180	545220	And I have already told, I wasn't asked to have these documents cleaned for release.
545220	553460	lease, but the proprietary information is so much, I said preemptively, I wouldn't take on that job.
554360	562920	It's just too much. We're doing it in this manner so the public knows what went on in that program
562920	570340	within the constraints of security. I hope that answers your question because AATIP was a
570340	577880	a specialized small program. It had access, I'm sure, to funds that I also had access to,
577920	585900	but not use on this program, of where we can go out and, let's say, review facilities at DIA.
586280	593660	I used them to review missile contractors, in other words, so I could learn the nuts and bolts.
593660	597080	but money I'm sure was available for AATIP
597080	599560	nowhere near $22 million.
600420	601380	That's really helpful.
601680	603380	So George, we're talking about that,
603420	605120	like how AATIP kept its legs
605120	608600	because it was heroic in an attempt to kind of continue it.
608660	611040	The fact there was money available
611040	612840	wasn't out of the 22 million.
612920	614140	And we're making that clear.
614280	616340	It was misreported in the New York Times.
616780	619960	However, it is nice to know that somehow
619960	623160	how they got any funding to do the work they were doing.
623660	630480	Yes, and I was aware of some of the programs, the cases that they were looking into.
630680	645100	And I can say without going into detail, because it's a classified endeavor, I was fascinated by one of their cases because it was a repeat from the 60s.
645100	656140	And if you go through our databases, you're going to see cases where people claim, wait a minute, I saw the same UFO when I was 20 years younger.
656340	659240	And those cases kind of fascinate me.
659300	661200	How can that be?
661400	664560	At least, are we talking about time machines?
664860	666640	What are we talking about?
666640	674200	out. But you will find that another fascinating point of our huge database is it would be the
674200	680960	equivalent of us going out for a drive in our car. And every car and truck we meet on the road
680960	688480	is of a different design. I mean, to me, that's an interesting insight, because when people make
688480	695660	up charts and we have a nice one of all the configurations of UFOs and those are
695660	701600	main configurations like triangle they're very many variants of triangles
704300	709980	it's like how can this be I mean it's like certainly we're doing things
709980	714060	exactly the opposite in the auto industry every SUV looks like every
714060	722780	other SUV. You have to look at the name badge in order to tell what brand is that. I like it or I
722780	731840	dislike it. But right now, I like them all mainly because they all look like UFOs, totally the
731840	739520	opposite. There's one particular UFO design that gets discussed in the book that you reveal.
739520	742700	and if you blink, you'll miss it.
742820	749900	But it's maybe the most controversial and important piece of information that this book conveys.
750260	756140	You say something at the beginning of Chapter 9 about a craft of unknown origin
756140	759780	that our government finally accessed the inside.
760160	765120	Can you share with us what's in the book, and is there anything else you can add to that?
765120	778560	Well, what's in the book is an exact statement of the event that occurred in the, let's say, in a congressional facility.
780580	788400	There was more to it, considerably more to that discussion about what this situation was.
788400	798880	was. We can't go into that because it's, and when I mean, Colm and I, yes, we know about it.
799280	805520	People are interested in it, I'm quite sure, but security has to trump everything else.
806520	811840	A lot of things can be said. This was, this book, as with Skinwalkers at the Pentagon,
811840	818880	Pentagon, I keep flashing book, basically was reviewed by the Department of Defense
818880	822340	for released and approved the wording that's in it.
822420	823360	The wording.
823540	829000	If we varied that wording, we'd get back, this was a seven month review.
829180	830120	This was quick.
831580	837720	DOD on Skinwalkers at the Pentagon took 14 months to review that book.
839400	840980	and there was
840980	844880	I agreed with all of the changes on both of these books
844880	846780	except for one
846780	850860	I made the fatal mistake of complimenting
850860	853180	the help from a non-DOD
855140	856600	organization and it was
856600	859080	whoa we can't do that we've got to
859080	862080	align that out and so that was
862740	865320	the only thing that was a straight line out
865320	870680	The DOD helped us reward things by their security regulations.
871220	873700	And so you're getting as much as we can say.
873760	874100	Jeremy.
874140	874480	Okay.
874480	875180	Hold on.
875180	875560	Hold on.
875560	875900	Hold on.
875980	881020	So for our audience that's listening, George has dropped an atom bomb because it was dropped in the book.
881140	882340	So audience is just listening.
882460	883640	I'm going to read you something.
883640	888880	beginning of chapter nine, at the conclusion of a 2011 meeting in the Capitol building
888880	895360	with a U.S. senator and an agency undersecretary, Lekatsky, the only one of the book's authors
895360	903040	present, posed a question. But this is where it gets good. He stated, meaning you, Dr. Lekatsky,
903220	909040	that the United States was in possession of a craft of unknown origin and had successfully
909040	917020	gained access to its interior. This craft had a streamlined configuration suitable for aerodynamic
917020	925660	flight, but no intakes, exhaust, wings, or control surfaces. In fact, it appeared not to have an
925660	931840	engine, fuel tanks, or fuel. Now there's a next part, which I'll read in a minute. But what this
931840	937500	is, is you're officially allowed to tell us that the United States government has in its possession
939040	941500	and you were able to access the inside.
941800	942760	Is that correct?
944100	947700	The wording that you read is correct.
948080	950520	Ah, you're going beyond the wording.
950740	951480	No, I'm not.
951540	951780	I'm not.
951820	953660	I'm asking you, did that meeting happen?
954420	955460	And is it true?
955760	956640	And it's true.
957400	959580	Okay, you're telling us,
960200	962560	you told us because you were allowed to tell us
962560	965300	that our government has a UFO in its possession
965300	968060	and has been able to access the inside of it, right?
969500	969860	Yes.
970780	971840	Well, that's what I know.
972480	973980	I was allowed to tell you.
974000	975180	Let me show the back of the book.
975360	976320	This is what I know.
976480	976740	I know.
976840	977500	Hold up.
978060	980080	George, will you translate, George?
980180	980360	All right.
980360	981520	Let's try another tack.
982140	984620	How do we know it's a craft and not a doorstop?
984700	985800	We accessed it.
985840	986660	It has no engine.
986800	988660	It has no wings, no fuel.
989660	991800	It doesn't, we don't know that it travels.
991900	994320	Do we know it's a craft or it's just a rock?
995340	1000320	George, you're going into the further discussion that occurred that day.
1000540	1001260	All right.
1001500	1003460	We can't go there.
1003760	1008600	But let me tell you, we're going to try to cover that in the future.
1008800	1010920	But it's delicate.
1012580	1019960	It makes the technology described in here look primitive.
1020280	1021680	Why is it delicate?
1021680	1026920	Why is this topic that the United States government has a UFO in its possession and we've been reverse engineering it?
1026960	1027860	You've done admitted it.
1028060	1029180	Why is it delicate?
1030880	1032040	The details.
1034180	1035300	I'm old school.
1035600	1036780	I'll use the term.
1036840	1042700	I won't use the term adversary, competitor as the way we describe.
1042700	1052180	We are surrounded, maybe not surrounded, but hopefully not so, by our enemies.
1053180	1057340	And our enemies, you can be sure they're listening to this show right now.
1057500	1061100	You can be sure that they were monitoring OSAP.
1061100	1076280	You can be sure that perhaps they had employees, hopefully not in GIA, but in the contractor part, that was, were giving out information.
1076740	1080980	I am, I know that.
1081940	1087420	So the thing is, is we can't say anything more than what we've been approved to say.
1087420	1096140	and there's insight to this, but I want to shift it just slightly, but it shows my point.
1097620	1102280	Skinwalkers at the Pentagon and Initial Revelations, if I might use the shorter title
1102280	1111740	on this new book, has not what I would call zingers in it, but has some interesting doors
1111740	1115500	that have not been even mentioned.
1115820	1118780	One, why was this program started?
1120740	1123800	Two, why was this program ended?
1123920	1125580	And we've raised this partially
1125580	1127760	in Skinwalkers at the Pentagon.
1128060	1129160	Did it end?
1130680	1134240	Also, we had a chapter in Skinwalkers at the Pentagon
1134240	1137500	where we met with a high-level Brazilian official
1137500	1141180	at a meeting, started introducing some of our cohorts
1142200	1149240	And no one ever asked us, why did you have that meeting? What was so important about that meeting?
1150220	1163800	You know, there's a lot of material in there that as Kit Green, Dr. Kit Green, one of our consultants on the OSAD program said, read between the lines.
1163920	1171120	That applies both to skinwalkers at the Pentagon and initial revelations. Read between the lines.
1171740	1173400	You may come to the wrong conclusions.
1173500	1180560	And I can tell you on the topics I just read, you don't have enough information to come to the correct answers.
1181900	1182300	Okay.
1182320	1183680	So why – sorry.
1183740	1184100	Go ahead, Jeremy.
1184140	1184840	Go ahead, Jeremy.
1185040	1185340	Go ahead.
1185400	1185780	So why?
1185940	1190780	Why did the – you're asking – one big question people should ask is why was the UFO program started?
1191380	1193800	Maybe you can't tell the full story, but give us a hint.
1193900	1195540	Why was the UFO program started?
1195680	1196400	You said that's important.
1198340	1203680	I can't do that without without documenting more and getting approval
1204900	1211080	I mean can I assume you just can't do that I know Jeremy you and I have met previously
1211080	1217980	several times and you you want the bottom line but the bottom line may not let me just give you
1217980	1225860	the bottom line may not be what you anticipate in other words there may be no bottom line there
1226400	1235580	be multiple bottom lines. And we've got a lot of work. You know, if Arrow is going to move forward
1235580	1243540	from this point, they've got a lot more work to do. Why? One of the questions that you posed to us
1243540	1250400	just now was, why was the program started? Okay, you can't answer that. But another question you're
1250400	1256400	saying people should ask is why did you do all the defense intelligence reference documents?
1256760	1261380	So can you answer that? Why did you do all those defense intelligence reference documents?
1261900	1269260	And the answer is no, I can't answer that because that would be an answer that would just
1269260	1272340	floor people. Really?
1272340	1272580	Really?
1272800	1273520	Yes.
1274120	1275940	The real answer.
1276320	1285900	And by the way, I don't know whether there's ever been real criticism, but there kind of has by the nature of some of these topics.
1287720	1300040	We solicited the input for the topics for the 38 papers from Air Force Intelligence, CIA, Naval Intelligence, and Ground Intelligence.
1300040	1310640	intelligence, those are the topics they chose to do, but they were completely legitimate at the
1310640	1316760	time. And by the way, they're pretty close to state of the art right now. Okay, so that's one
1316760	1326500	thing I would like to say about the timeliness of our program or the timelessness. If this program
1326500	1332840	Ossap, you know, the physics would have been different back in the 50s and 60s. Or if this
1332840	1342040	was being done in the 2000s, 70s and 80s, what is being covered in this book and what Arrow
1342040	1350780	has been mandated to do by Congress is timeless. In other words, you will be doing the same thing
1350780	1353140	regardless of the time frame.
1353280	1355520	It's just that I'm sure configurations,
1356020	1358560	if there are any further configurations
1358560	1360480	there could possibly be of craft,
1360740	1362720	will be available in the future.
1362940	1365200	But, you know, triangles have been seen
1365200	1367540	back into the 60s,
1367540	1369980	and I'm sure will be seen into the future.
1370560	1371920	Flying saucers,
1373000	1375160	even craft that look like
1375160	1377900	something from the Jetsons have been seen.
1377900	1383020	You know, the flying saucer with the big bubble on it with occupants.
1383980	1385120	That's all the same.
1385260	1399640	In other words, if you look at OSAP and study what's in OSAP and try to answer some of the questions, you're not wasting your time.
1399820	1405200	In other words, there's a timelessness to it.
1407900	1413740	All right. So we hit some technical problems, which is not strange for us.
1413820	1420200	But we got George Knapp here on the phone and we're just getting back down to the point.
1420260	1422120	So, George, I was asking you, help me.
1422140	1425280	This guy, Likatsky, he's being a little dodgy as a reporter.
1425460	1426360	I can't nail him down.
1426540	1432760	We're talking about why our government would or why he can't talk more about this.
1432840	1434020	I don't know. Help me out, George.
1434020	1448260	Well, Jim is the rock of Gibraltar. He's not going to answer that question for you. If he's decided not to answer it, he's not going to. I was thinking maybe there's another way in. We could go around the corner here. Let's start with Column.
1448260	1455620	column this book is so much different from skin markers at the pentagon and that was not an idle
1455620	1462920	decision jim had used the phrase earlier in this conversation nuts and bolts which you will recall
1462920	1468920	you and i were kicking around ideas for a possible title for the for the book and nuts and bolts came
1468920	1475960	up um but we didn't think that having the word nuts in a ufo book was a good idea um why you know
1475960	1490060	The point is that first skinwalkers at the Pentagon had a lot of weird stuff, and people think, well, maybe we made a mistake by including all those stories of strange paranormal-type events that were highly criticized.
1490100	1494180	But in fact, that was part of the focus of OSAP.
1494760	1497600	Why this different approach this time?
1497740	1499420	What distinction is being made here?
1499420	1514380	Well, the critical part of OSAP that we tried to convey in Skinwalkers at the Pentagon was that there were two fundamental parallel tracks that OSAP ran on.
1514380	1519820	The first one was the examination of UFO performance.
1520820	1535380	And, you know, the UFO performance part was getting all of the data from eyewitnesses plus deploying sensors into the field in order to gather data on the performance of UFOs.
1535900	1538000	That was track number one.
1538620	1543500	And track number two was what effects do UFOs have on humans?
1544380	1552200	That was a parallel track that from the get-go, OSAP decided unambiguously to run both tracks
1552200	1552860	in parallel.
1553460	1560280	Skinwalkers at the Pentagon focused a lot of its reporting on the second part, which
1560280	1562980	is the effects of UFOs on humans.
1563260	1570960	So to summarize that book, we looked at a variety of effects on humans that included
1572040	1573320	medical effects.
1574380	1581560	several medical effects, pathological effects, physiological effects, you know, people having
1581560	1587780	weird metallic tastes in their mouth, sometimes hair loss and a whole bunch of other things.
1587920	1593720	We documented psychological effects, and then we also documented paranormal effects. So
1593720	1601720	all of these under the rubric of, you know, effects on humans were reported in Skinwalkers
1601720	1609200	of the Pentagon. A lot of the pushback that we got from that book was that these guys were using
1609200	1617500	taxpayers' money to camp out on Skinwalker Ranch and basically document dogmen, dino beavers,
1617540	1625580	and a whole bunch of other weird stuff. Whereas, in fact, that was only a very minor part of the
1625580	1631840	the entire OSAP program. So the purpose of the second book is to balance that whole thing out.
1632120	1641940	And so we unambiguously focused the reporting on initial revelations, the second book,
1642120	1649460	on the nuts and bolts aspects of the UFO phenomenon, which was half of what OSAP was doing.
1649460	1660240	So the purpose of the second book is really to look at the UFO performance angle strictly from only the performance angle.
1660240	1681980	Things like lift, propulsion, power generation, spatial temporal translation, configuration, a whole bunch of other aspects of UFO performance that is translatable into theoretical physics, eventually into engineering.
1682680	1685060	So that's really the second point.
1685060	1695960	In the only other interview you've given about OSAP, you had said that the DIRDS essentially established a baseline for analysis.
1696220	1699820	It's a baseline of here's what humans are known to be able to do.
1700040	1703380	Here's what we think humans will be able to do in 50 years.
1703380	1714640	And when we look at UFO cases that you do in great detail in this book, it is clear that this is technology that we certainly didn't have 50 years ago that we don't have now.
1714720	1717380	And it's not even clear we will have 50 years hence.
1717860	1721480	This is a nuts and bolts UFO book.
1721640	1724060	And it was a nuts and bolts UFO program.
1724140	1724460	Correct?
1725080	1726760	Yes, absolutely correct.
1726760	1726980	Correct.
1728220	1738280	Now, the thing is, is there have been, again, on the Internet, because anything can be said on the Internet, it seems, factual or not.
1738380	1752740	Well, one thing that is not factual is DIA knew what it was getting into in regard to both aspects that Colm just described to you.
1753080	1755580	And let me end my statement right here.
1756760	1761260	We had no choice but to pursue both aspects.
1763660	1764160	Why?
1764320	1765360	I said I ended it.
1767580	1768840	Come on, man.
1769120	1769620	Again.
1770060	1775500	Hey, let me tell you, Jeremy, you cannot compete with some of the offers that have been made to me.
1776100	1778280	I'm joking now, but this is factual.
1778280	1791480	actual airplane tickets, speaker presentations, car rentals, hotel rooms, pay for, you just
1791480	1792780	can't compete with all that.
1793000	1795780	I mean, I can throw a steak dinner at it.
1796100	1796720	Oh, they've already done that.
1796940	1798660	But you know what they always want?
1799040	1804800	Listen, I am way more handsome and way more charming than any of those other people asking
1804800	1805440	you to spill.
1805440	1809880	The thing is that the bottom line is what they all want.
1810060	1818800	And then when I hear the phone being clunked on me is when I say, I cannot go beyond what is stated in the book.
1818940	1820480	Now, of course, now there are two books.
1820700	1825040	I can't go beyond that because it needs to be.
1825140	1825740	That's okay.
1825800	1826840	You gave us a great one.
1826940	1834580	You told us U.S. government is interested in UFOs, is studying UFOs, has been studying UFOs, is reverse engineering UFOs, has one, and got inside of one.
1835440	1842660	Well, thank you. Thank you. That's. OK, so let me ask you about some current events here. I really want to get your opinion on this.
1842920	1848380	So as we know, we're out in Congress and you saw like everybody else.
1848420	1853920	And in fact, I mean, I'll spill the beans a little bit myself. We were hoping you were going to testify in front of Congress.
1854080	1858320	You didn't. But David Grush did. So I want to ask you your opinion.
1858320	1875620	Here's a guy who says that he was looking at reverse engineering programs, black budget programs, and has provided a whistleblower statement through the Presidential Protection Act, came forward and told us all these things that he believes them to be true from his investigations into 40 witnesses.
1875720	1883120	And that has been corroborated by being labeled urgent and credible by our inspector general of intelligence.
1883120	1888960	what David Grush said. So what are your thoughts on David Grush and what he said at that hearing?
1889280	1899180	I don't know Mr. Grush. Never met him. I was asked almost verbatim the same question by
1899180	1906020	a congressional office to me, a telephone conversation. And I said,
1906980	1913440	I don't have a comment. What he's saying is credible. Now, let me do say one thing that I
1913440	1919840	never witnessed. And I don't know if Colm ever witnessed this, but I never saw any what I would
1919840	1926980	consider illegal activities. I saw security procedures that are paramount, but not illegal
1926980	1935580	activities. So I don't concur with that, but it's reasonable what he's saying. And that's what I
1936180	1943900	Okay, it's reasonable that we have UFOs, we're reverse engineering, that there are biologicals associated with those.
1943900	1947240	We didn't cover biologicals because I can't say anything about that.
1949340	1950940	Why can't you say you don't know?
1951240	1954780	I can't say anything about that, Jeremy.
1956620	1959940	Okay, no, that's great. That's great. So just another question about that.
1959940	1967820	Let me tell you, these books are loaded with questions because someone criticized me, gave me a three rating on Skinwalkers at the Pentagon.
1968180	1969620	Why do they read this one?
1969800	1971900	They said it's textbook-like.
1972460	1974520	Well, in a sense, they are.
1974720	1976740	They're a learning instrument.
1977200	1986520	And one thing, and I don't know if I discussed this with you, Colin, but I was going to put like a textbook questions in the back of each chapter.
1986520	1988560	What do you think?
1989740	2001500	Now, I wasn't going to give an answer sheet to them, but basically, I think that people really need to delve deeper into the books they have.
2001700	2009140	And, you know, I personally love hard copies, but at some point it's going to be hard to flip back and forth.
2009200	2012080	You obviously are doing it well, Jeremy.
2012080	2019120	me i always had trouble on an electronic copy of flipping back and forth i like hard copies well
2020380	2025320	yeah for sure and well listen however you get the information out it's great so let me ask you this
2025320	2029460	though the big the big question with david grash was they're like well he didn't see a ufo now
2029460	2034680	you're in a meeting in the capitol hill and you're telling them we have a ufo we've gotten inside of
2034680	2041140	it did you see it yourself answer that okay but if the answer was no you could answer that right
2042080	2046100	No, that goes back to something that occurred.
2047440	2050120	A similar question, very similar to your question.
2050200	2052740	It wasn't asked by you, but it was asked to call him.
2053320	2056120	And he said, we found no smoking gun.
2056320	2059720	That is the standard answer we're to give.
2060580	2064700	So I could say no, and it'd still not be the truth.
2065500	2069520	So the thing is, security is paramount.
2069520	2075260	We follow the rules, and there's a good reason to follow them.
2076700	2078880	Yeah, you can't tell me that good reason.
2078960	2080120	We've talked about that.
2080220	2081860	You can't give me a reason.
2081980	2090600	You can't give me that good reason, but you're alluding to a really good reason why you can't tell me more about biologics, UFOs, exploitation.
2090840	2092400	You can only say what you said.
2092680	2093840	I get that.
2093880	2097420	I wish you could give me a good reason because it makes me very suspicious.
2097420	2099420	It makes people like me very suspicious.
2099780	2100840	Like, what is it?
2100840	2102280	Is the reason so dark?
2102340	2103800	Is it so disturbing?
2103840	2104300	I see.
2104680	2110300	If you want my opinion on that, I see no darkness at all here.
2112360	2124720	Basically, there was some considerable write-ups on the Skinwalker at the Pentagon that our program was stopped due to religious concerns from the far right.
2124720	2147900	Well, if there were, I knew nothing about that. I saw no evidence of that being true. But people can say whatever they want on the Internet, apparently. And that was not, that was not, I did not witness any of that. And I think that that's come up in some of these congressional hearings.
2147940	2149120	Let me put it this way.
2150300	2151360	George is saying something.
2151360	2165740	In Skinwalkers at the Pentagon, and Colm has backed this up in public statements, both of you indicated that you were on the trail of reverse engineering, crash saucer, metamaterials, weird stuff.
2165940	2170520	You went knocking at different places and the door was slammed in your face.
2170720	2175280	That sounds like you were looking for exactly what we're talking about right here.
2175380	2176320	Is that wrong?
2177540	2179080	Of course not.
2179080	2192300	That was part of the program. But I'm saying the door being slammed in our face wasn't because of suspected demonic activities within this at all.
2192300	2206620	In fact, I would say there's evidence that this is something of a nature that, well, I better not say much more.
2206920	2215280	If full human capabilities were known to us right now, it is not something that we need to fear.
2215280	2220600	And I do not, I just don't believe it.
2220620	2223060	Maybe I'm influenced by my Catholic faith.
2223200	2224800	I don't know, but I'm optimistic.
2225080	2227540	I think everything heads toward good.
2230340	2233300	What do you mean by if full human capabilities were understood,
2233520	2235100	there would be nothing to fear?
2238300	2241260	We'll get into that later, at some later point.
2241460	2244320	But our capabilities, as Columwell knows,
2245280	2257840	expert in all of these areas, more so than me, is our capabilities have never been fully revealed,
2258000	2262480	and we're still learning. We've got a long way to evolve still.
2264400	2265600	George, what were you saying?
2266440	2269900	Well, there are two questions I've asked, and neither one of them were answered.
2269900	2274040	But the first one was, were the DERDs established as a baseline?
2274240	2275900	Because that's what has been said before.
2276020	2276620	They were a baseline.
2276620	2277240	Oh, yes, yes.
2277420	2278420	I wish we could measure.
2278720	2279260	That's correct.
2279780	2282240	Yes, they're a baseline.
2283660	2293160	Well, they're a baseline, but also the purpose of them was to project 40 to 50 years out in the future
2293160	2300220	in terms of the best known projections by the sort of the best people at hand.
2300400	2305280	So they were a baseline, but they were also projecting into the future
2305280	2309700	so that there would be an attempt to look at UFO performance
2310260	2315180	and then marry those to the projections, the baseline projections.
2316860	2319060	All right. Well, the second part of the question was,
2319180	2322160	do we not in fact report in Skinwalkers at the Pentagon
2323160	2325840	went knocking on doors asking about these materials.
2326560	2331240	The materials, and I'm assuming we're talking about crash saucer type stuff,
2331420	2336420	that was part of what the bath plant was modified to receive.
2336520	2342300	That was part of the contract, that you were asked to prepare to receive certain materials that you never got,
2342440	2346080	and you went looking for them, and that's when the door was slammed in your face.
2346320	2348440	Colin, am I characterizing that incorrectly?
2348440	2356760	correctly? Well, slightly, because the people who were moving forward on that were not,
2357380	2362540	they were working with the OSAP program, but they weren't part of the OSAP program.
2364460	2376080	And remember, George, there's always multiple doors. There are always multiple ways of doing
2376080	2402880	things. So just because a door was slammed in our face, is that a common expression that we're using? Is that all we can say? Remember, I and Colm became this, are experts at taking higher classification material and describing it at lower classifications.
2403640	2417760	There is no contradiction between the two. It's just that the lower classification isn't complete. And I can tell you there's a lot of material here in both books. It's not complete. And it can't be at this point.
2418980	2427720	Okay, well, we've dodged the question again. Is you pursuing this material? Were you trying to find this?
2427720	2439580	You know, part of your question is there's material and there's material.
2439700	2442780	Are you talking about material to be investigated?
2443540	2447160	In other words, pieces falling off flying saucers?
2447380	2450900	Or are you talking about full-blown craft?
2452120	2453580	You know, there's a big difference.
2453580	2466820	And I'm not so sure that I would ever characterize it that we were constructing facilities in order to look at full blown craft.
2467240	2471400	I mean, again, we're talking about a commitment of money.
2471720	2478440	Bob Bigelow went over well over and well and beyond commitment to the contract.
2478440	2483800	I mean, we stopped tracking a DIA, his losses at $1.5 million.
2484860	2488360	Now, is he going to be constructing large facilities?
2488880	2499020	There's a lot of statements that have been made on the Internet that partially ring true, but ultimately aren't really true.
2501260	2504900	I mean, that's a large commitment of money on his part.
2504900	2511260	And as a contractor, he's responsible for having his supplying the facilities, not the government.
2513500	2517540	Right. But didn't he retrofit Bigelow Aerospace?
2517720	2527060	I mean, Dr. Kelleher, maybe you could talk about this, but didn't he retrofit Bigelow Aerospace in hopes to gain either some materials or a full craft?
2527380	2531800	You've already told us that we have a full craft and we got inside it, that we've been reverse engineering it within our government.
2531800	2535000	Didn't he want to be part of that and get some of that material?
2535060	2552760	Part of the contract was that, you know, DIA wanted a facility security clearance bestowed on some of the buildings associated with Bigelow Aerospace Advanced Space Studies.
2552760	2562620	And so in order to be accredited to achieve that facility security clearance, a lot of retrofitting was necessary.
2563640	2570180	So, you know, the National Security Agency got involved and all of these audits happened on a very regular basis.
2570320	2573360	So you had to dot the I's and cross the T's.
2573540	2582340	That was a part of the requirements of the contract that we had to perform.
2582760	2592140	That's a very different thing from building a hangar outside Wright-Patterson Air Force Base in order to receive a craft.
2592740	2600440	I mean, we were mandated by the contract in order to adhere to facility security clearance requirements.
2601700	2604960	Okay, so let me just go one last time.
2605040	2610580	So basically, David Grush, what he told us, you both feel that that information is credible, right?
2610700	2611980	Is that what you implied?
2612760	2625340	It's credible, but I'm simply saying he worked with someone that I know and trust as the UAP task force leader.
2625580	2630200	And I think you should take his statements.
2630200	2644900	Now, whether or not, if we could just take a moment here, I've observed to call on something that is, I'm looking at it particularly in regard to UFOs and the paranormal.
2644900	2657860	normal. There are people who have written, have talked about things they are absolutely wrong
2657860	2667340	about, but they totally believe it. I mean, you can't call them liars. They totally believe it.
2667460	2673940	Now, how many of those people that David Grush came across are fit in that category?
2674900	2696240	I could name a list of them right now, but I won't. I mean, obviously, I respect their opinions, but I know what they're saying is false. So it's a phenomenon. Now, I certainly hope that does not spread across all topics on the Internet, because we're in big trouble if that's the case.
2696240	2703140	because that means people are – is delusional the correct word?
2703260	2705220	I'm not a psychiatrist or a psychologist.
2705460	2706620	I don't know what it is.
2707280	2710700	Yeah, but hold on because we don't have Grush here to talk about.
2710720	2713400	He talks about program names.
2713900	2715480	He talked about program names.
2715620	2721220	He talked about holding locations of UFOs, which you've already admitted that we've got them and we've been exploiting them.
2721380	2726120	So he's talking about things that are very tangible and physical, people that worked on UFOs.
2726240	2731260	programs. Part of the 40 witnesses that came forward to him are people that actually worked
2731260	2736860	on these legacy UFO programs, which he says exist. We've talked about it. All the four of us have
2736860	2741460	talked about it. We know UFO legacy programs have existed, whether or not you can talk about it or
2741460	2747840	not. We know that they existed. So just to give, you know, kind of looking at what he said, he's
2747840	2752100	saying that there are individuals with direct firsthand experience, not opinions that could
2752100	2755980	to be wrong or right about. It's whether or not these programs existed and we have these
2755980	2759700	crafts we've been working on. Okay, and I have seen in
2759700	2764120	multiple cases what I would call, can only call, forged documents.
2766260	2767540	Okay, so there's another
2767540	2770920	thing we should talk about. What do you mean by that?
2771040	2772060	They're forged documents.
2773940	2777020	They're documents talking about programs
2777020	2788340	programs uh that are not legitimate documents within intelligence servers within your industry
2788340	2794080	there are forged documents inside of our governments and you know or what are you
2794080	2796300	talking about just on the internet are you talking about both
2798660	2804640	really what how how could that happen forged documents with inside our intelligence agency
2806480	2809600	They even covered this on an X-Files episode.
2810420	2815560	Every special access program has a counterintelligence officer.
2816440	2817760	That's their job.
2819360	2821180	You know, it's their job.
2821980	2827060	So, you know, you might say, well, wait a minute, Jim and Colin are counterintelligence officers.
2827140	2827640	No, we're not.
2828220	2829920	You know, there's no reason to be.
2829920	2844060	But if you're in a program, you have that person either assigned to you or you bring them in, and there's a source of forged documents right there.
2845180	2857260	Have your listeners and readers go back through the UFO history, and you'll see fingers pointing to others that, again, I won't name them,
2857260	2860280	that, hey, this is all fabricated.
2861560	2863680	Yeah, like Rick Doty.
2863720	2865020	That's who you're talking about, maybe.
2865160	2865660	Can't say.
2866620	2867300	Oh, hold on.
2867300	2867720	Here's George.
2867800	2868440	Here's George.
2868540	2869120	He's going to say something.
2869200	2869680	Go ahead, George.
2869940	2876240	Which counterintelligence officer wrote this in Skin Markers at the Pentagon on page 102?
2876240	2877200	Okay, wait a minute.
2877700	2878360	Wait a minute.
2878500	2878740	Wait a minute.
2879500	2880240	He'll read it.
2880700	2881100	152.
2881300	2881520	Yeah.
2881520	2891500	Sasha Mover and Jim Bell began knocking on doors beyond DHS to connect with, quote, the keepers of the secrets in at least two other agencies.
2891740	2900140	In these meetings, which took place June, July 2011, Sasha, Jim and colleagues were treated rudely and harshly.
2900240	2904200	Bell and Mover were repeatedly told no and hell no.
2904200	2913240	This left them convinced that advanced technology was sequestered under government supervision at aerospace contractor facilities.
2913700	2922300	As a result, the DHS facilities, the Department of Homeland Security officials, became very hesitant and even fearful of moving forward.
2922540	2932300	Perhaps these two only belatedly realized the unique, game-changing, and earth-shattering nature of the biggest secret ever kept by the United States.
2934200	2936200	or did you two guys write that?
2936600	2941020	Well, we wrote that and it was approved by the Pentagon and by DHS.
2942200	2945640	But the thing is, is that that's not what I'm talking about.
2945700	2951160	I'm talking about playing out and out forged documents that are shown as proof of something.
2951900	2957480	And it's been applied to OSAP, too, that their documents.
2957520	2963540	I want to emphasize something I said on my first and only interview.
2964200	2966400	It was a closed program.
2966640	2969420	It operated very similar to a SAP.
2969720	2981020	The director, the director of analysis, and my office chief, and of course, division chief, knew about this program.
2981240	2982640	No one else did.
2982960	2987640	Now, I was also protected by the stovepipe nature of that.
2987840	2992140	I did not have to address political type questions.
2992140	2997040	I was insulated, but they were too.
2997420	3000100	There was no one else.
3000140	3003180	People in the surrounding cubicles didn't know.
3003320	3005680	Nothing was purposely being hid.
3005920	3011500	It was a closed stovepipe system, and it needed to be.
3012020	3014560	It needed to be operated that way.
3014560	3026380	What I'm talking about here is documents that have risen up in the meantime that are out and out forgeries.
3026980	3030200	Again, I'm not saying why this was done.
3030280	3037220	I'm saying officially, if this was a counterintelligence effort, it probably wasn't a very good one.
3037540	3042480	But the thing is, is there's phony material out there.
3042480	3053040	And I we have no reason to do that. And that's why, you know, we were questioned in the review of Skinwalkers at the Pentagon.
3053080	3059720	Why did we list all the references? Why? Because we have real references.
3060180	3070200	Whether or not, you know, people can see that because of all the material that's the proprietary information in those references is is another situation.
3070200	3078060	But the thing is, is we we we have our references and they're not fabrications.
3078120	3082700	They exist and they exist both in and outside of DIA.
3085820	3093660	So what I was trying to get to is off that mass during that period, you confronted the keepers of the secrets.
3093720	3096540	You were on the trail of what the keepers of the secrets have.
3096540	3101620	The biggest secret in the history of the U.S. government is how we described it in that book.
3102820	3105080	We're not talking about bits and pieces of metal here.
3105240	3111640	Your crew, your team, OSAP, was on the trail of that stuff, right?
3111800	3114240	I mean, are we wrong about that?
3114300	3115540	Is that counterintelligence?
3115600	3118720	Or did you come to believe that we really do have this stuff?
3120020	3131640	Well, I can tell you, George, that as you know, those events in 2011 occurred after the OSAP program was shut down.
3132940	3143400	So OSAP was officially sort of stopped in terms of funding being received in September of 2010.
3143400	3148700	By December of 2010, we had a 90-day no-cost extension.
3149100	3151440	At that stage, the program was over.
3151700	3157480	There was a lot of interaction between different departments and different agencies subsequent
3158080	3160640	to that regarding additional funding.
3160940	3167600	What you are referencing in the Skinworkers at the Pentagon occurred after the OSAP program
3168520	3170420	officially was terminated.
3170420	3176920	And it involved a lot of negotiation and back and forth between different organizations.
3177480	3183880	One of those organizations that we worked with was DHS, as it says in that book.
3184020	3189540	And those elements within DHS did their own version of due diligence.
3190420	3192320	And that's what's being referenced in that book.
3192320	3206740	I think what George is getting at is that you guys have already explained that you have gone off after the people that are guarding these secrets, that you did find that they're storing this stuff somewhere else.
3206920	3208640	I mean, is that, George, is that your point?
3208880	3210080	Is that they've already said—
3210080	3219380	Yeah, I think that they believe that those goods exist somewhere hidden in the bowels of defense contractors by the elements of the U.S. government.
3219500	3220380	They think they're real.
3222320	3227260	describing is when Jim and Colm and some of their colleagues were trying to find a new home for a
3227260	3235140	version of OSAC. Is that correct? That is correct. So on one hand, you're telling me there's disinfo
3235140	3240020	even within intelligence servers and systems where you can cover up your programs, but you're also
3240020	3245120	telling me UFOs, our government knows, that's why you did all those dirts and that we have them.
3245180	3250260	We've been inside of one of them. You've admitted it now. I don't know that anybody from the DIA,
3250260	3254040	from your level of the intelligence agency running a UFO program
3254040	3258360	has ever admitted publicly before that we have a UFO and have been
3258360	3261980	inside of it, have been able to get inside of it. That's a big deal, you guys.
3263020	3265780	Well, that still doesn't address George's question.
3267620	3270080	You know. You're not addressing any of George's questions.
3271520	3273380	We're not? Okay.
3275260	3276460	Honey, you're dodgy.
3278400	3285180	Maybe we take a different tack and try to talk about the book in a general term and try to circle back.
3285660	3288620	We've mentioned about Arrow a couple of times.
3288620	3307340	Jim, you and Colm have both said in a limited number of interviews that you believe that the data warehouse that was established by OSAP, the biggest UFO data warehouse in existence that we know of, that it was subsequently being put into use by U.S. government agencies.
3307700	3309640	Is Arrow one of those agencies?
3309960	3314620	And if it is, have they reached out to you and Colm, or can you say?
3315720	3321560	because arrow using the database that you guys created from awesom the largest ufo database
3321560	3327420	in history jacques valet worked a lot with you guys on that is arrow using that have they reached
3327420	3337500	out to you about that on that particular issue uh no they have not but uh i know that the uh
3338520	3349760	originator of, you know, the lead of the UAP task force from whence Arrow evolved did have it.
3350180	3359780	So as for using it, it's more of a tool to get broad trends. I mean, obviously,
3359780	3366060	my broad trend observation is every car on the road is different if you look at the UFO database.
3367820	3377660	In other words, models don't – if multiple crafts are seen at the same time, yes, they can be duplicates.
3377900	3380800	But in general, everything is different.
3381200	3383700	That's something you use the database for.
3384260	3385020	Also –
3385580	3386920	What do you make of that?
3387060	3388020	What do you make of that in general?
3388040	3388460	I'm sorry.
3388500	3389400	But what do you make of that?
3389560	3390820	I don't know what to make of that.
3390940	3396320	I mean there are some indications of what I could say, but I won't say yet.
3397500	3406660	that that's odd. And why is everything dissimilar? You know, you have to, that's, you have, there are
3406660	3415520	a lot of things that you have to question here. Why did, why have, I mean, in, on regard to
3415520	3425060	Skinwalker Ranch, you've seen nothing yet. Nothing. I mean, you'd be flabbergasted at some of the
3425060	3436460	occurrences there. And yes, there is documentation for these. Why? For what purpose? And I think it's
3436460	3443300	very dangerous to commit to an answer that someone knows the solution or what's occurring.
3443780	3454480	I think it's... I can also, going back to George's question, I can answer that also from my
3455840	3485040	You know, as you know, George, the transition that occurred between the UAPTF and the various iterations of the UAPTF, that the transition to AOI-MSG and then ultimately to AARO occurred under completely different leadership and completely different circumstances than the original UAPTF.
3485060	3497540	So I was interacting with members of the UAPTF on a sort of a consultant, informal consultant basis.
3497720	3507100	And I know for a fact that they had access to the electronic version of the OSAP database.
3507100	3530480	However, the transition that occurred in the leadership of the UAPTF was very abrupt, as we know, and the transition that ultimately led to the formation of the AOI-MSG was very abrupt, and the leadership transferred into the USDI.
3530480	3539000	So once the leadership transferred into the USDA, AOI-MSG ultimately became AARO.
3539120	3556220	And under those two leaderships of the USDA, I have no personal knowledge that the full OSAP database was used by AOI-MSG or by AARO.
3556340	3560020	But I do know it was used by UAPTF.
3561720	3567020	i think we're dodging another bullet here i was trying to figure out if arrow had reached out to
3567020	3572780	you guys jim indicated that arrow has not reached out about the database but they didn't say he
3572780	3577200	doesn't say whether arrow has reached out at all i would think there are a few people in the world
3577200	3582700	that have more expertise on this issue than column and jim and i was just curious if i were running
3582700	3587580	arrow i would want to talk to you guys have they reached out and try to just establish a line of
3587580	3593880	communications or are you able to say the reach out was on an unclassified
3593880	3598600	network I would give you the answer yes for me
3601300	3605420	what my class was it dr. Kirkpatrick you guys or was it somebody from his office
3605420	3615400	now here Jeremy's getting back to it was it was a person from his office in a
3615400	3624940	In a position to reach out. I can say that, that as based on his background and his position, it was a proper contact. Yes.
3626800	3635660	So, so you guys, the OSAP program is the largest acknowledged UFO program to the, to the public, to the American public.
3635840	3639560	But we know there were other and our other UFO programs.
3639600	3643480	And we'll get into the our other because on camera, you guys talked with me about that.
3645400	3651020	get into that but as far as legacy ufo programs like what is your understanding of that like david
3651020	3655320	grush talked about it it's now public that there were these things have you ever had experience
3655320	3661480	with that jim have you been part of a of a ufo program a legacy ufo program i couldn't say
3661480	3669680	yes or no on that what i can say is that i am describing that which i was involved with and
3669680	3679240	and that was OSAP. And I have always said, you must do what OSAP did. You have no choice but to
3679240	3686320	do all aspects of what OSAP did. Now, you might call it, well, was that fortunate that we did the
3686320	3692140	right things? Well, actually, looking back, yes, it was. I'm kind of surprised we did what you need
3692140	3701080	to do. But any program that is truly looking into UAP paranormal has to do what we did.
3701560	3708760	And what we did, and now I'll put in another thing, or may still be going on.
3710600	3718280	Okay, so as far as future looks at the UFO topic, the OSAP, it ended in the form that we know it.
3718280	3726780	But you have said to me directly and George on camera, we just haven't put that footage out yet, both of you, that the program continues just under a different guise, a different name.
3726940	3728240	So that's what you're saying.
3728280	3729580	You're saying the two arrow.
3731300	3733080	Look, I know.
3733160	3734980	No, don't play with me with the arrow thing.
3735180	3736140	There's got to be something.
3736500	3737320	What was it?
3737320	3738100	What is it?
3738440	3740340	Chapter chapter two.
3740440	3742100	The comparison between the two.
3742100	3751220	The only difference between OSAP and what has been mandated by Congress for Arrow is the high-cost sensors.
3751640	3753120	We couldn't afford that.
3753320	3762280	Now, we describe in the book, in Chapter 18, the integrated sensor package.
3763260	3765740	Yes, we had our own design for a sensor package.
3765740	3780240	And there are other individuals, entities that were interested in placing their own sensor packages with us.
3782320	3785500	Like NASA, like another agency, like who?
3785800	3787260	No, I can't say.
3788760	3789220	Can't say.
3789540	3792600	Would have been the same equipment.
3792660	3795280	Well, they may have had resources that we didn't.
3795740	3802820	was a kind of uh uh something we could place at multiple locations any experience okay so let me
3802820	3807580	just ask you both of you can answer this this is just your opinion so we know that project blue
3807580	3813440	book ended in 1969 and they they said nothing to see here move on we do not believe that the ufos
3813440	3819240	pose a national security threat we now know that that was a lie just because of awesap even if you
3819240	3824440	don't admit another legacy program we know that we were studying ufos and funding it well let me ask
3825740	3830400	excuse that was given back in 1969 with the closing of Project Blue Book that they don't
3830400	3835580	believe there's any national security threat. I can't imagine a world where the DIA would be
3835580	3840300	funded for the defense warning office for something like AUSEP if they didn't believe
3840300	3845300	that there was a national security threat. So my question is to you, do you believe UFOs represent
3845300	3846820	represent a national security threat?
3851640	3857900	Well, lack of knowledge always can.
3859000	3860180	I mean, directly.
3860400	3861880	A direct threat.
3863440	3868760	Well, is a direct threat something that you can do something about or not do something about?
3869200	3873460	There's so many qualifiers to this question and to the answer.
3875300	3876320	to an endless...
3880140	3883420	Well, I can step in here
3883420	3887560	because that question has been posed to me multiple times.
3888280	3891280	And, you know, threat has two components.
3892340	3894940	One is capability and the second is intent.
3896540	3897280	And we had...
3897280	3902860	The OSAP program generated gobs of data on UFO capability.
3902860	3907440	We generated almost nothing on UFO intent.
3907440	3932180	And unless you have both, and I was lectured pretty strongly by one of the consultants to OSAP, you cannot make the case that without data on intent, you cannot make the case that these objects are a threat to national security.
3932180	3936680	What you can say is that they are a threat to human health.
3937160	3942280	And we made that statement at the end of the OSAP program.
3942580	3957400	We generated a fairly large summary of all of the data that pointed in that direction, including medical injury cases, including a lot of pathological cases and physiological cases.
3957640	3961920	And yes, we did say that UFOs are a threat to human health.
3962180	3964860	Are they a threat to national security?
3965280	3966320	We do not know.
3966420	3973020	We did not accumulate any data regarding UFO intent.
3973440	3974880	I'm going to pull George here.
3974940	3981060	George, so read in their book, you know, over the last few days, they talk a lot in the book.
3981120	3990180	You guys talk a lot about Calaris in Brazil and how for decades that human beings were being physically harmed to the point of death.
3992180	3994220	and that their military studied it.
3994240	3995500	Is this like a case?
3995540	3996940	And that also OSAP,
3997060	3998520	you're going to reveal in a future book,
3998700	4000680	did actually do an in-depth investigation
4000680	4001600	about Cloris.
4001780	4002900	So my question is,
4002920	4004060	okay, maybe not national security,
4004220	4005500	but in this case,
4005500	4007840	the UFOs were fucking people up.
4007920	4009680	They were hurting them to the point,
4009840	4011100	sometimes to death.
4011440	4015060	So are you telling me with your book
4015060	4015860	and all this information
4015860	4018500	that UFOs do pose a physical threat
4018500	4020680	a lot of times to people like in Brazil?
4021040	4021560	Yes.
4022500	4023100	Absolutely.
4023460	4029040	And that's one of the reasons that we were trying to complete the database in regard
4029040	4029760	to Brazil.
4030080	4039780	And it's simply that if that was occurring here in the US, let me tell you, every day
4039780	4041320	you'd see a front page article.
4042060	4043560	That did not occur.
4043780	4049480	But you know, I don't want to go into something I'm unfamiliar with that isn't OSAP in nature,
4049480	4056040	But there's current problems now in South America.
4056320	4062980	You probably know more about that, Jeremy, about what appear to be, again, threats.
4065960	4071400	Yeah, you hear that, but it's not as studied as what you guys were able to—
4071400	4074000	Yes, oh, on Calaris and the surrounding areas, correct.
4074000	4077040	Correct. But that. So anybody.
4078240	4087280	Yeah, anybody that reads your guy's book, just so our audience knows, basically, there's a bunch of dedication of pages into these bizarre events in Brazil.
4087380	4096740	They were studied by the Brazilian military where these UFOs for decades were harming, murdering, burning, messing up human beings.
4096800	4099500	This is not just like, oh, these great space brothers.
4099660	4103460	This is something that was really devastating to these communities and left them in terror.
4104000	4105400	So I suggest people check that out.
4106500	4108520	I would agree with you, Jeremy.
4108600	4131280	And I think even beyond the Brazilian cases, I think we accumulated enough cases within the United States to say that, you know, if you're in the wrong place at the wrong time in terms of proximity to UFOs, in terms of proximity to blue orbs, that you can come off the worst.
4131280	4143720	First, you'll have a lot of symptoms that mimic radiation sickness, for example, you know, metallic taste in the mouth, sunburn, your hair starts falling out.
4143800	4145720	We documented these cases.
4146040	4153540	And if you add that to the events in Calaris, you can make the statement that UFOs are really bad for your health.
4156060	4162960	I would also ask you know I think the strength of this new book is the is the examples that you
4162960	4171380	guys use that we use to to document and demonstrate certain principles why why engineering principles
4171380	4177780	physics principles of how strange this technology is how advanced it is one of the cases that comes
4177780	4182920	up is a military case and I'd remind our listeners that you know the tic-tac case was an
4183540	4190520	a Bass investigation. It started with OSAP. Later on, iterations of other UFO programs looked into
4190520	4195920	it, but OSAP started that investigation off. And you had another investigation into a military
4195920	4202080	encounter at Lake and Heath. Colin, can you share with our listeners what some of the details about
4202080	4208700	that Lake and Heath case and what stood out that made it interesting to you? Well, I think it was
4208700	4218620	It was mostly because it was a, again, it was a military situation with the RAF Lakenheath.
4220040	4230060	Got a bunch of unknown signals regarding something that needed to be checked out.
4230060	4237760	There were two fighter jets that came very, very close and personal with an object that
4237760	4245960	had no aerodynamic surfaces that looked like basically the raw ingredients of a meteor.
4246320	4251640	It was tracked both on the ground and by the fighters.
4252080	4259120	They made several passes with this and they had constant communication with ground control.
4260060	4264280	And the upshot of this thing was that an object was flying.
4264520	4267580	It did not seem to react to their presence.
4267820	4269700	They came up close and personal.
4269820	4271880	They had visual confirmation.
4272320	4273720	They had radar confirmation.
4274340	4279380	In other words, instrumented and sensor confirmation of this object.
4279660	4288180	And it was nowhere near as spectacular as the Tic Tac, but it was certainly an unknown
4290060	4293180	in the vicinity of RAF Lakenheath.
4293320	4294940	And very similar to...
4295480	4300240	You know, one of the things that we sort of focused on in the book
4302580	4308480	was correlating some of the aspects of UFO performance,
4308700	4314900	like lift and propulsion, power generation, spatial temporal translation.
4314900	4322500	and we generated a bunch of different cases from the historical literature.
4322800	4325740	And you'll notice a lot of those cases are old cases.
4325940	4333260	So one of the things that, you know, a lot of modern cases are thrown up against is,
4333400	4335120	you know, these could be drones.
4335320	4341440	These could be, you know, these could be sort of, you name it, either commercial drones
4341440	4351480	or Chinese spy drones or whatever. But, you know, back in the 1950s or 1960s, a lot of these cases
4351480	4358360	are pretty pristine. And, you know, I'm thinking, for example, of the RB-47 case that we cite in
4358360	4367060	this book, which is an absolute classic case that Brad Sparks investigated. And a lot of write-ups,
4367060	4375820	AIAA actually did a write-up on it. And this was a classic case of RB-47 aircraft down in
4375820	4384180	Texas, Louisiana area that was flying electronic countermeasures equipment and had this visual
4384180	4392760	sighting, instrumented sighting, radar sightings of this UFO that essentially outgunned them,
4392760	4399860	outmaneuvered them. And this was all the way back in July of 1957. So you cannot say this was a
4399860	4407160	Chinese high-speed drone. And the level of documentation on that case really is illustrative
4407160	4413100	of the properties that we cite in the OSAP study regarding Lyft.
4414420	4419700	Jim Kutlick asking the same sort of question. I know we're sort of hair-splitting here on the
4419700	4425220	the terms of national security threat. But when you have these unknown objects dancing around over
4425220	4431220	our base at Lakenheath or interacting in the area of the Nimitz and the Princeton,
4431480	4437580	flying around with impunity, it's not attacking U.S. cities. It's not using laser beams to wipe
4437580	4443180	out New York or Washington, D.C. So maybe it's not considered a strategic threat, but it certainly
4443180	4449580	has to be considered of interest to our national security interests when it shows such an ongoing
4449700	4454820	going fascination with military facilities, personnel and equipment.
4455040	4455360	Don't we?
4455360	4455600	Yes.
4457220	4466720	But the thing is, is we're investigating them probably properly now.
4467780	4477480	It's true that the the Lake and Heath incident did not involve near collision.
4479000	4488720	The one since 2014, 15, perhaps involved more of that, but again, probably not deliberate.
4489020	4492040	So yes, you should be investigating that.
4492160	4495020	It's more or less interference in flight.
4496720	4504900	certainly wouldn't want an airliner to have one of these be sucked into an engine intake.
4505920	4509780	They're rather large, relatively speaking.
4510780	4514480	So, yes, it should be investigated.
4514500	4520800	And that's why I believe Arrow exists right now is that's a starting point.
4521820	4529480	As for investigating many of these civilian cases, it needs to be done.
4530720	4532940	Does it need to be done by the government?
4534100	4544920	I believe the contractors are fully capable, but there needs to be certainly a database that needs to be upkept and also constructed properly.
4544920	4552120	I think Colm hasn't mentioned this yet, but we do mention in this book more than mention
4552120	4556620	that's a couple of chapters, the Vali Davis system of categorizing.
4556780	4563040	You know, you can have a database and it's just a bunch of data unless it's categorized
4563040	4570640	properly and be able to be searched on, then you can see trends.
4570640	4579300	And that's what we did with the Capella database, the Capella Bass database.
4580300	4583800	So, yes, it's huge, but it is searchable.
4586100	4588180	I want to read something from your book.
4588260	4597600	So when you talk about future work in your book, you make eight suggestions, a couple of which are establish a data facility liaison for operations,
4597600	4605080	collect and analyze uncorrelated target data, which would be from like NORAD, right? This is
4605080	4609420	something that a friend of mine in Georgia is a journalist named Chris Sharp has really dug into,
4609540	4614560	which is he's getting information from them. Well, we don't keep any UFO data. We do keep
4615220	4620240	uncorrelated target data though. Where do they put that? So you would like to see all that come in,
4620300	4625900	be able to analyze what they call uncorrelated data, which is things that do propel through
4627600	4630260	but we can't correlate it to our own craft.
4630520	4633220	So you'd like to see that data come in in future studies.
4633360	4639800	But one thing you said, when you guys gave the eight different suggestions for future work,
4640420	4644960	you talk about collection of oral and written histories.
4645100	4648020	Now, let me just read you what you wrote, two sentences.
4648400	4652500	It says, collect under appropriate security caveats,
4652500	4665100	oral and written histories from individuals with firsthand exposure to apparent exotic technologies and or circumstances surrounding the same.
4665320	4677820	This would include seeking out and contacting military and civilian personnel, scientists and engineers and companies that may already have had access to firsthand data concerning novel technologies.
4677820	4688180	So in writing that, you've got to know that there are corporations, companies, military individuals who have direct first-hand experience in this exploitation program or programs about UFOs.
4688200	4705800	Yes and no, but you're reading something exactly that was in the both proposal and which I don't think will ever be released, the proposal from Bass, and also the program planning documents for the startup of OSAP.
4705800	4713020	that's direct wording from that that was a hope that we could do that so i wouldn't i wouldn't
4713020	4719300	say in other words i wouldn't put too much uh well that's a uh that's a statement based upon
4719300	4727560	knowledge but a statement based upon desire in other words that those those are exact words from
4727560	4735060	the document. I should say, you know, since SATP, Skinwalkers to Athenagon, was a compilation
4735060	4744300	document, it was written. On our new book, we tried to keep, with editing, of course, we needed
4744300	4753380	to edit the grammar and the spelling. We tried to keep as close to the original language that was in
4753380	4756840	in our documentation that DIA received.
4757920	4764140	And the reason for that is I want your listeners and the readers of this document to understand
4764140	4770340	they're in the same management shoes or position that we were.
4770500	4774260	This is the document that really came in.
4774460	4782520	So I wouldn't put too much into the statement you read because it was used as a plan.
4783380	4793360	And as I said, these plans never came to fruition, mainly because, one, the core items were completed in the two years.
4793620	4801040	And two, it would have required more money and more personnel to do them.
4801420	4802060	Okay.
4802720	4805720	Fine, fine, fine, fine.
4805720	4817700	But Jim, like, do you think the American public deserves to know about the ultimate reality, the fact that there are appear to be non-human intelligence flying spacecraft or something?
4817860	4821320	That's why we're doing these books.
4821980	4822820	We're trying.
4823060	4827180	So you believe the American public has a right to know within the security limits.
4829080	4831980	Within security limits, security comes first.
4831980	4853500	But the thing is, is national security comes first. But that's why we're assembling these books and we're trying to accurately assemble them based on real references that may or may not be available to the public. But you're getting direct extracts from these references.
4853500	4857500	references. No, it's great.
4857660	4861120	I just wanted to see where you stand on that UAP transparency or not.
4861360	4865520	I mean, we got to crack the egg at something. Am I a disclosure advocate? The answer is no.
4867420	4869600	What's the difference in your mind? The difference is security.
4870440	4873540	You know, there's certain things. Oh, and now
4873540	4877600	if this involves security plus
4879360	4881880	because having come from the contractor world
4883500	4891060	half of my career, I can say if there's heavy investment of contractor capital, their overhead
4891060	4899280	money into technologies, and they've been given these technologies, they're going to hang on to
4899280	4905800	them. It's just like, hey, wait a minute, we've invested a lot of our personal resources into
4905800	4914280	to research. And that can apply to every topic. It's going to be difficult to pry loose technology
4914820	4921340	when something's been given over and a private company has invested their money, their stockholders
4921340	4927900	money into research. So that's an entirely different aspect. But ours is security. We're
4927900	4933060	trying to release information. Yeah, but doesn't it drive you crazy? I mean, I get it. There's
4933060	4936820	security. I get it that private companies were given something, have invested
4936820	4940620	a lot of money, but isn't this topic kind of bigger than these issues,
4940740	4944220	those two issues, the fact that we might not be alone?
4946240	4948700	Well, yes, but I think that we can
4948700	4952880	convey that through the proper method, and that's what we're trying to do.
4954880	4956860	Okay, so you are trying to convey
4956860	4960480	that to the American public. In the proper way. I'm not
4960480	4969400	I'm not going out there and interviewing with everybody to say what I really feel.
4972540	4974680	No, it was hard to get you to do this.
4974760	4977140	I mean, I can testify you're not doing it in an improper way.
4977620	4985060	People hang up on me when I say you can offer me all of this, but I'm not going to say anything more than what's been approved.
4987080	4989100	So let me get back to George here.
4990480	4993100	Are we cracking the egg here with Jim and Colin?
4993260	4995120	Oh, not even coming, not coming close.
4996620	4998220	Here's another tack we could take.
4998640	5006280	Jim, Dr. Kasky, I believe that you have made it clear that you were in contact with Congress.
5006480	5009800	I know that you were asked about testifying and you declined.
5010160	5018020	Do you feel that telling Congress all of what you know would constitute a possible threat?
5018020	5026660	You know, a mutual friend of ours, of mine and yours and columns, has said it many times, you can't tell your friends without telling your enemies.
5026980	5040460	Well, do you think that telling Congress the lowdown on things that you really know but can't say here would represent a likely threat that that information would be linked to our adversaries and enemies?
5041760	5043700	That's my personal belief.
5043700	5051220	I mean, there's two things I said, and that's in response to your mention of Congress contacting me.
5051320	5061600	One, and I repeated this to multiple folks, I don't want to get involved in what would appear to be a three ring circus right now.
5061820	5064900	It's just it's too much for me.
5064900	5073760	That's why I'm devoting. And I don't I don't get involved in answering things in Twitter, which I easily could or read it, which I easily could.
5074100	5079120	I want it to be documented in these DOD approved books.
5080020	5082780	That's my method of saying what I have to say.
5083040	5091120	Do I have a lot more that I could say and that will be seen perhaps if it's approved?
5091120	5106140	Yes. I mean, I can tell you with skinwalkers at the Pentagon, they had a number of comments that I felt were legitimate security observations that it needed to be changed.
5106600	5110860	But did the story still come through? Absolutely. Yes.
5111100	5116820	You know, what's the old saying? There's there's more than one way to skin a cat, whatever that means.
5116820	5124640	but there's there's just a there are multiple ways of doing it and we're trying to column and
5124640	5131020	i and george are trying to now george is good at pushing and so are you you know push the limits
5131020	5139180	push the limits well we can write whatever we want but if it doesn't get by by dobser dod review
5139180	5146640	review, then, you know, we're kind of wasting our time. I think we know what are our red lines not
5146640	5154880	to cross. And going to Congress would be a red line to me personally, because I I talk too much.
5154920	5162940	I say too much, but I purposely cut it off right here. I just. Well, what if you what if you were
5162940	5166840	subpoenaed, though? I mean, you know, they're trying to do that in Congress. They're trying
5166840	5174760	to subpoena people and say hey dr dr you know you've worked on rumors about dr okay
5177080	5183860	okay but hold on if you're subpoenaed and asked to tell the truth you're under oath first of all
5183860	5188660	right would you tell the truth phrase let's cross that bridge when we come to it
5191360	5196280	okay george i'm laughing so hard right now george i wish you were on video so george i was thinking
5196920	5200800	Do you have, I want to bring Colm into something that was written in the book.
5200880	5203540	It sounds like something Colm has tried to answer for me before.
5203720	5205920	It's about the nature of the phenomenon itself.
5206100	5208020	So let me read that, George, from the book.
5208020	5208220	Cool.
5210100	5210800	Okay, guys.
5210860	5215400	So when we're talking about what we know about UFOs, George and I have talked about this a
5215400	5215600	bunch.
5215680	5216340	What do we know?
5216500	5216720	Okay.
5216780	5221100	We know that UFOs represent a huge amount of energy in a small amount of space.
5221240	5222320	That's been proven.
5222860	5224640	However, what do we really know?
5224640	5229100	And you guys have something in your book that is just a couple sentences or one sentence.
5229200	5233100	It was so profound to me, and I want to hear you guys elaborate on it.
5233100	5256560	It says, everything works as if UAP were the product of a technology that integrates physical and psychic phenomenon and primarily affects cultural variables in our society through the manipulation of psychological and physiological parameters in the witnesses.
5257960	5259600	Can you guys expand?
5259700	5260980	That's a huge statement.
5261180	5262380	Can you expand on that?
5264000	5278500	Well, I know that a lot of that statement comes, at least from my personal experience, with spending hundreds of days on Skinwalker Ranch.
5278840	5290860	And as we've gone over before, Skinwalker Ranch had both nuts and bolts objects, shiny metallic objects.
5290860	5294960	It also had a plethora of very unusual phenomena.
5295680	5305940	There was a lot of evidence that was gathered and some that I saw personally involving the manipulation of perception.
5305940	5318300	And so there's a lot of really good work and really good documentation regarding the manipulation of perception by people like Jacques Vallée.
5318860	5326920	You know, even Whitley Streber has written in his latest book, there is a lot to do with manipulation of perception.
5326920	5343940	So a technology that is both influential in terms of, you know, leaving an imprint on the ground that you can extrapolate that this thing weighed two and a half tons to altering people's psychic makeup.
5344680	5346700	There's really no contradiction there.
5346700	5362040	I mean, you've got to be able to harness and work with ambiguity if you're working with the UFO topic at all, because putting them into one box, you know, the nuts and bolts box or only the psychic box just doesn't work.
5362040	5380480	You've got to balance the idea that a technology can manipulate human perception and even from a long-term perspective, manipulate human cultural phenomena as well as operate as a machine.
5380920	5384280	So you've got to hold those two balls in the air.
5384460	5389060	And if you're not capable of doing that, you should not be looking at UFOs.
5390200	5390860	Yeah.
5393320	5399660	You know, a lot of people have filed FOIA requests, you know, based on skinwalkers at the Pentagon.
5399680	5404220	We listed all those reports that were produced by OSAP and BAS.
5404620	5406920	And, you know, there's some great stuff, as we know.
5407740	5415000	But, you know, people write to the DIA, and the responses they get is, we don't have it.
5415040	5416180	There is no such report.
5416180	5426680	For example, there's an analysis that is referenced in Skinwalkers at the Pentagon about an analysis of Tic Tac, for example, that case and a few others.
5427480	5429640	DIA's answer is we don't have it.
5429660	5430540	It doesn't exist.
5431780	5435280	Do you suspect that those documents will ever be made public?
5435280	5455340	Well, that particular one, as you probably already know, was a complete document analyzing a Tic Tac object and a spherical object, and it was done based on Bass capabilities at the time.
5457440	5480420	It actually is, well the way it was written was it had that plus a background material on the Tic Tac and I would say that there was information in there that was personal information, not proprietary information.
5480420	5482800	We were using commercial software.
5484060	5486700	Will that document ever be released?
5486860	5487460	I don't know.
5488580	5500240	We can do pieces of it in a future book, but the analysis tool that was being used was state of the art at the time, and you need the color aspect of it.
5500240	5511420	Well, as probably your listeners and readers know, color is kind of expensive in any book, especially books that are reaching the size that we're doing.
5512580	5514200	So will it reach?
5514900	5516620	They have the document.
5517520	5523320	Whether they've destroyed it, how do you destroy an electronic document?
5523400	5523940	That's unclear.
5523940	5534040	clear. Whether they would be willing to go through removing the personal information,
5534360	5542080	I don't know. I can't speak to that. The wording is probably wrong that the document doesn't exist.
5542580	5551120	Yes, it does. I mean, you had it in your hand. But the thing is, is as for the public ever
5551120	5555080	ever seen the full document, again, there's the color problem.
5557000	5562140	Well, hold on, hold on. So George, he just said, oh, does the document exist? Meaning 140 plus
5562140	5566880	page analysis of the TikTok event the world has never seen generated by the DIA.
5567400	5573600	Yeah, generated by, and a spherical object generated by the DIA. You know, famously,
5573600	5579280	George would have loved to given that, you know, as a submission to Congress, famously. But the
5581120	5586320	just said, George, you had that in your hands. It exists. So if the DIA is telling us some document
5586320	5591220	doesn't exist, but you had it in your hands, George, what does that mean for the fate of the
5591220	5594780	document? Couldn't that just go out to the public then if they don't admit it exists?
5595580	5604080	There's the problem of having that personal information in there. Someone has to scrub it.
5604400	5606940	It is DIA's job to scrub it.
5606980	5608280	George would be willing to scrub it.
5608300	5609060	No, that's not.
5611120	5616260	George, that was a rhetorical question, Jim. So, George, just tell us what your thoughts are here.
5617520	5627700	Well, I could not. It's not my document to release, and I wouldn't release it without permission from the people that allowed me to see it.
5627820	5636220	So I just couldn't do that because if I were to do that, I would never get access to documents again of that nature.
5636220	5641080	So I can't do it, but I'd be happy to do it if somebody gave me the green light.
5641400	5643000	Yeah, people weren't going to have problems.
5643100	5647220	Well, so Colin, back to this basic thing.
5648000	5652320	You've tried to talk to me before about the physical and the psychic nature of UFOs.
5652320	5655700	And you're saying, look, you've got to be prepared for both if you're going to investigate this.
5655780	5660800	But that statement that you guys wrote in your book, it really is something I think people really need to pay attention to.
5660860	5665500	You're saying that everything works if UAP were the product of a technology.
5666220	5667960	that integrates physical and psychic phenomena.
5668240	5673980	But then you say, and primarily affects cultural variables in our society
5673980	5676840	through manipulation of psychological and physiological parameters.
5677100	5679860	What do you mean manipulate cultural variables?
5680100	5681800	I'm sorry, I'm obsessed with this quote.
5683380	5684980	Well, do you want to take that, Jim?
5685040	5686440	Because I've already answered it.
5689120	5692060	Well, we see...
5692060	5692820	Cultural variables.
5693320	5695620	Don't we see that occurring right now?
5697780	5700180	What do you mean? You're answering the question, not me.
5700200	5712960	No, don't we see that? Basically, there's a, well, I got something to really reference, and it'll be another little bombshell of mine.
5714560	5717080	But you're going to answer my question without a question.
5718220	5720560	What is the purpose of the men in black?
5722280	5723560	That is a question.
5723560	5728500	We have encountered the men in black, the legitimate ones.
5728820	5729560	You have.
5729780	5730260	The legitimate ones.
5732120	5732860	You have.
5733160	5736960	I didn't say me, but the answer is yes.
5737060	5737280	We have.
5739440	5741720	What do you mean the legitimate men in black?
5741880	5747460	There are people who are gaming knowledge of the men in black.
5747660	5749780	But what is the purpose of the men in black?
5749780	5761700	Is it to draw attention away from the UFO phenomenon or using reverse psychology, draw attention to it and the paranormal, of course?
5763220	5764140	What is the purpose?
5765140	5768620	It could be, there are polar opposites to the answers.
5769760	5773700	It's always been the men in black dissuade.
5773960	5775060	Do they?
5775060	5780900	knowing human psychology do they or do they do exactly the opposite they draw attention
5780900	5787740	to the phenomenon and that's what i mean in my answer to you i wanted to use an example
5787740	5796540	of manipulating cultural variables that they're drawing attention hey this really exists now
5796540	5803720	you can also go off on the side a little bit is say are we in the realm because i've been i've
5805060	5813440	about this are we in the realm of what we would consider demonic influence have
5813440	5819540	we crossed into that that's a cultural variable to operating at the same level
5820980	5824860	we've got to consider all this that's why I think this is such a wonderful
5824860	5830980	topic because you've got all these things you still have to consider and
5830980	5836500	And, you know, it's now I'm going to be long gone and column probably will be long gone and you'll be long gone.
5836580	5839860	And they'll still be exploring all this and not have all the answers.
5840040	5844980	But that's that's the manipulation from my point of view of, hey.
5846480	5849160	Get interested in this stuff. It's real.
5849860	5855340	And don't just jokingly, you know, like the term dino beavers, you know.
5859580	5863680	that Juliet and Colum saw a dino beaver.
5863700	5864340	No one said anything.
5864380	5869240	That's just created to make a joke about our efforts.
5869420	5872000	But this is a real phenomenon,
5872280	5873520	except it is such,
5873640	5877420	and you'll see that that was part of what DIA did.
5877820	5880060	Collect data, collect data, collect data.
5880160	5882160	The intel communities are great at doing that.
5882440	5884660	But that's an answer to your question.
5885340	5889000	so many aspects of cultural manipulation.
5889960	5891700	And I think it's positive manipulation.
5894940	5896900	Using, again, an old expression,
5897300	5898860	the train has left the station.
5899100	5900100	No, it hasn't.
5900400	5901820	These books are proof of it.
5902080	5904080	People can still get on the train,
5904240	5906400	but those who laugh and joke
5907260	5909040	don't bother getting on the train
5909040	5910640	because, you know, you just,
5912420	5914820	you're not learning anything from the experience.
5917820	5924120	so george dr katsuki just gave us a good answer but i did notice when he was telling us that he
5924120	5928040	said something about the real men in black and that he's actually met him or something can you
5928040	5935520	just we can't let that go now that you said to let it go you have to let it go but now the false
5935520	5942880	men in black now uh there was an incident i'm not going to go into the incident but column is aware
5942880	5952580	of this. There was an incident of a false man in black. And let's assume they were working for some
5952580	5958580	government agency. What they've never known and never has been revealed is the person they were
5958580	5965540	interviewing obtained a gun. He was so afraid of them, he was ready to shoot it out. If they made
5965540	5971180	the wrong move, it would have been a disaster. It would have come back on us in some way, I'm sure,
5972880	5977900	I was asked in an interview once, what was your greatest fear during OSOP?
5977980	5986360	And it was like, it's tomorrow and the next day, because there was always something that was happening that would come back and we had to fix.
5986740	5999400	But we've never revealed that, that this person was so afraid of the false men in black that he had a gun tucked into his waistband under his sweatshirt.
6000900	6006800	were you guys the false men in black just like going and doing it was another government agency
6006800	6015240	no no we were we followed all the rules we don't know we you don't know who you can you can trace
6015240	6022120	back so far but you can't uh if it was a counter intel operation by some organization
6022120	6029800	organization, then it could have, I mean, that was a bad decision on their part. Bad. They shouldn't
6029800	6036280	have pushed this fella to that point where he was ready to resort to violence in defense. And he was
6036280	6042200	in his own home being potentially threatened. Well, you know, I think there's a long history
6042200	6048800	also of, especially back in the 60s and 70s, I think everybody is aware of this, of the Air
6048800	6059080	Air Force Office of Special Investigations, having people out there trying to dissuade
6059080	6063640	witnesses from talking to the media, threatening them.
6064660	6070060	I think in the 50s and 60s, threats were much more overt than they would be now.
6070060	6088220	But I think there's multiple arenas of men in black, all of which are sort of mutually supportive in driving paranoia in witnesses and in the field in general.
6089120	6092920	And a lot of these are multiple agendas for different reasons.
6093260	6097240	And some of them are mimicking the real men in black.
6097280	6099040	Some of them are the real men in black.
6100320	6107700	I think it's one of these, I would class it as another example of what I call bidirectional
6107700	6108360	mimicry.
6108700	6113160	Okay, but the real men in black, are we talking about humans or non-human intelligence?
6113280	6118520	What is the real men in black compared to just government agents interrogating people?
6120320	6128260	I think there's enough evidence in the literature to indicate that the phenomenon may be associated
6130160	6133680	of what we call men in black. But what are they?
6135420	6140700	Well, they're parts of the phenomenon. Okay. So not just government agents walking around.
6141080	6147960	Well, there's government agents that are also at the same time in parallel working on,
6148960	6153920	you know, on intimidating witnesses. I know, but I'm not talking about the government. I'm
6153920	6156500	talking about what you're calling the real men in black. So you're like,
6156500	6158660	Yeah, I'm saying that they're part of the phenomenon.
6158900	6159380	Okay.
6159480	6170520	I think there's enough data in the literature, especially if you go back all the way to the 1950s, to corroborate that statement.
6171040	6174300	Even in the 1800s, there was a phenomenon like that.
6174320	6181360	If you read John Keel's Trojan Horse, Operation Trojan Horse, in the 1800s, there's a version of the Men in Black.
6181360	6186500	Well, George, I am highly frustrated, as always, when I talk with Dr. Kelleher and Dr. Wachowski.
6186700	6187900	So what do you think, George?
6188180	6189740	Where does this go from here?
6190640	6192740	Well, there's a lot of great stuff in this book.
6192920	6198620	I mean, you know, part of the a lot of criticism that came at us from skinwalkers at the Pentagon is too much woo.
6198820	6199780	It's just too weird.
6200140	6207500	And I always thought, you know, I was proud of what we did with that because it followed the evidence where it led.
6207500	6211920	and the people who were involved with OSAP, with BAST
6211920	6214040	and some of their allies
6215060	6217760	looked at this without self-censorship
6217760	6221280	they didn't decide, hey this is an interesting UFO case
6221280	6223420	but it's got this weird poltergeist angle
6223420	6224960	so we're going to toss that out
6224960	6227780	they had the courage to include it because it was necessary
6227780	6229520	to look at the big picture
6230340	6234040	and that was where we started with the skinwalkers at the Pentagon
6234040	6236220	this book narrows down the focus
6237500	6240120	and griped and bitched and moaned that they want data.
6240380	6241300	Here's some data.
6241480	6244680	Here's the principles that are laid out in those dirts
6244680	6246700	that started off the OSAP program,
6246920	6250400	that the baseline projections of what we know now
6250400	6253680	and what we hope will happen 50 years down the road,
6254400	6256860	and then it has examples, real-life examples,
6257080	6261520	solid UFO cases from government files that were investigated
6261520	6263780	and that remain really perplexing.
6263780	6278100	And each of those cases, Jim and Colm have really deftly used to demonstrate a particular engineering principle, a physics principle, indicating that these things are real, that they are beyond our capabilities.
6278100	6283280	They were certainly way beyond our capabilities when they happened, and that there's a genuine mystery here.
6283280	6302440	And it is, again, I think in very great detail, demonstrates why this is a legitimate topic for investigation, that there's real things to consider, that there's physics and engineering, nuts and bolts, and case after case that demonstrates that this is a legitimate inquiry.
6302660	6303760	That's my take on it.
6303800	6304220	Very good.
6308220	6309320	Totally agree, George.
6309500	6311420	I guess we're on the right track, George.
6311500	6313020	We're getting a double thumbs up here.
6314400	6319100	look guys, I really appreciate it. I think if I take, I have to kind of think about the people
6319100	6323040	watching or listening to this. If I could take one thing away other than reading your book,
6323200	6327780	which I suggest people do, but if I could take one thing away that really struck me,
6327860	6335480	it is the first time in history, I think that we have somebody of your, Dr. Lukatsky, of your kind
6335480	6339720	of depth within the intelligence agency, the defense intelligence agency, and within the UFO
6339720	6343100	program that you ran for the Defense Intelligence Agency
6343980	6347600	that stated, and I quote, the United States
6347600	6351780	was in possession of a craft of unknown origin and had successfully
6351780	6355800	gained access to its interior. So you
6355800	6359520	personally know about a UFO that we got access
6359520	6363900	inside of. I have to assume, Dr. Lukatsky, that you've seen
6363900	6367720	this bad boy. You don't got to answer me, but I'm going to make that assumption unless you tell me otherwise.
6369800	6378760	You also say that this craft had a streamlined configuration suitable for aerodynamic flight, but no intakes exhaust wings or control surfaces.
6379040	6385320	So if I had to take something away from all this, you just made the admission that our government is reverse engineering.
6385340	6387980	If we got inside of it, we're reverse engineering UFOs.
6391140	6393320	You see, I'm not speaking at all.
6393400	6397060	I mean, I'm not going beyond what it was, what you read from the book.
6400820	6426620	Okay. Well, thank you very much. I do appreciate that you did put that in the book. Look, we have Dr. Eric Davis in the New York Times saying craft, you know, not made here on earth. There are individuals like you have come out and pushed the envelope a little bit. And I thank you for that. Even if you can't speak further from the book, that is a huge admission. That'll be the title of the YouTube video. I mean, that's a huge admission. What do you think, George?
6427160	6435520	I'd also say this, is that I know that people in UFO world will be listening to this, pulling their hair out because GM is very careful in what he says.
6435700	6441360	The fact is that that is a big reason why he's been trusted with this information to start with.
6441480	6446340	That he doesn't go blabbing and talk and reveal things that he's not supposed to talk about.
6446520	6452100	And that's why I suspect he will continue to be trusted by our government.
6452100	6458880	And hopefully there's going to be a future investigation or maybe one underway right now that he would be allowed to know about.
6459060	6467940	I know it does get frustrating that we have to hair split and dance around certain of these cases and incidents and information.
6468180	6472440	But, you know, that's part of who he is and why he got that job.
6472560	6477340	You know, so it's great always to talk with Jim on or off the record.
6477340	6478540	and with Colm, of course.
6478700	6482100	They've helped me understand this big white world so much.
6482220	6485460	And even though they've shared things with me that I can't say publicly,
6485960	6491080	it has helped me so much in understanding who else is completely full of crap out there.
6492340	6493880	Yeah, yeah, for sure.
6494080	6495540	Well, thank you guys so much.
6495660	6498800	I mean, you know, I think that with the limited things you can say,
6498900	6503200	people should read your book and start to understand a little bit more about what OSAP did
6503200	6506220	and how it did it, what the thought process was.
6507340	6512240	that. And for, for, you know, just coming on the show and for help guiding, as George said, you
6512240	6517320	know, what, what he knows is sometimes BS just from kind of getting to understand where you guys
6517320	6518660	are coming from. So thank you for all this.
6539140	6545140	Following this in a weaponized presentation of Jeremy Corbell, George Knapp, Dark Horse Entertainment and Cadence 13 Studios.
6545320	6548980	Available now for free on the Odyssey app or wherever you get your shows.
