start	end	text
0	1980	Coming up in this episode of Weaponized.
2140	7520	I know that you are very active in working with the committee staffers to figure out who
7520	8640	could testify.
8940	11540	Question is, will the agencies give up their data?
11660	15900	You know, you know, and how do you know if they're not giving up their data?
15960	18520	If it's if it's hidden somewhere, you don't know.
18660	22400	There are craft of unknown origin, likely to be non-human.
22740	27340	And then you pick, you know, what that means or where they're from, extra whatever, right?
27340	48500	But I think what's going to disturb the public more than anything at all, no matter what the phenomenon is, is that in our most trusted institutions, our governments in particular, we're willing to maintain a lie of this magnitude and gravity for 70 plus years.
48600	52060	I think that is going to freak the public out.
57880	64160	This is Weaponized. I'm George Knapp coming to you from Las Vegas, joined by my friend and colleague, Jeremy Korbel. How you doing, Jeremy?
64680	67640	I'm good, man. I'm looking forward to September.
68580	70980	I haven't talked to you in like, what, a week, a month?
71240	72580	That's right. I got you, man.
72720	77040	You've been moonlighting, recording Weaponized without me. What's the deal?
77360	84300	Hey, man, you didn't show up. You know, come on, don't put the blame on me. Yeah, I got to talk with some friends here about a second.
84300	96460	Yeah, we have a fun episode coming up. Always love talking to these three guys. They're longtime friends of ours, and we used to call them the young guns of ufology. I'm not sure we can call them the young guns anymore. Are they that young?
97220	98020	Younger than us.
98180	101820	Yeah. I don't know, actually. I think younger than us, you know?
101820	112460	Yeah, they're good friends. It's always great to hear. I haven't seen this episode yet, the conversation you have with these guys, but it's always great to hear additional input from people who've been around the topic for a long time.
112520	120400	I know they became the Young Guns. That was the title given to them and a few other people right after that December 2017 New York Times story came out.
120440	126460	And suddenly the buzz around UFOs really got hot and heated and they became really voices of reason.
126460	127980	and the whole discussion, still are.
128660	132060	You know, Joe Merja, better known as UFO Joe,
132280	136820	writes these big, long, intricate pieces on Twitter, on X.
137520	141940	Ryan Robbins, UFO Jesus, very thought-provoking guy,
142740	145120	always kind of looks for the bright side of issues,
145320	147500	as you expect somebody named Jesus might be.
147680	150020	And then Danny Silva of the Silver Record,
150240	153000	we've been kicking around the idea of giving him a new nickname,
153260	154620	something with UFO in it.
156460	161440	better not share the the ideas we came up with i don't want to get danny ticked off yeah man they're
161440	168400	great and it was cool to see i mean it's kind of like a void of of opinions in some ways uh on x
168400	173220	and then they just came in leading the charge like knights and it's really cool they've sustained it
173220	179540	since the 2017 era and um i always like talking with them this was supposed to be just a conversation
179540	183940	i was having with them and you're like oh come on if you're having the conversation just record it
183940	184600	It all show up.
184600	186280	But then you were a no-show, George.
187320	188400	Couldn't be there that week.
188880	193660	And, you know, they keep up with things that we don't keep up with.
193740	196540	They have their hands and tentacles in a lot of different groups.
196720	200040	They interact with people that you and I don't really know in UFO world.
200160	204960	So they have a lot of input and observations and things that we're not privy to.
205060	206220	So it's always great to talk to them.
206240	206980	I can't wait to hear it.
207240	211860	Yeah, they keep, you know, UFO Twitter, UFO X on lockdown.
211860	217020	down. And really the conversation was I wanted to see what their opinions were on the current news.
217200	223900	You know, we had J.D. Vance talking about how in August he's going to study the UFO topic because
223900	229180	he's obsessed with it. That's the vice president. That's a cool thing for someone to say in some
229180	234040	podcast. Now, the question for me is, well, why doesn't he get a formal briefing? There's very
234040	239040	specific things that he could be briefed on, you know, being part of the White House that would
239040	241500	would give him, you know, really good knowledge on this.
241540	244220	So I don't know if it was just a fanboy thing on the UFO topic,
244260	247800	or if he's taking it extremely seriously as far as getting briefings on it.
247880	253980	But in the same week, you saw that Tulsi Gabbard also talked about the UFO thing.
254080	258220	So you get these kind of big statements from people within government right now,
258300	263400	which shows a great interest, which leads us perfectly to what we're told.
263780	266820	September, there's going to be another UFO hearing.
266820	274600	hearing. And I will say this, I have finalized all the nominations that I've made for that. So
274600	278640	it's not in my hands and I wouldn't like their job, but they have to sort through everybody
279240	286640	that you and I gave them and see, you know, who would be best to testify and also who can testify
286640	291220	about certain things. And that's something that I think we'll learn more about as we get closer
291220	296560	to the hearing. Yeah, it's not as cut and dried as people might think. Just spill the beans,
296820	302960	perfectly safe. And we will be learning more about that. I know that you are very active in
303440	309040	working with the committee staffers to figure out who could testify. And I'm privy to some of that
309040	312920	and have been in on a couple of conversations, but not as much as you. I hope they appreciate
312920	318000	what you're trying to do for them because it takes a lot of your time, I know. Oh, yes. Full-time job
318000	322360	where these things go. And sometimes there's not a lot of reward, as we saw with the last hearing.
322360	338000	So, you know, it's just like it is what it is, man. I'm trying to push the ball forward and get people, you know, who will say yes to talk. And then the question is, how much can they talk about and what impact will it have? And I don't know. We're just going to get the best people forward we can and go from there.
338000	357600	I want to have one more note before we jump into the conversation you had with the young guns, and that's about our friend Bryce Zabel. So Bryce is a good guy, a friend, a colleague, a trusted confidant. We talk to him all the time. He's had this great podcast going for a while called Need to Know, and they're often on the same page as we are.
357600	362780	We've had them on our podcast and with Bryce, with Ross Coulthart.
363080	365620	But I guess Ross has left the show.
365800	370420	And as of 24 hours ago, Bryce debuted his new co-host.
370540	372220	And it's somebody we know really well.
373160	374060	Yeah, absolutely.
374840	375800	Rich Dolan.
375820	377020	I was stoked to see that.
377080	379360	I tuned in to see, like, who's his new co-host?
379420	380120	They played it well.
380200	381480	They wouldn't tell you before.
381720	384460	And it was so cool to see that it was Rich Dolan.
384460	393080	And there's not many people probably other than you and a couple other people that have such a depth of knowledge of the history of where we've been with the UFO topic.
393380	396040	So Rich having his own show has been really cool.
396120	400260	But to bounce off stuff with Bryce, who's also extremely knowledgeable about the topic.
400640	402140	Yeah, I'm going to be watching the show.
402360	404140	Yeah, well, those two guys have history, too.
404200	411940	They wrote a book about F.A.D. after disclosure that was really clever, smart, well-informed and timely even now.
412020	413380	I think it came out like 10 years ago.
414460	420080	shows together before. So it's a good fit. I hope people will check it out. I know I've started the
420080	425180	first episode, haven't finished it yet, but it really looks good. Anyway, let's move on. So you
425180	429640	wrangled three friends of ours, the young guns of ufology, into having a conversation with you when
429640	435940	they're trying to relax at home. And it probably went on for nine or ten hours. But did you enjoy
435940	440500	the conversation? And do you want to kick it to the recording? Yeah, yeah, we'll move to the recording.
440500	446640	It was really cool. It's just like catching up with three friends who've been in the trenches, some longer than 2017.
447020	453140	But it's always cool to hear the word on the wash, what's going on in UFO X land, because I miss a lot of it.
453180	457400	So here's the episode, talking with our friends, the young vans of ufology.
458060	459700	All right, welcome to Weaponized.
459720	470180	We do not have the G-man, George Knapp, today, but I do have three really, really good friends of mine who have been attacking this topic relentlessly.
470640	473120	for a very long time now, but each in a unique way.
473240	474980	I think our audience knows you guys.
475260	478100	And so Danny, Ryan, Joe,
478300	480260	how are each of you doing in that order?
481820	482440	I'm good.
482520	486260	I'm not speaking much on your social media
486260	488840	and I'm just kind of taking a step back,
488860	489820	listening to you guys.
492500	496180	And I'm still tracking everything as much as possible.
496340	498580	I just haven't felt the need to speak up
500500	506320	like not arguing on social media it's fun for me um so it's just as easy to track it and not always
506320	511280	uh give an opinion but um i'm still here and i'm watching the great work you and george are doing
511280	517900	and all the great uh contributions that joe and ryan are doing on social media and other places
517900	523820	and uh i'm just kind of waiting to see and following the developments nice man yeah social
523820	529260	media is a battleground for this stuff and i know i've been watching recently ryan has had some
530500	536100	some video drops so ryan how you doing man i'm doing good uh just trying to stay up to date with
536100	543700	all the news i feel like huge ufo news is dropping every other day it's kind of crazy and um i'm
543700	548140	trying to catch up on some of the stuff i missed in the past few months as well nice i want to ask
548140	553960	you what some of the huge news is but in the meantime joe ufo joe what's shaking man same
553960	560820	same issue. It's like Sunday. I'm like, all right, no UFO Twitter today. I'm going to just stay off.
560900	564660	And I wound up staying on for eight hours. It's like something, everything kept happening. It's
564660	569100	like, we got a new Burleson interview. We got a new rounds interview. We got this, we get that.
569260	574680	So yeah, it's good. It's just, it's hard to keep up with everything. Yeah. It's a different time,
574780	580680	we have so much breaking constantly now and that is not the way that it was been over the last
580680	584760	decade. And now with the social media, you can engage each and every little thing. You find out
584760	588720	about it faster than any of the Congress people at times. So you guys are mentioning some big
588720	594000	things. Maybe Ryan, you mentioned it first. What are some of the bigger things you've seen happen
594000	600040	and what do they mean for us at this time in the UFO space? Well, a few days ago, for an example,
600320	605360	Vice President J.D. Vance said in a podcast that he's obsessed with the UFO issue and he wants to
605360	610180	get to the bottom of it. I thought that was pretty big. In fact, technically, as a fact,
610680	615680	a vice president has ever broached UFOs, a sitting vice president has ever broached UFOs that way.
616120	621940	And I think that is an indicator of where we are with this topic. Because if something like that
621940	626640	would have happened prior to December 16th, 2017, we would all be overwhelmed and we wouldn't
626640	630440	believe what we're seeing. But it's like another Tuesday now and stuff like that's happening all
630440	637620	the time. But I think George Knapp is kind of rubbing off on me, though, because he's very
637620	644960	very pessimistic about transparency. And, you know, when Trump came into office in the beginning,
645040	649280	I was like, OK, you know, we got we got Marco Rubio and the secretary of state. We got John
649280	654000	Ratcliffe. He's the director of the CIA. They've both been huge advocates for UFO transparency.
654320	657920	Let's see where this goes. And like six months later, the Trump administration really isn't
657920	662620	doing anything. So I'll believe it when I see it. Like, I'm very optimistic about disclosure
662620	683640	Disclosure because disclosure doesn't just come from the government. It can come from science. It could come from open contact. It could come from a leak to you, you, Jeremy and George. You know, it literally could. But I'm not sold on the Trump administration. You know, maybe I'm not being fair because it's only been six months, but I've kind of lost my patience.
683640	688140	but I'm still very optimistic about disclosure because as Richard Dolan has said many times,
688260	693800	you know, disclosure is impossible, but it's also inevitable. So I'm kind of watching the
693800	699020	inevitable part. Right. So that is a big deal. I mean, just to have a vice president come out and
699020	703980	say, I am obsessed with the UFO thing. I'm going to take August and really look into it. I don't
703980	707540	know if that's an official thing or him just like talking to people we already know or watching a
707540	712360	bunch of podcasts, but it is encouraging. And that would be news alone. Now that's shown us that in
713640	715900	People can talk about this much more openly.
715980	719460	It's not ridiculed at all when he said he's obsessed with the topic.
720000	722660	UFO Joe, did you have an impression on that?
722920	724520	Yeah, and I tagged him.
724560	727380	I said, DM me, Vice President.
727580	731340	And right away, people get mad at me because you have the political divide, of course.
731520	731840	Right.
732660	734680	But yeah, it's really good to see.
734820	738340	And Trump, I mean, we could segue into Trump.
738500	740740	What can Trump do in the last six months?
741080	742580	Nothing has been really done.
744580	757400	But, and I will go against what I said in the past, when Congressman Tim Burchett came out and said, we don't need the UAP Disclosure Act, we just need a one-page thing, just get it declassified.
757500	760800	And I kind of made fun of that. I'm like, it's not going to be that easy.
760800	768440	crazy but after seeing what trump did with jfk mlk and rfk signing in an executive order
769160	774240	if he did that with ufos that would help push the ball down the field we wouldn't even have
774240	779760	we wouldn't have not we would not have to wait for the uap disclosure act to be passed if it
779760	787040	gets passed and right after the uap right after he signed that executive order senator schumer
787040	789520	tweeted, now do UFOs.
789560	791200	And we're all like, yeah, do it.
791220	791940	Just do it.
792000	796300	Because if he did it, even without the UAP Disclosure Act, I think we would get some
796300	797680	documents, some files.
798780	799920	I don't know how hard.
799980	804160	I'm sure they would still fight it, the various agencies that have records.
804460	807300	But it would be nice to see what would happen if he did that.
808480	813580	Yeah, it seems like we're all wanting some sort of official acknowledgement beyond what
813580	815820	we already have about the UFO reality.
817200	823300	we want it, like how much we want that will give, that will kind of satisfy us because more and more
823300	828060	as we go along, it's everything is less and less satisfying. Everybody's feeling like, just show me
828060	833400	the goods. Tell me the truth. Danny, do you have any impressions on the vice president talking about
833400	842980	UAP? I'm a Mr. Skeptical and I'm always a pessimistic on things. I've become that way
842980	849660	way over the years. And it's just hard to know. I mean, it's not a Republican or Democrat thing.
849740	854360	It's just politicians in general. They're hard to trust them when they say something. Is it just
854360	860740	lip service? You know, it kind of came off to me as Vice President Vance. You know, I'm worried
860740	866480	that he's just saying it and it's lip service and it's meaningless. And that's just kind of my view
866480	867940	on everything that's said now.
869080	871200	But I have to always remember
872000	873980	when I started in 2017,
875640	876780	like Ryan was saying,
876860	878380	this was all amazing stuff.
878620	880300	Like, and now we're just kind of like
880300	882080	callous to the situation.
882340	884100	Like this would have been so huge,
884840	886120	you know, seven years ago.
886160	888100	And now I almost don't even
888880	890120	care that much about it
890120	891620	because I think always just saying that
891620	893020	and, you know,
893020	894860	but I hope something comes of it.
896480	903140	mind, but I feel that way a lot of, even with the UAPDA or other things like that, I'm hopeful,
903320	908840	you know, I want it to work or first I want it to be passed. And, but will it even work if it
908840	914860	gets passed? We've just been let down so many times. Yeah. For some of the people, I'm sure a
914860	920080	lot of people that are listening know about that when you say UAPDA or the disclosure act, but let
920080	924480	me ask Ryan first, do you have an opinion on this? It's the third time they're trying to implement
926480	928920	and they're going to have to have a vote in the House.
929180	934160	And there's a lot of kind of, you know, split opinions about this.
934200	935820	Like, is it a good thing? Is it not a good thing?
935880	938040	Do you have any opinions on this? Have you been tracking it a lot?
938260	939660	I've been tracking it to some extent.
939740	942040	I mean, I think it's absolutely a good thing.
943660	947380	Legislating UFO transparency is obviously a good thing.
947700	949480	The question is, will it work?
950400	952700	And a bigger question is, will it even get passed?
953120	954780	I know there's been opposition to it.
956480	962020	people that was opposed to it. I don't think he is influential at this point in where we are right
962020	969500	now. I know that Chuck Schumer and Senator Rounds have reintroduced it and they've spoken about it.
970940	978280	Rounds recently was in the media and he was talking about, he was even going into transmedium
978280	986020	travel and talking about whistleblowers that have spoken to him directly. I think now that I just
986480	991480	my mind, we need more hearings. We need more hearings. I think the more hearings we get,
991580	996940	the harder it is for the public to accept that the UAP Disclosure Act is not getting passed.
997220	1002200	And the more exposure these hearings get, the harder it's going to be for the public to be like,
1002280	1006900	OK, there's all these people coming forward. They have nothing to gain. They're losing their jobs.
1006960	1012460	They're being harassed for coming forward. So they're saying one thing. The government's saying
1012460	1017640	another thing, why not just pass the UAP Disclosure Act? What is there to hide? If people
1017640	1022820	in the government know that there's nothing to see here and there's no enigma, I don't understand
1022820	1031400	the constant reluctance. These long-held, multi-decade rumors have been around for a very
1031400	1038760	long time and they're not going away. But the closest we could get, in my opinion, to falsifying
1038760	1044380	the UFO issue is to get the UAP Disclosure Act with the UAP Records Review Board,
1045840	1052080	powers of subpoena, right? Throw the entire kitchen sink at getting to the bottom of this.
1052400	1057340	Obviously, like Arrow, that's BS because Arrow is like the Pentagon investigating the Pentagon.
1057520	1062480	That's not going to work. It's like drug dealers investigating their posse. That's not going to
1062480	1067420	to work. So we need the UAP Disclosure Act, which is kind of external, external investigation,
1068340	1074140	Congress getting involved. So, you know, to me, the fact that we struggle getting the UAP
1074140	1079080	Disclosure Act makes me paranoid as someone who follows this topic. And I think it should make
1079080	1083240	every American paranoid. It's like, you know, it's and how much does this all cost? Isn't it
1083240	1089280	like budget dust? And what do they pay on this like a single like aircraft compared to what
1089280	1094980	what it's going to cost to implement the UAP Disclosure Act, a B-2 bomber versus the UAP
1094980	1099640	Disclosure Act. I don't know. It seems like these conspiracies are not healthy. If they're not true,
1099740	1106000	then just put an end to it. Get the UAP Disclosure Act passed. And, you know, I'm going to be very
1106000	1110160	weirded out if we don't get the UAP Disclosure Act passed this time around. I'm not going to
1110160	1115460	understand it. How can you have constant hearings and new UFO whistleblowers coming forward?
1116060	1117460	they're not even just
1117460	1119480	you know they're not even like
1119480	1121780	testifying under oath in the public
1121780	1123900	exclusively they're also going to
1123900	1125800	members of Congress and testifying to
1125800	1127880	Congress so there's just like this bizarre
1127880	1129920	scenario going on so I do
1129920	1131780	expect the UAP Disclosure Act to pass
1131780	1133460	because I mean I think
1133460	1135640	the government's kind of in a hard spot
1135640	1137940	if it doesn't pass and yet
1137940	1139120	this topic doesn't go away
1140160	1141940	what is their excuse going to be
1141940	1143900	and how are they going to keep coming up is it going to be like 10 years
1145460	1148340	Senators are trying to get some kind of UAP Disclosure Act passed.
1148580	1151060	And then just like people are opposing it.
1151080	1152240	It just makes no sense to me.
1152280	1153440	That's really all I have to say.
1155460	1159580	So it's been three years since they first introduced it, about three years.
1160540	1170300	And we were all like, you know, we know it's not the be all end all, but we're hoping if it gets passed, we're going to finally get to see some data that we have not seen before.
1170300	1177040	and then rounds was being interviewed on the south dakota abc affiliate and he's he's asked
1177040	1182080	he goes and even david grush said at seoul two years ago he's like guys if this doesn't pass
1182080	1188140	it's going to be really bad i'm paraphrasing so rounds is asked if the uap disclosure act passes
1188140	1194660	do you think the public will get to see more data and rounds goes i would hope so i'm like
1194660	1196960	Like, that's not the answer we want to hear.
1197120	1198120	I would hope so.
1198400	1203500	It's like, if he's, I mean, if he's skeptical that we're going to get data, how am I supposed
1203500	1203940	to feel?
1204000	1206360	So that was really, that was disappointing.
1206580	1207880	I did not expect him to be that.
1207960	1211300	And I know he's really conservative, but still disappointing.
1212280	1217940	I think he's also experienced the mercurial nature of looking into the UAP topic.
1218180	1223700	You know, we had a really good interaction when I was at the last congressional hearing
1225600	1230520	And, you know, he said it's really hard to get straight answers on this topic.
1230580	1232480	So I think there's a sense of frustration, too.
1232540	1237640	He's high up on the food chain and he's getting denied access and understanding himself.
1237900	1245540	So he's probably saying, I hope the public will learn more because it's probably been hard for him to get in through certain doors, even with the role that he holds.
1245660	1252060	You know what, in your opinion, Joe or Danny or any of you, what is it going to do?
1252180	1254020	Like that's the question I'm coming to.
1254660	1259040	we need something to happen. So we're going to have hearings and that's not for UFO land. Those
1259040	1264120	hearings are for mass public. I've been fighting to get them public open hearings rather than just
1264120	1269860	facilitating people to tell behind closed doors, which happens way more often than the actual
1269860	1274280	hearings. We want the public to hear what's going on. Some of it, you know, eventually we're going
1274280	1279420	to be like, well, I knew that, you know, as a UFO fanatic, you know, I knew that, but general public
1279420	1284120	bringing that level of awareness up, I think it does help. And it does help with getting things
1286120	1292140	APDA forward. But what happens if it passes? That's what I'm unclear on. What actually happens
1292140	1297780	if it passes? Do any of you know? I mean, I know what it says that the information they're going
1297780	1303560	to ask the agencies to give your information to the UFO review board. And then those people are
1303560	1309220	going to look at it and decide if this gets declassified or this does not get declassified.
1309360	1313580	And then it gets to the president and he has final say. And then if he approves it, then we get to see
1314660	1318720	I think that's the basics of what we're going to get from the UAB Disclosure Act.
1318780	1321380	The question is, will the agencies give up their data?
1321620	1325760	You know, you know, and how do you know if they're not giving up their data?
1325820	1328360	If it's if it's hidden somewhere, you don't know.
1329800	1335780	Unless you have people telling you specifically where that data is and what it implies, and
1335780	1341960	you have specific places to go and get information, which I do know that they have specific detailed
1341960	1346640	detailed instruction of where some of this information and hardware is. And that was
1346640	1350940	given to him a long time ago. But it does just seem like a lot of these, you know,
1351840	1356480	transparency kind of groups are running around trying to hit the head against the wall.
1356620	1360380	I don't know what's going to do it, but I know we got to take these steps. I know we got to have
1360380	1366420	hearings. We got to fight for the UAPDA to pass to try to get more transparency on it. But it's
1366420	1372400	it's just an uphill battle george said uh i think the last episode we were on you know um with no
1372400	1377400	matter how pessimistic and discouraged and frustrated i am you never we never could quit
1377400	1382700	and uh george said something along those lines and i thought that was really uh not only i mean
1382700	1388880	it's obvious but it's important and uh so i try to keep that in the back of my head um another big
1388880	1395400	story uh that happened that maybe wasn't a broadcast is you jeremy uh dropping the locations
1396420	1421500	Oh, yeah. I thought that of the hardware. Yeah. So I was kind of creating breadcrumbs out there because I was really annoyed that day, which is that there are people that said, well, where do we look? And I'm like, there's a whole legacy program that came from Lockheed and Burbank. And when that was closed down, that was transferred. So I was trying to push people on the inside to go look at Plant 42.
1421500	1425280	too. That's one of the places that on the inside, everybody has openly talked about
1425280	1430380	holds some of this hardware. It's like not hard to find out where you're supposed to go look.
1430840	1434260	Not that they're going to be shown anything when they go look, but that was something that
1434260	1439600	centered around said, well, where would I go look? Exactly. Yeah, exactly. I mean,
1439620	1446940	correct. And that's what we need. Yes, he has. He must know that those I would hope he would
1446940	1452340	know that those locations had been mentioned before for him to say where would i who would i
1452340	1457180	ask i don't know who to ask i'm like are you kidding me so it's a little disingenuous to me
1457180	1462320	that he's saying that once again i don't know that for sure but i would think he knows even
1462320	1467160	if it's old information like he said you can get new information talk to people you know
1468020	1473740	well i guess he has a lot of things that he does in his current role and one of the benefits of
1473740	1478560	passing the UAPDA would be that it would be designated, you know, that people would focus
1478560	1482560	on this. Cause right now I can't imagine all the things he has to deal with. I'm actually impressed
1482560	1488520	that Schumer has been pushing this act because just how many other things they have to deal with.
1488600	1495140	So I think the dedicated group that would be kind of, you know, created by the UAPDA is really where
1495140	1500220	the hope lies, you know, whoever is in that position, they could focus on this topic, right?
1500220	1507600	Right. Yeah. I sometimes I'm too hard on them realizing there's a lot more to their jobs than UFOs.
1507600	1513660	So, yeah, I appreciate that. I still get frustrated, but I appreciate they have a lot to do.
1514720	1521840	Yeah. What do you think, Ryan, about Representative Burleson and a lot of what he's been saying on podcasts and everything over the last months?
1521840	1547680	I absolutely love what Representative Burleson's been doing. He has been so clear and repetitive about the need for transparency and that the public has a right to know the truth. And I honestly, and maybe I'm biased, but I would love if more representatives would do this, senators and people in office would do this.
1548280	1552120	because I do think it pressures the U.S. government to be transparent.
1552300	1555700	I mean, out of mind, out of sight, out of mind.
1555840	1558240	And he's just like he's hammering it home.
1558380	1561900	He's reminding the public that this is important and we have a right to know.
1562800	1565900	I absolutely love what Burleson is doing.
1565960	1568060	And he just doesn't shut up about it.
1568080	1570100	And I hope he continues not to shut up about it.
1571300	1575160	Yeah, he's got a lot of spirit or a lot of hope when he's going into it.
1575220	1576480	He doesn't always get it right.
1577680	1581780	you guys know it's a briar patch and it's really hard to get a foundation.
1582160	1585940	Sometimes I imagine for someone like him probably hasn't been into this for a
1585940	1588700	super long time. It's gotta be also pretty fun. I mean,
1588720	1592060	here's a guy who's limited time in Congress and he gets to run around and
1592060	1595140	check out these like NASCA mummies and check out, you know,
1595160	1596460	talk with a bunch of people.
1596660	1599400	I'm not saying all these things have the highest value system,
1599460	1601960	but I'm saying it's gotta be kind of fun for someone like him.
1602020	1604220	It's gotta be kind of pumped, you know, to be able to do this.
1605580	1610300	yeah yeah i mean and and and if we ever do get disclosure like all those sound bites are going
1610300	1616200	to be uh pretty pretty uh out in the open it's like i i wish more representatives had a bigger
1616200	1622540	egos and and and did the uh the calculus that hey let me say something big about it because if we
1622540	1628440	ever do get disclosure like these sound bites will probably ripple out for for history well
1628440	1634320	One of the things he said was, he said there are witnesses, they're looking for the next hearing.
1634380	1641720	He goes, we're looking for firsthand witnesses to non, people have said they've had contact or interaction with non-human intelligence.
1641940	1647860	He said there are people that have gone on news shows, but they will not testify in front of Congress.
1647940	1655540	And I'm thinking the only three I could think of, Jake Barber from Skywatcher claims he picked up a craft, multiple craft or at least one craft.
1655540	1663220	uh jay stratton who has talked about seeing non-human not bodies because i i've got on
1663220	1667540	people for saying that non-human what did he say said non-human craft and non-human
1667540	1674560	what say again beings beings sorry so non-human beings and the other one is our favorite dr james
1674560	1680000	lakatsky who you and george one of my most enjoyable interviews because you asked him
1680000	1684880	would you testify and would it take a subpoena he's like let's cross that bridge when we when
1685540	1689420	think he would. I just think they need to subpoena him. I can't think of anybody else
1690040	1695920	who has gone on shows who has claimed firsthand knowledge, either seeing a craft or beings.
1696460	1700700	I can't think of anybody else who would, you know, fit that category. I don't know if you
1700700	1705260	guys can come up with any other people. Well, I noticed he said on national news and only one
1705260	1710480	out of those three have gone on national news. So that would limit that pool to my guess of who
1710480	1715380	who he's talking about. Now, I'm not sure. Would Jake Barber not testify? I don't think he has
1715380	1719160	been officially asked. In my knowledge, I'm working closely with the teams doing that,
1719280	1724880	you know, nominating people, bringing them in. And look, it is difficult for people to say yes
1724880	1729660	to that because sometimes they're limited in what they can say, because on one side,
1729680	1734160	you have these special access programs that are a national security issue and they don't want to,
1734160	1737240	you know, they're not going there to fuck up the government or the United States of America.
1737240	1740360	They're going there to tell what they can about the UAP topic.
1740560	1752680	So there's sometimes there's a limiting factor of what witnesses and whistleblowers can say under their own moral code or what they've been told is OK to talk about and what is not OK.
1752720	1754680	I know that's frustrating, but that is the truth.
1754880	1761300	That is that those are conversations that are happening right now is how far can I go without damaging national security?
1761520	1764480	Because if you can't say it, it's going to do no good to anybody.
1764480	1783440	So if you're doing a public hearing, you don't want a bunch of those, let me answer that behind closed door situations. So trying to get people up there that can give the most robust description of what it is that they've had close interaction with, that's the goal. And sometimes that's limited by how much someone can say.
1783440	1792540	But, you know, everybody that I know is doing their best to wire that perfectly so you can hear the most from the best people.
1792680	1794260	But, you know, I'm not in charge of the decisions.
1794380	1796440	I can just nominate, bring people in, you know.
1800220	1801180	So maybe that.
1801260	1807120	So, you know, there was a really interesting part of the Matthew Brown interview that you and George did that really caught my eye.
1808480	1810700	Matthew Brown was saying that he went to organizations
1810700	1813540	as I recall that are geared to help whistleblowers
1813540	1815660	and he reports that they did not help him
1816380	1817920	even though that's what they're designed to do
1817920	1820040	and I think he might have even suggested
1820040	1821240	you correct me if I'm wrong
1821240	1823500	that there might be some intelligence community ties
1823500	1824280	to those organizations
1824280	1825280	and I'm just thinking like
1825280	1826660	what is going on here?
1826980	1827840	Why don't
1827840	1831080	look I'm not denigrating any organization
1831080	1832020	I have no idea
1832020	1833440	I'm just going off what Matthew Brown said
1833440	1835360	but like why are there not
1837120	1842440	out there to assist whistleblowers however they can, because these whistleblowers, they're paying
1842440	1848380	such a huge price. Not only are they putting their life on the line, potentially, but they're
1848380	1854240	losing their jobs, they're losing their pension, they're losing their careers. Like, okay, you know,
1854240	1858940	everyone says they want disclosure. Maybe we need to help these people more. And I don't know what
1858940	1863420	the answer is, but if the organization's geared to helping these whistleblowers or not helping them,
1863500	1866500	as I think Matthew Brown was conveying, then we have a serious problem.
1867460	1888340	Yeah, I suspect that is something that, you know, I do suspect that at the right time, Matthew Brown will talk more for himself. I encourage him to do so. He should start a sub stack and just start interacting with people. He doesn't have a job that he can just jump back into. His life has dramatically changed. I think people should hear firsthand what that's like.
1888340	1890880	Like, I know that he did seek help.
1890940	1895620	He did seek help from these whistleblower groups, we'll just say.
1895800	1897680	And he did not get it.
1897740	1901340	And in fact, he had an opposite type of experience.
1901720	1904180	But I think he needs to talk for himself on that.
1904460	1905780	You know, who did he go to?
1905900	1908100	What non-help did he get?
1908260	1909920	What does he think about that?
1910020	1910960	And is there a better way?
1911220	1915840	Because the truth is, from the people that I directly have been speaking with for years,
1915840	1924640	There's numerous people who are thinking about coming forward or are actually coming forward for the next hearing that you don't know, which is going to be cool if it all works out.
1925260	1928600	The problem is they are alone.
1928900	1932320	They're on this kind of island, right, where it's easy to threaten them.
1932400	1933600	Their faces are not public.
1934060	1941620	A lot of them have perceived threats or I'll just say direct threats to them to shut the fuck up and to not break from the fold.
1941620	1947140	if that is true and i do believe it is true um and we're talking like police reports and shit
1947140	1952200	like that prove that these odd things have happened to people um then we have a real problem
1952200	1957260	on our hands then we have less motivation from people who haven't quite poked their head above
1957260	1963660	the parapet yet to really come forward because they see how and and what is happening to other
1963660	1968720	people who have come forward so matthew brown is there support for someone like that what is what
1968720	1969860	What does support look like?
1969960	1975060	Is it, you know, here's money for your rent or here's a job that you could will help you
1975060	1976760	get because we understand your situation.
1977040	1978240	Think about David Grush.
1978460	1984160	He's probably in history the first or only that I know of whistleblower who has officially
1984160	1989540	acted as a whistleblower from the United States government who got a job back in government
1989540	1993680	to oversee some of to help advise for this upcoming hearing.
1993780	1994820	I mean, that was huge.
1994920	1998060	That shows that we are treating whistleblowers with more respect.
1998720	2004920	that we are trying to help people fall more on their feet after doing that. So for me, that was
2004920	2010360	a huge thing that Burleson's office hired him as an advisor. He's the best advisor on planet earth
2010360	2015680	about all this stuff because he basically wrote the book on whistleblowing that he gave to the
2015680	2022740	ICIG. Right. So I don't know. I'm just, I guess, doubling down on your point, Ryan, is that it's,
2023580	2028040	it's hard for me to see. It's hard for me to see these people that I've learned to care about
2028720	2033100	go through all of these personal dramas because they don't know the path forward and there seems
2033100	2037880	to be no safety net for them. And I don't know where that puts them. How about you, Joe? What
2037880	2041940	are you thinking? I'm thinking last night I was thinking, and then I don't know how this would
2041940	2049920	work, but we need some sort of community funded, go fund me for whistleblowers. How much could we
2049920	2056840	raise? How much would we need to raise so we can say, hey, you've been through a lot. Here's $30,000
2058720	2064020	this year. I don't know, half a million dollars. I mean, yeah, half a million, a million for 10
2064460	2069120	whistleblowers just to take care of them. If they go through that, that's an idea I had. I don't
2069120	2076060	know how that would work. We've had Michael Herrera, who claims he saw an octagonal craft
2076840	2083560	on the ground, I think hovering in Indonesia. He said he's telling the people he knows with
2083560	2090940	potential witnesses slash whistleblowers to not come forward because he's like, look, look at what
2090940	2095220	it has done to other people and their law in their lives, like you guys are talking about.
2095260	2100760	So that's disappointing, but I understand it. I understand if you, I can't put myself,
2100840	2105440	I'm not really in their shoes, but I can imagine you're working all of a sudden you can't work
2105440	2109600	anymore. You can't pay your bills. You can't take care of your family. So it's understandable.
2109600	2114380	understandable. So yeah, you know, it's, it's, I don't know how we get past that right now.
2115240	2118540	That Herrera thing was weird to me, by the way, like, you know, I don't know, he said,
2118620	2123160	I've been trying to testify for so long or something. Yeah. Was he just upset that he
2123160	2126700	didn't get asked to testify? Like, you know, and then says, well, I'm not doing it. No one else
2126700	2130600	should. I really don't know. I don't know the guy and I don't know much about his case, but
2130600	2134700	that was an odd thing. I think for a lot of people coming forward is their only choice.
2134700	2148340	Because right now they feel being anonymous has what has allowed all of these these threatening and negative things, these reprisals to come at them for them, for people to say, don't you even think about stepping forward?
2148540	2150380	You know, and that has happened a ton.
2150460	2157680	So I think for a lot of people taking that step forward, putting their face out, there's the last shot they got at living a normal ish life.
2159060	2161860	Well, let's hope let's hope they're listening to you.
2161960	2163300	And no offense to Michael.
2164700	2168520	still come forward. I mean, you obviously have your ear to the ground. You know what's going on
2168520	2174120	with witnesses. Yeah. People are coming forward. It's just a matter of if they're selected to come
2174120	2179480	forward publicly or if some of what they're coming forward with is described as more of a national
2179480	2184640	security issue that needs to be kept behind closed doors, which sucks. And I, but I don't make that
2184640	2189260	decision. I can just bring people forward and then they hopefully they can tell as much as they can.
2189260	2194720	Are you able to say like when they're like, listen, you can't talk about that.
2194800	2198420	Is that almost always propulsion related or are there other issues?
2199180	2202260	No, it's propulsion related and program name related.
2202480	2204700	And because, you know, you look at something called.
2204780	2206760	So, look, none of this UFO stuff exists.
2206820	2215880	We're not reverse engineering anything except for the fact I've been in the meetings where they're like, that is a no go place because that is a strategic advantage.
2215880	2242480	If you're talking about, you know, reverse engineering propulsion systems and we're doing it and that's part of what you're here to talk about, you should probably just let us do it. That's kind of the sentiment you get from real patriotic people. And I totally understand that. But I think what we're all fighting for is we don't have to tell people like, again, how to build a nuclear bomb, but we can admit that there's a nuclear program and nuclear physics. And I think that's the biggest thing.
2242480	2252260	If I look at what disclosure looks like, it's just an acknowledgement of the basic facts that there are craft of unknown origin, likely to be non-human.
2252640	2257160	And then you pick what that means or where they're from, extra whatever, right?
2258100	2263260	That acknowledgement itself just flat out, I think, is for me, disclosure.
2263560	2266480	As soon as we get that, then I'm going to feel like we've crossed the Rubicon.
2266860	2270600	But I would like to ask each of you, what does that look like for you?
2272480	2277180	dream scenario in your mind right now, what is disclosure to you? You know, what happens
2277180	2284420	five years from now if everything goes right? I'll just jump in and say disclosure is the
2284420	2290500	acknowledgement that we're not alone. You know, adding to what you said, Jeremy, regarding
2290500	2296660	like nuclear physics. And I know that David Grush spoke about this when he was interviewed by Ross
2296660	2302840	Colthard is like, you can go to university and study nuclear physics, but you're not
2302840	2307000	going to learn the designs to like a nuclear ICBM, right?
2307420	2309040	Or anything like that.
2309220	2314660	So it is integrated into society, even though simultaneously, you know, you have the Department
2314660	2319500	of Energy, where some of the biggest secrets the US government has is how does nuclear
2319500	2320580	power work?
2320700	2323560	How does nuclear detonations work?
2323900	2326200	And so you can have it both ways.
2326660	2332380	You can study UAP and and maintain classification on the stuff that's dangerous for society.
2333680	2342120	And former Rear Admiral Tim Gallaudet, you know, he just recently sent a letter to the science advisor to the to the to President Trump.
2342380	2350480	His name is Michael Kratzios. Michael Kratzios. And he was outlining exactly what you were just saying.
2350600	2353960	Why? Why is this not a national priority? It's so insane.
2353960	2359560	vain. So to me, disclosure, I mean, you first have to acknowledge we're not alone and then
2359560	2363700	everything else will take care of itself. I don't like once the world learns we're not alone,
2363860	2368700	you don't need to persuade scientists to pursue this. They're going to be frothing at the mouth,
2368720	2374600	as will everybody else. So it's like it's it's mind blowing that we live in an infrastructure
2374600	2380220	of reality where there are so many interests from so many different disparate places,
2380220	2383500	is all aligning with the goal of keeping it secret.
2383620	2386840	And, you know, that's when I have sympathy for skeptics.
2386840	2388920	You know, I don't agree with skeptics,
2388920	2391300	but when you look at it through that lens,
2391460	2392880	it seems implausible.
2393360	2396600	How many nations have smoking gun evidence of UAP?
2396860	2399280	Right, yes, the U.S. allegedly has
2399280	2401380	craft retrieval programs, I think it's likely,
2401580	2403060	but then China has them.
2403220	2404360	Russia has them.
2404700	2407200	The Five Eyes are all read in on this
2407200	2408580	and talk about it.
2410220	2414700	It's so universal. And yet all eight billion of us are walking around completely oblivious.
2415700	2420720	So, yeah, disclosure is just acknowledgement. We're not alone. You don't have to do one other thing.
2420840	2425640	You don't have to you don't have to start an organization. You don't have to persuade anybody of anything.
2425740	2432220	Once that we know we're not alone, everybody from every field is going to be frothing at the mouth and it will be go time.
2432360	2439920	And that's that's it. It's over. Danny, I think about what I would think of.
2440220	2442480	Disclosure, but then also what would work for disclosure?
2442700	2449580	Because where we are now in today's world, there's a lot of wild things that are said.
2449980	2454200	And a lot of people are really controversial, like President Trump is extremely controversial.
2454620	2464280	I mean, we've had high level politicians, not the president, basically saying that they believe in the UFO subject and that it's real.
2464420	2467900	And the public generally has kind of brushed it off.
2467900	2490840	So I'm just wondering, even if President Trump acknowledged it, would it be kind of accepted? So I would like my best case scenario would be they need to show some kind of proof also along with it. You know, everyone's always talking about a wheel out of craft or a body or something along those lines. So that would definitely be my best scenario that it's not just words. It's something more official.
2490840	2496600	beneficial and I think it does change from maybe politician to politician but people just don't
2496600	2502360	know what to believe these days everything is really conspiracy driven and that could be a
2502360	2510020	good thing or a bad thing but we need really something tangible especially if when there's
2510020	2516060	so many people in the world that only believe something from someone they like and if it comes
2516060	2519540	from the other side of the aisle they're automatically not going to believe it or think
2520840	2522260	or they're doing it for whatever reason.
2522700	2525900	So we're just so divided and we need proof
2525900	2528680	and we need something tangible is my answer.
2529680	2530720	What about you, Joe?
2530860	2533860	I think first we would need, for me,
2534000	2537400	multiple firsthand witnesses who come out and say,
2537480	2540160	listen, we spent the last four years together,
2540300	2543200	this team working on a craft that we have concluded
2543200	2546700	is of non-human origin and this is why we believe that.
2546860	2550360	And then another group comes in and talks about the bodies
2550840	2555160	they believe they're non-human in nature and then the next day ladies and gentlemen come back to
2555160	2561200	hangar 57 we're going to show you a craft and the bodies are going to be there on display you can
2561200	2565640	ask whatever questions you want that's like my dream scenario and then the day after we go to
2565640	2572840	lockheed we check out their tic-tac you're right let's be so tough no but that's yeah we should
2572840	2577060	talk about that but yeah no that that's also i hear what you guys are saying and i feel the same
2577060	2582020	way, which is that you can have people talk about it, but you have to have something to show for it.
2582060	2584300	Yeah, you need a smoking gun. That goes without saying.
2584960	2592420	Right. And the thing is, is that I wonder if there's a lot of politics behind that, right? We
2592420	2598800	know we live in a super secure secrecy state when it comes to exotic repulsion. We know that these
2598800	2604700	are special access programs that contain and work on anything that's advanced tech to begin with.
2604700	2614900	So you'd really have to get some sort of fundamental shift within our power structure to say it is beneficial to us to tell the world about this.
2614940	2626120	Right. And it's beneficial to us to show not only our friends, but our enemies, too, what we got, because that's what you would end up doing if you if you really let people in to see the craft and that sort of thing.
2626220	2633720	So you'd need some sort of monumental shift within the power structure to even decide that's a good idea, because right now it's not like me.
2634700	2638140	I have a craft in my backyard or something, and I can just bring that out.
2638200	2642920	We're talking about if this is all true, you know, retrievals at the highest level of secrecy
2642920	2643580	within our government.
2643680	2650660	So what is going to push that button to get that type of transparency to the American?
2650720	2651800	And then you can't help it.
2651820	2653940	The global public that I don't know.
2654280	2661540	That's like a major paradigm shift within the way that this has been treated and maybe
2661540	2662900	covered up for a long time.
2664700	2665520	It would change everything.
2665820	2669680	Everything would be like, how would the world handle it?
2669740	2673180	And I know people are like, the world can't handle it.
2673280	2677740	Well, I don't, as Chris Mellon, I love this quote from Mellon, and he may have changed
2677740	2678640	his mind since then.
2678700	2685300	But in 2015, he said, John Podesta says, the American people can handle the truth.
2685480	2690560	And Mellon goes, how can you know if they can handle the truth until you know what it
2690560	2690900	is?
2691120	2693860	He goes, what if they're flesh eating arachnids?
2694700	2700380	kind of doesn't make any sense so yeah um what like what's it gonna take to get that to happen
2700380	2706640	to bring out craft and bodies would it be enough if a dozen firsthand folks came forward i don't
2706640	2712600	know it's like as george always says the more the closer we get the harder it becomes and those
2712600	2717600	people who are in charge of keeping this secret i gotta give them credit they've done a really good
2717600	2723460	job they've and it's it sucks what they've done to whistleblowers but it's it's really working so
2724700	2728560	have not heard. And hopefully the three people you talk about, I don't know if you could tell
2728560	2733600	us anything more about those people who may testify in September, the people you talked
2733600	2738360	about who have firsthand knowledge. No, no. I think everybody should see if they're going to
2738360	2742760	testify. And it's more than three, by the way, that I've officially brought in. So let's see
2742760	2746520	who's going to testify. And if they don't, I think they're already coming public. They've already
2746520	2751180	recorded me and George anyway. So there will be, you know, people will come forward on their own
2751180	2754840	time. But right now, let's try to use the system and do it right. The government said they're going
2754840	2760440	to help. Let's let them help. I want to push back a little bit to what Chris Mellon stated. I
2760440	2765900	remember him saying this. And, you know, Mellon is an absolute awesome disclosure advocate. So,
2766600	2773040	you know, I support him hugely. But I don't think it matters what it is. And I'll tell you why.
2773140	2776800	Because this is a lot of people probably won't agree with me on this. But I think what's going
2776800	2782020	going to disturb the public more than anything at all, no matter what the phenomenon is,
2782720	2791660	is that our most trusted institutions, our governments in particular, were willing to
2791660	2799060	maintain a lie of this magnitude and gravity for 70 plus years. I think that is going to freak
2799060	2805840	the public out. And I think those in power know that. And I think that's a huge motivation as to
2806800	2808020	because they're just covering their ass.
2808160	2810360	They know there's going to be all hell to pay
2810360	2813160	once we get the truth.
2816100	2818900	We have religious people in our world,
2819580	2820380	all kinds of religions.
2820560	2821400	They believe in God.
2821500	2822680	They believe in Satan.
2822760	2823620	They believe in angels.
2823780	2826100	We already believe in weird stuff.
2829080	2830360	And in fairness,
2830580	2832860	knowing for certainty is different than belief.
2833040	2835480	I think Carl Nell pointed this out
2837100	2842300	interview that it's one thing to believe and it's one thing to know. So that's a fair rebuttal.
2842380	2848540	But I still maintain my perspective that disclosure is going to freak people out first and foremost
2848540	2853620	because because like think about it's not going to just be us, you know, standing around the
2853620	2857920	water cooler talking about it. It's going to be our smartest, most influential minds
2857920	2868540	minds, losing their you-know-what. Neil deGrasse Tyson and people like that, scientists, engineers,
2868940	2873440	philosophers, they're all going to lose their you-know-what, and they're going to look like me.
2873520	2878880	They're going to be ranting in front of the camera on CNN, on Fox News, on MSNBC. And so they're
2878880	2884080	going to be like this huge signal, and then the rest of the world is going to receive that signal,
2884080	2889540	Because let's be honest, our intellectuals influence how we perceive reality.
2889760	2890680	That's just the way it is.
2890760	2897960	That's why, you know, the skeptics for so long have gotten the red carpet on CNN, Fox News.
2898080	2900340	Look at the recent Wall Street Journal article.
2900480	2906840	Like the news agencies for the longest time, they love giving credibility to the skeptics and their viewpoint.
2907080	2913040	And then when it flips, all these brilliant minds are going to go on all these news stations.
2914080	2918180	eds. There's going to be in the newspaper and they're just going to say this was not only
2918180	2924040	completely immoral and incomprehensible and unthinkable, but it was tragic. And then what
2924040	2929100	does that do? That's a signal that the rest of civilization is going to receive. And we're going
2929100	2934480	to feel that and we're going to integrate that. And who's going to take the fall? Who is going
2934480	2938760	to take the fall? It's going to be governments. Governments are going to take the fall. And that's
2938760	2942980	what's going to freak people out. Not because there's flying saucers, because the bottom line
2944080	2948300	saucers and there's probably abductions, but that's been happening forever. So what? It's
2948300	2954140	happening right now. Does it change the equation? Does learning about it actually change what is
2954140	2957580	happening in the world? No, it doesn't. But learning that your government's been lying to
2957580	2961600	you, something you couldn't even conceive was a possibility, something that you're supposed to
2961600	2967880	understand, not non-human intelligence, which is esoteric and otherworldly, but there's so many
2967880	2971780	people who don't even believe governments would be willing to lie on this level or that they're
2971780	2972980	They're capable of lying on this level.
2973040	2979400	And what happens when all 8 billion of us learn that governments were willing to lie on this level and are also capable of lying on this level?
2979440	2983320	I think that is what's going to be more disruptive than learning about the phenomenon.
2983500	2984320	But that's just my opinion.
2984700	2989040	And the next question would be, OK, what else have you lied to us about?
2989580	2992180	And that's always been people like, why do you want disclosure?
2992420	3000920	Because for me, one of the most important things that I talk about is human beings have abilities that we've been told we don't have, like PSI.
3001780	3016820	So if it was proven that UFOs are real, we have a non-human intelligence here, it's a lot easier to say, hey, now that your mind is open and you realize you've been lied to all these years, these are some other things which we have evidence for that you should really take a look at.
3017240	3019680	As far as whether or not people, I agree.
3019820	3021520	I mean, people are going to be upset.
3022400	3025940	And the people George said, I don't know, it was like six, seven years ago.
3025980	3027800	He goes, people are going to go to jail.
3027960	3030180	People are going to go to prison for some of what they did.
3032080	3036080	or hiding funds from the American people, billions of dollars.
3037040	3040260	So, yeah, and as far as how they'll react to abductions,
3040260	3044860	or as George says, they can see us anytime without us seeing them.
3044980	3046460	They could see you in the bathroom.
3046540	3047580	They could see you in the shower.
3047760	3049600	I don't know how people will react to that.
3049700	3052000	For us, we'll be like, that's pretty cool.
3052200	3056100	But like Ryan said, belief is, and Nell said, belief is a little different.
3056160	3058200	Knowing is a lot different than belief.
3058980	3059800	So I don't know.
3062440	3064760	disclosure doesn't have to reveal everything.
3065980	3071400	You know, that that that those details about seeing us all the time and abductions like
3071400	3074940	we have we have a long time to start meandering into those topics.
3075540	3078840	Disclosure is exclusively going to be, oh, there's a presence here.
3078920	3080980	It's non-human intelligence and we don't know much.
3081140	3085300	You know, our government's actually going to like start broaching abductions and the
3085300	3085900	other stuff.
3085980	3086740	I don't think so.
3087780	3089400	But it's the first question, though.
3089420	3090800	It's the first question out of a report.
3091780	3094620	say they're going to say we don't know that's and then they're going to turn to people in the
3094620	3098420	community and they're going to say you know what they'll leave it right they'll leave it to the
3098420	3103440	there's evidence that abductions are real whether or not physical or not and so yeah it would be
3103440	3107800	let's let's hope we get to find out in our lifetimes i'm skeptical that we'll get there
3107800	3113320	but who knows i mean in a way you know we've already had a level of disclosure when you have
3113320	3119100	people you know top people saying there are craft they seem to be operating in a different world of
3119100	3124220	physics than we're aware of. And they're admitting and acknowledging that and say it requires further
3124220	3128340	study. I mean, that is the first step. That's like the tipping point to acknowledging that
3128340	3134960	something is occurring that is outside of our alleged scope of understanding with physics.
3135120	3141940	But you guys remember that Larry Maguire, he's a member of parliament in Canada, and he wrote that
3141940	3148840	memo to the Five Eyes and talked about the foreign technologies division. And if you read that
3149100	3151500	that George and I put out or listened to that show,
3151660	3153740	when we accessed all that information
3153740	3155960	and reached out to McGuire himself,
3156240	3158960	what we learned is that, you know,
3158960	3162480	he was saying we're going to lose the trust of our population.
3162780	3164940	That's the whole tone of that letter,
3165000	3168560	is that, you know, another country is going to disclose this first.
3168620	3171220	Canada has to get, you know, ahead of this.
3171240	3172280	There was a sense of urgency.
3172580	3174240	And I found that really interesting
3174240	3176960	because he must know something, you know, that says,
3176960	3183580	says, hey, this is important not to lose the trust of our populace because we're going to be behind the eight ball on this one.
3183700	3186520	If you guys remember the memo, that's the tone that it had.
3189240	3190620	Jeremy, I have a question for you.
3190640	3197220	I'm just wondering because, you know, some of the whistleblowers have come forward recently, including Matthew Brown, Michael Herrera and Jake Barber.
3197800	3206160	They all agree. They all perceive that the back engineering efforts have been somewhat successful.
3206960	3210900	But I will say someone like Jim Semivan, he's skeptical they've been successful.
3211100	3213460	He thinks there's been derivative technologies.
3213660	3215760	I think you also think they've attained derivative technologies.
3215960	3228940	But have you or George changed your mind at all about the proposition that there have been some actual replication technologies where they can actually fly, fly and stuff like that?
3228940	3243820	Yeah, I'm really open to having my mind changed on that because I remember it being a very sad day when I came to the definitive conclusion, you know, from where I was standing then that we have not made significant progress in any way.
3243820	3249560	I've heard a lot of stories about a type of reverse engineered craft, particularly triangles,
3249880	3252520	right, that operate with some of this technology.
3252840	3258300	The evidence is there that something exists as far as propulsion leaps that we've taken,
3258440	3263880	but I don't have significant evidence that it's anything on an industrial scale or that
3263880	3264960	we've really mastered this.
3265440	3267340	Again, I would love to be wrong.
3267440	3271780	And there's a lot of people that probably have a lot more information than I do on it.
3271780	3296860	But I see also the nonsense and the bullshit, like trying to claim that in 2004, the Tic-Tac was made by Lockheed. That is inherently false from any scope of my imagination, from anything that I actually know. I also know that that is a narrative that I told everybody this. I told everybody this years before that this was going to be a narrative that is pushed because I saw it coming in as passage material from the CIA.
3296860	3301160	CIA and so that is something that they reached out to Commander Fravor about that was something
3301160	3305920	some good friends of mine who are on the programs told me tried to warn me that that was going to
3305920	3310760	be something coming out of that agency and infiltrating into popular culture which it now
3310760	3317740	has so that is also a signal when you're trying to pretend to people that we have greater capability
3317740	3322060	than we do which is a great thing for our enemies right to make them think we've got things like
3322060	3326840	tic tacs out of Lockheed. The thing is, is that anybody I've ever talked to on these programs
3326840	3334740	flatly says, I wish that was the case. So no, my mind hasn't been changed, but I'm really open to
3334740	3339620	it being changed with good information. You know, and it's my friend, Michael Vai, who was a former
3339620	3347540	Intel defense contractor. He said, he texted me like last week. He goes, if, if we have that tech,
3347640	3351520	he goes, there's no way they're going to let it out like that. They're not going to go to a reporter
3352060	3357640	we have this tech because there goes our technological advantage over an adversary.
3358120	3362320	So he believes if we have it, because he's definitely on the side of thinking we do,
3362760	3368100	they wouldn't let it out. On the flip side, and it's only an anecdote, but it's one of my favorite
3368100	3373600	anecdotes. Commander Will Miller, who did a lot of briefings in the Pentagon, he briefed Admiral
3373600	3378260	Wilson. He was the lead, even though Stephen Gersh said he was the lead, but Will Miller was the lead
3378260	3379800	to brief Admiral Wilson.
3380540	3382240	He said on his last,
3382360	3383360	he was working with a guy
3383360	3384660	who worked over at Area 51.
3385280	3387360	And on this guy's last day
3387360	3388780	or Will's last day in the command,
3388980	3390180	this guy said to Will,
3390260	3391020	he goes, hey, Will,
3391060	3392460	he goes, you know, those craft
3392460	3393540	that you got your friends
3393540	3394400	at Sea Setti,
3394540	3395740	sea in the air
3395740	3397540	where they're doing 90 degree turns
3397540	3399160	and going Mach 9.
3399300	3401220	You guys think they're extraterrestrial?
3401380	3402100	He goes, yeah.
3402240	3403700	He goes, well, they're not.
3403880	3404540	And he goes, and the guy
3404540	3405100	just walked away.
3405300	3406880	So that's it's an anecdote.
3408260	3413260	anything but it makes me wonder it's always making me wonder do we have that and in the end i don't
3413260	3418580	know because it's mixed eric davis no way we have not done it other people oh yeah we've we've back
3418580	3424220	engineer we have triangles that can go anywhere anytime in the universe i don't know what to
3424220	3431260	believe yeah i believe question uh forgive me jeremy if uh you've answered this before um what
3431260	3437980	do you think uh lazar recorded that night when they went out there uh what do i think he recorded
3438260	3444880	I think he recorded a test flight of what it is that he knew was working out there because it came up at the same time every week.
3445640	3446480	I think it was he did.
3446620	3449380	It was probably us flying something that.
3449500	3450820	Oh, right.
3451000	3452560	Yeah, that I still don't know.
3452620	3458660	Even to this day, that's something that Lazar has really grappled with because he just doesn't have enough information.
3459680	3467340	He found it extremely odd that you could kind of talk with a pilot inside of one of these things with a radio.
3468260	3470680	He was questioning it when it happened.
3470860	3473680	He's like, none of that makes sense from how I understand these craft operate.
3473920	3478740	If they do have a gravitational propulsion system, radio waves ain't coming in and out of it.
3478940	3484360	So he already thinks there was some kind of ploy to misdirect him during the operation of that craft.
3484800	3488120	For all we know, it was a non-human being that was in there.
3488260	3490120	Maybe it was a human pilot.
3490240	3491660	Maybe it was an autonomous craft.
3491800	3495220	There's just no way for us to know or speculate.
3495240	3496360	Even Bob doesn't know.
3498260	3504520	parts of that story to me is that uh they get that video of uh whatever they recorded yeah and
3504520	3509500	everybody out there that might have talked to i think every single one except one that was out
3509500	3514500	there during that filming and they all said it was a disc i mean you could see it with your eyes you
3514500	3519280	know you could see much better than a 1980s like camcorder in the dark like with their eyes it was
3519280	3521320	was a disc, a disc-shaped craft.
3524160	3526340	Let me take the conversation another way.
3526960	3530400	Last time we all got together, it was the winter,
3531080	3535820	and the UFO community was extremely excited about Skywatcher.
3536680	3542380	And Jake Barber basically, you know, he made a claim that they were going to have,
3542460	3548040	he used the word undebunkable, and he also basically gave about a year's timeline.
3549280	3556700	the eighth month of the year um we haven't seen any proof um how do you guys feel about that are
3556700	3561980	are you a little bit more pessimistic if you were positive on it or how are you guys feeling
3562660	3566840	i'm because i'm sorry well i'll just say that uh you know when he said that i was
3566840	3574360	you know excited in the sense that i hope he's right um but um look i i'm giving the stage you
3574360	3575780	You know, I give him the stage.
3575920	3576440	He has what?
3577560	3578700	A few more months to go.
3579040	3584040	So I hope him and his team can get some smoking gun data that proves we're not alone.
3584260	3585140	That would be great.
3585200	3588440	And we could just move on to the post-disclosure world.
3588800	3593480	But yeah, I mean, I don't know why he made that statement to me.
3593540	3596540	Even if you believe there was a good chance, you'd be wise not to say it.
3596620	3598920	Why put pressure on yourself like that?
3599160	3600660	Why put yourself under scrutiny?
3600660	3607260	You know, it's like just allow your work to show itself, to to to communicate its value.
3607460	3609920	So I don't I think it was a mistake for him to say that.
3610100	3614280	But if he if he brings the goods, then more power to.
3614340	3623340	And they talked he talked about their ability to vector in a craft, summon a craft and bring it down to the ground, which is amazing.
3623400	3624940	Oh, my God. Disclosure.
3625700	3628760	So now we're seeing their videos, which they're OK.
3630780	3633680	but I want to see the craft being brought down to the ground.
3633800	3636800	If you're going to make that claim, do it.
3637020	3638800	Why can't you just do it right now?
3638840	3641940	If you have the ability to bring craft down without technology,
3641960	3647160	using a psionic asset, using their psychic abilities, do that.
3647380	3650360	And then this question about whether or not we're alone,
3651780	3653600	that's assuming that there's something inside,
3653880	3656120	but that would be momentous.
3656160	3659460	And so I am skeptical, but I'm patient.
3660660	3666800	of time. I'm frustrated because I mean, I've seen people tell me they've got these extraordinary
3666800	3672540	capabilities. I've never claimed I do. I tried to bend a spoon with my mind with Dr. Edgar Mitchell
3672540	3679680	and I failed dramatically. I have no psionic ability. So I haven't seen even somebody who's
3679680	3684960	been able to demonstrate that to me in a very fundamental way. So the claim that you can bring
3684960	3688880	something down, have they claimed that they've done this before, that they've brought down
3690660	3695020	on that where were they i'm pretty sure they yeah i'm pretty sure they they have claimed to have
3695020	3701320	done that and i don't know if it was where they were doing that if they were doing it along with
3701320	3705880	the government in the government program and that's why we don't have video but do it now like
3705880	3709940	you know you're out of the program now do it instead of wasting our not wasting our time
3709940	3717900	but instead of showing us videos that are you know they're not really definitive bring down a craft
3717900	3723280	bottom line is this guys it's gonna take uh so i'm gonna give the the dude i don't know the guy
3723280	3728280	that much like he's nice talked a few times but i think given everybody a little bit of grace here
3728280	3731740	like i'm not gonna put somebody on a clock they shouldn't put themselves on a clock either
3731740	3735880	you know it's like i i think if we have an asymmetric approach to studying this like
3735880	3740860	obviously we all think this is real or we have enough evidence to satisfy within ourselves that
3740860	3744460	this is a real and important phenomenon so that's where maybe the four of us are coming from
3744460	3761640	But I think what we can do is try to enroll the curiosity of more and more people through an asymmetric approach. If we have hearings, that's great. I think you're right. I think it was Danny or Ryan, you said, if we get those hearings, then that'll push us towards maybe the legislation having more fuel and more steam.
3761640	3776580	Absolutely. I absolutely agree with that. That if you have the endeavors of Skywatchers, you have the endeavors of the Soul Foundation, you have the endeavors of, you know, Whistleblowers coming to me and George, we have people talking about it and doing journalism on it, like you three, all of that together.
3776580	3793620	I think we're going to find ourselves in a different location in, you know, eight months from now than we are today. But I will never put a clock and push it on one person is going to bring us absolute disclosure on this topic. I think we have to work all in tandem, if not together. Does that make sense?
3793620	3814800	And I think there's another issue, too. George Knapp speaks about this a lot with Skinwalker Ranch. Like, you know, you had you had NIDS, National Institute of Discovery Science or whatever it was. Yeah. And they spent years trying to document the phenomenon and had all kinds of brilliant people trying to document it.
3814800	3825440	And this was one of my criticisms early on when Jake Barber said he's going to get the evidence in a year because I have this bias that the phenomenon picks and choose who it gives evidence to.
3827020	3832020	I mean, you know, it's been stated they're the architects of the secrecy. And I think that's true.
3832020	3846480	And if it is true that all these corporations actually have parts and pieces and crash retrieval programs are able to get these craft, I don't think it's a statistical anomaly that no one else is able to do so.
3847000	3854320	So in that sense, you know, I know it sounds spooky and conspiracy oriented, but I fail to see a good counter argument.
3854320	3881220	It seems to me that the phenomenon is kind of controlling this trajectory and this kind of the scenario we're in where allegedly governments and corporations, the intelligence community and militaries have smoke and gun evidence of various kinds, whether it's radar data, visuals, or even craft, the pieces of the craft, tracking the craft coming in and out of the water.
3881260	3884000	But yet, is Avi Loeb going to get this?
3884320	3902980	Are other scientists going to get it? I don't know. It depends. I mean, if the phenomenon wants them to, yeah, it's inevitable. But I'm just not convinced, and hopefully I'm wrong, I'm not convinced that you can necessarily just put your best foot forward scientifically, and if you do the right thing, you'll get the smoking gun.
3902980	3929680	Because the phenomenon might be 5, 10, 20 steps ahead of their efforts. And at the end of the day, they may just get to pick and choose. So it is plausible that if when Jake Barber was in any programs, in that scenario, the phenomenon is willing to show itself with more clarity and in a more documentable way. Now he's in the public sector with Skywatcher, the phenomenon might not cooperate in that scenario.
3929680	3948080	You've brought up one of my biggest issues. So with the general public, the videos that we see people sharing are basically useless. No offense to people shooting the video. And then we have Christopher Mellon and you and George saying some of the videos you have are amazing. Christopher Mellon saying they're 4K. Then we got up close stuff.
3948080	3955680	so why and it could be a censor issue but why is like we never get to see that but somehow
3955680	3959780	the intelligence community the government you guys are getting stuff sent to you
3960440	3966740	why is this such a disparity in what we're seeing publicly and what allegedly exists privately and
3966740	3971580	it's a really good point for skeptics to say or debunkers like because it doesn't exist privately
3971580	3977740	you know your video that you guys released of that disc going through the clouds is one of the most
3978080	3979660	That's the video we've all been thinking.
3979820	3983340	All right, there's a craft that we've heard about, a flying saucer.
3983460	3988900	Other than that, nothing else we've seen looks like what we've heard about over the years.
3989220	3990860	You have any, what do you think?
3991720	3993080	Yeah, no, totally.
3993360	3998460	And I think that that has been a difficult thing with me and George is we'll get what
3998460	4005000	we feel is our best evidence that we can put out at that time without endangering other
4005000	4006900	things, you know, sources, national security.
4008080	4011820	things. And you know, we have to be careful, dude. It's people don't like doing this job.
4011860	4016060	I'll tell you that much as, as obtaining things that sometimes appear like they could be dangerous.
4017080	4022540	So it's always like this idea is, is it going to push the needle, right? If I had the perfect,
4023180	4028460	all powerful video and it would change the world, I would not hesitate to drop it. But everything
4028460	4034200	is nuanced, Joe, you know that. So even this last one that our government has said, this is a disc,
4034200	4040960	disc. This is a disc UAP and it's still classified a disc. You know, to me, it's the best we've seen
4040960	4048400	so far, but it is not like the perfect video. And if I had the perfect video, you know, I would push
4048400	4053320	to get that out immediately, but everything is nuanced. A lot of this footage, you say 4k. Well,
4053360	4057260	look, when stuff gets leaked to me and George, it's obviously people are like filming a screen
4057260	4063400	in a room. It's never going to be traditionally 4k. So I just don't know what's going to be,
4064200	4069680	going to change the attitudes, but a long durational kind of like putting things out as we
4069680	4074460	can and trying to up the ante each time, better and better evidence. And we're going to do our
4074460	4079320	best. But again, this disclosure thing, it's not in our hands. There's people that would be much
4079320	4085500	more adept at being able to, you know, kind of convince the world about the truth about UAP.
4086040	4091440	All I can do is my small part, but that's the thing. I think that if we each do our small part,
4091440	4097420	I really feel that collective push is what we need and where we're going to how we're going to get anywhere.
4098120	4114820	Hey, Joe, I have a question for you. Why do you think Trump hasn't signed an executive order for UFOs? He's did it with JFK. Right. And Kennedy, what's your perspective on what I mean, the legacy that I mean, he has an ego. The legacy he would have for that is is incomprehensible. What is that?
4114820	4118200	allegedly he didn't put out the JFK files because Mike,
4118220	4120660	Mike Pompeo told him it would be a bad idea.
4120800	4124440	And he agreed with Mike Pompeo and he did not put out the JFK files.
4124520	4129240	The only thing I can assume is if there are probably people around him saying,
4129320	4131360	you cannot do this.
4131780	4133880	You want to have the economy tank.
4134140	4135980	You want to see the stock market tank.
4136120	4137680	It'll be on your watch.
4137880	4139100	That will be your legacy.
4139180	4141460	That's the only thing I could think of why he wouldn't do it.
4141860	4143100	But I'm speculating.
4143100	4143540	I don't know.
4143560	4144240	Hopefully he does.
4146780	4148360	I wasn't expecting it.
4148400	4150760	I wasn't also negative on it.
4150820	4152180	I was just, let's see what he does.
4152280	4154160	And he still has time, but you're right.
4154740	4156560	His legacy, if he put it out
4156560	4158180	and we got this amazing footage,
4158380	4160320	he would go down in the history books.
4160640	4164040	People would forget about Epstein and everything else.
4164260	4166880	So I'm not hoping it's going to happen,
4166960	4169040	but I don't know if you guys have any ideas
4169040	4170300	why he would not do it.
4171780	4173140	Oh, I'd imagine they'd say,
4174700	4178760	Kennedy, if you even try to do that. I mean, that's the way that you'd get someone not to do
4178760	4182060	it. It's just, you know, tell them this is what's going to happen to you. These are our national
4182060	4186380	secrets and you do not let that out or we're going to shoot you in the face. I mean, that would stop
4186380	4192100	most human beings from doing it, right? And there's always debate whether the presidents
4192100	4196340	have access. Do you have any insight on that, Jeremy? Yeah, I don't think there's a lot of
4196340	4200120	debate on that. Even Clinton came out and said, you know, it wouldn't be the first time I was
4200120	4205400	I was lied to when I asked. They didn't really give me anything on Roswell and whatnot. So I think
4205400	4210240	from the people I know that have done presidential briefings on the UAP topic to the people
4210240	4214760	in these organizations that have been studying it and trying to push information with the White
4214760	4220940	House, I think it depends on twofold. One is the interest of the sitting president. And then if the
4220940	4226520	sitting president does ask, you know, look, they can be lied to and obfuscated from just like
4226520	4230100	like anybody can be in a bureaucracy and America is definitely a bureaucracy.
4230260	4233200	So it's not everybody's read in,
4233240	4234380	in the same way as what I,
4234420	4235700	I don't think that's up for debate.
4235800	4236920	It just appears that way.
4237180	4238400	Can I ask you a question?
4239560	4240000	Yes.
4240860	4242600	So have you,
4242700	4247080	or do you know of anybody else who has claimed to have spoken to the
4247080	4248140	witness I described earlier,
4248260	4252580	somebody who claims to have worked in a program for a decent amount of time
4252580	4255700	and who had hands on a craft said,
4255820	4256020	yeah,
4256520	4261920	on it. And my conclusion was after three years or whatever, this was a, this was a non-human craft.
4263900	4269520	Yes. I know people in official capacity who have interviewed with people that exactly fit this
4269520	4275360	description. And I have pushed on them being like, what is it going to take for someone like that
4275360	4280960	to come forward publicly? And by the way, that was part of an ICIG investigation where people
4280960	4287080	of that level were communicated with. And I know exactly who is doing that back and forth.
4287420	4293980	And here's the deal, ma'am. They said to me, what would be the motivation for someone like that to
4293980	4298040	break from the fold and destroy their whole lives just because they were called in to come talk with
4298040	4304660	me? It's not going to happen. It's just not going to happen. There has to be somebody who's so upset
4304660	4310760	with something surrounding this that they're just going to try to burn it all down. And usually
4310960	4315500	those people never make it to the starting point. You know, if they're coming from that attitude,
4316120	4321720	people that work in those programs are so highly monitored with polygraphs and, you know, their,
4321820	4326020	their family lives, making sure they're stable. If you remember all, all the way back, looking to
4326020	4330400	the czar, why did he get not called back for the program? It was because they found out his wife
4330400	4335380	was cheating on him and he became a security risk. That's how security clearances work is you have to
4335380	4339340	have a stable family life. So people that would break from the fold that are feeling all that
4340960	4344840	burn the whole house down, dude, they're going to find out they're in that mental state way prior
4344840	4349760	to them ever being able to get to the starting point. So it's a long way to say, yeah, man,
4349780	4353900	the Holy Grail. Yeah, I know about those conversations. I've talked to people on both
4353900	4358760	sides of those conversations. The thing is, there's no indication that people like that are
4358760	4365760	at this moment willing to come forward. And in fact, I can't go further than that. But in fact,
4367420	4371940	if people were willing at one point, I don't think it's possible anymore for them.
4372260	4376480	And just to be clear, you're talking about other people have had the conversations with those
4376480	4381980	whistleblowers, not you. Yes. Well, what I'm admitting to is that in official capacity,
4382320	4388940	there are people doing this investigation that have conveyed to me their direct official
4388940	4393440	official debriefing with individuals in those programs,
4393520	4398940	like working on the technology currently non-human technology.
4399100	4405040	So I know these people have had those investigatory roles and had those
4405040	4410560	briefings and took the information because of the ICIG, you know,
4410560	4414560	reports. Cool. Yeah. I wish,
4414560	4416840	I wish I could help more on that guys, you know,
4416840	4420720	something that would always that would bother me because i've seen this happen if i was a
4420720	4425880	whistleblower um we've seen stories and we've uh come out and we thought they would be bigger
4425880	4434200	and uh so it's like we're battling the public um or public perception i should say i i always go
4434200	4439400	back to to the stars academy when they put out the tic tac i think they were all probably thinking
4439400	4444200	that was going to be disclosure and then it up uh it pushed the ball i mean moved the ball greatly
4444200	4450840	It was amazing. But, you know, it wasn't disclosure. If I had known about that story before it came out, I would have thought that was it.
4451300	4462360	So we're always having to one up the previous stories and battling public perception and how the public is currently operating with news stories.
4462840	4471080	And with the public being, I think, more pessimistic and just the state of the world right now, it's getting harder and harder.
4471080	4476360	her it's a earlson in his interview he put out that was put out yesterday he was so excited he
4476360	4480820	goes you know the hearings are a little slow but overall behind the scenes we're making progress
4480820	4486980	and he's really excited and i'm like a few years ago somebody privately told me hey members of
4486980	4491360	congress are being briefed they know the entire story and this person was very excited and i'm
4491360	4497300	like okay but i mean we got grush grush came forward because this person was like people are
4497300	4500920	going to come forward. The American people are going to be scared. Some of them are going to be
4500920	4506040	excited. I think this person was talking about Grush and maybe Nell. Well, they came forward.
4506860	4511620	Nothing. People don't even know Grush now. Some people did at the time. It was definitely,
4511720	4516340	I walked into a pizza place when he had, right after he had testified and I go, somebody goes,
4516360	4519820	how are you doing? I'm like, well, we just had a congressional hearing. He goes, David Grush.
4520000	4524460	So yeah, some people did know about it. But for the most part, if I ask people in my family,
4524460	4527480	99% of them do not know who David Grush is.
4527580	4529860	100% do not know who Carl Nell is.
4530020	4531500	So yeah, it's public perception.
4531860	4534720	People, compared to what the people we talk to,
4534780	4536480	somebody I talk to behind the scenes,
4536620	4537780	they're like, here it comes.
4538000	4541220	The public's like, yeah, nah, I don't care.
4541640	4545020	Yeah, I think it's just gonna be slow and steady, you guys.
4545120	4546840	And let's wrap up this way.
4547340	4548900	First of all, it's great talking with you guys.
4549000	4551060	I'm a kind of fan of each of your styles
4551060	4552140	of engaging people.
4552180	4554000	I like watching the Twitter wars.
4554460	4556540	more entertaining than storage wars.
4556680	4560100	It's so cool to see what you guys uncover and the way that you,
4560120	4560520	you know,
4560520	4562140	thoughtfully engage people and,
4562160	4564120	and each of you have your own kind of skillset.
4564160	4564760	So I just want to say,
4564800	4568380	everybody should follow you guys on social media because I do.
4568460	4571040	And I learn a lot about what's going on in the UFO world.
4571120	4572540	I don't always tune into social media,
4572660	4574040	but I'll follow your guys stuff,
4574100	4575160	but let's end this way.
4576100	4578680	I guess what I'm saying is I'm optimistic.
4578840	4579220	Still.
4579340	4583020	I think that we're going to have the best hearings that we can legally
4584460	4588240	I think we're going to, you know, push the envelope a little bit more open.
4588460	4595380	If they choose just three of the people that I've nominated to Congress, I think we're in a good place to continue the conversation.
4595720	4598180	It's not going to bring disclosure in September.
4598480	4606800	But I think that paired with good journalism, honest journalism, which is sparse these days when it comes to the UAP topic.
4607120	4612520	And then also just relying on the information that comes to journalists, such as videos and that sort of thing.
4614460	4618540	out, talk about it, raise the bar a little bit more of the discussion so vice presidents can
4618540	4622920	come out and openly admit that they're UFO fans. And I think that we're going to make progress,
4623040	4628320	whatever this disclosure plan is, let it be from the beings or just from the willful army of people
4628320	4632680	that want the truth. I think that we're making progress and it might not be fast enough for
4632680	4641080	everybody, but we are sitting in a different world today than we were in 2017. Final thoughts?
4642260	4651120	I'd be remiss if I did not mention the work of, I don't know if you've talked about it or you've seen it, Jeremy, but the work of astronomer Beatriz Villarreal.
4651700	4661560	Very interesting, showing basically in plates from before Sputnik when there were no satellites, there were these transients that would show up on these plates.
4661880	4667620	And then a half an hour before or a half an hour later or a little around that time, they would just disappear.
4667620	4675980	here and what what the evidence shows is that there's a statistically statistically significant
4675980	4683200	amount of these objects are disappearing when the sun uh is in complete shadow so it suggests that
4683200	4688820	they're reflective and they may be in a orbit what's it when the satellites are geocentric
4688820	4694580	orbit they may be craft there's like a hundreds possibly hundreds of thousands i don't think
4694580	4697900	I think there are that many if they're craft, but people should check out her work.
4699400	4700200	Beatriz Villarreal.
4700260	4701780	I think I'm saying her name correctly.
4703180	4703580	Yeah.
4703840	4706280	Fascinating step forward if that proves to be the case.
4706400	4710380	Again, it's not going to bring the ultimate disclosure as Ryan described it, but it is
4710380	4715560	going to be another kind of step in the direction of understanding the phenomenon if it is true.
4715860	4717160	Any final words from you guys?
4719280	4722640	I'll just say that I'm looking forward to the hearings and I'm looking forward to the
4722640	4723620	trajectory we're on.
4724580	4728340	I would like disclosure to happen in the next five minutes, but barring that,
4728420	4732420	I look forward to all the developments that are going to happen that,
4732440	4733680	you know, let's be honest.
4733740	4737500	If the December 16th, 2017, your times article never came out,
4738620	4740160	we wouldn't be here right now.
4740220	4741520	We would not be having this conversation,
4741560	4747320	let alone seeing so many interesting news pieces coming out on the regular
4747320	4748320	about the UFO issue.
4749820	4750260	Danny?
4750540	4754420	I would say, you know, back when I had first started writing,
4754580	4760240	And of course, now I'm mostly retired, but I would talk to George and get journalism tips.
4760380	4767260	And I bet he doesn't even want me to say this, but one of the tips he gave me was don't compliment him because he doesn't need it.
4767560	4773440	And he and he was really blunt with me and he was always really incredible.
4773660	4776900	I would always be able to ask him questions and bounce things off him.
4776900	4785380	And with that said, I still, no matter how frustrated I am or skeptical of the politicians and just the process and things like that,
4785460	4791980	I know that we're in the best hands with Jeremy and George and you guys are doing the most that could possibly be done at the time.
4792180	4795060	So I think that a lot of people would take that for granted.
4795140	4799640	And I think you guys are the undisputed best UFO reporters for many years.
4799680	4802480	You've shown that. So I would just like to remind people of that.
4802660	4805120	Maybe everyone already thinks that because they're watching this podcast.
4806900	4808520	and they love watching the train wreck.
4808620	4810440	There's always a lot of controversy going on
4810440	4811100	in the UFO community.
4811400	4813420	And I mean, you guys are the best
4813420	4815360	at what you do over and over again.
4816360	4818140	And I would just like to thank you guys
4818140	4818720	for what you're doing.
4818780	4821360	And I'm looking forward to the next hearing
4821360	4822520	and what you're doing after that
4822520	4824160	and everything along those lines.
4824240	4825620	So, you know, we appreciate it.
4826040	4826600	Awesome, man.
4826640	4828540	Yeah, I hope that we get someone
4828540	4830180	you've not heard from before
4830180	4832640	that can give you more insight to the UFO thing
4832640	4834540	when it comes to their personal testimony.
4834640	4835940	I'm very optimistic
4836900	4841100	happen unless there's some sort of rug that's pulled out underneath my feet. We're on the right
4841100	4846080	path for people to hear from people that they have not heard about or heard from yet. And again,
4846140	4851260	that's just a step forward. So, you know, keep the hope and just keep up the good work, you guys.
4851320	4855240	And thanks for joining me. I'm sure everybody on Weaponize will be stoked to hear your perspectives
4855240	4860180	and be able to follow your work. So, and I think George says he missed out on us this time, but
4860180	4864040	he'll probably do an intro and an outro for the show. Okay. Yeah. And thank you for all the hard
4864040	4867740	work you've done, Jeremy, on the hearings. I know a lot of people don't realize, but I know
4868540	4873240	it's not easy. So I really look forward to September and it's going to be interesting.
4874460	4877800	There's a lot of people involved, right? A lot of people and staff. Remember,
4877920	4882640	Representative Luna set this in motion. So she has the opportunity because of her task force to
4882640	4887500	hold hearings. And so all I'm trying to do is facilitate people that want to be able to speak
4887500	4891380	with Congress, whether publicly or not. But there's a lot of people working on this, some
4891380	4896540	some really great staffers who are spending time and energy, a lot of like video calls.
4896740	4900440	So there's a, there's a lot of people working on this. Again, I don't hold any of the cards
4900440	4905920	of who testifies, but all I can do is nominate and I've done my best for that. And so let's see,
4905940	4909600	you know, if we have good hearings or not, it's just a matter of who's talking, right?
4910140	4914360	Yeah. And you, you've, you set the bar. Let's see what happens. You made, you didn't make any
4914360	4918860	promises. You said, do not expect disclosure this time. It's just going to move the ball
4918860	4922940	forward a little and that's all you can do you know that's right that's right all right well
4922940	4927220	september will can't come fast enough but uh hopefully you guys have a good august we'll talk
4927220	4932820	soon thanks for thanks for joining the show man well that was fun you had fun yeah it's cool to
4932820	4936500	talk with those guys and they're really thoughtful and we have different opinions but it's cool to
4936500	4941460	hear everybody's opinion and i gotta say they're really tuned in to like what's happening now
4941460	4946780	so i i suggest everybody go like look at their social media and kind of follow what they do
4946780	4949740	because you're going to know before anybody if you do that.
4949900	4956420	So we are now less than 30 days of when we presume the congressional hearing is going to happen.
4956880	4960080	And I know there are a number of names that you have proposed to them.
4960180	4966480	There are other names maybe that they've considered, some names that maybe have been suggested by other folks on Capitol Hill.
4966900	4975380	But what are your expectations and what can we convey to our listeners about the legal implications of somebody coming forward,
4976900	4983560	about something to which they swore an oath and signed non-disclosure agreements, what their legal
4983560	4988620	jeopardy may or may not be. I mean, it's not cut and dried and a simple thing that if Congress
4988620	4992440	calls you in, you're free to talk about whatever you want. It's just not that way.
4993200	4997720	Right. Yeah. People don't understand the process so much, which I get, like how would people,
4997900	5001920	but it's not just like we give them names. You know, we do years of vetting on people.
5001920	5018220	We create different categories of exposure to this sort of thing. And we bring them these different levels of people, you know, firsthand for sure. But the question is like, to what level have they been exposed? Was it accidental spillage on documents or was it seeing a craft?
5018220	5042100	So we also then have to provide the time that Congress can, in their own way, vet each person. And we make that job very easy for them, but they have to do their own vetting as well. And ultimately, they're creating a kind of event where they feel it will have most impact based upon the idea of the hearing that they're creating.
5042100	5069440	And this one is about transparency. So, or whatever that means that it's, you know, it's about, it is about transparency. So I don't know what to expect. I think that wholly depends on who they choose and how they set it up. Maybe in the UFO land, people are going to be, you know, I've heard this before. I mean, there's definitely going to be people you haven't heard from, but to the general public, the idea is to get the big aspects out there.
5069440	5075360	However, there are people that I think they have to be throttled a little bit with what
5075360	5075840	they can say.
5075880	5077780	And I don't know a lot about the legality.
5078380	5080340	Some people have signed NDAs.
5080340	5082160	Some people have said, I'll never talk about this.
5082200	5086380	Some people, by the nature of their employment, are never supposed to talk about it.
5086440	5091060	So I hope that some of those people can share in a public open hearing.
5091140	5092940	And that is the goal for everything to be public.
5093100	5094220	None of these closed door.
5094300	5098360	I've set up too many of those closed door hearings or closed door briefings.
5099440	5108240	And so now this is the idea is what can we get public? And I don't know all the legalities, but I hope we can have someone on the podcast that can help us with that.
5108240	5132940	I think I got someone in mind who could help us sort that out. For the people who could become witnesses, it's not as easy as UFO observers think. I mean, stepping forward and testifying at a congressional hearing before the whole world, in essence, it changes your life. You never go back. I mean, you can never change coming out like that. They could probably never work in classified programs again.
5132940	5138860	end. They have to worry about legal ramifications and possible prosecutions. And believe it or not,
5138900	5144120	there are risks to their safety and to their families. And I know people think that that's
5144120	5149880	all made up, that there's no way they'd be taken out or suddenly disappear because they testify or
5149880	5156100	spill some beans. But they believe it is very real. And I tend to believe them on that point as well.
5156680	5161640	Yeah, I think for some people, the greatest self-defense is to go public, is just to come
5162940	5167880	that are people that we've proposed that would testify. And look, there's other people who are
5167880	5174040	just active duty right now. And surprisingly, some of them are willing to openly testify about
5174040	5179580	their personal experiences, which goes against the idea of protecting yourself with your career.
5179800	5186960	Hopefully, there's no repercussions for them within their careers. But you never know. I
5186960	5192320	think everybody is taking a risk to some degree, but some people feel it's really important to get
5194020	5198580	experiences documented on congressional record. They feel this topic is so important. They're
5198580	5202980	willing to break from that fold. So we have a whole variety of different people, people that
5202980	5207160	are active, people that are not, people that have signed oaths, people that haven't. Let's just see
5207160	5215840	who Congress decides to utilize. And look, any UFO hearing is a good hearing, but the idea is to
5215840	5219680	elevate each time and create more information in the public sphere.
5219680	5224300	here. Well, I give kudos to these staff members. They are diligent about it. They're really doing
5224300	5229260	their homework, trying to make it right, making sure that they're not putting on someone who
5229260	5234600	maybe doesn't belong there, and coordinating with you, getting opinions about what kind of
5234600	5240440	bang for the buck they'd be getting if they called witness X or Y or Z. So I look forward to it
5240440	5245260	happening. I look forward to learning more about the legalities, and I look forward to the next
5245260	5247860	time we get together and talk for an episode of Weaponized.
