start	end	text
0	6440	When discussing UFO legacy programs, I aim to expose any clandestine black budget U.S.
6440	10840	government military intelligence operation, partnering with defense contractors,
11240	15580	federally funded research and development centers, and university-affiliated research
15580	21560	centers engaging with non-human technology. These programs seem to take many forms,
21720	28040	including crash recovery of non-human vehicles, material exploitation of technologies of unknown
30000	35820	of anomalous craft and construction of copycat vehicles famously known as alien reproduction
35820	42940	vehicles, ARVs. On this channel, we have discussed myriad major range and test facility bases and
42940	47820	defense laboratories and centers where such programs are likely located. We have also
47820	55140	discussed at length contractors, FFRDCs, and UARCs that are alleged to operate alongside the CIA and
55140	59340	and NSA across Army, Navy, and Air Force UFO programs.
59700	65440	When such clandestine and secretive operations to master non-human technology have led to,
65580	71560	in David Grush's words, a multi-decade secret Cold War, where might these programs be located?
71880	77300	The logistics of maintaining secrecy and strict need-to-know access for unacknowledged special
77300	82940	access programs focused on anomalous research, development, test, and evaluation of non-human
82940	89020	technologies and storage of non-human craft and possibly biologics are likely tremendous.
89600	95720	For this reason, we must look underground and evaluate the decades of rumors and testimonies
95720	102900	of UFOs and deep underground military bases or DUMs. DUMs have served as a continuous focus of
102900	107580	this channel with recent discussion and direct investigation into Dugway proving ground.
107580	117920	The United States' premier chemical and biological testing range and its alleged 1,300 square mile subterranean facility and remote entrance in the desert.
118060	134640	For this investigation, we will be continuously referencing the work of Dr. Richard Sauter and his three masterpieces titled Underground Bases and Tunnels, What is the Government Trying to Hide? Hidden in Plain Sight Beyond the X-Files, and Underground and Underwater Bases.
134640	148400	These three dense pieces give us keen context into subterranean bases in the form of stringent, fact-based analysis through publicly available records, FOIA documents, declassified documents, and the occasional witness testimony.
148760	152100	Deep underground military bases do indeed exist.
152460	155260	This is fact, and we will explore this fact today.
155520	158800	But do these sites engage with UFO legacy programs?
159320	162980	And if so, which DoD sites and what do they do?
164640	170080	rumors regarding underground tunnels connecting these clandestine sites through an internal rail
170080	176180	system possibly be true. Hey guys it's UAP Gerb and thank you so very much for joining me today
176180	182500	as we embark into the world of the subterranean to investigate DUMs and UFOs. The subject of UFO
182500	187960	legacy sites embedded into mountains with hidden hangars sequestered a mile beneath the earth's
187960	193180	surface or hidden anywhere out of the public and satellite view has long been a talking point of
194640	205740	Today, we finally look below the Earth's surface to evaluate the existence, feasibility, and operations of UFO legacy programs and deep underground military bases.
210520	219700	To borrow from the title of the first chapter of Dr. Richard Sauter's Underground Bases and Tunnels, deep underground military bases are indeed real.
219700	231660	Throughout this project, I will be interchangeably using the terms dumb and subterranean facility, or STIF, the name said to me by multiple veterans who have traveled to such underground locations.
232180	240420	And speaking of, I should mention, I have spoken to nearly half a dozen former military personnel who have traveled to STIFs across the country.
240420	245540	I try to shy away from inserting first-hand source testimony and anecdotes into my videos
245540	247980	and let evidence and research speak for itself,
248280	252320	so I will interject with these first-hand testimonies when and if necessary.
252740	258740	In a 1989 speech titled Underground Facilities for Defense, Experience and Lessons,
258880	265040	Deputy Director of Engineering and Construction for the U.S. Army Corps of Engineers Lloyd A. Dusha said,
265040	269820	said, quote, After World War II, political and economic factors changed the underground
269820	276140	construction picture and caused a renewed interest to think underground. As a result of this interest,
276340	280960	the Corps of Engineers became involved in the design and construction of some very complex
280960	287140	and interesting military projects, end quote. In the same talk, Dusha would then go on to exclaim,
287160	292560	quote, Although the conference program indicates the topic to be underground facilities for defense,
292560	298500	experience, and lessons. I must deviate a little because several of the most interesting facilities
298500	303200	that have been designed and constructed by the Corps are still classified, end quote.
303600	309020	Acknowledged military subterranean facilities do indeed exist. Publicly known sites include
309020	315040	the Norad Cheyenne Mountain Complex buried deep under Colorado Springs. This enormous installation
315040	322140	built to monitor North American missile threats sits 2,000 feet underground and spans 5.1 acres.
322560	329240	Featuring six three-story high and 40-foot wide tunnels and 15 three-story buildings made of steel plates.
329520	332620	And these are just the acknowledged portions of the base.
332920	342380	Additionally, the Raven Rock Complex, aka Site R, serves as a secure underground command center or backup pentagon and is shrouded in mystery.
342380	342540	history.
342660	348980	This site under Fort Detrick, Maryland includes accommodations for 3,000 people, has an in-built
348980	354040	medical and dental clinic, fire department, post office, and five acknowledged three-story
354040	354540	buildings.
354880	357860	The secrets Raven Rock must hold are endless.
358200	362420	But existing acknowledged DUMs are not the focus of today's investigation.
362820	368300	Instead, we plan to pursue DUMs that operate as UFO Legacy Program locations and explore
368300	373380	the feasibility of decades of rumors of hundreds, if not thousands of miles of
373380	377620	underground tunnels and railroads connecting deep underground UFO legacy
377620	383180	operations. To once again quote US Army Corps of Engineers Deputy Director for
383180	387180	Engineering and Construction Lloyd A. Dusha when speaking about the Corps'
387320	391360	involvement in the 1960s construction of the Cheyenne site, quote,
391440	395780	As stated earlier, there are other projects of similar scope which I cannot
395780	402020	not identify, but which include multiple chambers up to 50 feet wide and 100 feet high, using the
402020	409520	same excavation procedure mentioned for the NORAD facility." After all, according to a 1985 U.S. Army
409520	414320	Corps of Engineers report titled, Literature Survey of Underground Construction Methods for
414320	419780	Application to Hardened Facilities, stiffs can be built anywhere with the right amount of money
419780	425240	and in myriad types of structures utilizing deep shaft structures and facilities tunneled into
425780	430820	sides. The report even states, quote, since adequate technology is available to construct
430820	436240	hardened underground facilities under virtually any ground conditions, the main constraint in
436240	441500	construction projects remains economic viability rather than technical feasibility, end quote.
441700	447120	As we know from David Grush and multiple other sources and testimonies, UFO legacy programs
447120	453480	operate on the U.S. black budget. Untraceable, deep-sixed money and contracts buried within
453480	457900	within special access, controlled access, and unacknowledged special access programs.
458320	463160	From the excellent work of Katherine Austin Fitz I mention often, we also know that as
463160	469300	much as $21 trillion in unauthorized spending has occurred between 1998 and 2015.
469900	475040	And this is just within the DoD and Department of Housing and Urban Development, much of
475040	479100	which Fitz believed was designated for clandestine military R&D.
479100	486760	Publicly denied UFO research development test and evaluation underground locations would absolutely classify as such.
486980	492480	Dumbs for clandestine and unacknowledged use is also a practice very much currently in play.
492780	498940	One such example is Warrington U.S. Army Training Center located in the northern Virginia town of Warrington.
499140	504500	The book The Secret Team, the CIA and its allies in control of the world by Fletcher Prouty
504500	509760	identified a highly secretive underground installation that serves as a federal relocation
509760	515960	center by an unknown agency. This was confirmed in an Inquiry Magazine article titled Going
515960	521180	Underground by Robert Walters, which plainly states the U.S. Army Warrington Training Center
521180	527580	is a CIA covert facility. Additionally, there is the highly secretive U.S. Navy underground facility
527580	533440	in the mountains of West Virginia near Sugar Grove. This location is an underground site run
534500	535960	the National Security Agency.
536360	542400	So the NSA and CIA already have a traceable interest in using US military bases' underground
542400	545880	facilities as a cover for unknown usage and operations.
546440	551020	So before discussing much of the testimony of UFOs and DUMs, let's quickly touch on
551020	555100	the reality and history of these impressive, often unacknowledged sites.
560160	565100	The inception of DUMs in the United States can actually be traced back to the Nazis and
565100	570540	Operation Paperclip, the famous program to recruit Nazi scientists, engineers, and technicians
570540	572340	into U.S. government employment.
572760	578580	Near the end of World War II, the Nazis had begun utilization of what we might call DUMs.
578600	583500	In the book Lucky Forward, The History of Patton's Third Army, Colonel Robert S. Allen
585100	587020	of Nazi underground bases.
587480	588000	Quote,
588080	590480	The underground installations were amazing.
590820	592960	They were literally subterranean towns.
593320	595800	There were four in and around Ordruf.
595980	598400	None were natural caverns or mines.
598600	600920	All were man-made military installations.
601540	603680	The horror camp had provided the labor.
603900	607540	An interesting feature of the construction was the absence of any spoil.
607720	610740	It had been carefully scattered into hills miles away.
610980	611420	End quote.
611420	619280	Some Nazi installations were over 50 feet underground, comprised of several miles of two- to three-story facilities.
619620	624220	The sites were arranged like wheels with spokes designed with reinforced concrete.
624620	633220	The Nazis designed such locations as Ordruf to house Nazi high command after the bombing of Berlin but never got the chance to populate the facility.
633560	638120	We additionally have the Regenwurm Lager, or Earthworm Camp in Poland.
638120	643500	Poland. This Nazi-sprawling underground complex beneath West Poland's full extent is still
643500	648720	unknown today. The site featured miles of underground tunnels and electrical train
648720	653140	lines connecting bunkers, fortifications, and other critical military facilities.
653460	658580	This sounds familiar, no? Two declassified documents can be discovered dating back to
658580	664260	1947 regarding the aforementioned Operation Paperclip. Featured in the documents are
664260	670480	requests by Air Material Command for a quote-unquote requirement of four German technicians to
670480	673240	consult on a planned underground plant program.
673580	679200	One man named was Xavier Dorsch, director of the TOT organization in the closing of
679200	679940	World War II.
680260	685400	This was the Nazis' equivalent of the U.S. Navy Seabees or U.S. Army Corps of Engineers,
685640	688420	but not part of formal German military structure.
688780	693840	The founder of this organization, Fritz TOT, designed the famous German Autobahn Highway
694260	694460	system.
694660	699580	Towards the tail end of World War II, Dorsch had helped with developing a series of massive
699580	704220	underground industrial manufacturing facilities to hide from Allied bombing raids.
704600	709540	It is indeed quite possible he also aided on the Regen Worm Lager and Ordruf.
709740	714920	Documents and research show Dorsch once briefed the Americans after he was captured in 1945
714920	720840	and again in 1949, we do not know the full extent to which he aided in these programs.
720840	729560	These massive Nazi underground industrial manufacturing facilities possibly give us our first look into UFO legacy programs and dumbs.
729780	738480	I have covered on this channel the 1933 Magenta Italy UFO crash retrieval, a case whose validity is strongly supported by David Grush.
738740	741600	You say it's a 90-year cover-up?
742360	743020	Just about, yeah.
743260	744200	90 years?
744540	749080	1933 was the first recovery in Europe, in Magenta Italy.
750980	756220	partially intact vehicle. In this case the Nazis purportedly took control of a
756220	760800	crashed lenticular disc from the Italians in 1943 before being recovered
760800	766020	by the Americans post-war. Hans Kammler was a Nazi engineer behind construction
766020	770340	of numerous concentration camps including Auschwitz and led myriad Nazi
770340	775580	secret weapons projects. Kammler would have indeed been one of chief scientists
775580	779820	and engineers to study a recovered lenticular craft due to his unrivaled
780840	786240	secret weapons programs. Kammler went missing near the tail end of World War II, however,
786360	791520	documents prove rather convincingly this evil engineer was taken alive into U.S. custody.
792040	798400	Albert Speer, Nazi and Reich Minister of Armaments and War Production, claimed in April 1945 Kammler
798400	804100	informed him he had business to offer the Americans. OSS agent Donald W. Richardson
804100	810040	seemingly confirmed this by stating 70 years after he still couldn't fully speak on interrogating
810840	815060	But the Nazis had brought treasure to the US that, quote, served the development of
815060	818540	armament platforms for the Cold War and for the future, end quote.
818740	823720	Under Kammler's command, numerous underground tunnels and bases existed, employing German
823720	828320	companies to develop and build parts for advanced aircraft and secret weapons programs.
828900	833320	Kammler is even said to have stashed treasures and documents regarding his think tank's
833320	838080	top-secret documents in a facility underground in the woods of Czechoslovakia.
838080	857420	According to Hidden Nazi by Dan Reuter, 44 years after Operation Hidden Documents to retrieve these stash top secret documents, an American team from Lawrence Livermore Labs and Los Alamos Labs, two FFRDCs, went to a new underground cavern that had not been emptied at the end of World War II called Mednick Hill.
857640	862040	What was found here was, quote, the key to what was hidden at the previous site, end quote.
862040	869580	It goes without saying it stands to reason Kammler conducted early iterations of UFO legacy programs underneath Mendnick Hill,
869720	877420	as well as his numerous underground locations and tunnels, and that Xavier Dorsch was a key engineer in constructing these facilities.
878000	884420	With Dorsch being requested by Air Material Command and Kammler being more than likely secretly smuggled by the Americans,
884520	891300	these two men could very well be the key architects of modern-day U.S. UFO and dumb legacy programs.
892040	896740	I am no expert in history, so to learn more about Kammler, I strongly recommend watching
896740	902320	the documentary The Two Lives of Hans Kammler. Later in this project, we will see even more
902320	908720	ties between Nazi Germany, DUMs, and paperclip than in the form of maglev train systems.
914440	919760	On numerous occasions in the 1950s, the United States proposed massive underground facilities
919760	925480	that seemingly disappeared from public light. It is unknown if many of these facilities were
925480	931960	built or not. One example can be traced to 1957 to Green Mountain outside Huntsville, Alabama.
932360	937600	Huntsville is deeply enshrouded in U.S. anti-gravity research, but we are looking elsewhere.
937940	944000	Two articles in 1957 reported the U.S. Army was planning to build a rocket factory inside of
944000	948740	Green Mountain. The plan was proposed by the American Machine and Foundry Company, Redstone
949760	955440	Army Ballistic Missile Agency. This location was slated to have a sort of subterranean Junior
955440	960140	Pentagon, where elaborate headquarters would be installed to direct the defense of the southern
960140	966080	U.S. from enemy attack. Again, it is unknown if this location was ever built. However, such
966080	971940	discussion of a Junior Pentagon illustrated early private-military cooperation, a theme we will
971940	977400	touch on much more, much later. Analysis of U.S. military and underground studies additionally
977400	983760	allows us valuable insights into DUMs. Take the RAND Corporation for example. An FFRDC I have
983760	990100	spoken about ad nauseum is a primary semi-government institution up to its eyeballs in UFO legacy
990100	997000	programs. RAND Corporation was established in 1948 and grew out of Army Air Force Project RAND
997000	1002920	in 1946. Project RAND sought to carry out long-range research projects of interest to the
1002920	1008500	the Air Force. In the 1950s, USAF and RAND began working on the question of underground-based
1008500	1014680	construction and organized various symposiums. Let's analyze a resulting 1959 publication,
1015120	1019880	Deep Underground Construction. The purpose of such a symposium, according to the chairman,
1020020	1025220	was to discuss, quote, the problems of protecting military installations located deep underground
1025220	1031700	or under mountains, end quote, in the event of nuclear war. The chairman also stated since 1957
1032920	1038200	Corp. had been, quote, actively investigating the need for a small number of super hard deep
1038200	1044920	underground centers, end quote. Additionally, in 1960, Rand published a study under USAFT contract
1044920	1051860	dealing 12 locations for underground sites. All sites were assumed to be more than 1,000 feet deep.
1052100	1058320	Of specific interest here is Site 3 in Santa Barbara, California. Santa Barbara is located
1058320	1063080	located just over 100 miles from the Antelope Valley, California, we will discuss later.
1063340	1069820	Research suggests a major network of UFO-focused stiff facilities exists interconnected under
1069820	1070720	the antelope.
1071120	1076380	Site 3 is also located less than 100 miles away from Los Angeles, where a tremendous
1076380	1080960	amount of DoD research development test and evaluation laboratories lie.
1081320	1086680	We have already mentioned the U.S. Army Corps of Engineers giving in 1989 a quite frank
1088320	1089100	underground facilities.
1089640	1093160	An outside of the 1987 U.S. Army Corps of Engineers report
1093160	1096200	detailing construction of DUMs boils down to cost.
1096400	1100380	In 1959 to 1961, the Army Corps of Engineers published
1100380	1102480	a five-part training manual titled
1103040	1105840	Design of Underground Installations in ROC.
1106020	1109140	This startling series assumes the pre-existence
1109140	1110280	of underground facilities.
1110600	1113420	The report states, quote, vital government installations
1113420	1116160	have been placed underground as exemplified
1116160	1118000	by the Ritchie Project, end quote.
1118200	1120280	Many of these facilities were designed
1120280	1121960	as command and control centers
1121960	1124120	and survival bunkers for nuclear attacks.
1124460	1126940	These are known as continuity of government sites.
1127460	1129560	Raven Rock qualifies as one such
1129560	1132560	continuity of government or COG DUM.
1132760	1135180	Design of underground installations in Rock
1135180	1137800	additionally makes some statements of extreme relevance
1137800	1140700	to the testimonies of DUMs and UFOs.
1140820	1144000	Some installations listed by the army were to be shallow
1144000	1148800	while, quote, more important equipment and facilities essential to defense may be installed
1148800	1155020	in deeper workings that are likely to be long and tunnel-like, occupying one or several stories,
1155340	1161680	end quote. The report detailed enormous underground facilities featuring 50 by 50 feet tunnels and
1161680	1167740	chambers as much as 100 feet high, even stating, quote, truck or rail traffic might be important,
1167960	1173340	end quote. The Army even cautioned, quote, landscape scars, roads, and portal structures,
1174200	1180080	entrances should be as inconspicuous as possible, camouflage should be considered, end quote.
1180280	1185700	This is of extreme consequence when discussing testimonies such as MS, who detailed the entrance
1185700	1192620	to the Dugway Stiff as a small building in the middle of nowhere. In 1963, the U.S. Army Corps
1192620	1198800	of Engineers published a manual titled Utilization of Nuclear Power Plants in Underground Installations.
1198800	1205940	This manual discussed self-contained nuclear-powered underground facilities with button-up diesel secondary systems.
1206480	1215840	Critically, in 1964, the Army Corps of Engineers, or COE, proposed 12 massive structures to be built up to 4,000 feet underground.
1216420	1220200	There are two sites here of massive importance to our investigation.
1220500	1226420	One facility below Yuma County, Arizona, to be accessed via a vertical or inclined shaft.
1226420	1232220	shaft. Such entry points are common amongst claims of UFO DUM such as the Dugway DUM whose
1232220	1235040	entrance is purported to be a vertical elevator shaft.
1235520	1239980	In Steven Greer's DPI archive, who fans of this channel will know I have extracted
1239980	1246220	a tremendous amount of information and worthwhile investigation from, witness 10773's statement
1246220	1252240	reads quote, Knows of massive research and storage facility, material of unknown origin
1252240	1254340	at Yuma Proving Ground, and quote,
1254400	1255900	fascinating connection here.
1256140	1259380	Yuma Test Center is also home to Yuma Proving Ground,
1259660	1262380	a US Army major range and test facility base.
1262600	1265620	Similar to Dugway Proving Ground's Army MRTFB,
1265700	1267020	the West Desert Test Center,
1267220	1270200	Yuma Proving Ground is also run by Army Test
1270200	1271380	and Evaluation Command.
1271760	1274960	Indeed, it is no stretch to assume if a STF exists
1274960	1277400	under one of these Army MRTFBs,
1277400	1280660	an equally impressive facility likely exists below the other.
1282240	1289060	3 in Inyo County, California to be accessed via inclined shaft. Inyo County resides on the inside
1289060	1295120	boundary of China Lake Naval Weapons Testing Facility. China Lake is one of the Navy's premier
1295120	1301020	major range and test facility base and a location spoken of on myriad occasions as an underground
1301020	1307440	legacy program location. China Lake really needs no introduction, but stay tuned as we will discuss
1307440	1313760	China Lake in much more detail, along with Antelope Valley. But quickly to mention, Dr. Richard Sauter
1313760	1319420	received testimony from a Navy contact who served at China Lake. The witness confirmed an impressively
1319420	1325100	large and deep installation, claiming the facility extends one mile deep and contains, quote,
1325180	1332000	weapons more powerful than nuclear weapons, end quote. Alongside the U.S. Army COE, the U.S. Navy
1332000	1337640	Navy is also deeply entwined with underground and possibly undersea bases, but that's
1337640	1338920	another story for another day.
1339100	1345560	In 1972, Naval Facilities Engineering Command issued a report titled Sub-Surface Deployment
1345560	1349840	of Naval Facilities discussing several Navy installations to be placed underground.
1350340	1356000	These include administration, medical, aircraft maintenance, ammo storage, and miscellaneous
1356000	1356900	storage facilities.
1356900	1362660	The US Navy Seabees additionally maintained underground installations between the presidential
1362660	1367560	Camp David and CIA facility Camp Peary, which we will discuss later on.
1367720	1373580	In 1947, US Air Materiel Command requested Nazi technicians for construction of underground
1373580	1374180	facilities.
1374720	1380620	In 1989, Lloyd Dusha admitted numerous underground installations existed and were classified.
1380620	1388020	classified. This means stiffs of interest were built from 1947 to 1949, a 42-year period. We can
1388020	1394620	also assume some facilities were built before 1961 where the five-part Army COE document assumes the
1394620	1400700	existence of such facilities. One such example here may be Groom Lake Area 51 that was built
1400700	1407560	in the 50s on the site of a former boron mine. After all, a 1991 DARPA report details secret
1407560	1411160	secret cavities may be found in conjunction with underground mines.
1411580	1416500	However, due to the existence of literature on described future plans for massive bases
1416500	1423660	post-1961 that really hold our interest, we can assume from 1961 to 1989, the majority
1423660	1426120	of our stiffs of interest were constructed.
1431220	1435300	Dumbs are not a new subject to the study of UFOs or my channel.
1435300	1441060	I myself have talked a tremendous amount of the alleged DARS, Defense Advanced Research Center,
1441180	1447980	a 10-story underground location built under Area 51 relayed by USAF Master Sergeant Edgar Fouché
1447980	1452120	that dealt with alien reproduction vehicles, including the TR-3B.
1452460	1457440	I have also spoken on the enigmatic Northrop-Tayhoun, Lockheed-Hellandale,
1457440	1461840	and McDonnell-Douglas RCS facilities that have since at least 1987
1461840	1468140	1987. Been accused by excellent researchers such as Bill Hamilton as housing UFO legacy programs,
1468420	1472500	and don't worry, we will touch on these facilities in much more detail later.
1472760	1479220	Quite recently, I've discussed the Dugway DUM, as relayed by witness MS, and even provided images
1479220	1485100	and details of the exact alleged entrance to the facility, which exists as an elevator shaft
1485100	1491180	concealed by a tiny building in the middle of nowhere Dugway, near German Village. As strange
1491840	1497340	might seem, a 1991 paper issued by DARPA, the Defense Advanced Research Project Agency,
1497480	1502320	and U.S. Army Missile Command titled, Development of Inspection and Detection Techniques for
1502320	1503060	Hidden Cavities.
1503320	1508680	This document served to train field nuclear weapons inspectors to identify underground
1508680	1512480	clandestine test complexes in developing nuclear nations.
1512900	1518420	The report plainly states buildings of various size can provide cover for shafts or other
1518420	1522660	openings to a secret underground cavity sounds similar to MS, no?
1522880	1527600	And lastly, I have relayed the testimony of Randy Anderson in the underground facility
1527600	1532900	under the Naval Surface Warfare Center crane housing the alleged Off-World Technologies
1532900	1533520	Division.
1533880	1539920	The subject of underground UFO legacy programs rose to prominence in 1989 with the claims
1539920	1546100	of Bob Lazar and reverse engineering under Site-4, as well as the Dulce Base fiasco where
1546100	1553900	where starting in 1979, Paul Benowitz was fed disinformation of a joint human extraterrestrial base under Dulce, New Mexico.
1554600	1557500	Both S4 and Dulce are worthy of further investigation.
1557560	1561240	In fact, I believe S4 to be a very real location.
1561540	1567500	But due to the controversy around these accounts, discussions of these sites will be largely omitted from today's discussions.
1567940	1574140	The first true mention of DUMs and UFOs I can find is from Look Magazine in an article titled,
1576100	1577700	saucer, dated 1955.
1578600	1584300	The article discussed a Canadian company constructing a flying saucer while also depicting a facility
1584300	1589180	built underneath a hill with a vertical shaft to the surface allowing the departure of flying
1589840	1589920	saucers.
1590240	1595960	Further rumors of UFOs and DUMs wouldn't really arise until the 1970s, so this article
1595960	1597160	is indeed intriguing.
1597680	1603780	Leonard Stringfield's UFO Crash Retrieval Status Reports 1-7 is a body of work I often
1603780	1609500	often praise extensively. After all, Stringfield is in my opinion one of the greatest UFO investigators
1609500	1617060	of all time. His work on UFO retrieval incidents and operations span from 1978 to 1994 and
1617060	1621640	relays some of the earliest mentions I can find of deep underground legacy operations.
1622020	1623520	Let's briefly explore a few.
1623800	1629860	One such intriguing report is an anonymous letter Stringfield received 12 February 1974.
1629860	1635480	The letter highlighted secret research on UFOs taking place at a secret underground
1635480	1639480	complex below Gray Army Airfield in Fort Hood, Texas.
1639900	1645340	According to the witness, the complex is shared with ICBM silos built into a small mountain.
1645580	1650500	This is fascinating as later in the project we will discuss how numerous DUMs were constructed
1650500	1652820	primarily as ICBM sites.
1653180	1657900	The witness described a section of the mountain would open up onto a jet interceptor runway,
1659860	1664280	observed by a private pilot making a forced landing over this restricted air corridor.
1664600	1669440	This underground facility, according to the witness, was tied with NORAD in Cheyenne Mountain,
1669540	1674240	Colorado, Wright-Patterson Air Force Base, Ohio, Tinker Air Force Base, Oklahoma,
1674620	1680080	Carswell Air Force Base, Texas, and others. And this is where the anonymous account gets
1680080	1685200	very interesting. The witness stated the complex employed a squadron of unmarked helicopters
1685200	1690540	dispatched quote when the need arises and quote code named the blue boys this
1690540	1694720	sounds incredibly similar to UFO recovery rapid reaction units I have
1694720	1698840	spoken about in numerous crash retrieval cases such as the blue berets in the
1698840	1704060	1965 Kecksburg Pennsylvania case the choppers additionally carried a new type
1704060	1708880	of missile the source had been informed had been used on UFOs but a new system
1708880	1712980	had been in development which would be far more efficient this was an
1712980	1717240	electronic warfare system designed to disable UFOs under quote-unquote
1717240	1722900	controlled conditions. This letter would arrive to Stringfield's desk in 1974 but
1722900	1726860	now in 2025 we have heard the whistleblower testimony of Jake Barber
1726860	1731520	where he discussed EMP type weapons designed to bring down UFOs over the
1731520	1737260	enigmatic range. In your time in deployment you met certain people from
1737260	1741680	an aerospace company. Yes I did. Now it's also part of the constraints you
1742980	1747280	name that aerospace company. There's no good reason to name them even if I wasn't constrained.
1747620	1751440	What were they doing there? Well they were supporting us with some new
1752060	1755360	weapons technology that could be used to
1758120	1764020	disable vehicles and aircraft. I can disclose this. My understanding is that they were essentially
1764020	1767600	using, it was actually I think it's a matter of public record, that microwave weapons,
1767740	1772820	pulse microwave weapons were being used at that time. Correct. There were some early
1772980	1778200	prototypes that were being used at that time. And I met individuals that were there representing
1778200	1783360	the companies that were providing that service to the government, made some friends, and those
1783360	1788860	relationships led to opportunities later in the California desert where I began my journey.
1789040	1794120	Leonard would actually see a volume of reports regarding underground complexes at Fort Hood,
1794240	1799880	including a USAF lieutenant colonel who relayed to him in 1975 of an underground project that
1799880	1806060	took place at Fort Hood. In 1976, Stringfield met an individual from McGregor, Texas who claimed
1806060	1811760	his father had worked beneath Fort Hood on the UFO program. This second-hand witness relayed a
1811760	1816540	quote from his father stating, quote, the technology that is being applied in this underground complex
1816540	1821040	would remind someone of a science fiction thriller. It is unbelievable what they know
1821040	1827160	and what they can do from this area. Spanning the late 70s into the 80s, Stringfield received
1827160	1832680	myriad reports of an underground facility beneath Wright-Patterson Air Force Base housing preserved
1832680	1839280	non-human biologics. One such account was relayed from witness J.K. who worked at a Nike missile
1839280	1846440	site in Wilmington, Ohio. J.K. claimed to have seen nine alien bodies under Wright-Patt in 1966
1846440	1853460	encased in glass frozen to preserve. J.K. also claimed recovered craft were housed at MacDill
1853460	1858380	Air Force Base, Langley Air Force Base, and Seymour Johnson Navy Training Center outside
1858380	1859500	of Norfolk, Virginia.
1859900	1866080	These locations purportedly all housed craft and sometimes biologics in underground hangars
1866080	1868700	to conceal material from military and politicians.
1869380	1873860	Stringfield heard similar accounts of biologics under Wright-Patt relayed secondhand from
1873860	1878100	one T.S. who allegedly witnessed bodies in the early 1950s.
1878120	1881300	T.S. were amongst a handful that relayed such stories.
1881300	1890040	Leonard Stringfield would also once receive an anonymous, undated letter from a US airman who was stationed at Kirtland Air Force Base, New Mexico.
1890340	1896940	The source relayed rumors and stories of UFOs being stored in the Manzano storage area in remote Kirtland.
1897180	1901880	Remember if you will, Kirtland is home to Sandia National Labs FFRDC,
1901880	1907880	Which, ranging from the Interplanetary Phenomenon Unit report to accusations of reverse engineering
1907880	1913480	a propulsion device for the TR-3B by Edgar Fouché has stood as a high probability candidate
1913480	1915820	in UFO RDT&E programs.
1916380	1919900	Manzano Mountain Underground Facility is no myth either.
1920100	1925540	While researching for his 2001 book Underwater and Underground Bases, Sauter received FOIA
1925540	1929100	documents of two underground facilities below Manzano.
1929100	1934160	While these documents of course say nothing about UFO storage, it is fascinating to see
1934160	1938040	Sauter confirm the rumors of an underground installation beneath Kirtland.
1938380	1942880	Lastly, I want to reference an anonymous letter to Leonard Stringfield I have covered before.
1943180	1948600	This is dated March 14th, 1975 which claims to recount the testimony of one Lieutenant
1948600	1950360	Colonel Sims, a pseudonym.
1950620	1954500	I previously discussed this letter in reference to the project on ED.
1954500	1968720	Ed, an Edwards Air Force Base 412th Test Group Electronic Warfare Test Director who claimed to the existence of a joint UFO reverse engineering program operating between Edwards Air Force Base and the Nevada Test and Training Range.
1969180	1980000	Viewers of this channel will know I consider Ed to be one of the most critical UFO legacy witnesses of all time, and as a quick side note, Ed also referenced attending the S4 site.
1980000	1992940	This letter was referenced due to the mention of Hanscom Air Force Base and the Massachusetts Institute of Technology, an air base and university where Ed worked from 2002 to 2005 on foreign military assets.
1992940	1993060	assets.
1993560	1999720	Amongst the intriguing mentions of contractors, FFRDCs, UARCs, and airbases involved in UFO
1999720	2005040	research and investigation, the source relayed Lt. Col. Sims speaking of several computer
2005040	2010140	banks hidden within underground installations scattered across the U.S., housing sophisticated
2010140	2014260	computer equipment, electronic instrumentation, and mobile radar units.
2014560	2018200	According to Sims, these underground installations employ, quote,
2030500	2036480	This sounds quite similar to the Blue Boys Rapid Reaction Unit relayed to Stringfield, does it not?
2036660	2040680	But perhaps we have other confirming evidence, so let's also reference the book
2040680	2044080	Trinity's Children Living Along America's Nuclear Highways.
2044280	2046480	The authors of this book state, quote,
2048200	2052820	supercomputers in New Mexico, an Air Force computer expert once said, than anywhere else.
2053140	2057660	They're here at the weapons center, referring to Kirtland. They're across the street at Sandia.
2057740	2062840	They're at Los Alamos up the highway, and they're at the, quote, underground places nobody knows
2062840	2069120	about. Intriguing, as we already know Kirtland and by extension Sandia employ at least two
2069120	2075540	underground facilities in the Manzano Mountains. Los Alamos National Labs additionally employs a
2075540	2080960	a deep underground installation. Dr. Sauter had quite an interesting engagement with Los Alamos.
2081200	2085840	He repeatedly attempted to FOIA the Department of Energy for information on underground facilities
2085840	2092440	and tunnels beneath Los Alamos. The DOE continuously responded there were none. Eventually though,
2092560	2098520	the DOE provided Sauter a badly blurred phototastic copy of an article by Earl Zimmerman
2098520	2104880	titled, LASL's Unusual Underground Lab, which described an underground facility built in the
2105640	2111640	1940s. This article was undated and of uncertain origin, however Zimmerman can be found labeled
2111640	2118840	as a press bureau member from 1963 to 1965 in a 2020 Los Alamos organizational chart.
2119120	2124500	Dr. Sauter additionally met with a businessman who relayed his experience in visiting Los Alamos
2124500	2129720	in the company of a highly cleared associate. The businessman was privy to wherever his esteemed
2129720	2135680	colleague went without question, the individual claimed 75% of Los Alamos' facilities are
2135680	2139180	underground and extend as far as one mile underground.
2143660	2150140	In relation to T.U.O.s and UFOs, so far we have covered very real stiffs under Kirtland
2150140	2155200	slash Sandia and Los Alamos while also discussing the possible existence of facilities.
2156080	2165760	Existing under Wright-Patterson, Fort Hood slash Gray Army Airfield, Yuma County, China Lake, as well as the Nevada Test Site under the Nevada Test and Training Range.
2166140	2172260	Now, onto one of the most critical areas of my research, the Antelope Valley, California.
2172760	2180160	For this section, we will reference the work of both Dr. Sauter as well as the late Bill Hamilton, a tremendous UFO researcher.
2180160	2194480	Hamilton served as a true pioneer of the field, serving as the first researcher to ever produce the term and a public image of ARV, and even handed incredible witnesses such as Mark McCandlish and Bill Uhaus to Stephen Greer.
2194480	2204200	Hamilton's excellent book, Cosmic Top Secret, an ultra-rare early 1990s lecture recorded for VHS titled UFOs and Underground Bases,
2204420	2211320	offers us keen insights into Hamilton's research on DUMs and specific area of interest, the Antelope Valley.
2211700	2218680	In fact, Hamilton produced a map relayed to him by sources of connected underground UFO facilities in the American Southwest.
2218680	2225000	southwest. We will compare this map to existing DoD laboratories and RDT&E locations later
2225000	2230600	on in this video. China Lake Naval Air Station is also quite close to Antelope Valley, so
2230600	2234120	we will discuss that enigmatic facility here as well.
2234400	2239820	Since the late 1980s, Hamilton's work focused on Antelope Valley, California. Many will
2239820	2245340	know this region as one of the chief centers of aerospace technology, housing the infamous
2245340	2251960	Ussaf Plant 42, Lockheed Skunk Works, the former Norton Air Force Base, the legendary Edwards Air
2251960	2256620	Force Base, major installations for Northrop Grumman, Rockwell, and McDonnell Douglas,
2256880	2261960	as well as numerous intriguing Raider cross-section facilities in the form of Northrop
2261960	2267720	Tehan, Lockheed Hellendale, and McDonnell Douglas. I have spoken on all of the aforementioned
2267720	2273620	facilities in prior work. Palmdale, California within the Antelope has served as an unrivaled
2275340	2280220	contractor classified aircraft production and maintenance location. The region has produced
2280220	2286460	many of the United States' most famous advanced aerospace platforms such as the RQ-4 Global Hawk,
2286760	2294440	B-2 Spirit Bomber, B-21 Raider, F-117 Nighthawk, and F-35 Lightning. The Antelope Valley and the
2294440	2300060	city of Palmdale have also served as a critical pillar of my research. Whether this be Norton
2300060	2304960	Air Force Base serving as the location where primary witness Brad S. observed the Fluxliner
2305340	2310320	alien reproduction vehicle, witness Ed disclosing his work for the 412th Test Group serving
2310320	2313620	as test director for reverse engineered vehicles out of Edwards.
2314500	2320060	Edgar Fouché who stated pilots of the TR-3B reverse engineered triangle ARV were plucked
2320060	2325260	from the Edwards 412th Test Pilot School, or the alleged Project Red Light out of Edwards
2325260	2330760	which served to act alongside Area 51 to test reverse engineered vehicles, very similar
2330760	2331780	to the claims of Ed.
2331780	2338000	Antelope Valley is the most consequential location that has ever come up in all of my research.
2338300	2342820	The late Hamilton was obsessed with the radar cross-section facilities mentioned above,
2343120	2348320	specifically the Northrop-Tahun installation, sometimes referred to as the Tehachapi facility
2348320	2353340	or Ant Hill. Due to the rumors of incredible amounts of underground tunnels beneath the
2353340	2358780	installation, in my video on Northrop, I investigated this RCS facility in great detail.
2358780	2365340	Thanks to the research of Dr. Sauter, we know the Northrop Tahan RCS does indeed have an underground facility.
2365740	2368500	Just as does Hellendale and McDonnell Douglas.
2368640	2372020	The question is how big, how deep, and what do they do?
2372340	2379280	Some rumors persist of up to 42 levels with underground tunnels connecting the facility to Edwards and other installations.
2379880	2383300	The concept of a corporate dump should come as no surprise to anyone.
2383300	2390900	In 1981, the American Telephone and Telegraph Company, yes, AT&T, revealed several underground emergency centers.
2391280	2398660	Believe it or not, AT&T itself has been historically implicated in non-human technology transfer, but that is not our topic for today.
2398980	2406100	These underground centers exist 40 feet below ground and feature three-story centers with databanks, dorms, and kitchens.
2406140	2412620	One such location is reported to exist in Katrone County, 180 miles near Sandia National Labs.
2413300	2419740	This is not surprising, seen from 1949 to 1993, AT&T and its subsidiary, Western Electric,
2419940	2424820	ran Sandia National Labs at Kirtland at the order of President Harry S. Truman for the
2424820	2425680	Department of Energy.
2425940	2431180	Indeed, as recently as 1970, the Standard Oil Company of New Jersey operated an emergency
2431180	2434660	center 300 feet underground near Hudson, New York.
2434880	2440160	This location that more recently held corporate reports featured dining halls and 50 sleeping
2440160	2441980	rooms for key company officials.
2443300	2448100	Back to Teihanan quickly, for those who don't know, what exactly is a radar cross-section
2448100	2448420	facility?
2448860	2454440	To summarize, these facilities utilize high-frequency radio waves to test aircraft's radar signatures.
2454780	2459480	This military testing aids in the development of stealth technologies by reducing radar
2459480	2460260	cross-section.
2460520	2465600	The site features large runways and pylons raised from underground on concrete diamonds
2465600	2469020	as mounting pads to blast aircraft and materials with radar.
2469020	2474840	Many RCS facilities, including the three in Antelope Valley, saw construction during the Cold War.
2475080	2483780	This led the majority of the installation being built underground to hide RCS pylons equipment, models, and technology away from Soviet spy satellites.
2484320	2495760	Numerous researchers over the years have accused the Northrop Lockheed and McDonnell Douglas RCS sites as integral Legacy Program locations focused on the downing, retrieval, and storage of non-human craft.
2495760	2508680	The contentious Dr. Steven Greer even claimed to have both knowledge of the entrance for the Ant Hill DUM, as well as personally been flown over these sites and observed the electromagnetic pulse weapon systems that are used to down craft.
2509100	2515300	Now, interestingly, the Senate Intelligence and Armed Services Committee and other senior officials had no idea of this.
2516000	2523280	The top people and special forces who are outside this illegal black project system didn't know about it.
2524040	2531200	I had known about it since the 90s, but I'd never, of course, flown directly over it because it's classified airspace and very sensitive.
2531680	2537580	So you can see what looks like a trough and a runway.
2538060	2546120	It's just where the man-made UFOs that we've been building since 1954, 55 come out.
2546380	2548300	They go up and they hover.
2548460	2549240	They're silent.
2549320	2551180	They're electrogravitic, antigrav.
2551180	2556360	the diamond on the left you see that looks like a runway with a diamond it's not a runway because
2556360	2560680	they don't need to run and get there's non-aerodynamic they just go boom up but they're
2560680	2565060	placed so different diamonds i have a whole series of video and pictures of these won't have time to
2565060	2571280	go through and that's where they're put at various elevations and then struck with an electromagnetic
2571280	2578960	magnetic weapon to see if it's hardened enough to withstand conflict, right?
2579120	2584720	When discussing the RCS facilities, and in particular, Hamilton's obsession with Tejon,
2584920	2591800	some may remember the XF-131 Super Sentinel. This incredible triangular ARV was drawn by
2591800	2598380	forensic artist Bill MacDonald and later featured in Season 1 of The X-Files. According to MacDonald,
2598380	2603200	the craft design was relayed to him from two Northrop-Tayhungan and two Lockheed-Hellandale
2603200	2608620	engineers who were jaded from the intense secrecy from which they operated. I personally have spoken
2608620	2613900	to McDonald on numerous occasions regarding this triangular ARV out of the Antelope Valley and put
2613900	2619360	much credence into this testimony. For years, Hamilton compiled first-hand witness testimony
2619360	2624220	regarding Antelope Valley and specifically the Northrop-Tahachapi site. Let's briefly
2624220	2626440	investigate a few of these testimonies.
2626600	2629540	A local man with property on 170th Street,
2629700	2632080	west of Tejon, reported to Hamilton of the
2632080	2634240	ground opening like a missile silo where
2634240	2635840	a flying saucer took off.
2636300	2638100	Edwards Air Force Office of Special
2638100	2640040	Investigation silenced this witness.
2640440	2642680	UFO researcher Dr. Richard Boylan,
2642800	2644720	alongside the first-hand source of Bill
2644720	2646820	McDonald, have additionally accused Tejon
2646820	2648960	as a manufacturing site for reverse
2648960	2651800	engineered vehicles, including the XF-131
2651800	2657500	Super Sentinel, an anti-gravity disc dubbed by Boylan the Great Pumpkin. A contractor named
2657500	2661900	Chuck relayed his experience digging the underground tunnels beneath the anthill to
2661900	2667440	Hamilton. This source claimed tunnels in the DUM had round doorways with few doors and red and
2667440	2672480	green lights for ID and entry. An intriguing source of Hamilton claimed to have worked on
2672480	2678180	Project StarTalk at Tejon. This project involved lasers in a big building underground for the
2678180	2683500	the purpose of constructing systems to quote-unquote bring in UFOs. The source mentioned
2683500	2688840	scalar technology, a concept Stephen Greer would later on discuss for decades as a weapon source
2688840	2694620	to down UFOs. The StarTalk informer also claimed to work at McDonnell Douglas Stiff where he
2694620	2700820	observed a UFO held in an underground hangar. This name was very hard to make out by a 144p
2700820	2706060	documentary, but one Hamilton informer went by the name Goburn, who claimed to work at Tejon
2706060	2712020	Hellendale and the Nevada Test and Training Range. This source relayed to Hamilton he worked with
2712020	2717200	alien technology that deeply frightened him. According to the source, on-site personnel
2717200	2723040	would rotate every 14 to 16 days living and working on site, and there existed a command
2723040	2728680	center under Haystack Butte which connected to the anthill. Hamilton had numerous other informers
2728680	2733920	who would discuss experimental disks being flown out of Edwards Airfield, extraterrestrial disks
2733920	2739080	being held under Edwards and underground UFO work below a hangar on Edwards North Base.
2739280	2744200	Many of these informants would discuss ground vehicles like electric cars within the DUMs and
2744200	2749940	maglev train systems connecting the base to others. We will of course discuss this much later on.
2750120	2755260	From his data and sources, Hamilton learned of a supposed massive complex of underground
2755260	2761060	facilities in the Antelope Valley engaged with UFO testing, storage, and material exploitation.
2761060	2764460	All connected via tunnels and transport systems.
2764760	2772800	These facilities included Tehachapi, McDonnell Douglas, Hellendale, George Air Force Base Edwards, the NASA rocket test site, and China Lake.
2773040	2786180	A network of joint USG and corporate facilities all connected in the Antelope Valley dedicated to the storage and exploitation of UFOs has proven to be quite a common theory since the late 80s and early 1990s work of Hamilton.
2786540	2789940	I'd once again like to reference Stephen Greer witness A.H.
2791060	2796260	multiple projects, A.H., a Boeing insider with numerous connections to UFO legacy programs,
2796580	2801620	has historically, and likely to this day, served as a primary source of information for Greer.
2801780	2807060	In his 2000 tape testimony, A.H. delivered to Greer much of the information Greer still
2807060	2812100	discusses to this day, including reference to a massive facility existing below Dugway.
2812280	2817300	A.H. additionally discussed a complex of underground facilities near Anzo, California,
2817300	2821680	just south of Antelope Valley, while also addressing a critical Northrop underground
2821680	2824180	facility named, of course, Tejon.
2824500	2830260	Didn't he share with you any other information on other facilities that dealt with this issue
2830260	2831300	in the U.S. or abroad?
2831940	2839000	Yes, he mentioned there's a base here in California near Anza, California, and there's
2839000	2844840	another base in the deserts of, I believe he said Tocon or Tohon.
2844840	2847660	I believe he said Toc-Tah-Hon.
2847800	2849300	Toc-Tah-Hon, I believe.
2849560	2852180	I believe that's the word that he used.
2852320	2857800	There's a base near Lancaster and Palmdale area.
2858340	2862240	And near, this is very funny, it's near Northrop.
2862400	2866300	There's an underground area out there, too, that he was aware of.
2866920	2872500	But he particularly mentioned and stayed focused on Anza, California.
2872500	2878540	California. There's some underground areas up there too that they're researching some of this
2878540	2886240	technology and at March Air Force Base through Project Red Light. Of this network of proposed
2886240	2892480	facilities, one possible dumb stands out from the rest, Edwards Air Force Base. As mentioned in
2892480	2897860	nearly every project, Edwards serves as home to the 412th Test Group, a major range and test
2897860	2903240	facility base. Witness Ed, a vetted and accomplished USAT veteran, claimed Edwards
2903240	2908460	and the Nevada test and training range, specifically Nellis Air Force Base in Area 51
2908460	2914100	slash Groom Lake, which is actually run by an Edwards 412th Detachment, runs a joint UFO
2914100	2919740	reverse engineering program. Outside of the claims of Hamilton's informants regarding Edwards and
2919740	2924600	crafts stored in underground installations, there are many fascinating testimonies and avenues of
2924600	2925900	of research we might pursue.
2926220	2929100	Remember how one source of Hamilton claimed to have worked
2929100	2932180	on the Ant Hill installation under Tejon in Antelope Valley.
2932460	2935040	The source claimed the installation's command center
2935040	2937440	existed under Edwards Haystack Butte.
2937660	2939920	This sentiment is shared by the controversial
2939920	2942620	and enigmatic whistleblower, Dr. Michael Wolfe,
2942740	2944260	who claimed as a UAP consultant
2944260	2946040	to the National Security Council,
2946260	2948500	he heard live extraterrestrials were kept
2948500	2949940	under Haystack Butte Edwards.
2950340	2953700	Test facilities are built into and on Haystack Butte,
2954600	2959540	Indeed, these facilities are run alongside a primary field lab at the remote northeast
2959540	2964020	corner of Edwards by the Air Force Research Lab's Aerospace Systems Directorate.
2964320	2969520	AFRL, Edwards 412 Test Wing, and NASA Flight Research Facility work together at Edwards
2969520	2975280	to plan, conduct, analyze, and report on all flight and ground testing of aircraft, weapon
2975280	2980020	systems, software, and components, as well as modeling and simulation for the USAF.
2980020	2986040	Since facilities are built into the butte, it is no stretch to assume locations are built under the Haystack Butte.
2986180	2999520	And remember, this USAF AFRL Rocket Propulsion Division and their rocket test labs on Lumen Ridge were named by Hamilton and his informants as featuring a stiff location connected to the wider Edwards Underground Complex.
2999940	3007300	This lab features a number of underground missile silos, but the extent to which the Air Force Propulsion Laboratory sprawls underground is unknown.
3007300	3012240	However, and very interesting, numerous studies out of the Air Force Rocket Propulsion Lab
3012240	3014860	have shown a heavy interest in anti-gravity propulsion.
3015340	3018240	Is this location definitely UFO legacy related?
3018580	3019040	Unknown.
3019360	3022020	But a strong argument can be made from witness testimony.
3022320	3026820	And lastly, a bit north to Antelope is China Lake Naval Air Weapons Station.
3027120	3033380	As we showed in a 1964 Army Corps of Engineers study titled Feasibility of Constructing Large
3033380	3038000	large underground cavities, Inyo County, which shares territory with China Lake, was considered
3038000	3044260	for underground purposes. The underground cavity of interest was 4,000 feet deep, and it is unknown
3044260	3049960	if this facility was built, however, numerous witness testimony may give us some idea. As we
3049960	3055340	also discussed above, Dr. Sauter had been given testimony by Navy veterans stationed at China Lake
3055340	3060440	who not only claimed the facility goes one mile deep, but weapons work is conducted on, quote,
3060440	3063840	quote, weapons more powerful than nuclear weapons, end quote.
3063980	3068040	Hamilton himself also had a source who allegedly served as an aerospace engineer,
3068280	3070140	consultant to NASA, and colonel.
3070160	3074520	This unnamed colonel claimed he worked at an underground installation at China Lake,
3074740	3077080	Edwards Air Force Base, and the Nevada test site.
3077240	3081760	These locations were, according to the source, connected via a maglev train system
3081760	3085840	from which he would often enter through a dump beneath White Sands Missile Range.
3085840	3095000	I put stock in this testimony due to speaking myself to a witness who claimed to travel via underground train system from a fort in Texas to White Sands.
3095240	3103600	This source, an army officer in the 2010s, claimed the train's speed and acceleration were so great it reminded him of his fear of flying.
3103920	3107700	We also have Ed and the mention of Edwards and the NTTR.
3107700	3125680	China Lake is not mentioned in his testimony, however it stands to reason the very near China Lake, which serves as the Navy's largest single-land holding, representing 85% of the Navy's weapons and armaments RDT&E programs, could likely see crossover T.U.O. programs with the USAF.
3125760	3134860	If these programs exchange non-human craft, materials, and research, it stands to reason such transactions would be conducted underground to maintain secrecy.
3134860	3139220	I would in the future like to do an entire video on China Lake, so hang tight.
3139480	3143860	Corporate and military installations do indeed exist below Antelope Valley.
3144100	3150100	Again, the question is, do these sites deal with technologies of unknown origin and exploitation programs?
3150640	3158000	Antelope and Palmdale are home to aerospace juggernauts and myriad DoD, RDT&E, and MRTFBs,
3158000	3165080	and have for decades featured numerous testimonies of ARV, underground installations, and claims of UFO legacy programs.
3165540	3170720	Due to these factors, plus witnesses who have told me they have traveled below the Antelope Valley,
3170880	3177800	I am inclined to conclude such an anthill, if so to speak, does in fact exist, to work on UFO legacy programs.
3182400	3187320	The vast majority of our focus today is the American Southwest and endless claims of
3187320	3193620	underground UFO research in RDT&E, but quickly I do want to look east. We have already discussed
3193620	3200520	STIFs used by the CIA and NSA under cover of the Army and Navy respectively, but what about UFO
3200520	3205980	STIFs? For this reason, I would like to look to the United States Capitol and address the Deep
3205980	3211180	underground command center. The DUCC was a stiff below the Pentagon that was never
3211180	3215700	built, however I am not sure just how true that statement is. Now an
3215700	3219480	acknowledged stiff under the Pentagon does indeed exist the National Military
3219480	3223700	Command Center responsible for generating emergency action messages to
3223700	3227980	missile control launch centers, nuclear subs, and battlefield commanders. This
3227980	3234000	NMCC was set to serve as an interim facility for the never-built DUCC. The
3235980	3242460	proposed in 1963, three weeks before the assassination of JFK. Declassified top-secret
3242460	3248260	documents dated 7 November 1963 detail former Secretary of Defense Robert McNamara proposing
3248260	3253400	meetings to discuss the National Underground Command Center. These plans for the National
3253400	3259500	or Deep Underground Command Center detailed a complex command center built 3,500 feet below
3259500	3264640	Washington DC. This location would be built to withstand direct hits of 200 to
3264640	3269640	300 megaton warheads that penetrate 70 to 100 feet below the surface before
3269640	3275360	detonation. Two separate facilities were proposed, an austere facility with 10,000
3275360	3280380	total square feet and 5,000 operating square feet accommodating 40 people at a
3280380	3286040	depth of 3,500 feet. This would cost over a hundred and ten million dollars or 1.1
3286040	3293780	billion today. The second was a moderate-sized facility with 100,000 total square feet and 50,000
3293780	3300560	operating square feet accommodating 300 people at a depth of 3,500 feet. This would cost $310
3300560	3307340	million or over $3.2 billion today. The Joint Chiefs interestingly proposed the Astaire facility
3307340	3313080	to be too small. The operation capsule of the center would be near the Pentagon and an access
3313080	3318820	elevator would descend 3,500 feet underground from the Pentagon to the installation. This may
3318820	3324000	seem like a massive undertaking, however. The memorandum stated, quote, there is little argument
3324000	3329660	that the construction of a DUCC is technically feasible, end quote. To quote the memo again,
3329820	3335520	quote, the nature of the DUCC, regardless of the initial size selected, lends itself to later
3335520	3342280	expansion, end quote. Once Lyndon B. Johnson took office, a second memorandum was issued 16 January
3343120	3348740	from Wal Rosto to McGeorge Bundy stating the DUCC concept should proceed.
3349100	3352880	Rosto served as a senior advisor to both Kennedy and Johnson.
3353200	3357380	An additional memo followed the same day from McGeorge Bundy to Carl Kaysen
3357380	3362600	showing planning for the DUCC had been going forward since the early days of the Johnson admin.
3362860	3366540	Kaysen was deputy special assistant for national security affairs to Kennedy
3366540	3370040	and possibly stayed on to advise on the DUCC program.
3370040	3372000	The memo additionally stated,
3372140	3375660	Kaysen having spoken to Harold Brown, re the D.U.C.C.
3375680	3380980	Brown served as Director of Defense Research and Engineering from 1961 to 1965.
3381600	3389320	A last top secret memo dealing with the D.U.C.C. was issued by the Bureau of the Budget estimated between 1963 to 1964.
3390080	3393160	40 plus percent of this document is redacted.
3393260	3395160	Was the D.U.C.C. ever built?
3395160	3399760	conventional sources would say no, however I would argue indeed it was.
3400140	3404080	This confidence of mine is from sources who have described to me firsthand
3404080	3409400	encounters within an enormous cavernous facility below the Pentagon. But how does
3409400	3414440	such a proposed facility deal with the subject of UFOs? If the D.U.C.C. was
3414440	3419780	indeed built it is a publicly denied site. Therefore we can feasibly reckon if the
3419780	3424980	site does exist it deals with subjects critical to US national security. Since
3425160	3431640	1954 Atomic Energy Agreement, materials pertaining to UFOs have been misclassified as trans-classified
3431640	3433020	foreign nuclear materials.
3433300	3439160	As relayed by physicist Robert Saarbacher in 1950, UFO programs exist and their classification
3439160	3441940	resides even higher than that of the H-bomb.
3442200	3446980	On this channel, I have spoken in-depth that UFO legacy program operations are the ultimate
3446980	3453000	secret, deep-sixed, clandestine set of programs deeply embedded within special access programs.
3453000	3455860	The Pentagon resides near Crystal City.
3456080	3460620	Crystal City features 8 of 10 of the U.S.'s top defense contractors,
3460900	3465940	and the small neighborhood is where two-thirds of federal contracts are awarded by value.
3466160	3475300	This location holds primary offices held by Northrop Grumman, Lockheed Martin, Boeing, Raytheon, General Dynamics, L3, Aerojet, Rocketdyne, and more,
3475460	3479600	all contractors I highly suspect engage with UFO programs.
3479600	3487320	The neighborhood also holds or is in close proximity to numerous FFRDCs I believe are up to their eyeballs in UFO programs.
3487740	3497700	These include the Center for Naval Analyses, Institute for Defense Analysis, Aerospace Corporation, and RAND Homeland Security Operations Analysis Center.
3497900	3506740	Additionally, Crystal City is home to myriad DoD research agencies including DARPA, Office of Naval Research, and Air Force Office of Scientific Research.
3506740	3512040	I do believe similar to the Antelope Valley, Crystal City's amalgamation of DoD entities,
3512840	3517700	FFRDCs, and contractors is a major center of operations for UFO legacy programs.
3518320	3523480	Perhaps due to limited airspace and usage of MRTFBs, unlike the American desert and
3523480	3528820	Southwest, Crystal City is where the majority of UFO-related USAPs are created, maintained,
3529160	3529920	and kept secure.
3530320	3533820	This is a thesis I will continue to explore in depth in the future.
3533820	3539960	if Crystal City does indeed majorly engage with clandestine UFO unacknowledged special access programs.
3540340	3548360	It stands to reason such a classified effort involving DoD, private and semi-private entities would require a massive underground facility.
3553220	3559620	The idea of a major network of underground tunnels connecting DUMs nationwide is often scoffed at.
3559620	3571580	I have no idea if the entire nation's stiffs are connected via tunnel system, but a strong argument can be made complex systems of interconnecting stiffs exist in the American Southwest and East Coast.
3571900	3586200	After all, in a document obtained via FOIA by Dr. Richard Sauter, we even have hard numbers from the military-industrial complex of the estimated number of total personnel needed to build and operate a deeply buried, hundreds-of-mile-long tunnel system.
3586200	3590160	And this is the order of 7,800 to 8,700 people.
3590420	3597500	And we also have a hard estimate for the total expenses associated with constructing, operating, and maintaining such a system.
3597620	3601520	The neighborhood of $17 billion over a 10-year period.
3601860	3609200	Many such acknowledged tunnel systems exist, like the Department of Energy's sprawling tunnel network below the Nevada Test and Training Range.
3609200	3613620	change, but let's continue to explore the feasibility of massive tunnel systems connecting
3613620	3616140	bases dozens or hundreds of miles apart.
3616460	3619760	The technology for such undertakings does indeed exist.
3620140	3624280	The most likely candidates are nuclear subterrains and tunnel boring machines.
3624760	3629380	Tunnel boring machines are huge cylindrical mechanical boring machines that tunnel through
3629380	3634700	rock and soil, chewing out circular tunnels that may range in diameter of up to 35 or
3634700	3635280	more feet.
3635280	3644740	These Goliaths are powered by electrical motors that have a cutting head equipped with various metal attachments made of super hard alloys that cut through rock as the head rotates.
3645100	3649880	The head rotates and the cutting tools dig into the rock, ripping and gouging it away.
3650200	3657160	The excavated rock or muck is then passed by a conveyor assembly to the rear of the machine where it can be hauled away by truck or train.
3657160	3668420	According to the Pacific Gas and Electric Company, utilizing a Robbins Company TBM to bore a 22,000 foot long, 24 foot diameter tunnel, it took a rate of 5 to 6 miles per year.
3668620	3677860	However, in better conditions, some TBMs could bore at a rate of 10 miles per year or greater, roughly double the rate of the Pacific Gas and Electric Company.
3678160	3684120	This would mean DUMs below China Lake and Edwards could be connected in as little as five and a half years.
3684120	3684220	years.
3685120	3688780	Nuclear subterrains were originally designed by Los Alamos National Lab.
3688960	3689440	Sound familiar?
3689780	3693780	The patents for such machines were filed, technical documents were written, but the
3693780	3696080	project seemingly faded into obscurity.
3696360	3701380	These fascinating machines work by melting through rock and soil, leaving neat, solidly
3701380	3703660	glass-lined tunnels by vitrifying materials.
3704240	3709140	Heat is supplied to the system via compact nuclear reactors that circulate liquid lithium
3709140	3713000	from the reactor core to the tunnel face, melting rock in front of the machine.
3714120	3718100	liquid lithium then circulates to the back of the machine alongside the exterior of the
3718100	3721440	machine to cool surrounding rock as the machine is forced forward.
3721800	3727240	Patents were first proposed by the Atomic Energy Commission and U.S. Energy R&D in 1972
3727240	3728520	and 1975.
3729240	3734860	Further nuclear subterranean patents in 1975 detailed tunnel systems of 12 meters or more
3734860	3735720	in diameter.
3736020	3740260	All but one of the inventors listed in the three patents above were from Los Alamos.
3740260	3743960	Additionally, a 1973 Los Alamos study titled,
3744100	3745500	Systems and Cost Analysis
3745500	3747660	for a Nuclear Subterranean Tunnel Machine,
3747840	3750580	a preliminary study concluded nuclear subterranes
3750580	3752000	to be a cost-efficient solution
3752000	3754960	to satisfy US transportation tunnel demands.
3755420	3757600	Similar to how we deduced numerous DUMs
3757600	3759860	were built around 1961 to 1989,
3760120	3761640	we can make similar deductions
3761640	3763300	regarding connective tunnel systems.
3763780	3765820	If such an enormous tunnel system exists,
3766240	3767920	it likely saw construction beginning
3767920	3772220	beginning around the early 1970s, 1974 to be exact.
3772560	3775340	The Bechtel Corporation is an American engineering,
3775600	3778920	procurement, and construction management company founded in the U.S.
3779060	3784540	Bechtel has often been targeted as one of the U.S. corporations responsible for dumb tunnel systems.
3785000	3788160	In 1974, Bechtel released a report titled,
3788280	3793420	Research Program Plan for Meeting Tomorrow's Needs in Tunneling and Excavation Final Report.
3793700	3794780	This report states,
3794780	3799920	quote, the demand for tunneling and underground excavation for national defense needs is believed
3799920	3806100	to be large. Some examples of underground defense facilities include hard rock silos, command posts,
3806420	3811600	communication systems, personnel shelters, storage, and power generation facilities, end quote.
3811820	3816820	Interestingly enough, the same report shows a massive list of novel ground disintegration
3816820	3823440	techniques in R&D stages. In 1972, the governing board of the National Research Council formed the
3824780	3830280	on Tunneling Technology. This committee functioned as the, quote, United States focal agency in the
3830280	3834740	field of tunneling technology to assess and stimulate improvements in tunneling technology
3834740	3839800	applications and to coordinate U.S. tunneling technology activities with those of other
3839800	3847140	nations, end quote. By 1977, this USNTT had six major subcommittees, including the Deep Cavity
3847140	3853400	and Tunnel Support Systems Committees. USNCTT partnered with numerous corporations, agencies,
3854780	3856620	of particular interest to this channel.
3856820	3860700	These include both Sandia National Labs and Battelle Memorial Institute.
3861080	3866140	I have accused Battelle of engaging deeply with UAP legacy programs, including operations
3866140	3868140	at the Dugway alleged dump.
3868380	3875620	In 1981 and 1982, the USNCTT sponsored a project called Workshop on Technology for the Design
3875620	3878540	and Construction of Deep Underground Defense Facilities.
3878820	3883340	This was done at the behest of the Nuclear Defense Agency, and co-sponsors included
3885160	3890260	Army, USAF, Navy, DOE, and National Science Foundation, including others.
3890560	3895800	The 1982 report of the workshop detailed the need for 400 miles of tunnels ranging from
3895800	3900880	2,500 to 3,500 feet for various purposes including housing nuclear missiles.
3901200	3904660	These tunnels were to be up to 16 feet in diameter with, quote,
3904720	3909000	interconnecting passageways and at its horizontal passageways for storage,
3909160	3911320	living quarters, and other needs, end quote.
3911320	3915420	The location of such a network of tunnels, according to the New York Times, would be
3919060	3924020	Such tunnels and installations were to be powered via fuel cells or nuclear reactors,
3924220	3929260	and as we saw in 1963, the U.S. Army Corps of Engineers was very serious about nuclear
3929260	3932200	reactors powering self-contained underground installations.
3932940	3938220	Fuel cells may also be of special interest here, seen as in 1984, Boeing published the
3938220	3943340	results of a study that set forth plans for power generation in deep ICBM bases using
3943340	3945840	iron-chlorine fuel cells to generate power.
3946160	3951860	The USNCTT called for mobilization of this plan in the late 80s and early 90s.
3951920	3956780	The committee called for tunnel boring machines to be utilized starting in 1985 for carving
3956780	3957520	tunnel systems.
3957940	3964200	By 1988, USNCTT was publishing reports titled Tunneling and Underground Space Technology
3964200	3969760	technology, discussing underground missile systems ranging between 3,000 to 8,000 feet
3969760	3970260	underground.
3970820	3975480	During this period in the 80s, numerous contractors I have directly accused of being involved
3975480	3980680	in UFO legacy programs would aid in the construction of deep underground missile bases and tunnel
3980680	3981100	systems.
3981480	3985780	Of course, we must assume some if not many underground nuclear missile bases may have
3985780	3988380	served as clandestine RDT&E facilities.
3988920	3993140	This should not come as a shock as we have already discussed US intelligence agencies
3994200	4000220	underground military sites for secret operations. Such corporations include BDM, who was awarded in
4000220	4006460	1985 a contract to conduct, quote, intercontinental ballistic missile deep basing communication study,
4006640	4012680	end quote, as well as TRW, who had since 1968 been involved in studies into high-speed ground
4012680	4018540	transportation tunnel design and cost analysis. Both corporations were later on bought by Northrop
4018540	4024760	Grumman. The 1985 BDM study is of particular interest here. Remember if you will earlier
4024760	4032560	that same year 20 to 25 May 1985 to be exact BDM McLean also held the advanced theoretical physics
4032560	4038120	conference. The meetings of this exclusive group were classified utilizing DOE controls.
4038700	4044220	Notes of this conference were released by attendee Oki Shannon who formerly served as manager for
4044220	4047280	for special projects at Los Alamos National Labs.
4047640	4050180	This McLean, Virginia secure facility group
4050180	4052740	discussed myriad aspects of UFOs,
4052740	4056040	including legacy programs and a major engineering project
4056040	4057620	under Bobby Ray Inman.
4057880	4061000	Viewers of my channel will absolutely recall Inman
4061000	4064840	mentioned often as a senior UFO legacy operations member.
4065100	4067780	At this time, the vice president of BDM
4067780	4069860	was former major general and founder
4069860	4072620	of US Army INSCOM, Albert Stubblebine.
4074220	4079200	again in this project, including how he was accused of engaging in UFO craft storage and
4079200	4083700	material exploitation while head of Army Intelligence at Fort Huachuca, Arizona.
4084140	4089120	Interestingly, the Advanced Theoretical Working Group was spearheaded by U.S. Army Colonel John
4089120	4096040	B. Alexander, who from 1982 to 1983 reported directly to Stubblebine. Additionally, recall
4096040	4102100	how Philip J. Corso claimed a UFO working group was established in the mid-80s. According to Corso,
4102100	4106560	this group saw ample funding from U.S. Army INSCOM General Stubblebine.
4106720	4112780	It is interesting to think of possible ties between this ICBM deep-basing communication study
4112780	4116400	and Albert Stubblebine and the Advanced Theoretical Physics Conference
4116400	4120540	and a possible UFO working group accused by Philip J. Corso.
4120820	4124760	Throughout the 1980s, U.S. industry and government additionally demonstrated
4124760	4128400	a keen interest in life support systems for massive tunnel systems,
4128400	4133880	underground ICBM installations as well as deep, and I mean deep, underground bases.
4134320	4139280	This can be demonstrated in a November 1985 contract to Unitec Technologies,
4139820	4144740	Hamilton Standard Division, for life support and chemical biological agent mitigation system
4144740	4148480	on small ICBM deep basing programs, end quote.
4148840	4154140	U.S. Army Corps of Engineers as well as USNCTT have even discussed provable technologies,
4154180	4158040	times, and prices to construct such massive tunnel systems.
4158400	4162400	Yet no data exists on any large-scale tunneling project.
4162880	4167840	This may force us to look deeper, like at the low-profile records of the Bureau of Reclamation,
4168140	4173680	who during the 20th century excavated hundreds of miles of tunnels up to 28.5 feet in diameter,
4173900	4176320	at depths of hundreds to thousands of feet.
4176540	4180080	Quite often the Bureau would utilize classic tunnel-boring machines.
4180680	4186140	Numerous inside sources to Dr. Richard Sauter have informed him that some of the Bureau of Reclamation's tunnels
4186140	4189560	have doubled as cover for other clandestine underground tunnels.
4189800	4192980	To quote underground and underwater bases, quote,
4193100	4198480	From a hypothetical point of view, what is to stop a tunnel boring machine from tunneling off of an
4198480	4203160	aqueduct tunnel deep underground and striking out secretly to make a clandestine tunnel?
4203440	4209400	It takes about 10 men to operate a TBM, and in good rock you can count on as much as 15 miles of
4209400	4210820	tunnel per year, end quote.
4215160	4224780	For decades, rumors of underground railroad systems, specifically maglev trains, have been inseparable from testimony regarding DUMs and UFOs.
4224880	4233140	As we discussed earlier in the Antelope Valley section, such a concept was relayed to UFO researcher Bill Hamilton by some of his many informants.
4233140	4243340	But just how true are these rumors of a high-speed electromagnetic railroad system often described as a pneumatic system, aka a train system operating in a partial vacuum tube?
4243660	4245640	To begin, what is maglev?
4245880	4250860	Maglev trains are a type of rail system levitated by electromagnetics rather than employing wheels.
4250860	4256780	Maglevs feature numerous benefits to conventional railroad systems including higher speeds,
4257140	4262300	superior acceleration and deceleration, lower maintenance costs, improved gradient handling,
4262460	4268060	and lower noise. But are much more expensive compared to traditional systems. Maglevs have
4268060	4275180	even reached top speeds of 375 mph. And pneumatic tube trains are an early form of transportation
4275180	4280560	or air vacuum to move containers or vehicles through tubes while minimizing friction. New
4280860	4285460	New York's first subway system was an underground pneumatic tube transport line created by Alfred
4285460	4286320	Eli Beach.
4286680	4291700	Earlier in this project we spoke of Nazi scientists being sequestered by Air Material Command
4291700	4294440	in the US to work on underground complexes.
4294920	4297620	I would also like to draw attention to Hermann Kemper.
4297740	4301620	Kemper was a Third Reich engineer who created a concept for the Rohrbahn.
4301920	4306980	The Rohrbahn was a system of magnetic levitation trains designed to speed through underground
4306980	4312040	ground vacuum tunnels at hundreds or even thousands of miles per hour. Suspended passenger
4312040	4316680	cars on magnetic fields would be propelled through tunnels negating any friction of wheels,
4316900	4324080	rails, and air. Kemper's research began in 1934. By 1938, he envisioned Berlin connected to other
4324080	4330640	European cities with cars traveling at 600 to 1,000 miles per hour. It is unknown how far the
4330640	4335820	Nazis pursued this concept, nor is it known if Kemper was recruited by Operation Paperclip.
4336980	4343040	hypothesis here is Kemper was contracted by the US to help build early iterations of maglev pneumatic
4343040	4349820	systems. Maglev UFOs and DUMs are often lumped together as conspiracy, however maglevs are not
4349820	4356400	a niche concept. Since the 1960s, maglev technology has seen numerous patents and by the year 2000,
4356620	4361720	even Lockheed Martin entered into agreements with TransRapid International USA to develop
4361720	4363700	Maglev technology in the US.
4364000	4367860	In fact, by the early 1990s, an acknowledged multi-agency
4367860	4370160	National Maglev Institute was formed.
4370380	4374560	This joint effort by the DOE and US Army Corps of Engineers sought to
4374560	4379080	quote, define the role Maglev could play in US transportation system, to
4379080	4382980	assess the potential for Maglev in the domestic market, to recommend a
4382980	4386820	strategy for the introduction of Maglev technology, and to identify the
4386820	4389020	most appropriate federal role, end quote.
4389020	4397940	This NMI published a report in the early 90s titled Compendium of Executive Summaries from the Maglev System Concept Definition Final Reports.
4398300	4403700	This series of reports sought to determine nationwide Maglev system availability by the year 2000.
4403940	4406600	Some interesting players appear in this document.
4406900	4412920	This includes a joint project with Bechtel, Hughes Aircraft, and MIT, which employs a UARC for the Army.
4412920	4419440	A second report saw work by Boeing Aerospace and General Dynamics to study superconducting levitation.
4419780	4429260	To top this off, a third study saw joint efforts into superconducting magnets performed by Grumman Corporation pre-Northrop, Battelle Memorial Labs, and Honeywell.
4429540	4440160	All contractors mentioned above in above-board maglev technology research I highly expect have for decades attempted the reverse engineering and material exploitation of non-human craft.
4440160	4446480	craft. However, rumors of clandestine maglev systems far proceed the 1990s and 2000s. Dr.
4446600	4451700	Richard Sautter as well as Bill Hamilton first heard whispers of such systems in the 1980s.
4451760	4457180	Sautter himself referenced reading reports of underground rail systems to Area 51 from Mercury
4457180	4463000	Nevada and the Naval Surface Warfare Center Corona Division. Discussion of these rail systems would
4463000	4466540	would even pop up in online UFO forums around 1997.
4467260	4470260	Look at the name on the top of these testimony reports,
4470740	4471800	A.J. Craddock.
4472000	4473460	In Disgust and the Dugway Project,
4473800	4476320	Craddock is an oil tycoon operating in Libya
4476320	4479400	that helped Stephen Greer in the 1990s with C-SETI.
4479620	4481480	Craddock brought Greer, in my opinion,
4481540	4483640	incredibly valuable and relevant information
4483640	4487940	regarding Area 51 moving many UFO operations to Dugway.
4488100	4489820	So if Maglev systems existed
4489820	4494400	existed far before UFO Legacy Program defense contractors engaged with the acknowledged
4494400	4499200	National Maglev Institute where and when might these systems have been developed, and of
4499200	4499880	what technology.
4500320	4505200	The mid-1960s saw established engineering professors from the Office of Naval Research,
4505400	4510600	Army Research Office, and Booz Allen Hamilton establish the International Society for Terrain
4510600	4511920	Vehicle Systems .
4512700	4518440	Real quick, in the mid to late 20th century, I believe Booz Allen Hamilton was as involved
4519820	4523620	as Northrop Grumman is today, but that's another project for another day.
4523860	4529540	The ISTVS Working Group coordinated research around high-speed underground tube train systems.
4530040	4535980	At the same time of the ISTVS, the U.S. Department of Commerce established a multi-agency panel
4535980	4538960	focused on high-speed underground tube train systems.
4539460	4545920	The panel produced a 1967 report titled R&D for High-Speed Ground Transportation, which states,
4545920	4550820	quote, regardless of the system adopted, it can be assumed that extensive tunneling will be involved.
4551140	4555860	It is recommended that the department cooperate closely with other agencies in planning and
4555860	4561200	funding research into this area to provide an extra stimulus for rapid development, end quote.
4561380	4567220	Of massive consequence to this investigation, in 1972, Robert Salter of the RAND Corporation
4567220	4573160	published a study titled The Very High Speed Transit System. In this study, RAND set out a
4573160	4576620	a continental deep underground concept that was described as, quote,
4576680	4581440	electromagnetically levitated and propelled cars in an evacuated tunnel, end quote.
4581820	4585080	The study makes some truly shocking statements, including, quote,
4585300	4590980	speeds as high as 14,000 miles per hour have been examined in studies by the Rand Corporation.
4591360	4597540	In an example case of a direct link between Los Angeles and New York requiring only 21 minutes of transit time,
4597540	4603760	The speeds required will certainly be on the order of thousands of miles per hour on long-haul links."
4604440	4610720	I believe Salter additionally makes a critical statement that lends strongly towards the subject of UFO legacy DUMs.
4610880	4611780	Salter states,
4611900	4621280	Because of the rather considerable expanse of the tunnel, it is probable that the first VHST will not rely on a direct non-stop L-A-N-Y link,
4621420	4624840	but rather one that stops at two intermediate staging points.
4624840	4625360	end quote.
4625540	4629880	These intermediate staging points are apparent when throughout this video I have made and
4629880	4634460	will continue to make in the Hamilton Map segment the argument that UFO dumb networks
4634460	4635780	feature central hubs.
4636160	4641020	These hubs if so to speak are connected to one another and branch to local smaller dumb
4641020	4641400	facilities.
4641940	4646680	Think of a railway central station connecting to other major stations while also featuring
4646680	4649160	alternative lines to small local stops.
4649600	4654160	Much of this technology was based on work conducted by Robert Goddard, father of modern
4654840	4660200	1945 vacuum tube transport system, as well as Michael Minovich, the physicist behind
4660200	4665740	introducing gravity-assisted propulsion around planetary bodies' 1961 work, Deep Underground
4665740	4666680	Tube Shuttle.
4666840	4671960	Salter and Rand strongly recommended placing the VHST underground to remove interference
4671960	4676880	with environmental factors such as grade crossings, weather, and infrastructure and also observed
4676880	4681760	that it was not appreciable harder to tunnel at great lengths underground than at shallow
4681760	4682280	depths.
4682280	4688800	Within this study is a map of the proposed VHST that corresponds strongly to Bill Hamilton's
4688800	4691780	alleged Western State DUM network, but more on this later.
4692020	4697060	Around a similar timeframe to this RAND study is the High Speed Ground Transportation Initiative.
4697480	4702780	This group became operational in the 1960s, performing most of their work in the 1970s
4702780	4706140	before slipping out of public view in the 1980s.
4706140	4716300	For a period of 10 to 15 years, the United States saw enormous efforts into R&D and feasibility and desirability of high-speed underground tube shuttle train systems.
4716800	4730160	Entities involved in this program are countless, including TRW, General Dynamics, MIT, Southwest Research Institute behind Project Stargate, General Electric, NASA, Army, Navy, and Battelle Memorial Institute.
4730160	4730440	Institute.
4730540	4735040	I have mentioned some of the work published under this initiative before, including TRW's
4735040	4740480	1967 study titled Abstracts of Concepts of High-Speed Ground Transportation Systems.
4740860	4746060	Remember, TRW was purchased by Northrop Grumman and long considered as the contractor behind
4746060	4748940	the Majestic 12-like entity, Project Zodiac.
4749260	4754720	For the High-Speed Ground Transportation Initiative, TRW additionally prepared a study titled State
4754720	4757100	of the Art Tube Vehicle System in 1970.
4757100	4763000	This study discussed tube systems in tunnels as deep as 3,000 feet underground using trains
4763000	4766320	that would travel at speeds of 450 mph.
4767420	4772400	Similar to the dumb tunnel concept, no admission of maglevs connecting stiffs is publicly available.
4772720	4777480	However, there is an overwhelming body of historical evidence that US and defense contractors
4777480	4783380	have had a keen interest in high-speed underground transit systems traveling at least as fast
4783380	4784640	as a commercial airliner.
4788920	4794900	To close off our investigation, I would like to return to 1992's Cosmic Top Secret by Bill
4794900	4800460	Hamilton. In this masterpiece of a book, Hamilton provides a map of underground facilities and
4800460	4807760	tunnels provided to him by one T.A.L. in 1990. Some data here is from Thomas C., aka Thomas
4807760	4813140	Castillo, which is an extremely controversial source with the Dulce New Mexico story, so instead,
4813140	4815020	Instead, let's go ahead and analyze the map.
4815240	4820720	This network spans the American West and Southwest with major installations listed in Southern
4820720	4822980	California, New Mexico, and Colorado.
4823420	4828420	As expected earlier, we find Edwards Air Force Base connected to myriad locations including
4828420	4830940	numerous small marks labeled R&D.
4831180	4834600	We also see a supposed underground base marked CAT.
4834900	4841180	This is of course Catalina Island, fascinating how in 2023 and 2024, discussion began to
4843140	4845680	or human base off of Catalina Island.
4845980	4850480	We also see Area 51 as a major reference with connections to Tonopah,
4850620	4853220	an installation infamous in UFO lore as well.
4853460	4857920	We also find interesting solo marked DUMs not connected in this alleged system
4857920	4863740	including Fort Huachuca, Arizona, a location I estimate is involved heavily in UFO programs.
4864180	4869580	Remember if you will, Fort Huachuca holds a Defense Agency Major Range and Test Facility Base,
4869580	4873340	a critical core facility called the Joint Interoperability Center.
4873680	4878280	Army intelligence at Fort Huachuca was previously run by U.S. Army INSCOM founder,
4878600	4884020	Major General Albert Stubblebine. Stubblebine and INSCOM have been accused by myself in numerous
4884020	4889540	projects amongst others as engaging in UFO crash retrieval, storage, and material exploitation.
4889980	4894720	Therefore, it is really no surprise to see Hamilton's map designate Fort Huachuca as a
4894720	4900000	dumb location. On the map are many locations in New Mexico including the controversial Dulce,
4900240	4905760	Los Alamos, and Sandia slash Kirtland. The latter two we know have underground facilities,
4906200	4911700	indeed the same extends to Cheyenne in Colorado. Intriguing to note here is an installation in
4911700	4916440	Chihuahua, Mexico. This subject wouldn't be touched on again until Jake Barber's Romana
4916440	4922440	Clay called Sentinels of Ether. This project describes a 2004 Blue on Blue UFO retrieval
4922440	4927540	team fire operation in which the clandestine team flew into a disguised base hidden in the
4927540	4933600	mountains of Chihuahua. What happens when we start to compare this map to others? See now a comparison
4933600	4939580	between Hamilton's DUM network and RAND's VHST. See the interesting direct route shared across
4939580	4945320	the two maps through the northern area of Arizona and New Mexico. Additionally, observe how Southern
4945320	4950320	California sees routes split to both Southern California near San Diego and Northern California
4950320	4955500	near Sacramento before continuing north to Portland and Washington. Also notice connections
4955500	4961500	to Denver on both locations. Outside of Cheyenne Mountain Complex, Denver, Colorado is home to an
4961500	4967520	enormous underground FEMA complex. This is likely a continuity of government or COG complex.
4968060	4972920	My true interest lies in comparing the Hamilton piece to defense laboratories and centers across
4972920	4978400	the United States. Here we will not find Groom Lake amongst other select facilities but I believe
4980320	4985980	importance. If you will, please forgive the maps not lining up. The 1990 map is scaled differently
4985980	4992720	than the 2019 DoD map, so the two are not merged to scale perfectly. Aligning the two maps brings
4992720	4997760	extreme interest to both dumb locations as well as markings on the Hamilton piece that are labeled
4997760	5002960	R&D. Since this map pertains to connected underground UFO installations, we can assume
5002960	5009000	by the map's legend these locations do not employ dumbs but are still focused on UFO legacy R&D.
5010320	5013260	Southern California brings a massive amount of locations of interest.
5013500	5017020	Even outside of the Antelope Valley to the southwest in Los Angeles
5017020	5020220	lies a tremendous amount of DoD, RDT&E labs,
5021080	5023920	FFRDCs like RAND and Aerospace Corporations,
5023920	5027460	and UARCs like the USC Institute for Creative Technologies.
5027980	5032300	Numerous other locations outside of the Antelope line up between the two maps
5032300	5034080	we have discussed throughout this investigation,
5034460	5037200	including Fort Huachuca, Cheyenne Mountain, Colorado,
5037200	5043420	Colorado, Dugway and its two MRTFBs, Los Alamos, White Sands Missile Range, Sandia, and Kirtland
5043420	5044280	Air Force Base.
5044520	5049460	From referencing DoD labs, we can also learn Kirtland and its proven underground facilities
5049460	5051020	stand out even more.
5051300	5055720	Kirtland additionally holds the Air Force Research Lab's Space Vehicles Directorate
5055720	5057700	and Directed Energy Directorate.
5057740	5063540	Of note shared on these maps, albeit slightly shifted, is the 4th Defense Estate Microelectronics
5063540	5065260	Activity in Northern California.
5067200	5070060	Fourth Estate describes non-military parts of the DoD.
5070220	5072800	These include the Defense Contract Audit Agency,
5073120	5074880	Defense Contract Management Agency,
5075180	5077400	and the Defense Finance and Accounting Service.
5077980	5082000	Fourth Estate agencies and field activities all watching this video might recognize
5082000	5084460	are DARPA and the Defense Missile Agency.
5084960	5090200	Prior to this investigation, I had never come across mention of a DUM below the DMEA,
5090300	5092980	so this is a terrific point of research moving forward.
5092980	5100840	Let's also reference more of the non-connected R&D locations on Hamilton's map that exist as acknowledged DoD RDT&E facilities.
5101380	5111360	In Nebraska, on both maps, we find identification of the U.S. STRATCOM University-affiliated research center, the University of Nebraska National Strategic Research Institute.
5111360	5111520	Institute.
5111840	5118140	Viewers of my work know UARCs and FFRDCs are cornerstones of UAP legacy programs so it
5118140	5123860	is interesting to see Hamilton identify a UARC as a UFO R&D location all the way back
5123860	5127700	in 1992 that would not be founded until 2012.
5128260	5134420	In Oklahoma we observe Fort Sill as UFO R&D and the Naval Surface Warfare Center Indian
5134420	5138320	Head Special Weapons Division McAllister Detachment as UFO storage.
5138320	5143060	I have come across both of these locations in my research, however, it is interesting
5143060	5149640	to see an NSWC location labeled as storage, especially after the testimony of Randy Anderson
5149640	5154080	and the Offworld Technologies Division at the Naval Surface Warfare Center Crane.
5154240	5158420	In Northern Kansas, we observe overlap of a UFO research facility.
5158780	5162260	This facility is the US Army Leavenworth Research Unit.
5162420	5167500	In Texas, we find Fort Hood Army Research Unit as a UFO research location, however,
5168320	5173060	interesting to see this facility is not marked as a stiff, especially after numerous testimony
5173060	5177960	relayed by and research done by Leonard Stringfield. The Hamilton map deserves an
5177960	5183920	entire investigation of its own, and possibly I will do so with Dr. Sauter, because after all,
5184000	5188940	this map does accuse DUMs of existing at all locations we have previously discussed,
5189180	5194840	as well as many that warrant further investigation, including Fort Stockton, Fort Irwin,
5219780	5223960	Hey guys, it's Gerb and if you're still with me, thank you so much for joining me in this.
5224840	5230800	point, hour 20, hour and a half investigation into DUMMS. As many of you know, and as many people
5230800	5235200	have been looking forward to this project, DUMMS are a passion project of mine. I speak about
5235200	5240780	installations under Dugway, under the Antelope Valley, under the Northrop Tejon and Hellendale
5240780	5247760	facilities in numerous videos. I think probably my last four videos straight, I've mentioned one,
5247820	5253300	if not multiple of these locations. As we made it to the end of this video, I'd like to thank
5254840	5256000	all of his excellent research.
5256460	5258400	Now, this video is gonna be doing things
5258400	5259180	a little bit differently.
5259360	5261040	Of course, in every single one of my videos,
5261240	5264080	I include my show notes in the video description or a link.
5264540	5266360	Please bear with me a couple days here
5266360	5269640	as I have not only compiled my research links
5269640	5273120	for this video, but also every single document
5273640	5275600	that I can find that Dr. Richard Sautter
5275600	5277380	has included in his three books.
5277480	5279960	So every single defense technical document,
5280120	5282120	every single Army Corps of Engineers document,
5282280	5283860	every single document I could find,
5284840	5292620	So please allow me a couple days to compile all that and deliver that because I think it's excellent to read through all of those.
5293180	5296300	And please read through Dr. Richard Sauter's books. They're excellent.
5297320	5302780	As we know from today, the subject of DUMs is very vast. It's almost impossible to know where and when to start.
5302780	5315600	There is a tremendous amount of literature on deep underground facilities for continuity of government use, for ICBM silos, for just general underground installations accessible by vertical or inclined shaft.
5315940	5329360	There's also a tremendous amount of information specifically starting post 1974 with Bechtel on large scale tunneling systems and conventional and unconventional blasting methods.
5329360	5336500	This would be a tunnel boring machine or a nuclear subterranean as a conventional method or explosives or possibly nuclear detonation as unconventional.
5336760	5339620	And also a lot of literature on maglev technology.
5340020	5347040	I know these three subjects of interconnected dumb bases are often scoffed at without a lot of research.
5348120	5350940	But this is a very serious subject.
5351000	5357020	And at least I would say focused in the southwest and the American desert and the east.
5357020	5363080	there are probably large networks of DUMs. This would include New Mexico, Arizona, Southern
5363080	5368480	California, possibly up to connecting to Dugway and Colorado, and then a network out east,
5368540	5374920	including the Warrington Army Training Facility, Camp Peary, Camp David, the DUCC, which I
5374920	5382460	wager highly exists, and so forth. Now, of course, let's treat this video as a part one.
5382460	5387900	a part two will be a project with Dr. Richard Sauter. I spoke to him the other week for about
5387900	5392920	two to three hours and he graciously agreed to come on the show and talk more about DUMs.
5393300	5397580	I think what's really interesting here is there are numerous informants just like Bill Hamilton
5397580	5402460	had that have told him about installations and facilities and perhaps he can tell those
5402460	5408460	on our project together and relay them because he said some to me in our conversations that he
5408460	5413880	he hasn't repeated publicly that are indeed quite interesting. Also, when Bill Hamilton was still
5413880	5421260	alive, Dr. Richard Sautter talked to him at length about his network of DUMs maps. So possibly for an
5421260	5427440	hour, hour and a half, we will dive into that. So please look forward to a Dr. Richard Sautter
5427440	5433160	project coming in the future. And please also look forward to the show notes. You know, another thing
5433160	5438260	I'm doing is I'm planning to build a website, no signup needed. It's not the DPI archive, but I'm
5438460	5444500	to put up a website where I have videos, transcripts of the videos, and all research links, so I'd like
5444500	5449320	to put those there. The only reason I plan to do this is to make it easier to access all the
5449320	5454320	materials I put forth with my research. But I want to know what everybody thinks about DUMs,
5454420	5459300	specifically networks of DUMs. DUMs are not a controversial thing. DUMs do indeed exist. And
5459300	5463700	from numerous testimony, whether that be Leonard Stringfield, whether that be testimony to Sauter,
5463700	5469040	to Hamilton, to myself, there is an incredible argument that many of these facilities,
5469420	5475000	dumb facilities, engage in UAP legacy programs. I like to think back to the testimony of MS,
5475220	5481460	for example, which led to a tremendously fruitful venture into the dumb under Dugway. And of course,
5481460	5486460	we even have a specific entrance to that facility. Other research from other informants can be done
5486460	5490760	on this. Another thing I did differently in this project, of course, is I hardly interject when
5490760	5493880	when witnesses have spoken to me about testimony or given me testimony,
5494820	5499560	I thought it prudent in this investigation just when speaking about various dumb facilities.
5499880	5501460	And to summarize, these include,
5502500	5506060	I've spoken to individuals who have been in networks under the Antelope Valley,
5506840	5511960	in location under Texas that connected via underground train that went so fast,
5512040	5516400	it reminded this Army veteran of his fear of flying to White Sands Missile Range,
5516400	5522040	as well as what we might call the Deep Underground Command Center out east.
5522420	5524700	This is a location deep under the Pentagon.
5524740	5526060	How deep? I don't know.
5526200	5529320	However, I have good insight this is a facility,
5529400	5534640	or at least there are facilities here that are run by the CIA Directorate of Science and Technology.
5534940	5536620	If that sounds familiar to you,
5536700	5540240	that was the CIA office that blocked the material transfer in 2008
5540240	5543960	from Lockheed Martin to the OSAP program,
5543960	5546160	and that was the 1953 Kingman crash.
5546940	5550540	But the networks of DUMs are what are so interesting to me.
5550620	5553140	For example, hearkening back to the story of Ed
5553140	5556840	and the Nevada Test and Training Range and Edwards Air Force Base,
5556860	5561320	there's other testimony about connections in bases in Southern California
5561320	5566460	to Area 51, Tonopah, the Nevada Test and Training Range.
5567160	5569100	If I could ever get Ed to sit down in a room,
5569160	5570740	and believe me, I've tried to speak to him,
5570820	5573820	the first thing I would ask him if there's connective tunneling systems
5573960	5577100	and what type of vehicles, if there are, that connect these two places.
5578360	5581200	Now, absent in this video, of course, I talked about in the beginning,
5581240	5584720	are the stories of Bob Lazar, the stories of Dulce Base and Thomas Castillo,
5585400	5587340	and the story of Phil Schneider.
5587440	5592900	I believe that these witnesses, these subjects are very controversial.
5593000	5596100	So I didn't include them because of their controversy,
5596260	5600040	but because when I have such controversial claims,
5600180	5603120	I think it prudent to investigate those and vet those
5604160	5610260	determine any sort of objective information from those when we can. So, you know, S4, for example,
5610380	5615340	I do believe S4 is a facility that does indeed exist. Does it have extraterrestrial or non-human
5615340	5621360	technology? I don't know. An individual I've spoken to that went to S4 talked about colored
5621360	5627920	lines, where to walk, but he didn't see anything that would say non-human technology. But then
5627920	5632960	again, he was not privy to the entire base. But because of that, I would like to focus on subjects
5633960	5640840	maybe Dulce Base and maybe other locations as well. And I will do those in a separate project.
5641120	5646080	With this project, I wanted to take as objective of an approach as I could. I wanted to combine
5646080	5652620	the facts we know about DUMs, about tunnel systems, about maglev systems, and relay those to
5653560	5657340	stories of the Anselope Valley, stories of locations out east. I mean, there is a tremendous
5657340	5663120	amount of facilities I didn't get to cover here that I would like to revisit. So again, as I spoke
5663960	5669720	project with Dr. Richard Sautter, this is just kind of a taste into DUMs. I do think this is
5669720	5676420	one of the most consequential subjects of UFO legacy programs. You know, like I said, and I'll
5676420	5681180	say it again, most underground facilities, as we see from the U.S. Army Corps of Engineers and
5681180	5688840	other documents, were first proposed as a continuity of government, a COG, or a ICBM
5688840	5693660	silo facility. And we know that is partially true in the large FEMA underground center near Denver,
5693960	5700120	which everybody knows I'm from Colorado, so that's near where I am. So the clandestine operation,
5700360	5704500	when did these start? As we talked about the DUMs, there's a good argument that in post-1961,
5704680	5708860	when the U.S. Army Corps of Engineers really started to look into underground facilities,
5709940	5715520	massive ones ranging up to, up to in some documents, 8,000 feet underground into the
5715520	5720020	late 90s. I think this is when the vast majority of underground installations were built. When
5720020	5721660	When were the connective tunnels built?
5721900	5726540	If these do exist, which I believe many locations do feature connective tunnels.
5727020	5733500	This, of course, as we saw in the Bechtel report with conventional and unconventional tunneling methods, probably started around 1974.
5734420	5743580	Between 1972 and 1974, a whole host of tunneling committees and institutes were set up to investigate massive tunneling systems.
5743880	5748880	And of course, following in the 80s into the 90s, we see the same thing with maglev technology.
5750020	5753340	I think the order of operations here is likely the dumbest built.
5754060	5756600	Maybe a decade later, connective tunnels are built.
5756700	5760140	And maybe a decade after that, the full train systems are implemented.
5760360	5770740	I mean, in the 90s, we see the National Maglev Institute and we see corporations like Grumman, like General Dynamics, like Battelle doing above board maglev research.
5770840	5778460	So this could likely imply they had been doing clandestine research into similar projects into electromagnetics long before then.
5780020	5790000	It's an incredibly fascinating subject, especially when you start to look at the Bureau of Reclamation and what Dr. Sauter has relayed from his informants about the Bureau of Reclamation.
5790280	5800800	This was possibly an above-board tunneling system in the American Southwest that featured clandestine secondary tunnels to bore out whatever was needed.
5800980	5809180	And as we saw in the list I scrolled through, there are hundreds of tunnels from the BOR in the mid to late 20th century.
5810020	5813320	are hundreds of miles long. Some of these are thousands and they range in depths from
5813320	5818900	just underground to up to near a thousand feet. So when Dr. Sauter's informant relayed to him
5818900	5823800	that 10 men can operate a TBM and a good TBM in good conditions can chew through up to 10 miles
5823800	5828220	per year, I do think this is a likely candidate. You know, this harkens back to other UFO legacy
5828220	5834040	program funding operations, how we, what we get can make educated guesses via IRADS,
5834040	5840800	sole source contracts, IDIQ, and utilizing legitimate contracts to skim off funds for
5840800	5847720	UFO legacy programs. Now, again, I want to know what everybody thinks. If there are people here
5847720	5853820	who have been to underground facilities, massive deep underground facilities, please reach out to
5853820	5858420	me. I would love to hear about your experience. I will respect your anonymity. But if you have a
5858420	5864720	a location, a facility to describe, or an experience in such a facility, please reach out to me. I would
5864720	5869340	love to talk to you. But again, guys, let me know in the comments what you think. This has been a
5869340	5873920	long spiel, almost 11 minutes. I think I've rambled quite a bit. Please remember to like and subscribe
5873920	5879660	on the video. And remember, guys, I do have a Patreon. I don't gatekeep my content. In my opinion,
5879720	5883560	this might be stubborn or this might be a bit narcissistic. I think the content is important
5883560	5887780	to view. So I'm not going to gatekeep anything because I would like all of my research,
5888420	5892740	all of my projects and all of my research materials to be publicly available to anybody.
5892920	5896380	So the Patreon is there to support what you think the channel is worth,
5896460	5898460	not to lock off any content.
5898620	5902160	So with that, guys, I have a couple projects coming up.
5902220	5904620	I'm really, really, really darn excited about.
5904760	5906580	I'm trying to think about how I'm going to juggle these,
5906680	5910120	but about three projects on the immediate mind I'm already working on,
5910160	5913160	and that includes the project with Dr. Richard Sauter.
5913200	5916900	So I will catch everybody soon, and thank you so very much for joining me.
5916940	5917300	Bye now.
