start	end	text
700	5680	Okay, it says we're live. Let's see up here. We can see the amount of viewers trickle in
7780	15100	somewhere. Can anybody hear me now, guys? We'll see. I can't remember how to see the
15100	18880	amount of people right here. Okay, we got 50 watching right now. We'll let a couple
18880	24960	people roll in. What's up, guys? I am here with Michael. Let's make sure that we can
24960	32040	can see some people coming in. Yo, okay. So Harrison says, yes, what's up guys? Is the audio
32040	40180	coming in loud and clear? Please let me know below. Let's see. Okay. Yep. So guys, I am here
40180	45060	with Michael as a brief introduction. If you guys don't know, of course, I've made three projects
45060	50880	now focusing on Michael, my original video focusing on Weyant and Michael's story in
50880	57220	Indonesia in 1997 Peru respectively. Second project I made a video with Joey is not my name.
57600	63780	We kind of did a big deep dive investigation into Michael. And third Joey and I did a joint
63780	68200	interview with Michael in person and so here I know a lot of you guys have questions about
68200	72160	his testimony and so forth. I wanted to bring Michael on the show live in person. We're both
72160	77940	in Colorado so you know we've met multiple times and give everybody a chance to talk to Michael and
77940	80100	and kind of hear a little bit more from him.
80180	82800	So, Michael, if you have any opening words to everybody.
83140	85600	I mean, as usual, I appreciate the support.
85760	87160	I'm always chiming in on your channel.
87340	94320	I like seeing intelligent people, especially ones like you, doing your due diligence with your research,
94400	98860	not just buying everybody what they're saying, because there's a lot of disinformation out there.
98920	100600	There's a lot of people who are looking for money.
100900	104040	And it's unfortunate that that's the case.
104040	109180	and it's unfortunate I've done interviews with people who've brought people on that have done
109180	115000	that this is right you know how much money I made on this zero not much money I'm gonna continue to
115000	123540	keep making on this zero zero yeah I will I respect that a lot guys we're not drinking alcohol out here
123540	130820	we've got some some liquid deaths we're just we're here at my place just setting up is the camera okay
130820	132680	Okay, somebody says I'm using a potato cam.
132760	136060	Please let me know if the video is crisp before we continue.
136180	141540	Most of the videos of UFOs are shot with a potato camera.
141720	143260	So that's actually kind of fitting.
143580	148420	Yeah, a lot of these photos are pretty crap.
148520	153500	In Greer's last event, the early September one that I covered in a live stream,
153620	155700	he was posting pictures from a CE5 event,
155840	160100	and he ripped off somebody's photos from, I think, a Puerto Rico sighting.
160820	169080	well include him in his own now here's the interesting thing guys um so when did i go
169080	175560	out there with them um i got so much stuff going on so i ended up going recently not too long ago
175560	182060	with the career he had his event out in um temecula so he wanted me out there which is
182060	186920	great because i mean you know i'll help out people that need help and one i actually get to see
186920	191980	see firsthand if there's anything interesting coming forward as far as people in a similar
191980	195940	situation such as myself which there is one gentleman that you covered recently
195940	204100	um we'll just say Ed which is a good video by the way check it out yeah yeah so um which I
204100	211340	mean that was a great video so we did an event with uh Damian Lovato which I didn't know much
211340	215920	about her until probably prior going out there then I kind of looked at some things seeing some
216920	222960	greer now one thing i was really surprised about guys because greer gets a lot of crap from the ce5
223560	229300	that stuff's legitimate um there's stuff that i saw personally um especially with him going through
229300	235700	the protocols and a lot of different things um it was it it's legitimate i've got photos on my phone
235700	240540	i'll send you if you ever want to post them up on there i'd love to see them um which you know i've
240540	246480	sent to even some people who are working in the pentagon i'm working with uh senate intel
246920	252640	i've sent it to all them uh say hey i mean now we'll see you five legit and um so we did with
252640	259260	them levato now i saw a question in here uh recently on your post that you posted somebody
259260	265040	asking about an update as far as having somebody these insiders i'm working with that have wanted
265040	269920	to bring me and some prominent people out to have these three threes orchestrate their thing
269920	276320	we had something similar to that not as big but this was done in joshua tree where the insiders
276920	282380	with were present, which Joshua Tree is not too far from 29 Palms, California with the
282380	283780	Marine Corps Air Station.
283880	296300	So we did do a little CE-5 with some operators and we counted 93 anomalies, which we had
296300	297860	my flight radar app.
297980	301540	So I was always checking that to make sure it's not aircraft because there's some people
301540	303020	who like to say, oh, that's a UFO.
303020	308280	Actually, no, that's an American Airlines flight, you know, because they like to shift patterns.
308360	317360	They change the lights sometimes are distorted because the atmosphere, because of moisture, because of heat, because of a lot of different things, especially in the desert.
317440	319100	So we did that.
319540	321560	We also had a satellite tracker.
321800	324800	So we were tracking the International Space Station.
325040	332560	We are tracking Starlink, which there's a lot of satellites up in space with Starlink, which is ridiculous of how much it's up there.
333020	338580	flow in like seven to eleven at a time yep so uh we because some people were saying oh look at that
338580	342960	but it's like no we looked in our satellite chart and saw that no it's starlink because you can
342960	348240	point your camera your tablet in that direction and shows you what satellites are so the stuff
348240	352620	that was coming through we could identify there were things that were coming through that we
352620	356040	couldn't identify there were no planes there were no helicopters there were no satellites
356040	361640	and they would pop in and then they would disappear they move over here pop in we had some
363020	368140	strobes or lights that would appear like feet in front of us in front of the ground which they
368140	371620	were trying to take pictures of them to see if they captured anything but i haven't seen anything
371620	376260	with that but there are some videos that we took there are some photos that we took of that um that
376260	381220	i'll send you that happened and we also had thermals and night vision because that's how
381220	386720	these incisors roll it's really nice equipment so i was getting to play with their stuff and uh
387220	391760	it was pretty interesting guys so i know that grig gets a lot of crap for that but it's 100
393060	397020	And I've got photos to back it up and personal experience with that.
397280	399380	And I'm glad that it's at least real.
399560	399960	Yes.
400000	403200	If you have those photos, I'll gladly post them to the community.
403240	406080	Let them look at it in Discord and so forth.
406320	408340	Yeah, I think this is a good question here.
408860	412840	Was there anything beyond just lights, like any tangible shapes?
413260	414200	There were a couple of shapes.
414320	418060	One of the most common one that I saw was a gold disc.
418380	420060	And this one I saw three times.
420060	429120	One, it literally, so we were facing where we were seeing a lot of them pop in, which, by the way, the insiders were saying, no, we were tracking these same things at the base that was taken to.
429260	439040	So they track these when they turn on a certain system that they're operating there, which I think is kind of a hypothesis of, you know, they turn on something that gets their attention.
439180	443620	They like to come in and observe, and that's partially how they get shot down, too, to an extent.
444340	448880	Besides using these P3 operators to do that at this range that I know where it's at.
450660	457040	So this gold disc, we had one that looked like a shooting star and it was coming in and then it really it curved up all of a sudden.
457160	460520	Shooting stars don't do that. So that was the instance with that.
460580	464340	There was one that was just still appeared, was there for a couple of seconds.
464420	466940	And mind you, this is at midnight, one o'clock in the morning.
467160	469380	So it's pitch black out in the middle of Joshua Tree.
469880	479460	And as this was going on, too, the reason why I knew that this was also legit was because no aircraft is supposed to fly through these national forest areas.
480060	482960	They have an airspace that's close to that.
484500	488740	We had two helicopters the first night and the second night that were blacked out,
488760	491560	that were flying right towards us, and then they banked off,
491660	494620	and they basically kind of did a pass, and then they flew off.
494920	497300	And we couldn't pick them up on a flight radar or nothing.
497480	500740	Because all the other helicopters from 29 Palms, like the CH-53s,
500740	503120	there were some Predator drones that were flying off in the distance.
503200	503960	We were tracking that.
504500	506840	We were tracking every kind of flight, but these weren't picking up,
506900	509300	and usually that's because we were getting the bad guys' attention.
510060	515260	the insiders of course they have their toys they're like oh if they come we got we'll handle
515260	521600	it so these so the the helicopters are there in case people encroach on like restricted space or
521600	527640	uh bay spaces essentially kind well it's because we were we were doing contact and that was
527640	530900	something that was getting their attention because i'm sure they're tracking it every
530900	536680	time something was here so it's kind of like a um just like with me uh right after i came forward
536680	540900	and had my testimony reviewed, or I shouldn't say reviewed by Arrow,
541060	544460	but after that happens when I started getting harassed by black ops.
544860	547620	And I have videos and pictures of all this that I send over to Arrow,
547720	551600	sent over to Senate Intel, letting them know, hey, it never happened before.
551720	552980	Then all of a sudden it started happening.
553280	556920	I moved to different parts of the city where the airspace is restricted
556920	560780	because it's under an airport zone, and they were still flying when they weren't supposed to.
560820	561500	We tried to get radio.
561500	567620	year. They obviously weren't squawking, which is what the term is to put up all their information
567620	572940	to say that this is that flight number. This is the chatter going back and forth. And none of that
572940	579100	was heard. So I had relayed the information, the photos, the videos to two agents with
579100	583300	Department of Homeland Security who are also working in human trafficking that happened to
583300	587260	be pilots. So every time they said anything happened, send it to them. And that's what I did.
587260	600980	Good. So let's go through a couple questions. I saw some good ones up here. I will start to go through. I think this is a pertinent question asked by Fred. Did you experience this with Greer, him basically telling people not to share photos publicly?
600980	607600	publicly no he he's all for anybody sharing public uh photos videos and the reason being is because
607600	613540	it's almost like advertising for him for free so you know that's one of the big like I said that's
613540	618760	one of the biggest things that he gets criticized criticized on on the biggest so uh for him to say
618760	623440	that I've never heard him personally tell me that especially during the event with Danny Lovato with
623440	629300	these Insiders of Joshua Tree and then at the Calway Vineyard out in Temecula everybody was
631320	639340	I was up there with my Flightradar app, making sure they weren't counting anything as aircraft, trying to say it was the phenomenon because it wasn't.
639980	640520	Let's see.
641180	645800	Shardle, this is a bit off topic here, but of course, I think everybody kind of wants to hear about this question.
646220	648320	Tell us about your experience talking with Jonathan Weygand.
648600	651320	Any other details he might have said to you that you can expand on?
651720	658440	Well, Jonathan Weygand is a good guy, and I feel sorry for what happened to him because his experience.
659160	664520	I know what group it's the same organization that I encounter, which is the same organization
664520	668320	that the insiders I'm working with, but there's different factions within this.
668360	669900	And that's where people got and got confused.
670400	675360	So there's good guys in this group and they kind of don't want to be lumped into the bad
675360	680780	guys because once stuff starts coming downhill, they don't want to be tied with guilty of
680780	684720	association and just be treated as them as traders, as you know, all these other people.
684720	690820	people so um Jonathan actually was assaulted um there were some things that he did that he
690820	694920	doesn't want me to talk about which I don't blame him but they roughed him up pretty good I'll just
694920	702180	say that so he is uh still traumatized to this day as both of us are yeah you know it's um
702780	708360	that's unfortunate and I hope that he's you know he's working his life I mean he's doing good with
708360	712940	his personal work he's you know I offer to talk to him any chance so he'll hook me up occasionally
714720	719900	another you know so he's um he got the worst end of the stick than i did yeah i know i know he's
719900	723700	super restrictive about speaking i've tried to reach out to him a couple times and talk but
723700	731120	i just do not think he's interested well in the um the ufo podcast that i did with him um he had
731120	735980	some trouble with that talking to um that guy's gonna get mad because i don't remember his name
735980	740700	martin willis that's what it is um you know so there were some things where we were talking
740700	745760	and prior to shooting that video and he was having a little bit of trouble and he's just like hey i'm
745760	749720	not going to talk about this or i don't feel like talking about that and you can see it in his face
749720	756200	it's just you know i don't enjoy talking about the experience either and it's um i think for the
756200	764280	aspect of living with a fat fact for 14 years that i've hypothesized it was drugs it's easy to live
764280	769060	with but when i found out through these insiders and was showing all these things that it's people
770700	771880	that flipped my world upside down.
772000	773400	And I felt dread.
773500	775960	I felt guilt because it's like, well, you know, we were,
776100	778300	but we weren't in a position to do anything about it.
778340	780900	And it's not like we could do anything about it because we're outnumbered.
781320	785380	They had more assets on the ground and they are definitely a lot better
785380	785720	skilled,
785780	788160	especially knowing these guys backgrounds compared to just conventional
788160	789540	infantry in the Marine Corps.
789660	792280	So it just wouldn't have been a fight that we could win.
792460	794560	And speaking of that initial drug hypothesis,
794780	797640	this is one I've been exploring a lot because I know Greer has talked about
797640	797800	it.
797800	800920	Did he initially agree with you that he thought drugs were being trafficked?
800960	810500	I say that because within Greer's DPI archive, there's a witness under witness, I think, 10329, who discusses an airfield near Tennessee.
810580	811540	I know who you're talking about.
811720	814560	Out of the 160th using craft to transfer drugs.
814620	817180	Did he kind of throw that hypothesis in there?
817300	821700	Well, he kind of linked both of those together because it is known within this group.
821980	826380	And the insiders have said that, too, that they move contraband, they move weapons, they move whatever they can sell.
827800	834100	unfortunately people are also a part of that equation so um as far as drugs and contraband
834100	838120	yeah that's an easy way for them to get money that they can't track because most of the funding that
838120	843920	they get is through their own means with it which is cash only because it can't be traced and the
843920	848620	money that they do get from the government which is siphoned through black projects that are you
848620	853360	know classified but they're still known through the legislative branch especially especially a
853360	858140	presidential or executive right so they're siphoning funds from that they'll say they'll
858140	862880	say like the f-35 joint strike fighter for example which was a big project but they siphoned a lot of
862880	867480	funds for that to make other things and i think you brought that up even on your recent video with
867480	872800	ed talking about how um he was a part of that program and they were siphoning funds as he
872800	879100	disclosed and this is what he's told yes and uh so it's a real thing and and that's one of the
879100	883180	things with money laundering and wire fraud and a bunch of illegal activities that these guys are
883360	888320	committing and the problem is is that they've got people on the top echelons that are bought into
888320	893680	this because they throw money and that way they base it's almost like you you want to go you buy
893680	897320	an expensive car and you want to drive as fast as you can on the highway so what you do is you
897320	901680	see all the state troopers that are pulled over or police officers and you're throwing them 10
901680	905320	grand you know hey i'm going to come flying through here i'm just going to pay you off you
905320	910280	didn't see anything and unfortunately because how these guys are they buy into it and they do have
910280	915580	have some people that are not, but they're coerced through violent means to not say anything or their
915580	920160	families are surveilled and they're threatened. And this is what we all get to experience if you
920160	923660	have anything against them. There's a couple of really interesting points you brought up. There's
923660	927640	two other whistleblowers I've covered or individuals I've covered who have talked about
927640	935860	these programs using cash and like basically analog systems, as well as the F-35 program.
935860	940540	Correct. One of my good buddies, Kermit, the guy who helped me out with the crane research.
940760	946880	So this guy's serious. He and I are analyzing some F-35 contracts to try to look through some of those.
946980	953520	So if you guys don't know the F-35, I actually I think I had this on the cutting room floor of the video.
953960	961800	But this is an extra great detail. If nobody heard this in my my latest video on Ed and the reverse engineering at Edwards.
961800	967820	Edwards, but one of Ed's stations was as a subject matter expert on the F-35 program.
968280	972860	And this was around the time in those career notes where he talks about 30 and 40 billion
973400	975320	being used for non-Air Force authorization.
975960	980020	So I thought this was a little bit of a coincidence, too much of a coincidence to line up at the
980020	980220	time.
980320	984420	So the possibility of that F-35 program funds being siphoned there.
984640	990720	There's also individuals that have attended the Edwards Test Pilot School and the 412
991800	1000680	that have then gone on to work at DARPA and various intelligence programs and satellite programs at DARPA that are also former subject matters on the F-35 program.
1000880	1005980	So for anybody watching, I think that's a great line of research to start looking at the contracts around the F-35 program.
1006160	1012160	I believe it's a massive bloat of a program that funds may have seen some siphoning off.
1012260	1013380	That's still something I'm working on.
1013440	1016760	So this is the thing, too. DARPA only takes things that are significant.
1016760	1020260	They don't just waste their time with any kind of projects or any programs that may
1020260	1023380	not have any validity to them or anything that can achieve their outcomes.
1023540	1025560	They only take very serious things.
1025660	1029540	So when it comes to technologies around this aspect, they are well versed in it.
1029600	1031900	They'll try to play dumb and say they don't know what's going on.
1032260	1033560	But unfortunately they do.
1033660	1036620	They're one of the many agencies that, you know, I'll take one of these.
1037460	1038860	So you're not saying my breast stinks.
1038940	1039340	No, no.
1039600	1041300	I'm just like a thinking Altoid.
1041380	1041740	Right.
1042340	1046480	Bringing up DARPA, I also wanted to ask you, especially in my latest video, I was
1046760	1050780	to find connections when Greer was talking about blackjack control and blackjack team he's been
1050780	1054940	talking about that since 2013. have you heard anything about this so blackjack control I
1054940	1062120	understand is out at Edwards and blackjack team is at Nellis correct so when it comes to research
1062120	1066240	and development this is where Edwards air force base is going to be doing the test pilots for a
1066240	1071800	lot of the classified aerospace programs Nellis is actually going to be testing a lot of the
1071800	1078440	different variations of those and basically you have the sector between obviously a black project
1078440	1083000	going to a gray which is somewhat known and then going to blue which is official
1083800	1088360	so the point of nellis is to get the stuff that's going to be official and become a blue project
1088360	1093400	that everybody knows that's the whole point of testing this so you have now this is the
1093400	1098680	interesting thing too because what i tried to find out through your video and through methods that i
1098680	1109040	I know is to link and see how 412 is either pushing off things that are considered what would be deep black, which is unacknowledged, which doesn't exist, which the government can't find about it because it's private.
1109320	1112860	That's the difference is deep black is just considered private.
1113100	1115660	It doesn't mean that it's like, you know, oh, well, it's deeper than this.
1115720	1121220	It just means it doesn't have any trail unless you're actually personally read into this and you personally work in the program.
1121840	1133020	This was something I had brought up to Michael after my video because Ed's story and Edward's has nothing to do with the location you went to or the experience you went through.
1133300	1143880	So I was interested to see if there were any crossovers here, if this reverse engineering program is real, if these crafts then go to black budget operations or how they're utilized.
1143940	1147760	So I brought that up to you basically right when I made the video.
1147760	1153540	you well the facility i was taken to is in the vicinity of that area okay that whole they call
1153540	1157420	it the black desert that's what it's known for so they have eg and g out there they've got a bunch
1157420	1163960	of different companies besides lockheed besides northrop besides boeing besides um what is the
1163960	1168420	other um e systems i think is another company that's out there but eg and g is also a heavy
1168420	1174280	hitter and um the facility i went to they originally use it as rack testing for propulsion
1174280	1180440	propulsion systems for engines right but then it has a dual purpose of also using it as cover so
1180440	1184880	that way they can do these programs that are off the books that don't exist such as the shoot down
1184880	1190660	over this area and it's there's two installations that do this but the installation I was taken to
1190660	1197080	happens to be the biggest um one that does this because it's more isolated and it's a lot it's
1197080	1201020	more hidden because everything is subterranean it's underground for the most part if you look
1201020	1206020	at the top side you won't see any activity up top areas like this would make sense especially in
1206020	1211140	relation to the 412th and nellis seen as both edwards and nellis these general locations have a
1211740	1218440	basically a no-fly zone over these tests so they have a no-fly zone to an extent but when you have
1218440	1224800	a site that has been decommissioned that no longer exists but all of a sudden they they pop up a
1224800	1230560	temporary tfr temporary flight restricted area that is when it becomes kind of like okay they
1231020	1236660	some testing for some secretive programs out there but when they do it at certain times a day meaning
1236660	1242560	at night time when there's barely anybody out and they're very secretive on how they keep the
1242560	1247040	landscape basically to their advantage during this thing because they want to be seen right and i
1247040	1252220	don't blame them and anybody who does see see that go down you're probably not going to live to tell
1252220	1257860	about it because this is out of nowhere and just like some flights that have disappeared out in
1257860	1262740	in that area because they happen to fly in this TFR unknowingly and they try to wave
1262740	1263080	them off.
1263200	1265540	And I don't know what happened, but they hit them with these weapon systems.
1265580	1269780	And then the same team that I'm working with, because, you know, they have to do some, some
1269780	1274480	horrible things to an extent, because if they don't do their job, then that's a red flag.
1274520	1277740	And that basically means the organization is going to know who the bad, who the good
1277740	1281340	guys are that have a conscience that have good in their, their heart.
1282440	1286700	It's easy for them to get coerced and threatened, especially with their families on top of that.
1287860	1289300	which they've expressed this so many times.
1289380	1290460	So I understand personally,
1290600	1292100	there's people in the chat probably,
1292220	1292600	you know,
1292600	1294860	I would hope that you guys understand that these guys is,
1294900	1295260	you know,
1296840	1301080	they're working for a force that has the most secretive technologies that have
1301080	1302840	the most advanced technologies besides craft.
1303740	1307580	And because they're personally known means their families are also personally
1307580	1308400	known to an extent.
1308500	1310820	And these guys will stop at no,
1310860	1316020	no way to make sure that their families are also included with their
1316020	1316520	punishment.
1317860	1322140	area is so interesting because of course, just the 80 miles Northwest of Edwards is
1322140	1328000	where there's the Mark McCandlish story and of the Fluxliner ARVs.
1328060	1329720	And I was talking to you a little bit about this.
1330280	1334500	I know I'm going to make a video on Mark McCandlish and Brad Sorenson and so forth.
1334760	1340220	If you guys must know Brad Sorenson, I've kind of not been talking about this a little
1340220	1342220	bit because I want to keep it a bit of a surprise for the video.
1342300	1346460	But I will say that I have spoken to Brad Sorenson and I have been directly told from
1347860	1352540	keep investigating specifically the flux liners that i'll go the same way as mark mccandlish
1352540	1357180	and so i have uh screenshots i'll put up of him saying that stuff to me so that whole
1357700	1363380	location is extremely interesting very sensitive and you know like when we flew into that um
1363380	1368500	installation i still know the call signs of what they were having to use to get into that airspace
1369060	1374380	so um it's pretty interesting but you know that's the thing is even this guy had on his helicopter
1374380	1377740	some detections for EMP because they're tracking everything.
1378140	1381380	When they're tracking your helicopter, it was spiking.
1381760	1383200	So he's like, oh, let me make sure.
1383300	1385320	So he was on the phone actually as he's flying,
1385420	1389380	texting whoever it is that he was coming in and basically disarming the systems.
1389980	1392100	So it's a risky thing.
1392360	1395960	So I encourage if you guys are curious, do not fly out there.
1396180	1397400	Don't even drive out there.
1398340	1400440	You're going to see nothing for one but two
1400440	1404300	if you happen to gain access to that property, it's not going to be good.
1404380	1405420	These guys will chase you off.
1405720	1407860	I've said the same thing about a Dugway.
1407960	1409380	Cause I saw the DPI archive.
1409860	1413420	Greer went ahead and helped himself to posting my photos of,
1413440	1414220	of the Dugway.
1414440	1416140	I might've had something.
1416300	1416820	No, that's all right.
1416920	1417780	I thought it was funny.
1417800	1420300	Send them the video or send them the pictures because I'm like, Hey,
1420300	1422960	look, if you guys honestly don't know where it is, here it is.
1423280	1425220	Well, here's what I noticed about Greer.
1425840	1429080	Speaking to MS, it took some conversation,
1430440	1431820	where that location was.
1432000	1435880	I don't think Greer does the due diligence and wherewithal to do that.
1436200	1441860	Well, he's relying on the whistleblower such as ourselves to fully get him to understand
1441860	1444160	how, you know, or whatever they're working with.
1444240	1446640	Now, mind you, MS was not somebody who personally would go.
1446740	1450520	This is a scientist that he was working with that told him about this area.
1450820	1452180	So could it be a firsthand?
1452340	1455940	Not really, because the scientist would be the one that we'd want to talk to.
1456060	1458540	It wouldn't just be MS, for example.
1460440	1465500	It's even the same for myself. Like, you know, yes, there's firsthand stuff I'm doing with this with this team.
1467220	1470280	But which I mean, so here's the other thing that's frustrating on me.
1471560	1474160	Disclosure is about evidence, guys. It's not about testimonies.
1474160	1477140	It's not about even what I what I've talked about, what I've disclosed previously.
1477380	1479080	It's about evidence. And I understand that.
1479140	1483200	And every single insider I'm working with also understands that same problem.
1483360	1485420	But here's the other aspect that I want people to understand.
1485420	1492640	if you come out with tangible evidence and it no shit it can back up everything that you say
1493940	1500260	the this organization can also put evidence against you that will either contradict what
1500260	1504440	you're saying or either threaten your livelihood or will do things that make you look bad
1504440	1507520	and they're very they're experts at this they've been doing this since the 50s
1507520	1514200	excuse me and so they have a stranglehold on the secrecy aspect of it so this is the reason why
1515420	1531020	When people are close to coming forward who have tangible evidence, and I personally have seen this, they're coerced and they never come forward at any means besides just saying a little bit here and there to some, you know, either Arrow or to Senate Intel or to Armed Services.
1531280	1532840	And all of a sudden they get waved off.
1532980	1538840	And that one instance of them being threatened because they don't have any kind of security to back them up.
1538900	1543140	I mean, yes, laws are laws, but look at restraining orders.
1543780	1545160	It's just a piece of paper.
1545420	1550100	doesn't stop somebody from actually acquiring a firearm and go murdering the victim. I mean,
1550120	1555580	it's just a piece of paper. It doesn't do anything to forcibly restrain somebody besides being in
1555580	1560440	jail. I've noticed in the DPR archive, there's some witnesses I've talked about a few times,
1560500	1567180	specifically with this 10891, who goes by the acronym TE, who talks about like a retrieval
1567180	1572960	team at Nellis in the early 2000s. Within Greer's documents on him, Greer states that this guy has
1572960	1578560	been threatened and you know if greer's not forging these these documents there are text
1578560	1582320	messages text message exchanges between this individual and greer where this individual
1582320	1588720	saying he's been um basically if he talks more he'll be implicated with like uh essay type crimes
1588720	1593060	right well that's that's uploaded there and they say you will not be able to see your kids for the
1593060	1595660	rest of your life you're not going to be able to raise them because you're going to be sitting in
1595660	1599700	prison for the rest of your life if you don't think we're messing with you go ahead and proceed
1599700	1602420	And these guys never proceed because that's the fate.
1602560	1604840	I think one of the great examples, of course, is Grush.
1604940	1608040	He comes out, talks about planned reprisals.
1608180	1611820	He's immediately hit with the Ken Klipstein article, which flopped horribly.
1612020	1613440	It had the complete opposite effect.
1613820	1616860	Well, and that's the thing that people have to understand is anytime any of us come
1616860	1624780	forward with something tangible, there's people that they task to render disinformation against
1624780	1625160	us.
1625480	1629300	That is to say that people get jealous too, like in my case, or just because somebody's
1629700	1633440	personal vendetta that they don't like. They don't like you. So they try to humiliate you, which
1633840	1638620	I don't care. I don't get bothered by that. The person has no,
1641700	1644500	they have no responsibility in my life. They're not paying my bills. They're not
1644900	1648240	getting me to a level I'm trying to do as a business owner. They're not like doing anything
1648240	1652880	to contribute to my life in a positive way. So I don't care. But the fact I'm living rent free in
1652880	1657260	your head and you're thinking about me every chance, I mean, that's more on you. It ain't
1657260	1661500	about me. I'm doing the right thing here. You know, so, and I'll continue to keep pushing
1661500	1664940	forward. I saw another question where somebody asked, would I speak to the open hearings?
1665480	1670460	Absolutely. A hundred percent. If my number gets called and they say, Hey, Mr. Rara,
1670540	1675720	go ahead and come up to cap Hill. And you're going to testify. I will testify. And I will
1676300	1681460	behind closed doors. If I can supply them some evidence that would help them with this cause,
1681500	1686100	then I will do so. Um, obviously with the input of these insiders, because I don't,
1687260	1692820	fright for this either because they're taking a big risk. And, you know, the thing I told some
1692820	1697840	people previously, and this wasn't even on record or nothing, was these guys didn't have to help me.
1698180	1704120	They didn't have to show me anything. They didn't have to explain to what I saw, but they did. And
1705180	1708540	they could have just been secretive. They could have just said, oh, okay, here's a guy that's
1708540	1712480	related to what we're doing. And he witnessed one of our operations and that's all they could
1712480	1717720	have done they couldn't just say something but they actually exposed themselves and got to a
1717720	1724240	point where they actually educated me what i saw and the purpose of what their programs are how
1724240	1727920	long they've been in and to get these guys to get to know these guys on a personal level is also
1727920	1733440	really cool too they're good people genuinely they care for their families they care for you know
1733440	1737740	everything as a part as somebody with a good heart would care for it and they care about the american
1737740	1741640	people they care about disclosure they're pretty pissed off that this has been kept secret they're
1742480	1748420	people die over this stuff. And so if they end up coming forward at some point, which I hope they do,
1748500	1752100	we can see that. But you guys got to understand there's a lot of good people who are stuck on
1752100	1756460	the other side with this. And every time that there's some movement on the background,
1757280	1761400	getting closer towards disclosure, and I mean, evidential disclosure, I don't mean just hearsay.
1762300	1766860	It's always a two steps forward, one step back, one step forward, two steps back scenario. It's
1766860	1770700	just a tug of war. And it's going to continue to be that way. Do you think some of these insiders
1772480	1778520	encouraged to come forward if such legislation such as the UAPDA was passed with amnesty for
1778520	1782700	legacy program? Well, they've already told me several times that that would be the thing,
1782700	1786980	but physical protection is what they need. And Grant, I mean, these guys are high speed as it is,
1787400	1792440	but the fact that these guys are very trained because they come from special forces,
1792580	1797300	and I'm talking about tier one operators for that matter, that they're afraid of this,
1797360	1801400	and they are some of the best trained military members that we have in this entire country,
1802500	1808020	that's a big deal yeah and people don't understand that so um you know so they're kind of used to it
1808020	1812660	because they've been in this room for about 30 plus years so um and seeing the fact that they
1812660	1816920	actually get bothered by it it's refreshing because it shows hey these guys actually care
1816920	1821440	but at the same time you know um if they had something physical the other thing that people
1821440	1826080	need to understand i'm sure a lot of people do is once these guys are outed from this organization
1826080	1830620	they have no funds to support their family yeah that's something i talk about all the time that
1832480	1837680	doesn't cover any sort of pension for people possibly coming forward well so it's a trigger
1838360	1842120	the reason why it's a trigger is because they want to see who's the person who's going to be
1842120	1847280	the one to try to come harass uh you know somebody coming forward and threatening their pension
1847280	1852140	because then you take that person's identity and give it to these agencies who are enforcing this
1852140	1857360	and that would basically allow them to pursue this person with charges and go through the criminal
1857360	1862140	system which then they can prove every aspect of it and these guys of course would sing like a bird
1862480	1863840	as I know some of these guys in this,
1863940	1866180	in the good agencies that are doing this,
1867120	1869120	they're from special operations as well.
1869180	1870940	And they're very constitutional as people.
1871660	1874400	And they care for people's safety legitimately.
1874680	1875580	And they're good people.
1875680	1877720	And they don't take that kindly.
1878800	1880820	We'll start to scroll through some of these questions
1880820	1882760	because we could spend so much time on each question.
1882900	1885380	Guys, moving forward, because we're a little bit behind.
1885480	1887440	If you have a question, just put it in all caps, please.
1888060	1890140	And we'll try to address all of these questions
1890140	1894300	because long name says, are P3 and pink assets the same thing?
1894380	1894620	Yes.
1894920	1896280	P3 are pink assets.
1896420	1897360	It's just a different term.
1897560	1901500	Pink assets is basically a term for biological equipment,
1901740	1903560	which is what they call these people.
1904080	1909100	So anytime I refer to P3s or pink assets, that's why.
1909100	1910140	It's just the same thing.
1910500	1912780	Now, if people don't understand what P3 means,
1913640	1917120	it is a psionic potential predisposition.
1917340	1917820	Okay.
1917820	1922620	OK, so what that basically means is it's in P3. That's what we dub these people.
1922680	1928140	But the actual program, as far as them calling E.T. Kraft in, that's not P3 program.
1928600	1934400	P3 is the screening program for these individuals. And once they're passed through it, then they get siphoned off into that program.
1934560	1939200	If they are not operational, then there are facilities maintenance. They're doing administrative work.
1939320	1943980	They see these bases, keep everything self-sustained. So that way they don't need a lot of things outside.
1943980	1948980	side. The other instance too is because you have to do operations to go pick these people up from
1948980	1954640	third world countries or even the Bureau of Indian Affairs or Mexico, for example. It requires a lot
1954640	1958720	of time. It requires a lot of people. It requires people potentially seeing something. So they've
1958720	1963780	actually been doing a breeding program to basically manufacture their own people to live in these
1963780	1968760	bases and do their own thing. And they never come out topside. So, and if they do, it's because they
1968760	1970780	They have that predisposition to do so.
1970900	1974500	I think somebody asked that in my community announcement this morning.
1974680	1982700	They specifically wanted to ask you how these dumps or locations can sustain themselves by bringing in these people.
1982800	1984360	So like a closed ecosystem.
1984580	1984900	Correct.
1985140	1986260	Their own funding.
1986400	1988880	I mean, because these installations don't exist.
1988960	1989500	Remember that.
1989620	1993200	They did at one point, but they were turning to something else with their decommission.
1993200	2000620	And a lot of the times they have dual purpose, meaning that it could be a military base that this facility is in and underneath of, which happens a lot.
2000780	2009420	And they learn this from the blue team or the conventional government because there's a lot of military bases that deal with this, too, that have the good aspects of legacy program.
2009860	2013300	So a lot of people think also that legacy programs are all evil.
2013340	2013740	It's not.
2014280	2021060	There's certain facets that are, but there's some good facets of it that are pretty good that would help us, and they're on the verge of that.
2021060	2031140	But the problem is, is that they end up getting sequestered because black doesn't play around and they don't want anybody benefiting off of this because they want to keep the stranglehold of power.
2031360	2033200	That's all this is, is power to the Greek guys.
2033300	2034460	It's the stupidest thing ever.
2034760	2042420	And just to think that non-human intelligence exists and they will kill people to keep that hidden is just it's ridiculous.
2042600	2044200	It's laughable for that matter.
2044260	2047260	But in a sense of people being killed, it isn't.
2047260	2049000	But it's a very serious thing.
2049860	2054500	I didn't think it was this serious until, you know, obviously I didn't come forward for 14 years.
2054580	2057900	But, you know, it was more in the ridicule aspect compared to being threatened.
2058040	2064100	But then seeing this kind of play out firsthand, it's like, OK, well, this is shitty, but it's real.
2064240	2066960	You know. All right. We'll move down here.
2068440	2074900	Rise has a question. Do you think the MIB is part of the same operators that you saw in the jungle, kind of like the detectives of the operators before you talk?
2074960	2078800	I think that I think it's a little bit more complicated than that. It's way more complicated than that.
2079000	2083820	I don't know much about that. I mean, I'm sure it's a different because that's a Hollywood term is men in black.
2084020	2087440	Yeah, I can't remember the actual nexus of the term men in black.
2087620	2091540	I don't I don't know it either. But I mean, there's there's investigators.
2091740	2098880	There's there's people who go and that don't mind being seen personally that that course of threatened people who may have saw something.
2098980	2103160	And it's a real thing. But as far as the actual group, I'm not entirely sure.
2103160	2107560	Sure. Okay. So giant squid says, are there 4k compelling photos,
2107700	2110260	video satellite imagery? If you listen to Chris Mellon,
2110900	2113480	Lou Elizondo or David Grush, the answer is a resounding yes.
2113640	2114180	Yes, it is.
2114440	2118020	And even some of these insiders I'm working with have physical photos and
2118020	2119200	videos of stuff that they have.
2119380	2122940	If any of those ever leak out to the public, you know,
2122940	2123980	you know where to put them.
2123980	2128460	I will give my two cents on which one is real. If I, if they, of course,
2129100	2132660	lump me in into this as well. And that's kind of the issue is that, you know,
2133160	2136240	It's frustrating that there are some legitimate photos and videos out there.
2136280	2140140	There's a lot of them, but it's not necessarily NHI.
2140240	2141400	It's mostly our stuff.
2141940	2144140	And I mean, us as humans, I don't think like,
2144200	2148360	I wish I had a craft because, well, I mean, wouldn't that be cool?
2148460	2152040	There was recently all those videos of those Palmdale lights.
2152220	2154700	And of course, Palmdale is very close to the Edwards facility.
2155200	2156880	You know, I had kind of hypothesized,
2156880	2160040	what if that's just a testing of program assets?
2160040	2163000	Well, I thought that was drones that they were filming in Hawaii.
2163320	2168620	I think that was kind of – because they had some similar drone shows that they were doing that looked exactly the same.
2168940	2170160	There's some crazy drone shows.
2172900	2175240	Keijoku, if you're still watching, yeah, I'll drop the Discord link.
2175320	2176680	It's not just for Patreon.
2176820	2177320	It's for anybody.
2178080	2184040	James says he signed an NDA with CE5, but we'll go – okay, Shake Leather has a good question here.
2184040	2188100	here have you ever heard anything unusual said about the elect electromagnetic spectrum
2188100	2194800	specifically in reference to jdc2 or a potential future event I have not the only thing I've ever
2194800	2199220	heard of electromagnetic uh was obviously the weapon systems I saw that they used to shoot
2199220	2203840	this craft like scalar Technologies and you know these Insiders don't necessarily know how they
2203840	2208080	work because that's not the what they do you know that's not their expertise but they have people in
2208080	2211800	this organization that build them and know everything about them so if those people ever
2211800	2213720	ever come forward, which I hope they do.
2213840	2217900	It gained more interest in understanding how these systems are actually
2217900	2219220	constructed and utilized.
2219820	2223900	And as far as the NDA, I mean, if you sign one, you know,
2223960	2224640	it's unfortunate.
2224900	2226700	And I think that I don't, I mean,
2226760	2228580	if I was trying to show people this stuff,
2228680	2231580	you wouldn't make them sign anything, you know,
2231580	2234700	now if I was like, Hey, you're going to meet some people that are,
2234780	2235320	that, you know,
2235320	2238580	that I'm working with and you're going to sign an NDA because I need to
2238580	2239600	protect them.
2239660	2240580	And I got to protect you.
2242240	2244120	Scallions, thank you so much for the 20 bucks.
2244460	2245260	Hey, we're splitting that.
2245380	2246140	Yeah, absolutely.
2246720	2247760	I have no problem with that.
2247840	2248320	I'm just kidding.
2248460	2249040	That's all you.
2249720	2250160	Okay.
2250280	2252260	Here's a good question by Longname again.
2252380	2262840	Do you have any information about the event described in Sentinels of Ether, which is often similarized to Jon Stewart's alleged Lockheed Martin employee leaks on the 2004 firefight?
2263160	2264460	I knew I was going to get asked this.
2264460	2264880	Yeah.
2264880	2266580	This has been such a burning question.
2266580	2267260	Yeah, it is.
2267400	2269900	So that event in Mexico was real.
2270020	2271100	100% it was real.
2271800	2280980	As far as some of the fine details, some of them, you know, because the ghostwriter that they utilized to write this, there are some facts in it that are true.
2281480	2283800	There's some facts that are not true that are made up.
2284140	2289240	So what the whole intent of Sentinels of Aether, which, by the way, that book, I don't know.
2289280	2296760	I'll have to ask the insider, but that's going to be something they're releasing in its entirety of the 30 years that they've been dealing with this.
2296760	2304380	So there's some misinformation put in there to test DOPSR to see what they redact and to see what's classified or if they just don't do anything about it.
2304420	2307800	So it was a testing measure, which they have three copies that they released.
2307860	2311020	They had one copy they released to me. They had another copy they released to Greer.
2311120	2322280	And they had some other method of they released it to which they had the names changed and some wording changed a little bit to see who's releasing and who's going further with it.
2322280	2331500	That is interesting because in the version that you showed, Joey, myself, there are minor spelling differences to the version Greer has in the DPI archive.
2331780	2333220	These are super minor differences.
2333340	2334400	It's a word here and there.
2334500	2339540	It still elicits the same response and still has the same outcome.
2339680	2340740	It just doesn't change anything.
2341220	2344120	So as far as that, yes, that's real.
2344340	2348220	As far as Jon Stewart, what he's disclosed, I'm not 100% sold on that.
2348220	2357940	Ross Coldheart told me that there's some validity to that, but I'm not specific if he was talking about that 2004 case that John Stewart disclosed.
2358000	2369380	I'm not entirely sure of that. It just kind of it just it sounds identical to what I disclosed with that book that was given to me, at least those chapters in relating to what I witnessed.
2369380	2376000	witnessed but um i hope it's not real because that would suck but i'm knowing that what i've
2376000	2380920	been exposed to and what i'm trying to disclose it if it is then shame on these guys for allowing
2380920	2385800	that to happen the interesting part about ross discussing that in his reddit ama he was asked
2385800	2390100	this question he said that wasn't the only incident no it's not which is and this is a
2390100	2393840	crazy thing is this happens time and time again and it's going to continue to unless this gets
2393840	2395360	it's a real concern.
2395700	2398620	Let's move to 115th dream.
2398780	2400220	Can you or someone record a video of the scene?
2400240	2401200	We talked about this a bit earlier.
2401260	2402960	Michael has photos he's gonna share with me
2402960	2403800	and I will share those.
2403920	2405480	He'll post them that way you guys can see them.
2405580	2406720	And this is off my phone guys.
2406880	2409620	This isn't like, I'm technologically retarded.
2409720	2410820	I don't know how to edit shit.
2411580	2413420	I just take it on my phone as is.
2413580	2414740	I mean, I could even pull them up.
2415740	2417920	Let me see if I can actually show them to the camera,
2418020	2419580	but I'll show one of them.
2419960	2421540	Let me see, camera.
2425900	2428600	Then we'll move on to Shilgu trying to look.
2428660	2429020	All right.
2429140	2431880	So you see that?
2432500	2433100	Mm-hmm.
2435880	2437000	Trying to brighten this on.
2437600	2439280	Let's see if my crop stream cam.
2439560	2439960	All right.
2439960	2441000	So let's see if this.
2444400	2446720	Yeah, it just kind of looks like light on the camera.
2446720	2450800	It kind of does, but there's a ball in the middle that you can see, and it's a sphere.
2450800	2456600	so let's see if it can so if you can kind of see that there's a sphere in the middle of that
2457080	2462120	well yeah we'll we'll post those just to get it to get a better look but you know that's that's
2462120	2467340	kind of the thing is it was in the middle of pitch black so there wasn't um there wasn't
2467340	2472040	anything obstructing in any kind of flights i mean we were identifying those and they had red and you
2472040	2480780	know red and green lights or they had red and white i mean they were flashing strobes so you
2480800	2488100	Because Yoku says, can you talk a bit about the scope of those who are pro-disclosure versus those who are non-pro-disclosure within black programs?
2488180	2505360	Pro-disclosure, they are in the same boat we all are. Meaning that they want us to benefit from this technology. They want us to be further. They want to be on the right side of history. They've expressed this to me several times and they keep continuing to tell me this and I support them 100%.
2505360	2514400	The ones that are against disclosure are the ones that are trying to murder everybody who tries to come in contact with anybody talking about what they're doing or trying to blow the lid off of it.
2514480	2522840	And they want to keep the power struggle and they want to keep the resources and they want to keep the technology to themselves because they want to be the strongest group in the world.
2522880	2527460	They already are. Good job, guys. You achieved that. But it's not helping any of us.
2527660	2535020	These guys would rather keep everything and have everything go to shit instead of having this whole planet saved and all of us benefiting off of it.
2535360	2540560	the technologies i mean so there is a scientist i was working with and still am to this day
2541200	2546940	that uh introduced me to this device that was a scalar uh radionic frequencies and this particular
2546940	2554060	device scans your body 886 000 times and it goes from all the way down to a atomic level so it's
2554060	2557720	not even just cellular it even goes to the atoms and molecules that make up each cell
2558400	2563520	so i found some stuff that i had wrong with me and so they gave me this tinctures to actually use
2565360	2570260	purified water that they program with this device so you ingest it when you wake up and before you
2570260	2574180	go to sleep and they also have a destruction sequence so i was hooked up to this machine
2574180	2578920	first day for 12 hours straight which sucked and i fell asleep thankfully it was around nighttime
2578920	2583500	so i was already tired so they were staying up doing all this uh second day was like eight
2583500	2588580	hours the third day was like six hours and then they did a a destruction sequence so whatever
2588580	2593720	was pain they had a frequency to basically destroy these harmful cells these guys are
2595360	2601160	curing illnesses. As a matter of fact, my dad ended up taking our dog, you know, when I was
2601160	2604840	competing in bodybuilding, I didn't know, I had a full time job on top of competing. And that was
2604840	2609000	also like another full time job. So I had a dog that, you know, that my gift to my dad, because
2609000	2615220	I was not, excuse me, home ever. It wasn't fair to my dog. So my dad's had him ever since that
2615220	2621560	happened. And they ended up taking him to the vet. And he thought they had a bladder mass,
2621560	2627240	mass in his bladder that ends up usually being cancer most of the time. So I sent the information
2627240	2633060	to the scientist and they used a picture of him, which measures the photons in the photo of this
2633060	2637620	person. And they were able to tell what was wrong with him. And thankfully it was just parasites,
2637780	2640840	which is what they're actively working, the tinctures and everything to cure him.
2641300	2647160	So they've cured a lot of people with cancer and with any kind of illnesses. And it's something
2647160	2653460	then I'll never advertise as far as where you can get this because I can't because I have signed
2653460	2658800	paperwork stating that I cannot but if it was something word of mouth or somebody in this chat
2658800	2665340	having something wrong with them I can help you out you just have to get in touch with GERB and
2665340	2671600	he'll relay the information and they've done it all the way up even to stage four cancer this
2671600	2676900	scientist also had pancreatic cancer at stage 40 cured himself with it they literally told me
2677160	2682580	six months. I saw the paperwork. I saw everything supporting that. And this was years ago.
2685120	2690160	So it's just, it sucks that, and the reason why they are keeping this secret, at least the
2690160	2693620	scientists, is because if the FDA gets a hold of this, you know what they're going to do.
2694060	2699460	In the cancer industry, that's what it is. And I've had a lot of people pass away that I, you
2699460	2704460	know, one of my ex-fiances or my grandmother, you know, I was very close with, it was like my mom
2704460	2708900	passed away from pancreatic cancer at stage four and if I would have had
2708900	2712420	access to this prior to coming forward I would have done everything and I could
2712420	2716300	have given them the help that they could have to get that done and that's one of
2716300	2723000	the only regrets I have so it's just it sucks but the reason why they're keeping
2723000	2727820	it secret is because the other aspect of how you cure people is also the other
2727820	2732120	aspect of how you kill people so if you're taking away cells from the body
2732120	2736880	and destroying them you can also grow cells in the body and create cancers which is a lot of people
2736880	2740500	have came forward all of a sudden got hit with this and that's when they started having cancer
2740500	2744600	as a matter of fact two people on greer's team when he first started doing this came including
2744600	2751560	greer himself also which i don't think he's fully been cured but um two people died from from very
2751560	2757160	heavy cancers within months of them coming forward that makes me think of james allen in the mark
2757160	2763900	mccandlish documentary who at the end of his documentary was diagnosed and dead with a super
2763900	2768620	aggressive form of cancer in like a matter of weeks and also was found to have heavy metal
2768620	2772800	poisoning in his autopsy technology does you know so if it gets in the wrong hands
2773280	2777960	they they don't need to do i mean bullets and poisons and stuff like that's archaic guys i
2777960	2781840	mean that's just old school these guys are using these technologies to kill people and they do it
2781840	2784460	in the most inconspicuous way possible,
2784600	2785800	which is creating cancer cells.
2786020	2787120	And that's all it does.
2787160	2789260	It gets so uncontrollable that the person can't survive.
2789880	2790800	So Nick asks,
2790900	2793080	what would you say to someone who's a skeptic of your story?
2793160	2793940	I believe you saw something.
2794040	2795880	I think this is something interesting to talk about.
2795940	2797060	Something during your service,
2797120	2798780	but lost me when you said you had an insider
2798780	2800440	bring you into the full state side.
2800860	2801920	Why would they risk this?
2801980	2802500	While you answer that,
2802560	2803260	I'm going to run to the restroom.
2803360	2804060	Go for it, bud.
2804060	2806100	Well, I mean, here's the thing, guys.
2806660	2807600	Believe what you want.
2808820	2809980	You don't have to believe me.
2810060	2811380	You can choose to believe me.
2811840	2816920	you do everything that you want to do you have the freedom to do that get too big for the table
2816920	2821500	i know you know so if i'm trying to convince somebody i'm not going to waste my time they're
2821500	2826020	going to believe what they want and that's fine they can say that i'm somebody who is not truthful
2826020	2832020	they can say this they can say that please um you know that's your choice i'm not going to spend
2832020	2837220	because one person disagrees with what i say i mean i have companies to run i've got other
2837220	2841500	important things that are more crucial at the moment than sitting there trying to tell people
2841840	2846120	I saw what was real. Well, yeah, I know for a fact what I saw was real. And the insiders are
2846120	2852560	100% real. And that's the only reason why anybody who's actually in this group, or I should say,
2852620	2855920	even within the government or people who are disclosure that know of these people as well.
2856240	2860540	That's why they're taking everything serious behind the scenes. So yeah, people can believe
2860540	2863560	whatever they want. You don't believe me, that's fine. Cool. If you do believe me, cool. Thanks
2863560	2868440	for the support. You know, I'm just very neutral about things in life. And that's this is one thing
2868440	2873580	that's no different than that. And I'm just not going to waste my breath trying to prove to
2873580	2877700	somebody that what I saw was real. If they don't believe it, then so be it. It's not going to ruin
2877700	2881800	my life. It's not going to ruin my night. It's not going to ruin my attitude towards anything.
2882820	2886760	You know, and this is the thing. Most of these people that say anything like that,
2886780	2891000	I've never met them. So they're not involved in my life personally. So why am I going to care
2891000	2894920	what Joe Blow, who's in Arkansas, believes? I mean, it just doesn't have anything to interact
2894920	2897220	with what I do on a personal and daily basis.
2897380	2901280	And I encourage, you know, people in this chat to understand that
2901280	2904140	and apply that to their life too because so many people,
2904260	2907180	and this is, I brought this example up before in a podcast.
2907440	2908700	I don't remember which one I did.
2909580	2913460	I think it was Total Disclosure with Tyler, I think,
2913480	2917060	where I said that people, they put more emphasis into,
2917720	2919960	they're the main actor in their movie, right?
2920020	2920980	Your life is a movie.
2921060	2921900	You're the main actor.
2921980	2924780	You've got your supporting roles such as your wife, your boyfriend,
2924920	2931720	whatever it is. And then you have the extras like cab driver A and bouncer B and pedestrian C.
2932340	2937080	So instead of going off of what the supporting roles who give you everything that you want,
2937160	2943180	the support that you need and the attention, they put more credence into what these supporting
2943180	2948660	extras, which really don't even have a specific part, but you're putting so much emphasis into
2948660	2953340	what they think of you, when it should be what you think of yourself and those that are closest
2954920	2958200	don't support what you're doing that is it doesn't matter if you're thinking about starting a
2958200	2964080	business just remember this too i had the same thought the person who invented the pool noodle
2964080	2969840	is walking around as a multi-millionaire fidget spinner as well okay yes so if you think it's a
2969840	2973620	stupid idea nobody's going to encourage you to do it don't go off of what they say go off of what
2973620	2977560	you think and what you believe is the best thing you could ever do for yourself i had a lot of
2977560	2981600	ideas that i thought was you know okay this could work and end up working and i'm making you money
2981600	2986420	money. But you know, don't put so much emphasis into just random people who really don't put
2986420	2992180	any kind of part in there in your life in a positive way. You this is a thing like you can
2992180	2997080	think of your life was like almost like a window of some sort. Right? So if you leave it open,
2997240	3001480	you get all that nice sunshine. But when the when it's hailing outside, or it's snowing,
3001480	3004680	you have the ability to close that window and nothing comes in, right? You have the same thing
3004680	3008180	you can do with negative energy with negative people, you can do the same thing.
3008900	3015480	Okay, let's move on. Try to get through these. Do you think what you stumbled upon was part of our UAP defense program?
3015920	3034340	No, it was not. It was not a part of our UAP defense program. It was off the books. It was something that does not exist and shouldn't exist. And that's what I stumbled across. If it was something that was conventional government, then why the hell are we still flying B-2s?
3034340	3055540	Yeah, I actually wanted to ask you this. In Greer's most recent September presentation, he said that he thought the craft you saw was made by Lockheed. In all the research I've done trying to kind of search up octagonal craft, ARVs, I've only found tangible links to general dynamics. Have you talked to Greer? Where did he come up with that Lockheed thought?
3055540	3059660	well he's lucky he's known for making a bunch of different things there may be circular disc
3059660	3064840	shapes so that's probably his just assumption my understanding is that northrop and um
3065560	3068860	raytheon are more the triangle base which by the way that guy in tennessee that you were
3068860	3074180	talking about was doing the drug running or witnessed it or partook in it what he was
3075000	3080220	witnessing or a part of were triangular crafts so that's why i kind of asked her hey what kind
3080220	3084600	of craft did he see because i wanted to see if he actually had the same description as what i saw
3086240	3087540	triangular. So, I mean,
3087600	3089380	Greer's making an assumption at this point.
3089480	3091200	I mean, it could be general dynamics. It could be,
3091220	3092760	I mean, who the hell knows, really.
3092840	3095220	Yeah, I don't like Greer saying that
3095220	3097320	without proposing, like, any sort of
3097320	3099280	thesis behind it. Like, hey, here's why
3099280	3101260	I think this. Now, is he only saying that
3101260	3103260	now because he heard the story
3103260	3104880	of David Fravor being told by
3105820	3107280	like three-letter agencies that
3107280	3108720	the Tic Tac he saw was Lockheed?
3109200	3111380	I don't know. I mean, that's the only way that a lot of people
3111380	3113120	get information is through this network
3113120	3114640	of whistleblowers, and that's it.
3115640	3117680	there could be theories, but here's the thing.
3117740	3119440	When I say that there's something that I,
3119540	3121720	maybe a theory, then I disclose that,
3121760	3123720	hey, this is what I think may be happening.
3123900	3125300	It doesn't mean it's actually happening.
3125300	3126040	It's just a theory.
3126360	3128840	Yeah, that line, and I think this is something
3128840	3131580	that Jason Sands kind of got hit a little hard with,
3131620	3135880	is to be very clear when people are speculating versus not.
3136060	3138900	And a lot of the time when people like Sands,
3138980	3140200	they kind of get in some hot water
3140200	3142100	because they don't draw the line where they're speculating.
3142100	3142960	And this is the thing.
3143000	3144660	I don't know everything about the subject, guys.
3145540	3150880	experience and I will stick to that I will swear to that on any point and um you know and as far
3150880	3156420	as working with these Insiders and what I've been exposed to uh recently I'll stick to that that's
3156420	3160620	all I can I can really ever mention but anything that Bob Lazar's witnessed or you know what he
3160620	3164940	was working with or anything else I mean it's I know as much as anybody else on the outside
3165440	3170260	you know I only know with what I'm directly dealing with and and that's it and it's unfortunate but
3170260	3173900	you know because I wish I could say oh yeah this person's a dude or anything and I won't talk about
3175540	3177240	because it's not for me to say.
3177560	3179580	I can always stick to what I know.
3179860	3183800	So Laura says, have any of your family members had paranormal experiences
3183800	3185460	and do you feel somewhat intuitive?
3186260	3186820	Oh, yeah.
3187440	3192060	Growing up in my grandparents' house was pretty exciting as a kid
3192620	3195640	because there's a lot of paranormal stuff that happened, apparitions,
3195640	3196360	things like that.
3196420	3198360	I didn't believe in ghosts until we lived there.
3198420	3201160	Then all of a sudden I started seeing stuff move around.
3201300	3204660	And I thought at one point somebody was just messing with me
3205540	3208560	in the living room and i thought somebody's coming up and moving a rocking chair that my grandma used
3208560	3213020	to sit there and there was nobody there it was literally just moving on its own so it's like okay
3213580	3219640	well that's real so you know but again just like this subject with the ufo uap i mean there's a lot
3219640	3225780	of people who make videos try to get attention or they make photos to try to you know it's it's
3225780	3230180	stupid that we have to come to this point to try to figure out what's what and what's true yeah
3230180	3241880	Yeah, that's why I've often like almost renounced my research of photos and videos just because I can't really solve anything definitively.
3241880	3256400	We can't. And that's that's unfortunate. And, you know, let's just say hypothetically, during the experience I had, if I would actually had that camera still intact and I was to broadcast those photos, who would even say the same thing?
3256400	3257420	and then, oh, that might be fake.
3257720	3258640	Anybody can say that.
3258660	3259160	It's just a photo.
3259220	3259860	A debate with Ray John.
3260540	3261820	This is the way disclosure works.
3261920	3263260	There was actually a mutual friend of ours
3263260	3264660	that brought this up when we met with him.
3265960	3267140	He made a good point.
3267260	3270700	He says, if Jesus Christ was to come down here himself
3271100	3273800	and start juggling wine bottles hovering over a lake
3273800	3276140	and people were taking photos and videos of it,
3276220	3277500	how many people still believe that's fake?
3277960	3278760	A lot of people.
3278800	3278940	Yeah.
3279280	3280880	Unless you're physically there to see it.
3280880	3284580	I get people being skeptic, which, of course, be skeptic.
3284580	3286000	That's the only way that you're going to actually learn
3286400	3287600	something or blow something wide open.
3288040	3291640	Yeah, I think, I think that's a good piece of advice, a place of skepticism
3291640	3295980	with the ability to research, to research, yeah, to, to pull files.
3296540	3298140	And I do the same thing guys.
3298180	3300540	I mean, so when there's somebody who comes forward with something, I'm like,
3300680	3303120	I, okay, well, let's look into this and see what I think.
3303180	3307860	So in my network of people, I send them stuff that they, that is came forward
3307860	3310880	and say, Hey, we, is there any kind of validity to this really tell me year
3310880	3314000	and age, you know, and I gotta go off of that because the people I'm working
3314000	3318960	with not just even these insiders and but some wealth i'll just say well-known people in
3318960	3324780	disclosure um they know a lot more than i do so i'll give them you know tidbits here and there to
3325300	3329920	disseminate and say hey is this actually legit or is this something you think is fake and they'll
3329920	3335080	give me their feedback and that's like okay so wake for day says how then i think this is a good
3335080	3339840	question how do the bad guys allow the good guys to work with you and greer they don't know that
3339840	3343580	where they're working with us that's the problem and it's a good problem because it helps saves
3344000	3348460	realistically speaking, but, you know, that's why I'm keeping their identities very secretive. And
3348460	3355120	that's why they, they have an alias that they go by, as far as what I know, and they have a personal
3355120	3358760	life, which I don't know anything about to an extent. I know they've got families, but they
3358760	3365660	keep very, just like how, when they keep programs very compartmentalized, they're doing the same
3365660	3370240	thing with themselves. And that's where it kind of gets a little bit confusing for people. So,
3370240	3375720	So, you know, the particular gentleman, I know almost everything about him to an extent of what he shared with me.
3375840	3380420	Very good guy. And, you know, a lot of people don't know his true identity.
3380440	3385240	And I do. And, you know, but they don't broadcast this on the inside that they're working with anybody.
3385520	3388720	You know, it's not like it's something, you know, they're under surveillance.
3389180	3393240	They are shipped to an extent, but they got they removed them to an extent.
3394040	3398980	And which I mean, it's crazy how these chips look, too.
3400840	3407560	this insider for example and others are they not worried about grier's awful opsec operation
3407560	3412440	well they use it to their advantage and you know as a matter of fact i will just show you personally
3412440	3418840	what um what they've seen um what they showed with that because that was the same thing when
3418840	3423840	so here's the thing that kind of concerned me when i was he brought it up to my attention joey's not
3423840	3427660	my name brought it up to my attention too that they were saying he was going to relinquish he
3427660	3429120	He took photos of where I went to.
3430280	3434940	I didn't take any photos, guys, because I'm not like, what am I going to give these guys a reason to kill?
3435020	3439420	I didn't win them over on trust, and they didn't win over me on trust either.
3440540	3449280	But I wasn't going to sit there in a helicopter and start taking photos of everything, not to mention because at the time I was freaked out still because I didn't know who these guys were.
3449420	3452780	They could have taken me to the middle of nowhere and put a round in the back of my head, and that would have been it.
3452920	3453960	Sounds like James E. McDonald.
3454320	3454500	Right.
3454500	3467360	Right. You know, so that's something that obviously. Yeah, because even he says this, he says, between you and me, we knew when I took him out there that he probably couldn't resist sharing it.
3467400	3472740	It was intentional. It is time to start slowly leaking stuff out. And a lot of people consider him not credible.
3472840	3478460	So I wanted to give him some credible things. And because he has some skeptics, it'll make the news less shocking.
3479120	3483720	so that's using this to their advantage guys and that's what they do because they know what they
3483720	3488480	when they go through with somebody they know everything about them already they they ran
3488480	3492300	everything for me they looked me up and down before they decided to do anything with me because
3492300	3495480	they wanted to see if there was a chance of like oh that's him here's his real name that's where
3495480	3500460	he lives all that kind of stuff so you know um which i wouldn't burn that bridge obviously
3500460	3503980	because these are guys that you don't want to piss off for one but two i don't want to get them
3503980	3507420	I'm killed because that would be something I would feel very horrible to have happen.
3507800	3509320	And it goes with me as well.
3509400	3513120	You know, so that's why when I do any kind of work with these guys, I'm covered up completely.
3513880	3516000	I've got, you know, everything I need.
3516060	3516780	That's all I'm going to say.
3516820	3518160	But I'm covered up head to toe.
3519000	3521000	And because one, I've got tattoos.
3521600	3523060	Two, everybody knows my face.
3523140	3524200	And that's one thing they've disclosed.
3524300	3528720	They said, you're going to take a risk because if people find out who you are, it's not going to be a good thing.
3528720	3538900	I was interested in because especially in 2024 up to his September presentation, Greer was talking how he was going to release photos of sites he went to.
3539060	3542160	But I think the only pictures he released were of Hellendale.
3542180	3544700	And those were public images.
3544880	3546920	Yeah, that's already disclosed.
3547360	3550800	These guys fly over that range all the time.
3550840	3554480	And they personally have told me that, yes, they have stuff at that base.
3554480	3560300	base not nearly as whatever this other base is but they still have some stuff that's there and only
3560300	3565540	certain people are include access it's not a big underground facility it's it's not that big and
3565540	3569520	that's what they personally have said because that's what they've been you know so I take their
3569520	3573280	word for it because they go this this is their work this is their livelihood they know more about
3573280	3577620	it better than I do and so if they say there's there's not a whole lot of interesting stuff but
3577620	3582560	they do have some crap there then yeah of course but at the same time and they're saying it's not
3584480	3588240	other one then i'm gonna take the word for it because unless i personally go there and say okay
3588240	3591980	yeah i know for a fact but you know how hard that's going to be publicly to say oh yeah you
3591980	3596260	went to hell and dale you have no clearances with this and you went in with these people it's going
3596260	3599800	to also be for hard for people to understand just like even with going to this other installation
3599800	3605580	people still have a hard time believing that i was i was shocked at that event he actually not
3605580	3609400	shocked because on the dpi archive since he released those files he's had pictures of
3609400	3613200	of like what he alleges are kind of base entrances.
3613200	3615180	MICHAEL SCHRAETT was the one that took the photo
3615180	3617940	of the entrance of Hellendale, at least that part,
3618080	3620880	which is a water aqueduct, which is not really the case.
3622860	3625640	Michael, which of course you can't fly over these airspaces
3625640	3627700	because you have to have a call signs
3627700	3630340	and they have to clear you to land or clear you to fly over.
3631600	3634480	And so obviously Schraett was not able to get that close
3634480	3637220	to it because he probably would have been either shot down
3637220	3641040	worst case or they would have waved them off and they you know because edwards is right there this
3641040	3645780	group can scramble fighter jets or fixed wing or rotary wing even to intercept and do whatever
3645780	3651520	they're going to do it's the same thing with nevada test site yeah i was i'm surprised strat
3651520	3656080	took those photos i didn't know that that's that's strats actively investigating a lot of stuff like
3656080	3661780	plant 42 edwards complex china lake facility which i've never heard of until recently that's a naval
3661780	3666620	facility which is a lot of people ask me about them i have no idea and then when i looked up i
3667220	3670380	That's close to where I was going to work with these guys.
3670620	3675100	So Florian says, do you know about such missions nowadays in Germany and other European countries?
3675440	3682560	I do not, guys. There may be the case with that, but I personally have no idea what they're doing over in Europe or any part of the world.
3683600	3689100	OK, let's see. I'm trying to get. OK, another question from Mr. Longname.
3689200	3695420	Were there things shown to you? Were there things you were shown by the insider directly related to the craft you saw in Indonesia?
3697220	3699260	craft, reverse engineering, documentation, et cetera.
3699880	3701220	Reverse engineering for the most part.
3701560	3704480	Weapon systems and nothing with the craft that I saw.
3705640	3707000	That's all I'm going to say about that.
3707060	3708680	I can't get too specific with it.
3708780	3710700	And when the time comes where I'm able to say,
3710780	3712200	because these guys are cleared from that,
3712340	3714040	meaning they're not working there anymore,
3714180	3716080	then I will be able to talk about it fully.
3716200	3719840	But right now, these guys are my main priority of keeping safe.
3720280	3723900	So when that does happen, unless they come forward themselves
3723900	3725860	and blow everything off, let's say personally,
3727760	3730840	and I hope that that's the case one day, but we'll see.
3731140	3734360	Now, WacomX says, and I think this is in relation to P3,
3734560	3739440	I think probably like 15, 20 behind on the questions.
3740640	3742340	Do you know how the P3s are used?
3742500	3744000	They sound more like cattle than pilots.
3744060	3746960	And I would just put in that the term pink assets
3746960	3750140	absolutely sounds like a very dehumanizing thing.
3750140	3751460	It is. They don't look at them that way.
3751480	3752820	They look at them as biological equipment.
3752980	3755940	That's all they characterize them as, right?
3757220	3761380	That's how they look them. You know, that's all they tell them as far as what they're they just use them for their abilities.
3761420	3764340	And that's it. And they you know, so they have the ability.
3765000	3771140	But what they do when they have that ability is they amplify that ability when they give them a protocol of drugs that they use.
3771220	3773480	And that's something that's more harsh on their body.
3774160	3780800	And not only that, but the exposure of a lot of these exotic materials, I'm sure, is not healthy and it could be harmful to us.
3780960	3784960	And so I'm sure they're subjecting themselves to that. But most of these people have a very short lifespan.
3784960	3792120	now and that's very hard to swallow because mainly what i'm what i want to do is get these guys out
3792120	3796720	of this organization however way i can and two i want to get these people to stop being you know
3797320	3802140	utilized for this kind of stuff it's very barbaric i mean it's they're taking you know they accept
3802140	3806500	the role to an extent but they don't know what they're accepting the role too so it's like
3806500	3810900	they're getting tricked fred says detailed question about your story probably relating
3810900	3811640	and back to Indonesia.
3811840	3813920	Did you ask the Hilo pilots afterwards
3813920	3814820	if they saw anything
3814820	3817040	and how did you know which pilots to talk to if you did?
3817140	3819140	I just asked any of them which one they flew
3819140	3820180	based off their call signs
3820180	3821720	because I was working the officer's mess.
3822080	3823260	So I saw what their call signs
3823260	3824000	and what they're putting on.
3824060	3826800	So I have very close connection with these officers
3826800	3828060	that were flying these helicopters
3828060	3830040	and none of them said they saw anything.
3830460	3830820	Copy.
3830920	3832960	So, but yeah, I mean, it's just kind of curiosity.
3833120	3834160	I don't want it to lead to anything,
3834320	3835840	but none of them said they saw anything.
3836520	3838240	Kai, nice new profile picture.
3838460	3839680	I'm sorry, the Browns suck.
3840900	3844800	when you saw the ARV, were you able to see much of what the underside looked like as in where the
3844800	3848220	hovering platform raised up? That's a great question. I asked the same thing when we did
3848220	3852040	our in-person. Yeah, I didn't see, you know, we were off at a good distance to actually see what
3852040	3856920	was underneath this thing. So now, unfortunately, that's something that I don't know. I've never
3856920	3863260	seen the underneath of it. Just the side profile and that platform is about it. Let me, and the top,
3863260	3867560	of course, you know, because of where we were on top of the hill coming down. Let me pull up a
3867560	3868040	a question.
3870560	3870960	Okay.
3871920	3873560	Does Michael have any contact with
3873560	3875720	any of the other two whistleblowers that were on
3875720	3877600	Sean Ryan and the NPC, Eric Hecker
3877600	3879420	and DC Long? Yeah, I still talk to those guys.
3880000	3881700	It's not frequent
3881700	3883800	enough because they're doing things in their personal
3883800	3885700	life. They're trying to stay busy. They got
3885700	3887760	work. They got personal matters to deal with, but we check
3887760	3889720	in with each other here and there.
3890940	3891720	They're doing good.
3893860	3894800	Okay, let's see.
3894800	3900600	I think this one might be for me as an engineering student, I'm interested in what sort of engineers
3900600	3904440	you've encountered, well, both of us actually, if you've had any interesting or notable jobs.
3904620	3908160	My engineering jobs have all been very boring except for working on vertical access winter
3908160	3908780	bides in Iceland.
3909520	3915040	I have no access to engineers, at least at this point, but believe me, if they ever make
3915040	3919980	themselves known or I get to have a conversation with one, there's going to be a lot of questions
3919980	3920480	I'm going to answer.
3920600	3922540	It may be boring to them, but for me, it's like, I don't know.
3922540	3924220	And keep hitting those books, Morblo.
3924520	3925300	Get through it, man.
3925340	3926560	I know engineering school sucks.
3927120	3927480	Okay.
3927540	3931220	Rye says, can you tell your story summarized one more time?
3931400	3932960	I know you've told it a thousand times.
3933100	3936520	Maybe if you could restrict it to like an elevator pitch of a story.
3936620	3936980	Okay.
3936980	3938200	Because we have so many game questions.
3938440	3939380	That's a good term to use, elevator pitch.
3939540	3944600	Basically, Humanitarian Assistance 2009 in Padang, in the city of Indonesia, we were tasked to do that.
3944900	3946860	I had a team of six, which I was included.
3947040	3949580	So six of us total that were supposed to go secure a landing zone.
3949580	3953140	and we ended up basically taking cover in a tree line.
3953280	3955240	And then we turned around and saw a craft there.
3955320	3956540	So we went to go investigate it,
3956580	3957280	which we didn't know was crap
3957280	3960020	because of how obscured the jungle was making everything
3960020	3961160	until we went to that clearing.
3961700	3962900	As soon as we saw it,
3962920	3965500	we were intercepted by a team of paramilitary guys
3965500	3967960	that were not conventional special operations
3967960	3969120	or anything of that matter.
3969200	3970360	They held us up at gun points,
3970380	3971500	stripped us of our weapons,
3971980	3973860	scanned our IDs with some devices,
3974260	3976800	which was a CavCom system,
3976800	3982280	system I think is what um John Romero said it was right I think so I can't remember the exact
3982280	3987900	acronym but yeah it sounds like that yeah so um which I didn't know what any of that stuff was
3987900	3992560	so we saw some basically as we were held up at gunpoint we saw some vehicles that were trucking
3992560	3996860	these uh trailers that had some cylinders on them which looked like a ventilation system
3997560	4002480	and as soon as those went onto this platform and um which I didn't see where the trucks went I
4002480	4005520	still don't know where the hell they went to this day they could have been on a craft but by the
4006800	4009640	That's what got our attention to look at it, and that's when it took off.
4010040	4013720	So as that happened, we ended up told to face the rear.
4013840	4017600	They gave us back and strapped our weapons to our back, put our magazines in,
4017680	4020060	so that way the rounds were facing up instead of down.
4020080	4021000	How are you supposed to have them?
4021020	4021740	Brass to the grass.
4022420	4027960	Hightailed it up the hill, went to the LZ, and essentially went back to the ship,
4028080	4030420	and that's when I had my camera because on that hill I took photos,
4030480	4033620	and they ended up destroying the camera pretty much because I could not turn it on,
4033620	4036840	and the battery is missing on top of the memory card.
4037000	4038500	So that's what happened.
4038640	4039800	And since I came forward,
4039860	4041120	I've been helping with these insiders
4041120	4042020	that work in that organization
4042020	4043840	that was doing a recruiting operation
4044700	4046880	to pluck people out of war-torn
4046880	4050000	or disaster-ridden areas
4050000	4051680	to give them an opportunity
4051680	4053340	to participate in these programs
4053340	4055440	and being used for what I've disclosed already.
4055900	4056380	Awesome.
4056520	4058300	That was perfectly summarized.
4058820	4061100	Okay, Jiminy, thank you so much for the 20 bucks.
4061200	4062960	I'm glad you still go get Chipotle,
4063620	4070280	Thank you so much for your support. Thank you. Awake for Days is just a comment because I'd love to just anyone new to the chat.
4070400	4076780	We're talking about the F-35 program and how this is possibly used for smuggling funds into blue or black.
4076960	4081860	Yeah, it's not even I mean, that's a well-known program, which is why it's easier to kind of try to go through this stuff.
4081960	4086860	But a lot of these black programs suffer the same fate. This is a far out question.
4087120	4092340	Fallon said, do you think it's possible the people you encountered at the UAP site were from a future timeline or even an alternate timeline?
4093620	4097040	I mean, they had our newer versions of the equipment that we've had.
4097260	4099200	And, you know, just so the speculation is,
4100220	4102120	Greer has made this comment over and over again.
4102220	4105860	And he said that anybody that was in my shoes that he's ever heard of,
4106300	4107340	they were all killed.
4108180	4113000	And I'm the only one besides our team that actually survived, right?
4113060	4113980	Because they didn't kill us.
4114160	4118120	So they gave me a speculation to say maybe these operators were also good guys.
4118660	4120480	Like with the insiders I'm working with,
4120500	4123300	they're not going to do us in because they easily could have.
4124080	4126300	And so that was kind of the thing that I thought about.
4126340	4129980	I was like, okay, well, these guys, they obviously let us live for some reason.
4130500	4137160	And so my hypothesis is maybe these are some good guys that had to work and put up the perception that they were going to do bad.
4137780	4138400	Okay, let's see.
4138420	4140200	Mr. Longname, we touched on this a little bit.
4140360	4144340	Michael said what the insider showed him pertained to reverse engineering, correct?
4145100	4146360	Okay, let's go on.
4146520	4148440	Jimmy says, are either of you concerned for your safety?
4148460	4149200	Me, not so much.
4149220	4151480	But Michael has talked a lot about reprisals in the past.
4151600	4152400	That's why I'm armed.
4153620	4157080	heads on a swivel. It's just my family's gotten messed with too. So it's not just me.
4157440	4161260	And it's something that I kind of expected. But now that I've got the resources I have,
4161420	4166980	it really kind of has diminished every now and then it'll pop up. And they told me that it's
4166980	4170440	not black SUVs or black vehicles that you got to worry about. It's they're all white.
4171400	4175460	Because when I got my car, that's why they're like, Oh, yeah, that's what we used to go pursue
4175460	4179960	people with. So don't look for black vehicles, or black SUVs that the feds use only look at the
4179960	4180620	the ones that are white.
4180740	4180920	Yeah.
4180960	4184420	I think anybody driving when they see like a black suburban and their
4184420	4187420	headlights just has that in the rear view has that ingrained into their
4187420	4187520	head.
4187600	4187680	Yeah.
4187680	4188640	That's a white vehicle.
4188860	4189540	So that's,
4189540	4189840	that's,
4189840	4191380	that's kind of resources I've got guys.
4191680	4193260	So can you speak more on factions?
4193340	4197040	It sounds like there's military tech available only to specific factions of
4197040	4197420	the government.
4197480	4199020	Is this a political split or a need?
4199520	4200220	Need to know,
4200340	4200820	need to know,
4200880	4201980	need to know politicians.
4202360	4203400	I don't know what's going on guys.
4203440	4204100	And the ones that do,
4204180	4205800	they'll never say anything about it.
4205980	4208720	There's a reason we're having open hearings where guys like Moscow would
4208720	4209120	say that.
4209180	4209520	Correct.
4209960	4214300	don't know what's going on there's a reason why marco rubio has tried to subpoena people too
4214300	4219820	i've had rubio talk through the gentleman that you know that i was testifying to he was asking
4220360	4226200	specific details because rubio asked him to ask me a certain key i had an arrow testimony and
4226200	4230160	after that okay yeah after that through signal because they wanted to kind of try to pinpoint
4230160	4233740	because there's some other stuff so this is the other thing that was crazy to hear is this
4233740	4240360	gentleman that used to work for um senate intel committee um he said that basically he heard on
4240360	4245540	the back end of things that people were coming for not forward but they were saying that were read
4245540	4250900	into the subject to an extent they said oh yeah those operations that see what mr rare talked
4250900	4254940	about that's how they happen so it's like okay well what are you talking about are you talking
4254940	4258980	about plucking people from third world countries are you talking about the legislation of arv
4258980	4263240	right right so that's kind of brings up more questions than that yeah yeah but so he was
4263740	4267860	like, just know what you saw was real. Yeah. Nobody needs to tell me that. Right. Yeah. I was
4267860	4273420	there, you know, it's just, it's imprinted into your brain for 15 years. I'll actually already
4273420	4280360	is. 2009. Yeah. 15. Almost October 9th or 10th. Yep. Uh, what are your thoughts on the UAP
4280360	4285600	settings in Israel? I've not heard or seen anything about that either, but I will look
4285600	4289040	into it and see what, uh, see what's going on. Good question from Nick here to the insider,
4289040	4296780	make you sign an NDA? Yes. Multiple, just one? Multiple. This is a good point brought up by
4296780	4300580	Merga Troid. They use IRAD, Independent Research and Development. Grush has talked about this,
4300620	4305780	waived USAP, as well as IDIQ, Indefinite Delivery, Indefinite Quantity Contracts as well.
4305920	4310360	I've heard of IRAD, so that's definitely legit. Are there any connections between the famous
4310360	4314060	Mosul orb and the USA's involvement in counterterrorist activities in Mosul? I am not
4314060	4320020	I'm not sure exactly. I don't. I do not know the continued story of the Mosul.
4320120	4326500	I don't either, guys. I wish I did. But unfortunately, I don't know a lot about anything outside of what I'm dealing with.
4327440	4332080	OK, how do they fund all this? The program doesn't seem cheap skimming off of legitimate programs.
4332760	4338280	It's a very good question, as a matter of fact. So I've talked about this earlier and especially different interviews like besides them,
4338280	4343180	suffering siphoning funds from the black budget, they're also making money on their own accord.
4344060	4347940	for certain technologies they put out that some people are cashing out on this organization as a
4347940	4351740	whole so it allows them to find we're talking about millions of dollars that they're getting
4351740	4357240	annually the other thing is is they're selling weapons they're selling narcotics they're doing
4357240	4361880	a lot of things that get them money cash specifically so it's not traced so they're
4361880	4368620	fully self-sufficient the only thing is because we've talked about this with eminent domain or
4368620	4374620	or them, you know, if there's these organizations, I'm, excuse me, I got hiccups. If they have
4374620	4379520	these aerospace companies that are partaking in, you know, sequestering this technology and keeping
4379520	4384180	it from Congress or Senate. So they've recently put out, I shouldn't say recently, it's more like
4384180	4389080	within the last year, that if anybody is known to have this kind of stuff, and they're keeping it
4389080	4392100	hidden, that they will lose their ability to have contracts with the government permanently,
4392300	4397220	which means they lose billions of dollars. So they're gonna, they're not going to chance that,
4398620	4402920	Okay, well, if you're still existing, you have no contracts, how are you still getting money?
4403260	4405200	That's another red flag they're going to throw up.
4405320	4412560	So that's why they need to still keep siphoning funds from the black budget to still stay in business, if you will, from a top-side perspective.
4413080	4417220	Could any of all this activity conflict with early detection defense systems?
4417280	4422720	I have heard stories of Star Wars program, SDI, DSP, and so forth being used for UAP detection.
4422820	4427660	I've heard the same thing, but I personally cannot guarantee or say that it's definite.
4429120	4433720	again you know me just hearing it from other people like greer so if you know if there's
4433720	4438740	anything tangible that anybody can broadcast to say that this is what it is or they have
4438740	4443440	neutrino detectors on the systems that and they have uh weapon systems that shoot down craft and
4443440	4447320	you know unless i know from these insiders which again they only know what they're dealing with
4447320	4452380	firsthand as well for research avenue i would suggest looking at danny sheehan's claims of
4452380	4459500	golden dome technology which is he says used to detect cloaked uap i'm back can you ask michael
4459500	4463820	yes absolutely to ask his sources if las vegas was a real landing that the team knocked down that
4463820	4469320	craft i think that's the uh i'm not too familiar with the las vegas case i just remember that was
4469320	4474580	the one that went in their backyard you know that video that they looked outside and they saw the
4474580	4479280	imprint and the gravel in the background and they saw these beams that were in these tractors or
4479280	4483960	something i've heard of that but i've never seen i can't ver i will ask them to see what they think
4483960	4492320	but my reservation says that probably may not be um true okay i'm not i mean granted i mean i could
4492320	4497260	be wrong i mean i don't i don't know is what i'll just say but my personal feeling is i don't think
4497260	4500880	that that may be a legitimate case okay sorry about that noise no you're good you're good
4502160	4505880	let's see uh why do you think that you were trusted with all this info by the insiders
4506400	4510760	you've answered that right because you they want me to disclose this and that's the whole point
4510760	4516380	it's not like you know is it uncomfortable that i'm being watched even by them yeah it is but at
4516380	4521320	the same time they're keeping me safe so my role with them is to help them get this out for
4521320	4525300	disclosure as much as i can and there will be a point where there'll be physical if there is
4525300	4530840	physical evidence then that's going to be the thing that blows this up top side so yeah nick
4530840	4536440	Nick, we kind of answered this question with Mr. Longname's testimony in terms of have you seen any evidence?
4536540	4542240	Michael commented on experiencing reverse engineered type subjects.
4543260	4543580	Okay.
4543720	4547360	Do you believe that real footage is out there, but we just see it as fake or inconclusive?
4547440	4547980	Probably, yeah.
4548240	4548860	It could be.
4548940	4550540	We talked about this.
4550640	4553300	There's kind of a futile debate with footage and photographs.
4553920	4555360	Mr. Longname, I'm sorry.
4555820	4556980	I don't know how to say your name.
4557020	4558020	Do you regret speaking to Arrow?
4558160	4559040	That's a very good question.
4559300	4560000	That is a good question.
4560040	4560480	I do not.
4560840	4577600	The only reason now let's just say if I would have spoke to them prior to going to Senate Intel Committee or Armed Services or any of those those bodies, because when I went to a skiff in the Senate Hart office building prior going to the Pentagon area and I told them everything I told Arrow.
4577600	4584520	So the gentleman that was in the skiff with me at the Senate Hart office building actually accompanied me in Arrow as well.
4584620	4590780	And he was there. So I gave him the same thing. And he told me fly off the off the bat that Kirkpatrick was somebody that.
4591920	4599820	Is shifty. Yeah, and I saw that in person, so I'm not going to talk about him, but, you know, I you guys pretty much know my stance with that.
4600140	4603600	It's just he's reporting to people that were part of the legacy program in that panel.
4603600	4610280	And it's like it's a huge conflict of interest. They're going to tell him what he can disclose and what he's going to say that we're all fucking crazy and liars.
4610300	4615940	So for all thank you so much for the ten dollars. Any thoughts on Bob Lazar and S4? I talk about this a lot.
4616040	4621100	I try and not focus on Bob Lazar because I am far too biased to his case. I want to believe it too much.
4621200	4633420	As far as S4 goes, besides Bob Lazar and Dan Barish, I have now covered a whistleblower testimony in Ed who talks about S4 being a program location for briefing for a joint reverse engineering program between Edwards and Nellis.
4633600	4638020	slash S4. So I have a whole new parallel line of research there. So S4, I think is a very
4638020	4642980	interesting location. Isn't S4 the thing that Jon Stewart's been trying to say that was linked to
4642980	4649640	that video too, like they're keeping biologics? The alien interview? I don't know. I don't know.
4649880	4654200	I haven't kept up too much with Jon Stewart. Yeah, I haven't. I mean, he hits me up every
4654200	4659860	now and then and I try to help him at least with the real information, but what people do with
4659860	4664860	what i give them is up to them okay this is a good question thank you so much for the five dollars
4664860	4668480	christian what are the objectives of these programs warfare against other countries or is it
4668480	4673200	all nhi stuff david crush has to say if you look in this news nation interview it's because of a
4673200	4678080	cold war going on for decades as well as feudalistic dominance correct well yeah if you're
4678080	4682400	a group that has a stranglehold over this technology globally there's nothing going to be
4682400	4686440	stronger than you so i mean essentially if you're paying out politicians making more money than
4686440	4691200	anybody can ever understand there's nothing that's really going to come close the only way that this
4691200	4696700	ever destroys itself is literally from inside out meaning these insiders that understand that this
4696700	4700780	is all legal it's all so if they decide to do it they're going to do it from inside out
4701720	4705800	santiago we talked about this a little bit it'd be awesome if you could speak to uh before congress
4705800	4710760	like brush did it would make congress go crazy with the fact we have arv i am 100 um on board
4710760	4714660	with that i'm just waiting for them to call my number if they do i will be up on capitol hill
4716620	4717820	So let's see.
4718000	4719480	Arrow, fitting name, says,
4719600	4721960	have the reverse engineering efforts been successful enough
4721960	4723520	that they could be used as a last resort,
4723700	4726560	such as if there were an international exchange of nuclear weapons?
4726900	4730080	Well, just look at Radiance Technologies implicated by Danny Sheehan
4730080	4732760	as being involved with reverse engineering programs.
4733100	4735980	He says exactly under their hypersonic missile program,
4736080	4737580	that's where reverse engineering efforts occur.
4737740	4740560	If these craft can indeed go 10x supersonic
4740560	4742920	and even operate in the atmosphere, underwater, and so forth,
4743000	4745200	in terms of human ARV, I imagine they could.
4746440	4752000	is that these insiders have told me that personally and that they are having a hard time
4752620	4758300	distinguishing between nhi and their own stuff it's yeah i've heard that as well so it's scary
4758300	4762040	to think about because what they've said a lot of the time is that they're not they're not just
4762040	4767000	shooting down nhi which is only two to three times a year that they do this but most of the time
4767000	4771620	they're shooting there on their own stuff they're trying to make them essentially emp proof missile
4771620	4773560	whistleproof, bulletproof for that matter.
4774400	4775780	He didn't say anything about lasers.
4775840	4778080	So lasers may be the thing to still bring them down.
4778220	4781320	But I mean, what military group has lasers?
4781440	4784280	I mean, they're just experimental to at least conventionally,
4784280	4785480	they're still experimental.
4785540	4786980	But what this organization has,
4787100	4789640	they may have lasers that are already being used.
4789780	4790620	You never know.
4791200	4793800	Something or someone, there's a public hearing in November.
4793940	4795340	Yes, I'm going to be trying to go to that.
4795420	4798320	And if so, I will complete, make a full video.
4798580	4799440	Well, if I end up going,
4799440	4803440	it's going to be because i'm going to be in it and testifying it's not just going to go sit on
4803440	4809000	the sidelines and just you know i i think enough of us together making this big movement i think
4809000	4812540	is going to be the thing that will probably push the needle a little bit further but just like
4812540	4817980	everybody i mean i i we need solid evidence to come forward and to back everything up that's
4817980	4825280	what we need most is bodies craft locations that are basically uncontrolled in control of the good
4825280	4829960	good guys that allow certain people to go in to basically verify this and then somehow become
4829960	4834060	public because you know a lot of people are like okay well nuclear weapons for example or atomic
4834060	4838340	weapons yes the manhattan project only a certain amount of people knew about that and it's the
4838340	4843340	same thing with this program is at least legacy because they keep this very compartmentalized
4843340	4848160	it may want you may have somebody read into the legacy program that may knows a little bit about
4848160	4851300	it but then you have people read into the legacy program that work on the propulsion systems of
4851300	4855680	these craft. I mean, it's just how it is. It's so refined. And they've had a, you know, since
4855680	4860500	the 1950s, they have had a head start on this. Yeah, that's when the big bloom in the anti-rheumatic
4860500	4865900	research was. So they have perfected the systems to keep this private and, you know, out of the
4865900	4872720	public's reach for, you know, a better part of almost 100 years. So it's going to be very
4872720	4877000	difficult to try to get that to topple over. It's going to happen from inside out. So we'll answer
4877000	4881280	answer all the questions, even the tough ones. So you have evidence, but won't show us anything.
4881480	4885700	We just have to trust you understand how people think. I get it. I get it. I get it. That's a
4885700	4889500	good question. That's actually a good statement. I get it. And the only reason why is because I
4889500	4893800	got to keep these guys safe. If they're pulled away from this and they're safe, they're not
4893800	4898640	working at this, then I'm going to go full balls to the wall with this. When I'm able to do so,
4898660	4903680	when they give me the green light, I will do it. Okay. But I got to keep these guys safe. I really,
4903680	4908240	Really, the only reason why I have any kind of say in this is because of them.
4908300	4909000	It's not because of me.
4909040	4909700	It's because of them.
4910000	4914080	And if their efforts are ruined or they're killed, then we don't have a leg to stand on personally.
4914680	4917040	So I got to keep them safe.
4917160	4923040	So I hope you guys understand that because, trust me, you know how hard it is to say, dude, I got to tell you something that's so cool.
4923120	4924040	Hey, this is shitty.
4924240	4930480	I want to tell people, but unfortunately, people's lives are at stake with this, and I don't want them getting killed.
4930520	4932060	I don't want to fucking get killed.
4932140	4932500	I'm going to suck.
4933680	4935940	We did talk about this a little bit ago.
4936020	4938040	I think by Mr. Long name, we answered this question.
4940060	4941220	Can you even trust?
4941820	4942140	Okay.
4942260	4942640	Oh, sorry.
4942720	4943740	Let's go back to Edward first.
4944180	4947240	Trump said in a recent interview, he'd be willing to get more UFO info disclosed.
4947240	4947800	Any thoughts on that?
4947860	4949960	I don't know if he particularly has any sway.
4950840	4954200	I'm only going to say this, guys, because I know a little bit about it, but he's already been breached.
4954340	4954640	That's it.
4955060	4956820	Yeah, I think Lou said that in imminent.
4956820	4966780	He said that Trump alongside Johnson, JFK, Eisenhower, Truman, Nixon, maybe George H.W. Bush have been presidents.
4966840	4967900	Obama as well.
4968040	4968580	Yeah, that's correct.
4968720	4970060	Not briefed by Greer either, guys.
4970240	4977360	But, you know, they're also these guys are also being misled to an extent, too, which is what the whole situation with Trump was because they were telling him one thing.
4977380	4978760	But the reality is, is something different.
4979220	4983420	Can you even trust Greer is a good question in terms of operational security?
4984080	4984960	Absolutely not.
4985180	4986360	Well, here's the thing.
4986820	4991080	for me personally, I mean, he's not, we, I already know what, what, you know,
4991080	4992940	he's making a living off this to an extent.
4993060	4995960	So he's going to have things that are more cutting edge to try to bring more
4995960	4999420	attention, more of like a clickbait. Right. So, um,
5000160	5002860	is it something that where I would encourage people? Yeah. If you,
5002880	5008380	if you don't mind your details coming forward and people knowing you more
5008380	5011240	intimately than by all means do it, but if not,
5011260	5015600	then pursue another means or try to get him to sign an NDA saying, Hey,
5016820	5023300	this being disclosed. I mean, he's, he respects me. He doesn't, you know, so I got respect for
5023300	5028240	him based off of that. He hasn't treated me bad. He hasn't said anything to me. But one thing,
5028280	5032440	when I had some emails that were on the DPIA that wanted to keep confidential, he did pull those
5032440	5036180	down. So that was good. Cause that was, that's another topic I'm not going to cover publicly
5036180	5040160	guys, but it was just something more involved with the whole deep state of things that are
5040160	5044140	intertwining with certain organizations. So Christopher says at the risk of sounding
5044140	5048080	like a nut could they be sending these people into space i hope we find more information in
5048080	5052220	james fox the program where he features gary mckinnon well you said that would be an interesting
5052220	5057360	thing to actually see personally too with gary's um incidents did you see the trailer i have not
5057360	5062300	seen it gary mckinnon is going to be in the in the program really i didn't know that so hopefully we
5062300	5065660	can hear more about him if you guys don't know gary mckinnon and i think o2 he hacked various
5065660	5072600	dod websites and terminals and found information for a non-terrestrial officers list as well as
5074140	5077940	a cigar shaped craft with two kind of portholes on top.
5077980	5078540	And at the end,
5078560	5079860	it's really interesting case.
5081060	5081780	So let's,
5081780	5082540	let's see.
5082680	5083940	Let me find some questions.
5084020	5085020	There's some guys chatting.
5086680	5088440	Can you've answered this a couple of times.
5088580	5089260	If you're asked,
5089360	5089660	you will.
5089980	5090340	Yes.
5091060	5091420	Okay.
5091520	5092800	I will testify guys.
5092980	5093560	Kai says,
5093640	5094380	when you saw the ARV,
5094440	5096440	were you able to get a good look at the interior of the craft?
5096680	5097160	Oh no.
5097220	5097400	Okay.
5097440	5098380	We talked about this.
5098620	5099960	The kind of underside.
5100160	5101180	You were not able to look.
5101300	5101540	No,
5101540	5107040	know we were at a site profile and and pretty much that platform was all we could see okay um
5107480	5113060	do you believe okay we answered this as well sorry guys we're trying to get through these have you
5113060	5117060	seen the uap video or photo or even an illustration which matched the thing you saw most closely
5117520	5122680	was a general dynamics thing that you sent yeah i think that was kind of the closest thing but not
5122680	5128620	to an extent and so here's the other thing guys too is the insiders asked me to send them kind of
5128620	5133940	of like some sketches that I've done, at least from the top side of what the craft that I saw
5133940	5140220	was because they have stuff on their systems that have taken video or photo of a craft in their
5140220	5143760	possession to an extent. I think it's in their possession. Don't get me. I'm not going to take
5143760	5148640	that to the bank, but there's a reason why they're asking me that question because it looked identical
5148640	5154340	to what he said, but it wasn't 300 feet roughly. He said it was smaller than like 30 or 50 feet.
5154340	5159700	okay yeah what michael's referring to what i sent him as well and i'll post this as well
5159700	5168180	i found a a twitter artist who sometime in october of 2023 he just randomly uploaded a picture of
5168180	5174460	like supposed arv crafts uh in this where the tr3b he said was made from i think northrop and
5174460	5179840	lockheed other craft as well and then there was there was a picture of an octagonal shaped craft
5179840	5182080	that apparently was made from general dynamics.
5182400	5183700	I have no other information.
5183700	5184860	I've tried to contact this guy.
5184900	5185380	I heard nothing.
5185780	5188480	No idea where he got this research or anything else.
5188520	5190820	That is the only point of jumping off I have
5190820	5192180	for an octagonal shaped craft.
5192200	5192660	Same here.
5192800	5193960	And that's because you showed me that.
5194100	5196840	So, you know, I think Julie is not my name.
5196880	5198280	Also sent us that too,
5198360	5199820	because he pulled it up on his feeds
5199820	5200760	or what he was doing.
5200840	5203060	So that's the only reference outside of that.
5203180	5206800	You know, do you consider a, sorry,
5207220	5208160	whoops, sorry guys.
5209840	5216620	us as NHI. Yeah, absolutely. This also classifies under an Obama era executive order for materials
5216620	5224400	relating to NHI to be automatically exempt from disclosure and AI would fall under this.
5224580	5229900	Yep. Okay. How do these bases obtain non-UAP construction materials, steel, concrete,
5230040	5236740	et cetera? That's a good question. The concept of these DUMs, historically rumors have persisted
5236740	5241780	that they're connected by like a interconnected web of of tunnels and systems would they have
5241780	5247740	supply i'll personally tell you guys is that the base that i was taken to they have a maglev system
5248560	5254100	and they have a communication device that's subterranean that cannot be picked up um you
5254100	5258640	know outside of being topside right they got their own way of doing things subterranean which they've
5258640	5263900	mastered what you guys have to understand most of the bases when they decide to build these are
5263900	5270820	are already predispositioned to either being converted into dumps from an actual base that
5270820	5275360	wasn't before, and sometimes they're built from underneath and they decide, okay, we need a
5275360	5283780	connection here. But maglevs are a real thing. And more specifically, the base that I went to
5283780	5289980	uses them to only get to the closest facilities underground, not anything far away like Nellis,
5289980	5294620	for example, or Los Alamos National Laboratories, or even Washington, D.C.
5294660	5300880	It's just that that area is just, if it's related, most of the stuff that's more mind-blowing
5300880	5304280	is not going to be near topside.
5304360	5306560	It's going to be underground very, very secretively.
5306840	5307640	This is a good question.
5307700	5309060	Rick says, respect for coming out.
5309100	5309660	Do you regret it?
5309680	5312000	Do you think we can ever get the Rogue Three Letter agencies under control?
5312080	5313360	We were talking about this before we started.
5313400	5317880	You thought you were just going to do the NPC 23 and Sean Ryan show and kind of call
5317880	5318060	it quits.
5319980	5322960	was all going to happen. I thought it was just going to be a flash in the pan, for example.
5323740	5329440	And then obviously it wasn't the case. So here we are. But there are certain instances, yeah,
5329480	5333600	there's a little bit of regret to an extent, but I mean, it's not anything to do with what
5333600	5337440	naysayers say. It's nothing like that. It's just, how could I have been more,
5338840	5342880	if I would have known more what I know now, that probably would have been helpful. But I mean,
5342900	5347280	that didn't happen unless these insiders helped me. So that's the only kind of ground I've gained
5347280	5352340	based off of that. Nick, on terms of this comment, I also raised questions about some of John's
5352340	5357100	sources, especially the quote unquote DARPA scientist. Yeah, I don't know his sources at
5357100	5360800	all. And that's something that, you know, if he does have legit sources, hopefully they're legit.
5360980	5365320	I mean, it's just what I personally feel is a lot of people will tag onto somebody
5366000	5371400	and try to get some information out that may not be credible. And I mean, it's just muddying the
5371400	5375400	waters of disclosure. And it's just very frustrating. It's it sucks. But that's the
5377280	5381400	tell people be skeptic. Have you heard any rumors about the recovery of the craft shot down over
5381400	5385000	Alaska, the Yukon or Lake Huron? I personally haven't been paying too much attention just
5385000	5390440	because I've been working on my latest project and another one right now. I mean, there's skepticism
5390440	5395340	around that. Some people say it's a UFO. Some people say it's another balloon, but I wasn't
5395340	5399940	there. So I can't tell you. I haven't seen actual photos of that or videos that would allege that
5399940	5404620	to be true. So I can't comment on it. Here's a good one from Mr. Long name. Have the insiders
5404620	5408400	has given you any information on famous UFO cases and their validity or origin?
5408700	5409080	Okay.
5409560	5410460	That's a good question.
5410580	5415000	Not about UFO cases, but some of the missing 411, as a matter of fact, which is something
5415000	5416840	that they've been able to disclose a couple of times.
5417040	5420080	You know, there's a Twitter user, Paige Fox.
5420700	5426260	Recently, she overlaid a photo of like missing 411 cases, especially just continental
5426260	5427200	disappearances.
5427480	5432960	And I think specifically Greer's facility list, like lined up those heat maps.
5433180	5434400	And that was really interesting.
5434860	5450380	Right. So Paige, actually, we talk offline every now and then. She's a great attorney. She's a great woman. Her heart's in the right place. So she, as a matter of fact, they were going to want me to do a roundtable podcast with a, I think that may have already happened.
5450380	5454880	and I got some big training going on this week for one of my companies for employees.
5454960	5457620	So that's why I couldn't do it, especially at the time from their own money.
5457760	5459820	But her heart's in the right place.
5459840	5461480	So she's actually trying to connect the dots.
5461540	5463960	She'll pick my brain what I think or what I know.
5464100	5468100	And usually if I tell her, hey, this is what I think it may be the case, but I can't prove it.
5468140	5469840	Or, you know, it's just a hypothesis.
5470140	5472600	But if I can tell her things, then I will.
5472680	5475440	I know that I can stand on 100 percent.
5475980	5478840	Any thoughts on the CE5 stuff being unregistered drones?
5479000	5479660	That's a good question.
5480380	5484380	No, the apps that we have still picked up drones, whether they're unregistered or not,
5484440	5488840	just because of the frequencies that they actually emit, which would be tracked on these systems.
5489720	5492680	So, I mean, some people mistake things all the time.
5492760	5496680	There's been some instances even with our CE-5 that we did that ended up being an airplane.
5496800	5498540	It just was in the distance off somewhere.
5498680	5502460	But that's why we have the apps to track them and do our due diligence to make sure.
5502600	5508980	So if there are drones, and we picked up a couple predator drones off in the distance
5510380	5514240	any kind of lights or anything, but they were military and we still picked them up.
5514880	5518940	This is a good question as well. Any updates on attempts to contact those who are with you in
5518940	5524880	Indonesia? I have guys and that's just, it's like a farm church. They have families, they've got
5525700	5529600	responsibilities and not, you know, I was the one that jumped the gun on this and I don't blame
5529600	5534960	them. Some of them resent me, which is fine. But I get it where they're coming from. I 100%
5534960	5540000	understand. So it's, if they ever choose to, that's on them. I'm not going to try to coerce
5540380	5541880	or force them to do that or ask them.
5542120	5544480	If they wanted to, they would have already done it by now.
5545040	5545920	Mike, I know Mike.
5545940	5546460	He's a good guy.
5546560	5548960	Those scalar weapons would require tremendous amounts of energy.
5549080	5551520	How did they fit into handheld boxes and what powered them?
5551800	5552560	I have no idea.
5552960	5553180	Yeah.
5553240	5554620	And the ones that I saw were not handheld.
5554800	5558820	They were pretty big, the size of like a small SUV.
5559980	5560900	Okay, let's see.
5562640	5564420	Opinions on the Space Force set up by Trump.
5565100	5568540	My understanding is that there already kind of was a Space Force to an extent.
5571260	5572920	stood up in a conventional way.
5573020	5576480	So I think what he did was take something that was classified and make it
5577080	5580500	unclassified and make it a bridge to actually be another military force.
5580720	5584900	But, you know, that's just speculation for the most part.
5585140	5588060	Christian says, who's winning the war disclosure war in your opinion,
5588180	5588460	Michael?
5590020	5592440	Who's winning the war? Well, I hope it's us. And, you know,
5592440	5598060	but the it's very complicated to answer that because of all the moving parts
5598060	5603840	involved because it's not even just, you know, they don't care if we see ETs, guys. They don't
5603840	5608620	care about that. They don't care if we see NHI. What they care about is having to explain why
5608620	5612960	humanity has had access to these technologies for over 100 years, but yet we're still
5613620	5616880	living off of systems that realistically haven't changed since the 1800s.
5617760	5622320	Okay, let's see from Joshua. What if disclosure would mean the end of our civilization? IDK,
5622320	5624420	who think it will not be bloody.
5625420	5627920	I would say that would speak to the motive of NHI,
5627960	5629240	which we are not privy to,
5629640	5632120	but who knows if people in black programs are,
5632220	5633260	I have no idea.
5633260	5634880	It might be the case, they know more than we do.
5635000	5637000	So, you know, if that's something that they choose to,
5637900	5639020	I mean, I would hope not
5639020	5640260	because that would get everybody killed.
5640660	5644080	I mean, if NHI was bad, I mean, but, you know,
5644080	5647740	and here's the thing, it's like the universe
5647740	5650380	and you're talking about even the multiverse theories,
5652320	5656420	be true but you're talking about how many life forms could possibly exist just based in our own
5656420	5660260	universe there's no way that we came in contact with every single one of them so we don't know
5660260	5663720	who's bad or who's realistically good just because they leave us alone doesn't mean that
5664520	5668700	they don't they wouldn't mind wiping us off the map i mean it's just because we haven't done
5668700	5672480	anything to them which is kind of an interesting thing because if they're shooting down craft
5674020	5680440	that's not good i've always thought of the idea that it's really hard to attribute human motives
5682500	5692880	Well, the theory stands that if you have a high IQ and you have high, higher echelon technology, right, something like you can spend space and time or you can travel interdimensionally.
5693500	5705720	The theory is because the weapon systems that can be made from that, if you have kind of more of a barbaric sense, kind of like how we are as humans, right, kind of like in that regard,
5705720	5711060	then you may stand a chance of having yourselves obliterated first before
5711060	5714480	actually ever discovering stars travel or anything like that.
5714580	5717880	Yeah. Like the great filter. Right. So that's just kind of like a theory,
5717960	5720860	but it's something that's yet to prove its own weight, so to speak. Right.
5722340	5722960	Dan says,
5723020	5726120	is the control group running the global conflict to distract from disclosure?
5726620	5727280	Yes, they are.
5727760	5729900	And they're doing it in any means that they possibly can,
5730000	5733040	such as buying people off, threatening, murdering for that matter.
5733800	5734620	That's what they do.
5735720	5754520	This is the other reason why it would be tricky to testify because there may be people plucked into that organization that are senators or congressmen or women that may also be in part with this program or this organization that are trying to just get information and see who knows what and then let the dogs on them.
5754640	5759400	So it's risky, but I think if it's in a public setting, I think it's a little bit different.
5759500	5762880	So there is some risk to it, of course, but it needs to happen regardless.
5762880	5763100	regardless.
5764360	5765000	George says,
5765160	5767920	anyone heard of ORMUS?
5767940	5768920	I personally have not.
5771340	5771740	ORMUS.
5771840	5772720	The only thing I can think of
5772720	5774380	is like operational risk management,
5774620	5776480	but ORMUS,
5776620	5777760	I don't know anything about that.
5778100	5778940	Okay, let's see.
5779000	5781240	Let's find some questions.
5782020	5784120	I think they're chatting a little bit here.
5787400	5787800	Sorry.
5788240	5788980	Oh yeah, yeah.
5789100	5790480	Michael has talked about this a little bit.
5790540	5791460	It's Michael of Freemason.
5791620	5792120	Yes, I am.
5792960	5796700	So, I mean, that's why I've obviously got a tattoo.
5796900	5798760	One of my friends actually did this tattoo.
5798940	5805500	He actually unknowingly took his own life by overdosing on heroin, which sucked.
5805560	5806920	So I wasn't happy to find out.
5806960	5810000	But literally after he did this tattoo a week later, he was dead.
5810720	5812700	So but I wanted to get something.
5812820	5816240	I mean, I have tattoos on me that are actually sentimental and mean something.
5817280	5822140	And Freemasonry has definitely been something that I've had ever been a part of ever since I was 18.
5822880	5827160	not active in it currently guys because obviously after COVID happened and it kind of a lot of
5827160	5831420	lodges and a lot of meetings stopped happening so I just kind of had to focus on business and
5831420	5834660	all that but I'll be a free mace until the day I die just because that's just who we are
5835260	5840020	but it's not what everybody you know there are some parts of it that can be questionable there's
5840020	5844640	some people a part of organization that may be bad and that's on them it doesn't represent us
5844640	5848380	as a whole and then the other thing I get questions a lot of the time too is about the
5848380	5851900	Everybody says it's the WEF pen or the World Economic Forum.
5852100	5853420	I'm not a part of the World Economic Forum.
5853520	5854220	That's not what that is.
5855700	5856680	It's the SDG.
5856800	5865720	So it's a global initiative through the United Nations as far as uniting people together, right, for commonalities, for basically separating religion.
5866020	5868100	It's just kind of like how we do with Freemasonry because everybody does.
5868700	5873000	there's an order that actually exists within the United Nations called the Lucius Trust,
5873480	5878280	which is more of meditation practices, things like that, that I'm a part of.
5878440	5882580	So it intersects with that. There's some conspiracy theories about that with Satan
5882580	5885500	worshiping, which doesn't happen, and I've never seen it, and I never will.
5886660	5890460	Just like Freemasonry says the same thing, but it's not anything like that, guys. I wear that
5890460	5895080	because it's just what it stands to and what it's supposed to stand for. So I think it's important
5895080	5899020	that we all unite and put our differences aside just become better people at the end of the day
5899020	5904540	that's all i ask for and that's all i want to see kyle thank you so much for the 50 bucks man i
5904540	5909060	really appreciate it unfortunately a little bit of this comment got cut off but uh you're acting
5909060	5913560	about the status on legislation investigations that over a year ago a lot of discussions about
5913560	5918300	the senate ic doing a lengthy investigation parallel to the ig investigation now when intel
5918300	5922700	members are asked i'm assuming unless you double post it that you're saying that they kind of just
5922700	5926480	say oh things are interesting we don't really know what's what's going on they're not going to tell
5926480	5930080	the public everything yet that's what people have to understand so when there's an investigation
5930080	5935820	going on the public will have no knowledge of that until it's concluded so um do i personally think
5935820	5940440	that they're doing it yes do i think that we're going to have any kind of answers relatively this
5940440	5946180	year next year next year possibly this year probably not but there's just so many moving
5946180	5951340	pieces and they have to basically go where they know something's going on or what is happening but
5952700	5954800	to figure out how it started or where it spread to.
5955060	5958680	So there's a lot of stuff that they're actually encapsulated with trying to figure out.
5959780	5963420	Joshua says, are you aware of other people trying to brainwash him?
5963860	5966680	Are you aware of people trying to feed you disinformation?
5966700	5967440	All the time.
5967500	5968000	False information.
5968100	5968780	All the time.
5968780	5972020	But the problem is, is most of the people that tell me things can't back it up as opposed
5972020	5973960	to these insiders, which they definitely did for sure.
5974320	5975600	So that's what I'm going to say.
5976020	5979420	That's how I know they're the real deal, guys, is because it's not what they've said to me.
5979420	5983660	because what they're able to provide and that their knowledge behind it it's not like regular
5983660	5987380	person that doesn't have anything else better to do which there are those people out there who are
5987380	5991720	paid to put this information out there guys so that's what i'm thankful for is at least the
5991720	5996100	people that i'm working with are in fact the real deal based on what i personally have witnessed
5996100	6001160	and what i can tell if i was ever to have somebody take my mind out of my head and broadcast that
6001160	6005000	on television that they're going to see some pretty interesting stuff in that mind you know
6005000	6008860	kyle your question is what is the insider's explanation for why they brought michael in we've
6009420	6015020	talked about this a couple times here so uh we'll either reiterate that I will just say I'm the
6015020	6019260	voice for them as far as disclosure goes to basically the guys that are trapped behind in
6019260	6024300	this organization I am the vessel of which they can give me information to give to the public
6024300	6029800	that's pretty much it so Talon says Talon we talked about this a little bit the Las Vegas
6029800	6035400	shoot down an accident or a cover-up uh Michael's not aware I'm still not up to date on the case my
6035400	6037120	My speculation is it may be false, guys.
6037240	6038400	I wasn't there.
6038480	6043220	I don't know anything directly related to that unless these insiders are the ones that did it,
6043240	6044480	and then they would have already told me.
6044660	6047700	But it's just I don't know what to say, guys.
6047760	6050960	My personal opinion is I think it may be bunk, but it could be.
6050980	6051520	It could not be.
6051760	6052960	So tell us about Battelle.
6053140	6054320	I've covered Battelle, of course,
6054360	6059000	and I'd recommend looking into the Battelle biodefense lab at Fort Detrick, Maryland.
6059540	6061740	Michael, do you have anything else to add about Battelle?
6061800	6063360	I've covered it a few times before.
6063560	6064680	Just basically what you've covered.
6065400	6069080	about it. I've heard that there's some biologics that kept there at one point. Yeah, Luz talked
6069080	6074740	about that and that they lobbied against Title X, which was the UAPDA. Right. This is a good
6074740	6079340	question. Did you get any feedback from members of Congress or members of AERO? Oh, a bunch of it,
6079400	6084440	which is great. So the only thing I'm disappointed in, guys, is I actually had asked some questions
6084440	6089200	and some favors I've asked them that they said they would get to and they never did. So I'm a
6089200	6093340	little bit bitter on that because it's stuff that could really help me out, which in turn helps
6093340	6097820	everybody else out with understanding so but they've it just went unanswered and ignored so
6097820	6104380	frankly it's just it is what it is at this point so puff puff says the puff puff gives us the craft
6104380	6108300	you saw was a raytheon project if you have any information on that man i would like to hear
6108300	6114300	how that came about like um i mean if you have any firsthand knowledge of that then super but you know
6115880	6123180	okay let's see okay joshua says i think the tr3b are big in the u.s navy does he not know about the
6123340	6128640	super soldier program in my labs the dark fleet solar warden holy that's a lot do we you guys know
6128640	6132680	that this has been going on they have many styles of ships now tr3b is rumored to be in the air
6132680	6137860	force and from what i've heard again this is just what i've heard is that they just recently retired
6137860	6144660	that meaning that it was a it's a blue black program but only people are read into that and
6144660	6149440	it's it's some product of the air force um they've got something else that they're giving to the navy
6149440	6153860	maybe apparently, or they may be working on. And granted, this is just hearsay. I can't confirm.
6154200	6158000	This is just what I was told. And it wasn't told from these insiders. It was told from somebody
6158000	6162840	else that's working in these programs to an extent, but not nearly hands-on like these guys
6162840	6168300	that I'm working with. So don't take it with a grain of salt. I don't know if it's true. It could
6168300	6173000	be, it could not be. I'm just telling you what I heard. Yeah, Joshua, I have a theory that possibly
6173000	6178100	the TR-3B, the triangular shaped craft was operated and tested out of Edwards. If you watched my last
6179440	6185340	I made the connection between himself and the 412th test pilot school at Edwards and the testimony of Edgar Fauch.
6185400	6187340	I know I'm probably getting his name wrong. I'm sorry, guys.
6187440	6190980	You stated the three TR-3B was flown by test pilots at Edwards.
6192520	6196360	So what are your claims of Greer claiming he's interacted with an NHI face to face?
6196540	6201880	I personally think that Greer likes to embellish stories for an emote to elicit an emotional response.
6202060	6203460	I've taken some notice.
6203520	6208660	Well, the difference is, is when somebody starts to get very emotional with that.
6209440	6214460	not in a sad way, but his emotional response, body language wise, would tell me that it's
6214460	6219880	legitimate. And it's something that's, yeah, it's hard to sit there. And I get the stigma with Greer,
6219980	6225600	but his heart's in the right place. He's got an ego, which is, I got an ego myself. I mean,
6225620	6232560	a lot of us do. But at the same time, it's just what helps us understand more is what makes us
6232560	6237560	better. And if he's experienced it, and he's done it, and he's told me to my face, I had no
6239520	6241400	then if that's what he says, that's what he says.
6241440	6243280	It's up to people whether they believe it or not.
6243820	6246920	So S. Bass says, I'm curious if besides Weygand and Herrera,
6247020	6249800	has anyone blown the whistle on these unidentified operations?
6250140	6252480	If you're talking specifically about crash retrievals,
6252540	6254880	I'd look into the testimony of Thomas Dubois,
6255040	6258680	as well as Arthur Stancil from Roswell and Kingman, respectively.
6259060	6261480	As far as blowing the whistle on these unidentified operations,
6261660	6265240	both Elizondo and Grush have talked about these at length.
6265920	6268600	Catherine Austin Fitz, Black Budget of the United States,
6269440	6277860	mckenzie former uh saic employee who talked about uh huge contracts being having no operations under
6277860	6284220	them being funneled to off books programs and so forth so a lot of a lot of interesting testimonies
6284220	6289000	okay so kyle says the subject rubio they seem clueless to your knowledge is the senate doing
6289000	6293680	anything hearing the narrative with the house members is addressed as being about money instead
6293680	6297060	of disclosure anything yeah i think the way to get to the house members is discussing the
6297060	6302020	misappropriation of funds that hasn't so you grass was talked about that a lot so is blue
6302540	6307100	and that's the only way that these they can really track any of it if that makes any sense
6307720	6313320	so i mean granted there are people sitting in as an elected official and shame on them that are
6313320	6316820	actually getting kickbacks from these aerospace programs to basically wave people off it's
6316820	6324160	sickening and it needs to stop and i hope that anybody any kind of investigative uh force that's
6324160	6328960	federal meaning FBI or anything like that if they are 100% legitimate we're
6328960	6333000	trying to solve this I always recommend that you guys basically fly request our
6333000	6335380	bank accounts and see where they're getting funding and see where it's
6335380	6338720	coming from and track it because that is the only way that we're gonna see who's
6338720	6342500	who is based off of money because that's in my world money talks and bullshit
6342500	6347820	walks yeah like Mike Turner who shot down the 2024 NDAA being a yeah the
6347820	6352080	Turner Rogers and what the hell's that old guy that's always stroking up on Oh
6352080	6352680	Oh, Mitch McConnell?
6352900	6353420	Yeah, that guy.
6353620	6354000	Mitch McConnell.
6355000	6358360	Okay, Elizondo said that the phenomenon follows you after you've had an encounter.
6358600	6359220	Have you had that?
6359260	6360560	I didn't, says George.
6362980	6365920	Okay, Master says ask him his connection to the WEF.
6365940	6368040	We talked about that when we were discussing.
6368440	6369480	I have no connection to the WEF, guys.
6369540	6370940	The only difference is people are part of that.
6370980	6372020	We're the same pin that I do.
6372640	6373980	And that's just it.
6374040	6374960	We just have the same pin.
6375280	6376340	I'm not a part of the organization.
6376680	6377380	I don't support it.
6377520	6379260	I think those people are fucking nasty.
6379260	6384500	nasty and whatever they're doing I hope gets exposed because I've heard a lot of things about
6384500	6390200	Klaus Schwab and people literally buy people because they have a price and um I don't support
6390200	6394940	that that's not within my values as a person and the fact that we're allowing people from a
6394940	6400980	different country literally pay off just like George shows does with a lot of people is paying
6400980	6404960	up politicians just to basically do whatever they want and try to dismantle what we believe in as
6404960	6410040	americans and we're seeing that happen live and it's just it's it's it's a shame you know these
6410040	6414900	people don't care they just care about money and control so chardal says any status or update on
6414900	6419380	the rest of sentinels of ether i asked you this like two three weeks ago yeah they're supposed
6419380	6424380	to be releasing the full thing so when that when i get the full book i think it's still in review
6424380	6428580	right now because what he told me is that they weren't gonna adopter was not gonna just review
6428580	6433240	segments anymore like they need the whole entirety to do it so that does take a while guys so once
6434960	6438820	the full thing. You're one of the people I'm going to release it to. Joey's not my name. He's going to be another one.
6438880	6442660	I'm going to release it to Cosmic Road. Jack from Cosmic Road. I'm going to release it to that.
6442980	6445180	I will give it to anybody who asks for it.
6447340	6449060	So Master is grilling you on the
6451100	6454820	Freemasonry. Agenda 2030 pin. What is that? That's not a 2030
6454820	6458720	pin. This is a problem. I'm not affiliated with the
6458720	6462580	WEF by any means and I just said that. So that is with the
6462580	6466820	the SDG Global Initiative with the United Nations as far as trying to bring people together legitimately,
6467680	6470920	putting differences aside and just us as one person or one people.
6471240	6474340	So I just want to see humanity thrive, and that's the best way.
6474400	6476560	I don't think we should be blowing each other up for no reasons
6476560	6482400	and try to make the political or old people in Congress start wars so young men can go die for them.
6482640	6483840	I don't appreciate that.
6484020	6488700	So, yeah, it's nothing to do with the WEF or Agenda 2030.
6488700	6493100	30. Here's the thing. If I was a part of that, I would not be public with this and I would be
6493100	6497520	trucking along. I'd probably have a hell of a lot more money than what I have now in comparison
6497940	6501460	because I'd be their little puppet. They'd have their hands so far up my ass that I'd be
6501460	6504960	getting money. And that's what a lot of people care about is just money. It's disgusting.
6505560	6511400	So Terrence says, what is your hope for the rest of 2024? And great show. Thank you. I appreciate
6511400	6518160	that. Great show. Thank you. My hope is that we get a little bit further. My inclination,
6518700	6522480	told by the insiders among other people is that they're going to wait to do some things post
6522480	6527560	elections because that's what's going to get everybody's attention so once the election phase
6527560	6532900	runs out and somebody's elected then once it all dies off because here's the thing that's how the
6532900	6537180	press is going to cover everything you got to think about strategically releasing information
6537180	6541540	because what their fear is is releasing it and it's just a flash of a pan you know what i mean
6541540	6546080	it's just it's just sudden and then all of a sudden just falls off so all their measures all
6546080	6550820	All the things they've taken, plus exposing themselves, would be detrimental.
6551220	6552980	So they have to be very strategic with it.
6553660	6554060	Okay.
6554620	6556700	Christian says, I just want to know, should I be concerned?
6557140	6561220	Will the UFO issue head towards some sort of climax or will it be a peekaboo kind of game forever?
6561400	6563820	I personally don't think it'll be a peekaboo type game forever.
6563900	6569700	I think here in 2024, there's more information and more of a wave than ever has been.
6569740	6571660	I do have somewhat of an optimistic viewpoint.
6571980	6573260	I will say this.
6574180	6588360	If it is something that's more of a climax-based event, it'll have to be either NHI that does something that's legitimate, that's not used in these black programs to portray itself as to be NHI making contact.
6588760	6591000	It has to be something, because here's the thing.
6591000	6604700	If let's say if they all appear all of a sudden and our skies are filtered with these things, who's to say that the black program wouldn't take advantage of that to try to elicit some sort of control over people like, hey, submit your or, you know, put down your weapons and they won't kill us.
6604800	6612640	And, you know, then a weapon confiscation. This is just a theory, guys. But I mean, anything like that can happen. I mean, these sickos, they don't stop to any kind of measure.
6612640	6623240	So if we're on the verge of World War III where we're using nuclear weapons and that's going to be something that, you know, I think intervention would happen at that point where it would be known.
6623340	6629740	And it's going to be like basically you've got kids fighting in a bedroom and the parents are going to go in there to tell them to go shut up and stop fighting.
6629820	6632220	That's pretty much what's going to happen if that does ever happen.
6633140	6637240	Okay. When you were brought to this facility, did you interact with the quote unquote bad guys?
6637520	6638300	No, I did not.
6639320	6642960	I agree with you here, Kai, that Shratt is one of the best of the best.
6643900	6645240	Awake for Day says, thanks, Michael.
6645280	6649840	You may have answered this previously, but have you been shown any craft video or photos of other craft or aliens?
6649960	6651580	We'll extend that to NHI.
6651920	6657560	I've seen some stuff that's more on the reverse engineered aspect of it, but that's pretty much all I can say.
6658680	6660200	Okay, let's see.
6661640	6664460	Have you heard anything about the Vril Society?
6664460	6669360	society I I assume that is in your line of work or humanoid entities of the Nordic like appearance
6669360	6676940	that are some major activity from late 2021 to 2022. don't know anything about that okay uh okay
6676940	6685020	master we talked about that that pin uh so let me sorry guys trying to find the questions in all
6685020	6689580	caps do you have any contact with the other two whistleblowers okay we talked about that Hecker
6689580	6693060	in DC. They still talk to them on a regular basis. It hasn't been as frequent because
6693060	6696380	they got a lot of stuff going on in their lives just as much as my own, but we check
6696380	6700400	them through text message every now and then. But they're doing good from what I'm understanding,
6700600	6704940	so it's good that they're being brought up too. Are the P3s used to pilot ARVs or just
6705920	6711860	the intact recovered NHI craft? They're used to hijack to an extent. That's the only way I can
6711860	6717460	really describe it, to basically interfere with the connection between the ET or the NHI and the
6717460	6721380	actual craft kind of put a barrier between so that way they have enough time to basically trigger
6722020	6728140	um and shoot them down so i think if they do crash then they kind of would use them to move stuff to
6728140	6733240	interact with the beings as well but most of the time there's crash retrievals teams that are set
6733240	6737440	up throughout the zone that they do this in and that's what they do is they they hinge them up to
6737440	6742720	a helicopter and fly into the base so which only happens two to three times a year so they also
6742720	6747220	shoot down other reverse engineer concepts that they're testing and that's what they do most of
6747460	6748840	besides testing out weapons.
6749620	6752500	Birdie says, Michael, is Vivix Biologics
6752500	6754820	a name you have ever come across associated with the program?
6755200	6756220	No, never.
6756340	6757680	Vivix, I've never heard of that, Birdie.
6757780	6758300	I've never heard of that either.
6758700	6760060	I'd like to hear what you have to say.
6760360	6763940	Have any of the insiders discussed anything of esoteric nature,
6764160	6766320	a doctrine they follow, a belief system they hold,
6766460	6767620	good versus evil, et cetera?
6767940	6768920	Not necessarily.
6769060	6770260	It's just more personal.
6770780	6773920	It seems it's more personal based off of what they personally believe.
6773920	6778740	leave. One thing I did that they did tell me was that there's guys in our group that if,
6778780	6783940	if these insiders were shot and bleeding out, these guys would just walk over their body and
6783940	6788680	not render a mate or anything. That's just, that's just how it is. So, you know, you have
6788680	6791660	the guys that stick with you and then you have the guys that obviously just don't give a shit.
6792180	6794920	Do you have any knowledge of something happening in 2027?
6795620	6801540	I have no, I have no insight on that. I've heard some rumors, obviously, just like everybody else
6801540	6806540	says mind you guys i'm in i'm mostly in the same boat as you guys so with this other stuff i mean
6806540	6811400	i i don't have a lot of insight into just with what i've related to myself and working with these
6811400	6816560	insiders that's all i can master have you ever tried getting the data back from the memory card
6816560	6821760	that was swiped right um there was no memory card that was it so but they have that on these
6821760	6826360	cameras because i've had people offer if i still had the camera that they could somewhat bring it
6826360	6831380	back but uh i threw that camera away unfortunately this is a good question from uh kai do you think
6831540	6837300	possible that craft way gets all was a crashed arv um he says it was nhi that was in there that they
6837300	6842940	were so here's the thing i'm not going to go into details but there are people i know um that are
6842940	6849360	dealing with nh on a regular basis um and it's related to these insiders that they have what
6849360	6855860	jonathan wagan described the feeling that these beings gave them as or gave him was also the same
6855860	6861360	account that these guys have also said too where they felt that these beings were they gave the
6861360	6868540	the guy an overwhelming feeling of sadness but forgiveness and love which was you know again
6868540	6872700	this is what they told me isn't that similar to the experience the kids at the zimbabwe school
6872700	6878140	and westall school encounter talked about i mean i don't know anything about that what
6878140	6882620	that might have to be something those are like massa child experiences the zimbabwe school
6882620	6885820	school incident is really interesting. I haven't heard about that guys.
6886500	6889540	Thank you very much for the seven Canadian, that uranium guy.
6889600	6893720	I really appreciate it, man. I'm looking for the questions in all caps, guys.
6894100	6897340	Do you have any concern that your insider is a disinfo agent or that you are
6897340	6900440	the victim of disinfo? If not, I was concerned about that,
6900480	6901160	but like I said,
6901180	6905700	they were able to provide me physical things to actually participate in,
6905760	6909560	if you will, that would show me that they're the real deal.
6909600	6912260	So no, they're not disinformation. Their heart's in the right place.
6912660	6917380	i know of them personally so if it would let's just say if i was stupid and wanted to burn them
6917380	6921600	i could easily do that but that's not what we do and that's they're they're good people so i don't
6921600	6926940	they're not disinformation was that a that was a possibility at first yeah because i was nervous
6926940	6930320	because like yeah here's the guys that are partaking in these operations they're doing it
6930320	6936080	and they offered to go like literally take you and have a meeting and then you're going to get
6936080	6940860	on a helicopter go somewhere and my thought was okay they're going to kill me but that's when
6942620	6944560	So I was armed when I was there.
6945300	6951900	And it was kind of like them trying to build trust or build my trust, so to speak, because none of them else were armed.
6951960	6953380	And I checked the magazine.
6953460	6953880	It was full.
6954060	6956200	So he actually hinted.
6956200	6959720	He said, well, he's like, I could kill you easily by crashing or doing this.
6959800	6962360	He says, but if you kill me, then obviously you shoot me and we crash.
6962540	6964940	So it was kind of some banter going back and forth.
6965020	6966100	But these guys are real good people.
6966200	6967280	They're just stuck in the wrong place.
6967280	6972200	So I know that they want to they don't want to partake in this but they really have no choice at this point until
6972200	6976260	Something is done about it. So they're stuck within a rock and a hard place
6977480	6982840	So welcome X. Thank you so much for the 20 Canadian is the tick-tock hours any speculation on its mission
6983480	6989360	Speculation to say that it's ours have rumors of said that it's Lockheed's concept. So that's all I know and that's
6990100	6992580	Basically, everybody's heard the same thing the earliest story
6992580	7001420	I know I've heard of a tic-tac like a David Fravor type tic-tac dates to 1991 in the Azores Islands in Portugal at a USAF base.
7001800	7007680	There is an individual I plan to cover soon in a video that states he saw one of these being loaded up into the back.
7007720	7008700	That's what I was going to ask you about.
7008760	7009720	You talked about that.
7009940	7013780	And I don't know who this individual is, but he did some compelling.
7013900	7014840	I think it was another group.
7015240	7016020	Yeah, it was.
7016020	7019620	It's a Rudy Garcia and Rudy Garcia did the drawings there.
7019620	7021620	and I've been able to find the exact
7021620	7023540	transport wing
7023540	7025960	he has stated and I think it's allegedly out of
7025960	7028020	Virginia so I'm trying to find exactly
7028020	7029960	where that base operates because there could be some interesting
7029960	7032140	things there guys but thank you
7032140	7032960	again WacomX
7034340	7035900	wait for days does this
7035900	7038100	NHI fly in from space like say Mars
7038100	7040260	or a different star do they come here in a more exotic
7040260	7042080	manner wormholes or
7042080	7043600	something I have no idea
7043600	7046120	I can't all I know is that they just
7046120	7047880	materialize over this range
7049620	7051280	materialize in 3D, and that's how they're shut down.
7051500	7053260	So where they come from, I don't know.
7053600	7056260	Now, if I was actually to witness this happening, first of all,
7056300	7060180	I wouldn't want to because it's no different from murdering somebody else
7060180	7062240	for having a nice car, and you want to go take it for a spin.
7062780	7067040	So it's like an NHI interstellar version of Grand Theft Auto
7067040	7068040	is what I think it is.
7069060	7072300	Bashy B says, are they only answering questions from people who pay them?
7072400	7075480	I'm looking for all questions that are in all caps, my friend.
7075740	7078980	Any questions that are in all caps, we will answer.
7079620	7084120	So no, we, uh, something or someone says, why not have Michael at the November 13th
7084120	7084320	hearing?
7084420	7086580	Hey, if I get called to do it, I will do it.
7086640	7088880	And I'm just, I'm just waiting for my number to be called.
7088980	7092320	I can't necessarily, well, I think you may be able to volunteer.
7092480	7096520	Um, cause I definitely have heard some stuff that Nancy Mesa said, and I definitely would
7096520	7101960	like to talk with her one-on-one in a, in a, um, setting where I'm able to actually
7101960	7103020	provide her some information.
7103220	7107400	If I run it by these guys first to make sure, cause I don't want them getting burnt.
7107400	7112840	any thoughts on the craft too big to move story there's been some good posts about this as well
7112840	7117080	relating this to south korea i've heard that that's true by some people who've been investigating
7117080	7122380	that and um as far as the location goes i've heard it's rumored to be in korea south korea
7122380	7129800	specifically so i i don't know but um we'll see um i'm just dropping a discord link for everybody
7133080	7139760	buddy copy link okay guys i'm putting a discord link here guys sorry for the tardiness on this
7139760	7144940	there you go what people can get on that you got a lot of discord members i think yeah i think we're
7144940	7150380	like 200 or something it's a it's a fun discord it's everybody there is super active well and
7150380	7155320	usually you um you get people to ask you questions all the time too and you just kind of ask me what
7155320	7159680	what my opinion or if i know anything about that which is always cool so guys if you're a part of
7159800	7163640	Discord and got questions. They're always related to me to kind of give feedback on.
7164600	7169520	There's some, Bashy B keeps saying draw it right now. Draw what right now, my friend?
7170480	7176220	Draw what right now? Oh, wait, let me go back. Is SpaceX involved in any way? I'm not sure.
7176420	7181620	I mean, it's honestly too public and too big to be. I mean, but I don't know. These aerospace
7181620	7185940	companies are kind of doing the same thing. And I don't think Elon's clued into what's been going
7185940	7191560	going on he's kind of a naysayer around the subject yeah I think uh who was it Ross or
7191560	7197120	somebody else hinted at Elon being somewhat read in I can't quite remember if anybody has those
7197120	7201320	links please please let me know that'd be great I mean I would satisfy my curiosity too I want to
7201320	7206340	see what side of the table specifically sits on we talked about this the okay we did address this
7206340	7209980	question sorry we're pretty behind on the questions guys but if you've asked a question we will be
7209980	7214300	getting to them do you think that sharing stories experiences can possibly be worse than disclosing
7215940	7217200	lie on their stories or be misled.
7217620	7218920	Oh, it happens all the time.
7218960	7219940	It happens every single day.
7220040	7222000	So that's kind of why I say be skeptical.
7222420	7223580	You know, don't,
7224300	7226580	I always encourage people to do their own research
7226580	7228780	like GERB has, like Joey's not my name has.
7228900	7230520	I mean, that's where this is going to be.
7230640	7233620	The details are going to be what makes something happen.
7233800	7236080	So just because somebody says something
7236080	7237280	doesn't necessarily mean it's true.
7238840	7239540	Do you have any,
7239620	7241460	do you have more faith in legal disclosure
7241460	7242640	or catastrophic disclosure?
7243000	7244520	Oh, catastrophic disclosure, guys.
7245940	7250900	i don't care what all national security not they're using it as a way to say oh well i care
7250900	7255420	for our safety because of this because i don't want our enemies to know what we have they already
7255420	7259020	don't know what we have to an extent but that's why you have air shows that's why you have a bunch
7259020	7264200	of different things so um it pushes come to shove guys and i'm more for the catastrophic disclosure
7264200	7268640	side i don't care if it pisses off members of congress or pentagon officials or anything like
7268640	7273380	that this has gone on way too long there's been people have been killed over this and that is
7273380	7278200	something that needs to stop. So as soon as that gets reeled in, then guess what? And that's more
7278200	7281920	the insiders kind of take on this as if they were to move forward with coming forward, if they ever
7281920	7285760	do, catastrophic disclosure is going to be the thing that's going to really get the attention.
7286160	7290560	So, and I think that needs to happen because at that point, what is the government then? They
7290560	7294140	can't retract anything they've said because now all of a sudden knows that some people in the
7294140	7298300	government are lying their ass off. So we need to have that happen instead of this whole legal push,
7298300	7299880	because it's always going to be legal, guys.
7300200	7301500	It always has been legal.
7302500	7303240	Like a bass.
7303440	7304820	Thank you so much for the $10.
7304880	7305680	I really appreciate it.
7306060	7307260	This is a great question.
7307420	7309240	Can you give us anything specific to FOIA,
7309280	7310900	specific documentation, SAP names,
7310960	7312660	specific bunkers, military installations
7312660	7315180	for the alleged NHI craft or anything?
7316180	7318440	I know Hellendale is probably one of the things
7318440	7319220	that you can look at,
7319260	7320360	and Edwards Air Force Base
7320360	7322040	is probably the thing you can look at for that.
7322460	7323540	McDale Air Force Base,
7323620	7327360	if you can look in a fire request for stuff like that.
7328300	7332240	is going to be a lot of the biggest one to actually do but it's going to be harder because
7333860	7340520	yes it may be uh installation of the air force but it's also privatized inside so yes they can
7340520	7344720	have stuff that's going on but it's all private so that's kind of where this goes into a thing
7344720	7349040	which is why they've mastered that you know FOIA requests and people trying to look into is that
7349040	7352800	they privatize it i mean that's how you really sequester things by making it private i think a
7352800	7357880	good example of that is all the drama around the lou elizondo way of stuff and how john greenwald
7358300	7361120	had at one heck of a time trying to get anything.
7361600	7364220	Well, even before I requested them for the mission that I was on,
7364280	7366060	a lot of people can't even get information about that.
7366100	7367260	That's just how stupid it is.
7367960	7368360	Okay.
7368860	7369960	Let's say disclosure happens.
7370100	7373020	What does the best case post-disclosure world look like?
7373100	7375740	Everyone now has UAP tech and space race starts.
7376220	7376920	Interesting question.
7377080	7379640	It'd be interesting to see humanity colonize the solar system.
7379780	7382160	My personal belief is going to be medical technologies
7382160	7384520	and maybe everyday life with power systems,
7385060	7388020	something that we're not going to rely on doing any damage
7388300	7396440	environment by mining out lithium but uh medical tech tech around consciousness tech around
7396440	7401440	transportation and basically even um medical technology which i think is going to be the
7401440	7405600	thing that will happen the most um and the reason being is yes there may be propulsions but here's
7405600	7410020	the thing guys i mean i live in colorado and i can say it every single day and i'm driving
7410020	7413540	somewhere i am paranoid that somebody crashed and i've had it happen not too long ago they
7413540	7414240	They hit my Alpina.
7414320	7417540	I was pissed about that because you can't get another one of those cars.
7417700	7421600	So luckily they only screwed up the wheel, so it was only out about a couple grand.
7423200	7425760	But, you know, people are barely paying attention as it is.
7425840	7430720	So would you want somebody who's on their cell phone or barely paying attention flying a vehicle and all of a sudden they crash in your living room?
7431080	7432540	I mean, I wouldn't want that to happen.
7432780	7434640	I barely trust people driving as it is.
7434680	7437280	So if they got something a little bit more exotic than that, uh-uh.
7437940	7438800	This is a good question.
7438880	7441960	How did the insider manage to, quote-unquote, sneak you into the facility?
7442800	7443360	I don't know.
7443540	7456480	I was not, let's just say, let's just say that there was, I don't, I was basically not able to see until we got to certain points.
7457780	7458920	That's all I can really say.
7459000	7460700	There's NDAs I signed with this guys.
7460760	7464120	And that's kind of like, I wish I could say it because it's right here.
7465580	7468340	But yeah, it's when he brought me to the facility.
7471780	7472440	I don't know.
7473540	7475560	I wasn't able to see, meaning this, guys.
7475660	7478120	So however they pulled that off was on them.
7478460	7481420	Have you heard anything about Dick Cheney's involvement on UAP,
7481480	7484600	specifically firsthand, not from public discourse?
7484600	7485820	I've heard that the guy's a shyster.
7486180	7488840	I've heard that he is somebody who has been well-read in,
7489620	7494080	and somebody, again, just like McConnell and Rogers and Ford,
7494160	7497500	that they're giving kickbacks to these aerospace companies.
7497760	7502700	So, you know, it's not surprising.
7503540	7509120	surprising one bit to say hey this is uh people want to get bought in by it and they're going to
7509120	7512940	have this group get control over people and legislation to do it and that's just it's smart
7512940	7517300	on them but it's still stupid in the same sense because it's obvious it's like look at the
7517300	7523160	campaign funding then you figure out now if Lockheed uh skunk works and uh Raytheon North
7523160	7527180	of Grumman if they were given every single politician money then it'd be a little bit
7527180	7533020	harder to kind of try to fund that out but one thing I did here was that congressmen are only
7533540	7537440	few hundred thousand dollars that they contribute to and senators are worth several million in order
7537440	7541460	to get somebody swayed onto your thing it's usually about seven to nine million a senator
7542460	7548260	so it's it's stupid i mean if i was to run for office uh for senate or congress i mean i would
7548260	7552880	be self-funded it'd be kind of a situation where these other people who you know have a low net
7552880	7558160	worth compared to some of these guys have hundreds of millions and um you know they're not going to
7558160	7562320	trust me because i'm not going to try to sell my soul to try to do just to sit there and say i'm a
7563580	7567460	I've got power. Guys, we have all the power. We outnumber them.
7567700	7576340	I mean, when a push comes to shove and let's just say a solar flare happens and wipes us all out as far as NEMP goes during the infrastructure,
7576660	7579720	I mean, you're going to have the strongest survive, and I believe in that theory.
7580080	7583380	And so what's going to stop these pencil pushers from trying to defend themselves?
7583500	7587180	They're going to give people money, you know, so they can't do anything unless that's the case.
7587260	7590420	And some of these bad guys, they literally entwine themselves in the law.
7591100	7597700	That's why we have corrupt judges. That's why we corrupt the elected officials because they hide behind that but this is where it gets into constitutional law
7597700	7602000	you know, so Constitution says when there's tyranny obviously rebellions are duty and
7602980	7608260	You know, I think it may get to a point one time with a Constitution people are gonna get fed up with it
7608260	7611360	they're gonna get fed up with people going against that one of those people and
7612260	7619140	Something drastic would need to happen somewhere something somewhere to catastrophic disclosure, you know, I like the kind of I mean, I'm not a Republican
7620420	7623360	I am an American constitutionalist, and that's what I believe in.
7623600	7631000	And in the masonry, it had the same template as Anderson's Constitution, which was created as a constitution in masonry.
7631040	7633440	So the founding fathers used that same template to create this one.
7633920	7638160	I'm trying to look also now for questions that aren't in all caps because I'm starting to see some.
7638420	7639140	There's some good ones.
7639320	7641140	I think this is on your masonry.
7641240	7646020	What degree are you, George, as deeply into Hermeticism and Rosicrucianism?
7646060	7647960	Are your beliefs based on Hermeticism?
7648200	7650160	I'm a Rosicrucian myself as well.
7651280	7655660	which I haven't participated in that very much because it kind of runs hand in hand.
7655800	7663160	But I am a 32nd. And to get to 33rd, you have to be you can be honored, honored, honorary degree.
7663340	7666300	Right. But you give a twenty five thousand dollar donation to do that.
7666440	7676100	And I'm just I've done all I can, guys. I mean, you spend pretty much you can spend the rest of your life in the Blue Lodge and not even get past the mastermation, which is the third degree.
7676740	7681140	It's just the Scottish Rite is just a different appendage, just like the York Rite is a different appendage.
7681360	7683960	There are several different orders within Freemasonry, guys.
7684000	7684460	It's ridiculous.
7684660	7686000	There's like over 800 different orders.
7686160	7691920	So it just depends on what you actually are tapped into and what you want to go and what you want to take it.
7691980	7696540	The best thing I can say Freemasonry has done for me is networking and meeting like-minded people.
7696940	7699020	And in this world, it's about who you know.
7699060	7700340	I've met a lot of great people.
7700400	7705220	My mentors, financially, even for business, there are people close to billion-dollar networks.
7706100	7708760	And that's how they help me understand business and stuff like that.
7708840	7710340	That's why I'm successful is because of networking.
7710780	7715640	So if you guys are interested, petition the Blue Lodge and shop around different lodges.
7715980	7719340	Because one lodge may do things different from what you do.
7719920	7724960	So you may be a point to where like, oh, well, I like this one because I have better camaraderie with these guys.
7725000	7725820	They're more like-minded.
7726060	7727040	That's what you have to do.
7727120	7728680	Not every lodge does the same thing.
7729160	7730500	Some are similar teachings.
7730600	7732080	Some of them do different ways of things.
7732080	7737100	but it is something that yes it's something that's helped my life better myself and that was the
7737100	7741660	whole point of it so i can attest to that it works logan says do you have any opinion on
7741660	7746480	consciousness and its implication for uap or its role in disclosure so consciousness is kind of the
7746480	7751200	reason why uaps um i shouldn't say the restroom what you're talking about this one shouldn't say
7751200	7758060	exists but it's something that allows us to interact with um beings that have capabilities
7758060	7763160	abilities to obviously, you know, travel here, so to speak. So consciousness is definitely huge.
7763280	7767340	And I think that a lot of the CIA programs that they've done over the years revolve around
7767340	7772920	consciousness and consciousness-assisted technology. So these black teams are using the same thing,
7773440	7777440	except what they're using is a little bit more refined because they're hands-on compared to
7777440	7780720	the blue side of things, which is conventional government or science that we know.
7781020	7785820	So the brightest minds in science are not going to be like Neil deGrasse Tyson, for example,
7785820	7787000	which I think is stuff's great.
7787240	7791440	But I think a lot of these guys are plucked from a young age that don't go to
7791440	7792880	these Ivy league, you know,
7792880	7795820	departments and schools that go to science and do all that kind of stuff.
7796220	7799100	They're plucked and they're trained in different ways for these programs to
7799100	7800600	actually do things more hands-on.
7801720	7805040	So it's just interesting to see what comes of this,
7805100	7808020	because I'm sure if disclosure happens and all of that part's going to be
7808020	7810780	revealed too, and it's going to change your way of life forever.
7810960	7812920	It's not going to be something that's just like, Oh, well,
7812980	7815300	we got a new phone, which is still like, you know,
7815820	7820600	Just because they make a new variation of a screen that is flexible doesn't mean that it's new technology.
7821120	7822380	It's the same thing with cars.
7822460	7824780	It's still electronics that are ran off the same kind of computers.
7825440	7838740	So I just hope that one day this all comes to a head and we all benefit in a way that can help us thrive as people personally with a higher elevated consciousness, with medical technologies that make us healthier.
7838820	7841420	We're not consuming the same bullshit day in and day out.
7841480	7842360	Bad food, you know.
7842420	7843940	I mean, it's literally killing us.
7845960	7856260	Most of the problems I know of people having genetic problems or even heart failure, liver failure or things like that is because of their choices of food of what they eat on a daily basis.
7856460	7860960	And they, you know, and the stuff of sugar free or diet soda.
7861060	7864960	I mean, all that kind of stuff is just it's just a substitute, but it's still not good for you.
7865160	7867380	And I mean, trust me, it sucks because I love Diet Coke.
7868200	7869720	So it's kind of something I have to drink.
7869760	7870500	I don't drink alcohol.
7870580	7872000	I don't drink booze.
7872000	7873200	So that's kind of my poison.
7873200	7878520	But at the same time, you know, consciousness is what helps further this thing along.
7878840	7885500	And I wish we could use consciousness in a better sense instead of taking people that have this predisposition to do so.
7886740	7889580	OK, OK, let's see. Keep going through.
7891180	7895320	Greer has said, has Greer said what happened to his former bodyguard, Emery Smith?
7895460	7900220	I'm not familiar with that individual. Since you provided protection now, I know Emery's story.
7900800	7906660	are you so emory i understand he's he's worked in some of these programs and i understand based off
7906660	7911340	of what he's told me the guys i mean i've done episodes of cosmic disclosure where he's the host
7911340	7917540	and he's done nothing but respect for me he's a good guy i've seen up into his house um he has
7917540	7923420	not done anything negative for me in a sense so he's just he he's a fun guy to hang around with
7923420	7929000	the guy's a blast um he's a good guy to me so i think because he's a good guy to me he's
7930220	7935320	place and he's the guy's funny he's got a good wife his dogs are cool um he's trying to help
7935320	7940980	people as well so what he's doing with it i'm not sure but you know um emory's a good guy um
7940980	7945240	what are your thoughts on abduction uap interactions being tied to bloodlines
7946440	7953480	no clue um i don't you know the the thing is is i had an i had a gentleman i met with not too long
7953480	7959060	ago that um i'm not gonna give his identity away but he's somebody who's in the circle of people
7960220	7965120	And he knows these people very well. And I'm not talking about the insiders. I'm talking about well-known people in disclosure.
7966520	7969480	And he had theorized because he's an experience for himself.
7969760	7974060	And he was he was telling me it was that he thinks that there's, you know, just like humans are.
7974120	7980040	They have humans that have good, positive intentions and people that are bad.
7980700	7987140	Right. So excuse me. Now, what he says is some abduction cases that have happened.
7988340	7989720	was that these people were taken
7989720	7991880	and they were strapped to like a bed
7991880	7993620	or not even strapped but just laying on a table
7993620	7996020	or something and all of a sudden they saw a wormhole
7996020	7997700	open up next to them and some other beings
7997700	7999340	came out that tried to have human
7999340	8001340	like characteristics like hair
8002000	8003820	I've heard that in like the Travis Walton story
8003820	8005840	you could see how they would like
8005840	8007900	what he was saying because this happened to him
8008480	8009000	was that
8010320	8011840	they try to put human features
8011840	8013160	but you can still tell that they're like
8014020	8014740	wearing this stuff
8014740	8018060	that uncanny valley yeah you can still tell that they're not human but they're trying to make it
8018060	8022880	to where they look human and uh what he was told what he told me was that they have actually told
8022880	8027620	people that we're not trying to scare you we're trying to be more relatable to you to get you to
8027620	8033320	not freak out but what they end up doing is taking them from bad ets that may not you know ets that
8033320	8039600	may have bad intentions um and rescuing them so whether that's true guys i don't know this is just
8039600	8043400	what this gentleman says it's an interesting theory but like i said i don't for i've never
8044920	8048100	So I couldn't tell you, but it's just an interesting theory.
8048360	8056700	So Tellerman says, are insiders disclosing information and science about the man-made exotic vacuum objects that have teleported MH370 to Diego Garcia under Obama?
8056840	8057660	I know nothing about that.
8058000	8059480	I've never heard anything about that.
8059520	8062780	I thought that whole thing was debunked based off the research people have been doing.
8062880	8066020	But, I mean, again, I don't know what to tell you.
8066040	8067780	I don't know much about MH370.
8067900	8069240	I just think it's strange.
8070220	8072560	Arrow says, how psychotic are the bad program members?
8072560	8075720	would they rather burn down the world and kill everyone than relinquish their power there's been
8075720	8079740	a lot of world leaders that have the same view yeah that is a hundred percent uh hitting the
8079740	8084940	nail on the head guys with what he stated or asked that is their mentality and it's it's disgusting
8085980	8091940	they will literally destroy everything because it's like one of those like my my you know watch
8091940	8096080	his murder mystery shows or things like that or psychotic boyfriends or girlfriends were like
8096080	8099660	oh well if i can't have them and nobody can and that's pretty much their same mentality
8099660	8105560	personality it's like they're still kids so george says why is the navy more connected to uap rather
8105560	8110780	than the air force is it because their bases are in the ocean no it's because the navy is able to
8110780	8114260	talk more about it compared to the air force that's where i encourage people to kind of look
8114260	8119000	more the air force aspect because they're trying to keep a tight lid on things certain members of
8119000	8124100	the air force know what's going on guys as far as the research i've done it seems like uh at least
8124100	8130720	on a surface level that both the air force and navy are deeply entwined in uh in program yeah
8130720	8135140	one controls the airspace and the other doesn't so you know it's one controls the air of the
8135140	8139920	lance or sea space if you want to call it that so yeah they're going to pick up more anomaly but
8139920	8144620	my understanding is that these craft they you know everybody says oh that doesn't look aerodynamic
8144620	8148240	well they don't they're not aerodynamic they're not meant for that they they're anti-graph
8148240	8155020	you know so they don't succumb to the same laws as like a 747 or an f-16 would have to do because
8155020	8161680	they the science behind it and the anti-gravity that they they exhibit it allows them to not fight
8161680	8165380	the same forces that conventional aircraft and thrusters and fuel would have to do with weight
8165380	8168880	these guys completely do it so it means if they can go into space realistically
8168880	8177740	it means they can go into water too so joshua says um does he know and is it true that there's
8178240	8183340	they had to build over around it it's not just in the us we talked a little bit about this just i
8183340	8188660	my the rumor is it may be in south korea but i'm not entirely sure and i heard that it was it's so
8188660	8194900	big that they had a facility built into it because it's crashed or shot down into the side of a
8194900	8198560	mountain or something i mean that's i'm hearing the same thing everybody else is hearing so i
8198560	8202460	don't have any first-hand knowledge of it so i couldn't tell you i can just tell you what
8202460	8206800	everybody else has been saying so katastrof said would the black government transport uh smaller
8208240	8209860	inside the metal crates hung from a Chinook.
8210020	8213300	I've covered a case, the 74 Coyame Mexico incident
8213300	8214480	that talks about things.
8214740	8216200	Well, yeah, that's what happened to Sentinel's
8216200	8217020	EV thermal.
8217080	8218080	Oh, right, right, yeah.
8218300	8219220	So that's where the,
8219280	8221240	so they had the same containers that I saw.
8221920	8223280	That's what they transport people in.
8223360	8225260	So the more, if you haven't read that,
8226100	8228640	you wanna, did I give you those docs?
8228720	8229600	If you wanna post them.
8230620	8231480	Which ones, SOE?
8231620	8231840	Yeah.
8232060	8233540	Okay, yeah, yeah, I have them posted.
8233620	8235600	Okay, so yeah, go back and read that,
8235640	8237000	but I will give a synopsis
8238840	8242680	in the mission statement for that book, if you even want to call it that,
8242700	8243660	or it's more like a briefing.
8245360	8248340	And these people, given these people in government,
8248360	8250520	these copies as well for them to read.
8250580	8253060	And I said the only reason why is because it edifies
8253060	8254500	and corroborates my testimony.
8254560	8255880	It's the only reason why they brought this up.
8256640	8260700	So they used helicopters to basically get these refugees in,
8261380	8264160	and this JSOC team was intercepted by these black operators
8264160	8265040	and they're murdering them.
8265040	8271680	so the helicopters then took these transport containers that have hvac systems on them
8271680	8279620	to this black site in the chihuahuan desert and they used holographic technology to obscure the
8279620	8283220	base to make it look like a mountain when it's not a mountain so when they're watching the live
8283220	8289500	feed from a drone and these they had f-18s that they also scrambled in response to these
8289500	8294060	helicopters and they tried talking and communicating with these helicopters and they got no response
8295040	8300340	with an amp so the pilot did a supersonic ejection which may kill people because they're going so
8300340	8306800	fast having to brush out of that cockpit so that plane went down the other plane took off but when
8306800	8312140	they were watching these helicopters it was two of them that had these containers of people in them
8312660	8315980	that they were flying and it looked like they're going to crash and do a suicide mission into the
8315980	8320060	mountain so as soon as they saw that all of a sudden they just passed right through and that
8320060	8321920	that Jerome was hit with an EMP as well.
8322000	8330420	So that I can say to an extent that I've had detailed information to an extent of that,
8330540	8333880	but I can't confirm or deny the insiders that were there or not,
8334060	8337100	because they will not publicly say or even tell me that they were there.
8337260	8340940	All they said is if they were there, they would have this rule that they were doing.
8341320	8343220	So that's how it goes, guys.
8343340	8347440	And usually that's telling me officially but not officially, if that makes any sense.
8347800	8349680	So that, in fact, really did happen.
8350060	8353140	And that's the only reason why is because they've done the same thing.
8353220	8360420	They move them conventionally to an extent with crates attached to helicopters, yes, because these groups have assets like that.
8360740	8366640	But most of the time and some of the time they use the craft that they build because it's faster.
8366820	8371700	And if somebody like me sees something like that and I tell my story, how many people believe it?
8372760	8376160	That's how they hide it, guys, and that's just the reality we live in.
8376900	8380300	So Logan says, and are you down to do 15 more minutes? Cause we're pushing on
8380620	8385100	two and a half hours. Yeah, I got, so let's do 15 minutes. So at
8386580	8391800	615. Cool. 615. Okay guys, we got 15 more minutes. Logan, and we'll get through these as quick as
8391800	8394660	possible. I know there's still so many questions we haven't got through. I'm sorry. We're trying
8394660	8399620	to get through everything. I want to take a quick second to appreciate everybody showing up to this
8399620	8403700	live stream. I know people are pretty, pretty interested to kind of see a forum where you
8403700	8407860	answered questions live yeah a lot of good questions too guys and that it shows me that
8407860	8412800	your guys's heads are in the right place and uh it shows me that there's some good skeptics out
8412800	8416740	there and there needs to be i mean 100 there needs to be i'm skeptical just like everybody else so
8416740	8420860	somebody comes forward with something that's like yeah let me see what i can do on my own
8420860	8424600	accord such as sending it to my circle of people to say is this legit or is this so
8425000	8430460	logan says what are some key things michael uh things michael wants us to do to help them in
8430460	8434460	the disclosure process? Okay, this is a good question. What I recommend, guys, and even for you
8434460	8438260	too, look into the Department of Interior.
8438460	8442540	They have oversight of the U.S. Forest Service. They have oversight of Bureau of Indian Affairs
8442540	8444640	as well, and they also have oversight of
8446840	8450600	Bureau of Land Management, okay? They're the ones
8450600	8454640	that are also helping coordinate areas off for people that go
8454640	8457940	missing and that are ushered into these programs.
8457940	8462980	programs. So if anybody has any kind of clue of what they can look into those agencies and look
8462980	8467160	at some things that they've been doing, that is one thing that the insiders have told me to look
8467160	8473640	into. And you have a lot of research and know how to do that. So look into stuff like that,
8473700	8480640	because it does pertain into them siphoning people off to participate and basically be either offered
8480640	8483680	or taken against their will, which more than likely, I'm going to say they're taken against
8483680	8488040	or will because these people disappear without a trace they are literally taken and someday
8488040	8491620	sometimes they find clothing on them that's completely folded up with their shoes on top of
8491620	8497500	it it's just something i you know it's weird but um if it's something with this group because
8497500	8502140	they've told me over and over again that black controls uh department of interior with this
8502140	8507760	heavily so look into that guys because i will help with the missing people and if there's some
8507760	8511920	things that are uncovered and you guys really do find some stuff let me know yes sir then i will
8513680	8519000	have fucking ruled in it's not cool so b says best way to contact me uap group at gmail.com my friend
8519900	8528460	okay uh okay okay master's talking about the mason okay so we are very much behind we'll try to get
8528460	8532860	through all these as quick as possible do either of you have thoughts on the article attempting to
8532860	8539340	identify your insider uh they've tried to identify him multiple times guys but nobody knows his real
8539340	8544180	identity and even the people that know his alias that he goes by they understand that there have
8544180	8549060	been people who have died because they know that name and it's because of the i mean i can't go to
8549060	8553560	specifics because one i don't know but two it's very risky so there's people who try to uncover
8553560	8559000	it it's just gonna land yourself in a world of hurt okay um have you been in contact with jesse
8559000	8565860	michaels i can say that uh jesse was interested in uh meeting up with with michael recently but
8565860	8567180	but it just didn't pan out.
8567220	8569260	Yeah, scheduling conflicts for the most part.
8569380	8571080	So if he's up to it again, I can do it.
8571220	8573160	But, you know, it's just I got a busy schedule
8573160	8575360	and I got to know things well in advance ahead of time,
8575400	8576280	at least a couple of weeks.
8576520	8578540	If it's something where I'm encapsulated with business
8578540	8580320	and then, you know, we do things months out.
8581400	8582120	So, yeah.
8583260	8585000	Okay, huge craft outside the U.S.
8585000	8586180	We've talked about that a little bit.
8586780	8588700	We talked about this like a boss as well.
8588980	8593100	I guess Department of Interior might be things you'd recommend to FOIA,
8593160	8594160	especially in terms of...
8595860	8598120	Siphoning up these people to participate in these programs.
8598340	8601060	And they've got, you know, black is heavily influenced in it.
8601160	8603800	And this is what has been provided to me by these insiders.
8605200	8605640	Okay.
8608120	8609340	NHI have bases on earth?
8609520	8612780	Any chance a hiker could venture out near one of these and see some sites?
8613200	8616460	I mean, even if it's just a regular military site, I wouldn't really recommend.
8616980	8619660	Well, if you're outside the vicinity, but here's the thing.
8619660	8624400	This installation that I know of that was taken to, they have some pretty.
8626720	8632500	crazy thermal and cam and image systems. And they have four cameras more specifically have a 360 to
8632500	8636260	view that they basically can zoom in and read your license plate on your car and they can tell how
8636260	8641080	many moles you have on your face. So they can identify you. So if you're going to take a risk,
8643220	8648340	I would personally for your safety, I would not do that. Because you will get harassed,
8648340	8653220	you will get chased off and they know who you are. And if you have anything that you've uncovered,
8653220	8658040	covers, such as if they're doing anything testing wise, and you happen to see that you're going to
8658040	8661660	be in a world of surprise because these people know where you live and they know everything about
8661660	8666900	you and they know your family. So take it from my advice, guys. And my reason why I know this is
8666900	8672680	because of what they personally have told me and how they utilize security. Don't attempt it.
8673180	8683180	Now, if you have a million people that are armed. No, do not. Don't do that. Don't do that. Because
8683560	8685360	do anything. I mean, these guys have energy.
8685460	8687280	As soon as they get an Apache up in the air, even.
8687360	8689600	They'll take it down. There's nothing that can survive it.
8689680	8691200	So just, you know, guys, just stay away.
8691680	8693480	You know, I was given the opportunity
8693480	8695320	and I'm glad I took it and I wish I didn't
8695320	8697340	as well, but it's just
8697340	8698500	the world we live in.
8699740	8701540	How do they recruit? This is a good
8701540	8703400	question. How do they recruit engineers into the program?
8703520	8705560	How many people are working it? How far ahead are we
8705560	8707140	in reverse engineering compared to other countries?
8707420	8709140	I've said this. As far as the specific
8709140	8711120	engineers or when they're plucked, I have no idea.
8711240	8712260	I've been told that it's young.
8713260	8718280	Through school not through college but through school that they have some brilliant minds that they pluck into these programs
8718280	8722860	As far as reverse engineering goes these guys have told me over and over again
8722860	8727440	That they are having a very hard time distinguishing between NHI and between their own stuff
8728320	8733140	Meaning that they move the same they move they can disappear. They can you know, they're cloaking they
8733760	8738860	They could do everything that's fucking scary to think about so this base
8738860	8741900	I mean, yes, I was taken to it, but they have all this technology there
8743220	8754040	If Congress or Senate or anybody have an open access pass, they would basically have everything they need to basically say that this phenomenon is real and that we as in people have had access to this technology for a long time.
8754440	8758600	Kazoku, can you go into detail about the clothing you were required to wear when entering this facility?
8759140	8762860	I was in a red Under Armour shirt and blue pair of jeans and my shoes.
8762920	8767080	That's it. And I had my Rolex on, but I didn't have access to my phone.
8767220	8768500	So that's all I can tell you.
8768500	8774580	Based on the retaliation you and others endure to blowing the whistle, do you think there's a dedicated retaliation group that monitors groups?
8775160	8775480	100%.
8776160	8776480	100%.
8776480	8777240	Let me tell you something.
8777280	8777920	These guys are sick.
8778540	8782920	So nothing gets them up more than having to survey people and try to threaten them or try to harass them.
8782960	8783660	That's what they love to do.
8784020	8785720	And they get paid a shit ton of money to do it.
8785800	8791280	So, I mean, if you got paid money to fucking fly over somebody's house, scare the shit out of them, and you got paid well for it, you'd probably do it.
8792800	8795620	Have you sought therapy for your experience?
8795640	8797700	And if so, what reaction have you received from the therapist?
8797960	8798000	Oh, that's great.
8798500	8810320	Great, great question. I did therapy for three years prior to coming forward and I did not go into details of what I experienced because, of course, my therapist is probably going to.
8810600	8816160	I have a joke that I tell my employees or even my friends. I said, you know what? My therapist has a therapist they talk to because of me.
8817340	8823960	So, you know, I didn't disclose anything personally with the counter, but it's something, you know, traumatic.
8823960	8829000	yes so um which i haven't had to do therapy in a while that's just been so busy with uh
8829000	8832500	with work but here's the thing with what i got from my employees it's called nice health care
8832500	8836360	so they have everything's for free for my employees and it even extends to their household
8836360	8841440	so their kids get sick they get taken care of for free so i use it myself and that's where i was
8841440	8848640	able to get a therapist for three and i did therapy for years so um it was helpful um i was
8848640	8853280	showing the correct way to carry myself in certain aspects of it where i thought i was right i was
8853960	8857200	So I took accountability for things that I was doing that I should have known better.
8857260	8858420	So it was in my personal life.
8858500	8859300	So it helped me be better.
8860260	8860700	Okay.
8860760	8866840	Kai says, why would they purposefully materialize UAP, NHI UAP over a range that shoots them down?
8866880	8867520	Donation theory.
8867640	8869580	Kai and I talk about donation theory often.
8869980	8870560	They're tricked.
8870800	8876820	And what happens is they use these P3, these individuals or these pink assets, right, to build rapport over time.
8877180	8881120	So the pink assets are heavily sedated and drugged to where I can tell you personally,
8881120	8884360	Personally, they have said that they don't know exactly what they're doing.
8884540	8886380	And I'm talking about the actual P3s themselves.
8886740	8890660	They recount missing time, but they don't have no idea what they're doing.
8890740	8893680	So because they're heavily sedated and they're used and they're making building rapport,
8894140	8897060	what the black teams are doing as far as targeting is craft.
8897360	8900580	These people are not aware of it at the time or they may be, but they don't remember.
8900940	8905180	So that's how they don't understand that they're being utilized and they're having shit shot down.
8905780	8909480	So because if somebody was coherent during that time and they could remember it,
8910880	8919020	it. Dr. Gas Gaber, can you show us the location on Google Maps? So Joey and I have worked with
8919020	8922880	Michael to try to pinpoint the exact location, but I think in my video, we highlight the general
8922880	8928440	radius of where the site is. All I can say, guys, it's near Hellendale. That's all I can say.
8928660	8935420	And that's all I urge you to say too. Oh, okay. UAP location. I thought you were talking about
8935420	8940320	the base. No. Well, the base is in the Black Desert. That's all I'm going to say, near Hellendale.
8941560	8951120	But as far as the actual thing I've been trying to pinpoint as one of the things I asked Arrow and the Pentagon is if they can pull up set imagery from that day, October 9th and 10th.
8951160	8954100	And they never did. They ignored my request because I know they have access to do that.
8954340	8956580	So we've been working with somebody who is in the government.
8956820	8958920	The Intelligence Committee is trying to help us with that.
8958940	8961120	But to avail, they were not able to pull those images either.
8961540	8963740	OK, Kyle, thank you so much for the ten dollars.
8964080	8968600	Mike, the Maje incident, according to Laura, it seems to be similar to what you have described from your source.
8968600	8972940	could they have done it? Was saying Congress is talking about money, not disclosure. Maje,
8972960	8976580	in terms of I think UAP being like almost lured in and shot down.
8976780	8981980	Yeah, I think it runs hand in hand. And it's not just this organization's global guys.
8982300	8985660	So what they do with this installation, they have other installations that do the same thing.
8985880	8988240	And it's not even just the United States. It's all over the world.
8988940	8992200	Zach says, what's up, Zach? Have I possibly heard the name of your insider friend?
8993000	8993580	Who's Zach?
8994680	8996800	Zach's a good guy on the channel.
8997080	9000800	I think he's just trying to fish for clues.
9001200	9006300	Nobody outside of the community, and I mean my group of people, knows this guy.
9007340	9013860	So the public, you guys will have no access to know who this guy is, and you shouldn't because, like I said, it's risky.
9014000	9017160	So if that is ever compromised, we don't have a leg to stand on, guys.
9017240	9019420	Like I said, these guys are hands-on with these materials.
9019420	9025140	materials so we're wanting this to push forward i get you guys are curious but curiosity killed
9025140	9029200	the cat i don't want this to be a game of curiosity killed the insiders because that's
9029200	9034680	the reality of it so um if they decide to reveal themselves and they will and if they're at a point
9034680	9040100	to do so they may but at the same time um i don't don't be snooping for shit that you guys can't
9040100	9044340	understand because it's going to get people killed that's how serious this is and like i said you
9044340	9048580	guys won't find the name out anyway as fast as any thoughts on the rumor that human the human
9049420	9051560	is incorporated into ARV craft nav systems.
9052200	9055060	Rumor has it that a human can volunteer to become a vehicle.
9055940	9056860	That's their consciousness.
9057480	9058740	That's my understanding of it.
9058840	9060800	But I mean, as far as the central nervous system,
9060880	9062580	as far as the neurons going back and forth
9062580	9063880	between the brain and everything else,
9064460	9066900	I mean, who's to say it's not possible?
9067120	9069180	I mean, they're doing things that are so mind-blowing
9069180	9071100	that it could be possible.
9072220	9074140	Hayden says, how are you so sure
9074140	9075460	about the human trafficking angle?
9075600	9077760	Could those boxes not have contained literally anything?
9078160	9079240	Well, here's the thing.
9079420	9083340	The insiders I'm working with were in that program of doing that.
9083500	9086660	So they know better and they know what it looks like and how it's ran and conducted.
9086880	9092780	So that was the first telltale sign that these guys knew what I was talking about to be the truth because that's what they were doing for a living.
9093180	9096060	Okay, we're going rapid fire now because we got five minutes.
9096220	9096660	Five minutes.
9096860	9098380	Thoughts on the program by James Fox.
9098480	9101260	I personally can't wait for it, and I'm eagerly awaiting the documentary.
9101320	9102240	I'll watch it too.
9102360	9103360	Maybe we can have a watch party.
9103440	9103840	That'd be awesome.
9103840	9104400	That'd be awesome.
9105320	9109760	Do you know anything about the Talon Thresher program or weapon system for JSOC retrieval missions?
9110080	9110600	I do not.
9110700	9111220	I do not.
9111340	9112140	You know what?
9112160	9112800	That's a good question.
9112860	9114800	I'm actually going to relay that to some people I know.
9114880	9115660	See what they say.
9115760	9116380	Is it Talon?
9117980	9118540	Talon, yes.
9118720	9118920	Talon.
9118960	9119920	Okay, yeah, I'll ask them that.
9119940	9122120	Shake Leather says, have you read Dan Sherman's book?
9122200	9126400	Do you think the drugs that USAC gave him to boost his side abilities may have been the same drugs administered to P3?
9126420	9127320	100% yes.
9127820	9128760	100% yes.
9130280	9133700	It's not at a heavier dosage like they're doing with these pink assets or these P3.
9133840	9138080	what they're doing is much harsher because of what the results they're trying to do and i mean i
9138080	9141320	shouldn't say trying to do it's the results that they're achieving master says are the insiders
9141320	9145760	uh working with michael also freemasons no they are not but some of their family members were
9145760	9149860	such as their grandfather their fathers so that's kind of the way that they were able to trust me
9149860	9156160	with information because i know how to keep shit keep shit a secret and to spoil it guys freemasonry
9156160	9160220	is not this whole club of people running the world because obviously i'm trying to help combat
9160220	9161540	that the people who actually are.
9161800	9164060	Because they're also the same people
9164060	9166080	that have a stranglehold over these technologies.
9167100	9169740	So money does a lot of crooked and crazy things
9169740	9170880	when you have that kind of money.
9171140	9172320	I'll bring this out because it's in all caps.
9172500	9173840	WhatWear doesn't have a question to ask,
9173900	9175220	just wants to thank you for the opportunity
9175220	9176380	to come forward being brave.
9176660	9177580	I appreciate that, guys.
9177620	9178260	Thanks for the support.
9179040	9179580	CoronaClay says,
9179720	9181160	have you heard anything about alien religion
9181160	9182620	or beliefs, philosophy, or politics?
9182720	9184040	Isn't the Cold War era of brass
9184040	9185660	worried about aliens being communists?
9185700	9186300	I have no idea.
9186360	9188120	The only recollection I have
9188120	9193080	is the supposed exobiologist leaker which i still have not done a deep dive into that yeah i don't
9193080	9198060	know anything about that either uh thoughts on physicists and astronomers like brian cox neil
9198060	9202960	degrasse tyson saying this is all nonsense neil degrasse tyson is very dismissive of most concepts
9202960	9207560	and i heard this because he's bought paid for to an extent that's just how it is just because
9207560	9213240	something you know it's just like okay does do my cars exist well you know because you've seen them
9213240	9217220	most of these people have not seen them so it's the same thing neil doesn't know my cars exist so
9218120	9220420	The probability of this being here is because this happened with this.
9221000	9224340	I mean, guys, I mean, he knows what he's told.
9224520	9225820	He knows what he's researching.
9225900	9229100	But when it comes to UAP, he probably is not going to know a whole lot
9229100	9231480	because he's just going to regurgitate the same shit everybody else,
9231520	9232380	including myself, says.
9232840	9234380	So it's just not beneficial.
9234740	9238140	John S. says, what was your MOS when you experienced the encounter, Mike?
9238200	9239660	03-11 Rifleman.
9240560	9241820	03-11 Rifleman.
9242020	9242420	Okay.
9242500	9245520	It's actually a saw gunner, so automatic rifleman.
9245960	9247260	But it's still 03-11.
9248040	9252900	Okay. What do you think about the Metapod UAP? I've talked about it. Have you seen that, Michael? I made a video on it.
9254740	9258840	I may have, man. There's so many UFOs people. Hey, what do you think about this one?
9258900	9269760	Yeah. Have I looked into the secret languages, forgotten languages website? At some point, we'll talk about it. I have some good friends that don't have too many kind things to say, but we will look.
9271100	9274060	Question. You're coming out talking despite signing NDAs. Why?
9274060	9279780	why? Well, as far as signing the NDAs, that's why I kind of have to skirt with what I saw at the
9279780	9286000	installation. But as far as the NDA I signed back in 2009 was not legal. And that's why I took the
9286000	9292140	approach of going through the government to basically testify, because if I was to have
9292140	9296640	done that publicly, and let's just say what I saw wasn't a legitimate program, then I would have
9296640	9300220	been in violation of that, which means I would have been sitting behind bars. So since that has
9300220	9305460	has not happened and I am here free, I feel like I did the right approach to it. So that's the whole
9305460	9309700	point. So to me, it just didn't seem like it was something that our government would do.
9310280	9315740	And I'm glad to an extent it hasn't been. But then again, we got the government basically not
9315740	9321400	trying to help with aid out in the hurricane that hit. So which then they have FEMA officers trying
9321400	9325320	to arrest people. But then I heard the state police out there said that, oh, we got FEMA
9325320	9330020	trying to arrest or arrest or detain people for helping with aid that the state police is going
9330220	9332900	rest of female or the FEMA agents. So I think that's good.
9333880	9337100	Oh, sorry. Are you willing to do a podcast with Joe Rogan?
9337800	9340940	If the time is right? Yes. But you know,
9340940	9345440	I think Joe's kind of got a weird approach to the UFO phenomenon.
9345460	9348980	And I think he kind of like snickered rush a little bit,
9349040	9352760	but Bob Lazar is like his golden boy when it comes to that. So if it,
9352760	9354620	if the time's for it, maybe, I don't know.
9355160	9357680	Okay. We'll get, we, we got to sign off now guys,
9357700	9359240	but we'll go through two donos.
9360220	9367220	want to say before so i had gotten i saw an etsy this uh somebody was 3d printing the craft that i
9367220	9372900	saw in indonesia so i showed that to you and i ended up getting a hold of the gentleman who
9372900	9378520	three prints those so he sent me two of them so one of them i signed to him sent it back to him
9378520	9382440	so that way he can have something because i appreciate that somebody actually is 3d printing
9382440	9386980	something i can actually physically show people in representation especially if i go to go to this
9386980	9393560	hearing then i can show them what i saw that looks relatively close you know goth memory of uh of what
9393560	9401620	i experienced so what i want to do is i have a copy or a model so what we can do is like a drawing so
9401620	9406500	you can do something like a number one to a hundred or something so if anybody guesses that number
9406500	9412120	right whoever the first person can do it i will sign that and send that oh that yeah that'd be
9412120	9414040	cool. I'll organize something on
9414040	9415960	a community post for like a random
9415960	9417880	raffle. That actually sounds
9417880	9419720	really cool. I think that'd be cool.
9419880	9420660	That's awesome.
9421820	9423940	UK Big G, thank you so much for the two euros
9423940	9425820	and a big thank you to Michael.
9426460	9427720	We'll get to... Holy
9427720	9429940	crap. There were so many questions we couldn't
9429940	9431940	get to. It's crazy. A friend, thank you so
9431940	9433920	much for the 10 bucks. We'll answer this last one. Any
9433920	9435900	ideas on the specific unit or division within
9435900	9438020	JSOC that was dressed in all black that is responsible
9438020	9440180	for the UFO security in Indonesia?
9440600	9441940	I didn't think it was JSOC, guys.
9442120	9447480	It was a privatized movement, and a lot of the guys are plucked from higher special operations command.
9447620	9452380	So there may have been members that were from JSOC at one point, but it was not a JSOC division.
9452760	9456580	It was completely privatized, and that's what these insiders have told me again and again.
9456720	9457240	They're contractors.
9457760	9464800	That's why they can hide in the secrecy because they don't have to respond to a commanding general or a commanding officer or a commanding enlisted personnel.
9464940	9466200	So they can do anything that they will.
9466660	9467920	So that's just how it is.
9468620	9473380	Okay, guys, we've been going for almost two hours, 45 minutes now. We got to sign off. So
9473380	9478080	I'd like to thank Michael so much for joining today. I asked him if he'd want to do just like
9478080	9483300	a live Q&A with you guys, just because I know I've spent, I think, three videos now,
9483860	9486980	including our interview with Joey. And so I thought it'd be a good question,
9487700	9492600	because I find it very rare that individuals, whistleblowers and so forth get to interact with
9492600	9497240	the community. So if I could serve as a platform for people to ask you questions and talk to them,
9497920	9499920	The way that I am, guys, I'm just a regular guy.
9500100	9502160	I'm just somebody trying to make my life better through business,
9502280	9503720	and that's my passion is my companies.
9504260	9506800	And, you know, I help people out with equipment.
9506920	9511580	So I just – I don't see myself as somebody who thinks that, oh,
9511580	9514280	they're this king shit or whatever because I'm doing this.
9514360	9516720	No, I'm just a regular person.
9516780	9517480	I'm just like you guys.
9517520	9521840	So I'm always willing to talk to people who actually genuinely have good questions.
9521980	9524520	And, you know, so I'm just like anybody else.
9524820	9527180	And I'm sorry we didn't get to all the questions, guys.
9527920	9530680	We tried to go through everything possible.
9530920	9534140	So this was all done off the cuff, like nothing was prepared.
9534320	9536860	So I'm sorry if there was some stuff we didn't get to.
9536920	9538420	Just kind of wanted to sit here with everybody.
9538720	9541220	But thank you, everybody, so much for joining.
9541260	9543580	If you have any closing words, Michael, we'll leave with that.
9543660	9544780	Keep up with the support, guys.
9544860	9546620	And I always say this.
9546640	9547560	The skies are not classified.
9548760	9551280	Watch the skies and be skeptical.
9552640	9554700	Be smart and be skeptical because, like I said,
9554700	9559700	there are some people who come out and um they say some pretty off the wall so
9560340	9566220	all right guys um as for the channel i'm working on the new video that should come out uh mid time
9566220	9571240	to this week uh and then some other fun stuff going on for the channel so thank you all so
9571240	9574220	much for joining thank you for everybody's questions i'm sorry for the questions we
9574220	9579140	didn't get to and i will catch everybody on the next stream so thank you all so much thanks guys
