start	end	text
0	4300	What's going on guys, it's UAP Gerb and thank you so much for joining me for this
4300	8860	in-person interview with UMC vet and aero whistleblower Michael Herrera.
9160	12260	Before we get into this interview, there's just a couple things I want to touch on.
12580	16020	I co-hosted this interview with my good friend JoeyIsNotMyName.
16380	20720	Many of you will remember him from my first video on Michael or have seen him around Reddit
20720	25240	and Twitter as one of the first people to really start investigating Michael's claims
25240	28340	of his experience in 2009 in Indonesia seriously.
30000	34580	to conduct this interview, we sought to really ask some of the lesser asked questions and lesser
34580	39720	known details of Michael's encounter in 09 and his claims of meeting a black program insider.
40140	44640	So we do kind of expect you to be somewhat familiar with Michael's story, at least know
44640	49800	the base details of his 09 experience and his follow-up claims. If you haven't, I highly
49800	54260	recommend checking out my original video on Michael that I did with Joey or watch his Sean
54260	58740	Ryan show podcast appearance. Both are fantastic videos. I highly recommend checking them out.
60000	64860	with Michael's story. If you'll remember back to my Marines and UFOs video, you'll recall this is
64860	69600	the first time I ever covered Michael's story. And I was super dismissive of him, super skeptical.
70220	74900	That's why after all these months of talking to Joey, talking to Michael, sharing meals with
74900	80000	Michael, hosting Joey, and conducting this interview, I'm super excited to revisit this case.
80300	85900	As it's one I've been privately investigating on my own for quite a while. So without further ado,
85900	90340	do, please enjoy this interview with JoeyIsNotMyName and Michael Herrera.
100320	104620	So you guys get to the top of the hill, and of course, this is when you observed this
104620	104940	object.
105080	107320	Which part of your team first observed this?
108140	112640	It had to have been, it wasn't me, it was somebody else.
113140	115260	And they were more pointing like, what is that?
116020	118860	And so this was a big misconception for me at first.
118980	123460	Joey had to kind of help me visualize this as I'm sure it was for a lot of other people too.
123740	128420	You guys only saw a top triangular section and some lights of this.
128800	129880	Not really lights.
130020	132360	Lights didn't happen until the thing actually took off.
132740	136560	But you can see, I mean, if you're going to try to think that these are two trees, right?
136940	140480	And that's kind of like where you can see the top part of it, but then you see the other part.
140540	143460	But you can't make out the whole size of it, right?
143520	145600	Because you have trees and everything distorting it.
145900	150720	So really only we saw was something changing colors off in this little thing that I had visual on.
151080	152420	And you see it moving around.
152680	154820	And it's like, it's not a building.
154960	156680	I mean, we thought it was a building at a point.
156840	159280	But, I mean, it's just off in the distance right there.
159340	160200	And it's changing colors.
160320	164960	And something that you have green vegetation sticks out like a sore thumb.
165060	169280	It's easy to say if it was a building because, I mean, you'd expect kind of buildings to be in that area.
169480	171200	But this area didn't have any of those buildings.
171800	172840	Didn't have anything like that.
172840	176620	So who made the decision to kind of go forward and check this out?
176660	177020	It wasn't me.
177380	179640	And it was the person in charge.
180080	181560	And that's who was the one that did that.
181680	186160	As you approach the object, you could only still see just above the tree line, the top of the object.
186220	197580	So when we got down that hill, and it was something we weren't allowed to do, obviously, because you're not supposed to abandon whatever your post is.
197580	198720	Yeah, I'm curious about that.
198720	211660	Can you describe what was going on at the LZ at the time where you guys decided to make this decision, this risky decision, to go and check out whatever this was?
212440	215080	So I don't remember much going on at the LZ.
215160	218200	I just remember taking video of that helicopter that was off in the distance.
218300	219400	It wasn't like it was super close.
219720	225080	Did you guys feel like that helicopter was part of your responsibility to guard?
225420	226940	Or was it like...
228720	233020	people there or probably other Marines on board that they were probably dropping off in that area
233020	239060	that would be my assumption I don't remember thinking anything like that back then you know
239060	246500	14 15 years ago yeah I mean I can imagine you know whatever you guys saw well it's something
246500	252460	that wasn't it was abnormal and you know yeah curiosity is a good thing to an extent but I tell
252460	257860	people all the time curiosity is what kills a cat and it's something in this way that it changed our
258780	264680	Yeah, I mean it wasn't it wasn't a light decision. It was no it wasn't a risky decision and you guys made the choice and
264680	269380	I mean we didn't even rack around in the chamber. It's just like we weren't expecting to really
270500	271860	Get into anything like that
272580	275020	You know, it's just walking down trying to see what that is
275020	280260	And then if it wasn't nothing we're just gonna go back up the hill and resume to what we were doing and obviously it led
280260	284840	To what we experienced when you're walking, you know, you guys are at the top of the hill
285680	288300	The decision is made to go check this thing out
288720	293600	And at the top of the hill, you don't actually see any people.
293660	295540	You didn't see the trucks yet.
295720	298420	You're just seeing the top of the craft.
298700	300180	So you guys go down.
300340	304980	The moment of interception with these guys, can you describe?
307220	312940	I think what gets lost on a lot of people is how fast it happened
312940	316020	and how quickly they took control of the situation.
316020	318840	I mean, what was your first impression when you saw these guys?
319240	325540	Well, I heard people yelling at us. That's what got my attention and when we saw weapons in their hands pointed at us
326580	332680	You're not gonna move you're not gonna raise your weapon up because obviously that's point and then obviously in during the briefing
332680	336580	I had touched on in numerous interviews that there was a possible SEAL team
336580	341560	That was out there trying to handle things that if they were tasked on what they were specifically doing
341560	345840	I don't know but I remember in the ward room that that's what they were talking about having some sort of
346020	351580	element of U.S. Navy SEALs there. And for a second, we thought it may have been them. And
351580	356620	we're just like, oh shit, here's these guys. Then obviously we were going to talk or something.
356860	358280	Right. And everything would be cool.
358700	362700	These guys were not carrying themselves as SEALs and they didn't have anything
363260	367960	identifying on them. And obviously they were screaming at us, telling us to put our weapons,
368200	372300	put our hands up in the air because we had slings on our stuff, right? So that's when we're putting
372300	377200	our hands up in the air and every single one of us did the same thing. It's not like, I mean,
377220	381300	how are we going to raise a weapon that doesn't even have a full chamber? What are you going to
381300	385740	do at that point? If you even rack that round and try to bring it up, they've already got their
385740	391060	muzzles pointed at you. It's almost like a police officer coming up to your vehicle when they do a
391060	396120	traffic stop and they feel threatened or they may have an indication that your vehicle matches the
396120	400280	description of somebody who has had a gun pointed at them, for example, where they would believe
400280	402560	that it's reasonable suspicion for them to deploy their firearm.
402960	406880	Are you going to move suddenly and make him think you're going to reach for something
406880	407860	and he just blasts you?
408220	408620	No.
408780	410080	And how did these men approach you?
410100	411620	In a tactical column, a pincer?
411820	414180	We were the one that was in a tactical column.
414300	418480	They had, so if I was looking at this and we kind of started,
418560	421440	and that's when we naturally kind of spread out like walking towards them,
421540	425340	and that's when they basically had four guys on this side
425340	427440	and they have four guys on this side.
427440	433600	and I talked to numerous special operators about this type of tactic and they call it a nosebleed
433600	438760	which is where they have basically interlocking fields of fire with this direction on one target
438760	446940	it's a very rookie easy thing to do and these guys that were they already had that position
446940	451600	so it tells me that maybe there could have been more operators that were around that area
451600	456600	maybe on the other side of the craft on the other side where the trucks may have went off which I
457240	464460	anywhere. But from what I've been told, there was more than just those guys there. So if we would
464460	470000	have gotten into any kind of conflict, we were severely outnumbered already. At what point did
470000	475020	the craft become fully visible? When we got to the bottom of the hill and we walked a little bit
475020	479160	forward and it started to clear out. And that's when this thing was just sitting there. And then
479160	483020	the men approached you right after you noticed it? Correct. As soon as we broke that threshold
483020	487060	of getting into that clearing is where they basically had us intercepted it's
487060	490920	not like we could run behind anything because you can't right and the trees
490920	497560	weren't like big red oak trees where you could hide behind I remember the trees
497560	502180	probably being as big as this water bottle at least how thick probably a
502180	506340	little bit thicker but that's not enough to stop anything it's not enough to hide
506340	510620	behind and not get hit you know so it's like you know everybody has the whole
511140	513560	They think they're John Wick until they're in that situation.
513880	517340	But it's like, I would like to see anybody else in that situation to see what they would have done.
517560	522140	Because knowing what type of operators we encountered, now that I've already been through all of this,
522840	528560	been briefed on it, been included to an extent, none of us would have been a match for those guys.
529060	529420	Yeah.
529820	533800	And so what did these men do as they trained their rifles on you as they approached you?
533980	535660	So they were pointed.
535800	536620	They were screaming at us.
536640	538320	You could actually hear them flip everything off safe.
538320	543780	and because it's not able click and where we were at obviously there's not a
543780	546780	lot of noise coming from the hill obviously because everything that's
546780	550400	going on over there is basically silent because you have a hill blocking
550400	553780	everything and then the crafts not emitting any kind of noise except for
553780	557740	that that little hum or that guitar amp I mean it's not exactly like a guitar
557740	560980	amp or like a transformer but it's something similar to that you actually
560980	567260	replicated pretty good yeah so and that wasn't as audible compared to when
568320	574000	go on and when they had us, because we weren't at where we just broke that threshold, right?
574140	577140	We actually pulled up a little bit more as they were telling us to.
578160	582980	And so they had their weapons on every single one of us and there was only six of us.
583060	587560	There was eight of them, which means that it's easy for them just to, I mean, I don't
587560	590540	even know if their weapons are full auto and they probably could be.
590900	591620	Ours are not.
591720	595560	They're only three round burst or semi-automatic and most of the time they teach us to shoot
595560	599460	in the same automatic, you know, one round per person, a kill shot at least.
599540	600720	So, I mean, it's not a head shot.
600780	604080	I mean, you have a tee box and what you're trained for combat marksmanship,
604240	606420	but these guys could have had full automatic M4s.
607380	610020	I wouldn't have rolled it out, you know, which means that they just need to,
610960	614340	each person doing a couple round bursts, three to five round bursts.
614380	616060	I mean, it's going to get everybody where we were at.
616700	622960	Now, one thing that people bring up is, you know, you had your camera.
622960	629960	you at the top of the hill you actually got some pictures of what you guys I remember at least a
629960	633580	couple photographs but I remember a video as well that's right I remember a video that's when I had
633580	639720	a dump pouch which all of us did have a dump pouch yeah but um I had it right here all the time and
639720	643020	that's where we basically put expended magazines because you're not going to drop them because you
643020	649140	have to reuse them right so and it also helped too if you had um carry extra ammo because of
649140	652760	if you had some malfunction or sometimes we use the saws with,
652880	655800	because I had regular saw drum pouches on my stuff
655800	658080	where I could put a drum here and a drum here
658080	659660	and then I had grenade pouches up here.
660640	662660	And most of the time I would just put magazines
662660	664960	in whatever the easiest side to reach was,
665140	666640	and that's basically what I had.
666720	671760	So we didn't have like M4 or M16 pouches.
671780	674400	I had saw drum pouches where I had all the mags in,
674840	676120	which we had a combat load.
676120	677040	I had six mags.
677200	678640	They disarmed you, right?
679140	685040	kind of their first, like once they approached you, you've described how they were very methodical
685040	690540	and how they did that. They wanted to gain control of the situation, which they had that control,
690740	695140	right? But they're going to sleep better because they took our weapons from us and slung them and
695140	700400	going through making sure that we had our magazines out. It wasn't like they were spending us like
700400	704180	some law enforcement officer checking you, trekking around your ankles, anything like that.
704300	708880	They're not doing that. The only thing that they searched us with was our military IDs where they
709140	713340	they were at, which is what my suspicion was that these guys were former military at some point,
713440	718500	because they knew exactly where our IDs were. And you said they interacted with your IDs with
718500	723060	something that we would recognize today as a modern day smartphone. Yeah. So they had something
723060	726860	that I refer to as a BATS system that we were trained on, which is like a biometrics and
726860	731240	tracking system. It could be the acronym for it, but I just remember saying BATS.
731880	736680	And they tried that first. So they put that away and they had these things. I mean, it wasn't like,
736680	740060	because iPhones were kind of bulky back in the day and they had blackberries and
740060	745960	they had a Sony Ericsson mp3 phone that was pretty bulky and they had something
745960	750020	that was really thin and that's what they were using so it could have been
750020	755520	something that was comparable but I'm then again I don't know so while you're
755520	758720	getting searched the craft is in the background for anybody that hasn't heard
758720	763100	you describe this craft can you tell us what it looks like so I remember it as
763100	765260	as, because there was corners,
766060	768360	which means to me it was an octagonal shape.
768600	771420	Actually, could you, would you mind drawing it for us?
771460	772640	Let's see, I got pens over here.
772820	774120	Let me, yeah, let's- I like that idea.
775740	776560	That would be cool.
776700	777960	And you know what, I'm gonna move.
780420	782080	All right, so what did this thing,
782260	783520	what did this craft look like?
783800	786700	Okay, so, and this is going from our point of view, right,
786780	787500	that I can remember.
787620	789740	So I'm just gonna say this is like vegetation, right?
789840	791480	And this is to represent that clearing.
793100	798140	is kind of like a pyramid shape at the top like this because I remember seeing some shading
798140	806460	and some were kind of brighter than others like this then I remember it going like this
807200	813840	and then it had corners right this may be looking a little bit strange but this is just a rough draft
813840	819180	used to be a better artist back in the day and I remember seeing these vents at least that's what
819180	824820	what it looks like on each of the corners like this. So there's a vent here and it was like it
824820	834700	was positioned on the lines like this. And then on each corner when this thing took off it had
834700	840080	lights that would pop on which would have been like red, yellow, green, and blue are the only
840080	847000	ones I remember that kind of had a line that went like this. And it had some sort of scale pattern
847000	853400	that it you know I estimate is octagonal but it could be it could honestly be
853400	860700	circular it could be square I wasn't close enough to depict it but this is
860700	865620	where this was the blackest darkest thing that I have ever seen in my life
865620	869540	it's almost like light got absorbed into this and I don't know if this is just
869540	872120	just because of the craft, it may help with a function.
875940	877940	But, there's probably third graders or something
877940	879760	that say they can probably do a better job than this.
879900	881220	And I'd probably agree with them.
881980	882380	So.
882660	883960	Now what about the platform?
884240	887040	The platform underneath was kind of like it was raised,
887280	890180	like this, not off the ground, but just like an incline.
890400	892040	And then went underneath like this,
892120	896700	and it was around the same kind of length as a craft.
896700	901940	and it had kind of some points on it as well, which you know obviously it fits
901940	906660	under the craft when we saw that happen. And it wasn't like where we
906660	911960	were at, I would say this is approximate even the same distance as it was. There
911960	915400	was not like it was any lights or materials on here that I remember seeing.
915940	920600	But then you have, I'm gonna draw stick figures, so I'm just gonna draw them
920600	929440	black because these are black team guys I know this is not a Van Gogh or a
930160	936660	Mona Lisa drawer but I'm just trying to gather everybody's attention to see how
936660	941380	what I can recall as this and all these guys and we were essentially in this
941380	948240	area kind of online four or five six right we weren't like evenly spaced out
948240	954560	But you guys can kind of see how there's six of us, there's eight of them, they've got
954560	957160	good field of view, we can see this going on in the background.
957980	961800	And I'm going to draw a line through this, but basically where the directions where the
961800	963700	trucks came from were from our left.
964060	966560	So they're coming up and then they would go like this.
967000	972340	I don't remember seeing them go off the platform and going somewhere else, I just remember
972340	976480	them going on here, but then we're also facing the fact that we're dealing with these guys
976480	977180	at the same time.
978240	983680	focus is going back and forth one you don't see anything that looks like that ever two you're not
983680	992300	in a situation where that happens either so as um i wish there was more details that i can remember
993060	998640	aside from that but that is what i briefly recall as far as what the craft looked like besides
998640	1004320	changing colors from a light matte gray to a dark matte black the whole thing and so before this
1004320	1010200	craft took off what did this platform do so this craft kind of sunk down a little bit like this
1010200	1015760	this platform itself raised up and there were trucks and other crates i don't remember seeing
1015760	1020020	the trucks they could have been because where we were at and mind you i didn't see it as it
1020020	1028140	started going up i saw it when we were going back and forth and the only thing that got my attention
1028140	1033840	and sure got everybody else's attention i'm only speaking from my point of view was the only thing
1034320	1038860	attention was something was moving and because your eyes are used to it tracks movement right
1038860	1043300	it's just something that gets your attention so when i saw that raising up it was already
1044120	1050680	what i'd estimate over our if we're only five ten to six feet tall it was probably over almost
1050680	1056180	ten feet off the ground did it raise rapidly or in kind of a slow motion not super rapid it was
1056180	1061800	enough to kind of be slow but still enough to where you could catch it but i don't remember
1061800	1067080	seeing any kind of containers going up with it or trucks or nothing. I just
1067080	1071640	remember seeing the front profile the truck with a trailer behind it and that
1071640	1074760	how it's what I was able to see that cylinder in front of that container.
1075020	1080440	Let's get another piece of paper and draw the trucks. Okay. And actually I want
1080440	1083400	to show you this too. That drawing is gonna be worth a lot of money someday.
1083400	1088960	day oh yeah keep that here let me do this oh get the signature cool
1090540	1094440	this is a cute this is a probably my favorite part of the interview you drawing this stuff
1094440	1099660	it's awesome i feel like i'm in kindergarten showing off your colors you recognize but it's
1099660	1105820	cool because it like it helps you kind of uh describe like as you're as you're doing it you
1105820	1114800	now um all right so all right trucks all right so what are these trucks the containers with them
1114800	1120620	could you describe those yeah so um like i said only saw from certain profiles and what i remember
1120620	1125360	distinctly with these i don't remember seeing like a ford logo or nothing like a chevy duramax
1125360	1129620	on the hood or nothing like that we're obviously we're kind of far away in comparison to that
1129620	1136360	that. So I'm going to draw three different views or profiles, which I remember seeing these trucks.
1136420	1141560	So the first one's going to be as if it was coming towards us. So there's going to be like a
1141560	1150420	headlight here. There's like a grill, right? A bumper. And it had like a, I remember having
1150420	1157800	like kind of like a hitch is what I'm assuming. And then there's another headlight here.
1161920	1165580	Again, I'm going to apologize ahead of time that this isn't going to be...
1168380	1169620	I remember seeing...
1170520	1174180	Now, when you say you didn't see logos, like you didn't see Ford or Chevy...
1174180	1175520	Yeah, I didn't see nothing like that.
1176200	1178780	You stated what kind of trucks they were, though.
1178940	1179880	Yeah, that's my...
1179880	1180880	Like, you recognize the body size.
1180880	1185740	Yeah, and I would say that they're Ford F-350s is what I would assume they were.
1186000	1189060	You're saying the Insignia was blacked out or...
1189620	1189980	Gotcha.
1190960	1198600	What I do recall seeing is it had, like, these things on the sides here, kind of like vents, but they're not really vents.
1199520	1205140	And it's kind of reminding me of what they had on military Hummers for night vision.
1205300	1209640	So that's kind of what they had on there, which tells me that they run these at nighttime as well.
1210040	1214480	And these were, like, big, aggressive off-road tires, right?
1214980	1216400	Truck bed, okay.
1218020	1223440	You can kind of see these cases, which are Pelican cases on the back.
1223780	1226120	And what are Pelican cases for anybody who doesn't know?
1226420	1229820	I mean, it's a brand, but these are weapons.
1230620	1232880	I mean, because we have the same ones that we transport weapons with.
1233340	1235820	Do they carry small arms, munitions?
1235860	1236900	Yeah, stuff like that.
1237580	1244080	So then this was hooked to a trailer that had four wheels like this.
1245140	1245700	Okay.
1247660	1255360	trailer and the only thing I remember seeing of this container I had the
1255360	1262220	ridges kind of like a shipping container but not much I had the cylinder that's
1262220	1263580	kind of on the front right here
1268180	1269840	so I wanted to show you this
1269840	1275360	this. Let me just throw this right in front of that so that camera gets it. What do you think
1275360	1283460	of that? Looks identical, but then again. Now the other thing. So remember seeing it having four
1284000	1291040	or two tires on each side, right? So a dual axle. Yep. So this was another thing I found where they
1291040	1299700	actually have the Connex box on top of it. With more aggressive tires, but this looks shocking
1299840	1304920	familiar because that's the that's like the type of I mean that's a shipping
1304920	1309000	crate you know I think this is called a tri-con configuration so they're all
1309000	1314360	standardized like the sizes and stuff and these were outfit they had these
1314360	1318780	cylinders on the front right here that would would I you know come to find out
1318780	1323820	it's actually oxygen supply yeah so draw draw those cylinders okay so I'm gonna
1323820	1328040	draw I'm gonna black it out completely because the cylinder itself was too
1329840	1334040	Initially, when you saw this, you hypothesized this might be humidity control for something like drugs.
1334120	1334340	For drugs, right?
1334560	1336140	That's what I testified to Arrow with.
1336340	1338340	Because I didn't think it was people.
1339480	1343440	That wasn't in my thought process at the time.
1343620	1345140	And we'll talk about Arrow in a little bit.
1345280	1349540	So you testified to Arrow before you did the NPC in June of 2023.
1349880	1350060	Okay.
1350180	1350600	Yep.
1350620	1353920	That was, I had testified last year to Arrow.
1355260	1356520	It was late April.
1356680	1357120	Okay.
1357160	1358360	Late April, 2023.
1358560	1359000	Yep.
1364000	1366220	All right, so that's kind of the view that I can...
1366220	1366840	That's really good.
1368760	1371540	So, and then obviously the side view...
1371540	1375380	So cylinder's basically spanning the whole width of the container.
1375440	1375580	Yeah, correct.
1375580	1377820	It wasn't like a small one, it was just a whole width.
1377980	1378200	Large.
1378200	1378200	
1379000	1384920	All right, so here's where the tires would be from the side profile of that trailer.
1385780	1389020	Of course, there was no white wheels. It was all black.
1390140	1392420	I remember seeing kind of the back.
1397000	1399360	Okay, and then this container right here.
1404840	1406980	This is a cylinder from a side view.
1408380	1408860	Okay.
1410500	1411880	Truck bed right here.
1412520	1414560	How many trucks total do you remember seeing?
1414920	1415020	Four.
1415260	1415500	Four.
1415800	1418600	And did each one also have weapons crates or just...
1418600	1422340	Yes, each one of them had these, what you would call, Pelican cases.
1422420	1426540	But just weapons cases is what they definitely look like.
1426720	1427960	Were the cases opened, closed?
1428300	1428640	Closed.
1428740	1428940	Okay.
1433640	1436340	And the windows, I remember being kind of dark.
1436480	1441760	Could you recall any other operators or people in the trucks besides just the drivers?
1441760	1448060	I remember one truck that went on the platform and all the door at least some of the doors open
1448060	1454840	I can't recall were there any people standing on the platforms or okay I don't remember um but I
1454840	1462000	I don't remember seeing people on the platforms so that is kind of and these are black of course
1462000	1471200	right so that's a side view of what that is right okay which I mean obviously these were blacked
1471760	1476100	container was black everything like that the other profile I'm going to draw is going to be from the
1476100	1481400	rear did each truck have a shipping container attached to it okay so here's a container right
1481400	1488900	here remember seeing the bars hatch doors on the back yep like this okay can't really see the
1488900	1492500	cylinder at this point but i'll just indicate it being there
1498180	1505140	you also said that they they were up armored yeah i mean it's so what did you mean by that
1505140	1508500	so they're they looked a little beefier thicker material you know what i mean
1508500	1513340	like um they look like they'd be bullet resistant okay because they look i mean you can see a
1513340	1516740	regular truck and then kind of like okay it's a regular truck but these look like they were
1516740	1517800	were reinforced.
1518000	1519400	Kind of like a Secret Service car?
1519860	1521120	Yeah, to an extent.
1521280	1521440	OK.
1523340	1523960	All right.
1524320	1529780	So there's a container like that, which we're not elevated.
1529940	1534020	But this is just to put perspective of the truck
1534020	1536940	and just so how we were seeing it from the back.
1538300	1542060	That's the only views that I remember seeing these trucks.
1542200	1543280	Because you were in front of the craft
1543280	1545240	and they kind of came out in a little bit of a circle.
1546740	1551100	up that direction okay it wasn't like they went straight they were going up to that platform
1551100	1556220	okay so you see the craft you're basically getting weapons checked weapons stripped from this team
1556220	1560460	what happens then so they're going through each of us taking our stuff they take our magazines
1560460	1564800	out of our pouches and they kick them off they got one guy off in the distance that i remember
1564800	1569660	was a standoff distance like more than 10 feet so obviously we try to run and grab our stuff and
1569660	1573940	he's just gonna light us up if he wanted to did he have a different rifle platform to the the main
1573940	1578140	guys so same loadout they all had the same stuff yeah they had the same kind
1578140	1581220	of I mean they may have different attachments but I remember most of the
1581220	1585780	part seeing a cogs on each one of them with the peck 16 mm-hmm
1585780	1589700	illuminators on those as what I remember seeing one thing I've always been
1590500	1595940	curious about did did you notice any of them had like talking on the radio to
1595940	1598640	one guy had a radio and I don't remember him talking anybody I just remember
1598640	1603360	seeing it and with the antenna coming up that he had pressed to his vest but he
1603940	1608900	guy that was kind of telling people what to do yeah and he was mainly the one besides another
1608900	1612880	guy that was yelling shit at us like it will fucking kill you you know it's easy to get lost
1612880	1619440	out here etc did it seem like you know when when they intercepted you guys obviously there was
1619440	1625040	there was there were other guys in the trucks doing their thing did it did you have the impression
1625040	1630660	that like all of a sudden they were like oh shit we need to wrap this up and get out or were they
1630660	1633460	They kind of just not really even caring about what was going on.
1633460	1634240	I don't think they were kind of caring.
1634380	1636500	They may have not even saw what was going on.
1636560	1636980	They could have.
1637060	1638440	I mean, I don't know.
1638480	1639980	That's speculation at this point.
1640220	1643000	Yeah, clearly we're getting into speculation there.
1644060	1648960	But, yeah, I'm just, it's, like, I also think about the fact that this, you know, the earthquake,
1649900	1654000	you know, the whole reason this operation was there was because there was an earthquake on,
1654680	1659780	it was the end of, or the first of September or end of October.
1660660	1665740	of September and then to I think it was September 30th if I'm not mistaken don't
1665740	1670700	quote me on that yeah yeah no I think that's I think that's correct so and
1670700	1676680	then you know the Denver shows up on the 9th so we're you know nine ten days
1676680	1682000	after the initial earthquake and you know just you know obviously speculation
1682000	1687180	here but it's like it kind of seems weird that why would this operation be
1687180	1692140	occurring nine days after the the earthquake you know of course afterwards
1692880	1696920	you've you've kind of been told like what that operation was all about and
1697560	1703600	you know recruiting people in disaster-struck areas but who's to say
1703600	1707720	that was like maybe they had been conducting those same operations all
1707720	1712160	week long they could have been they could have been and believe me those are
1712160	1716700	some questions I've asked some of these gentlemen that I'm working with and they
1717180	1719440	they don't know because everything's compartmentalized.
1719720	1722880	I'm hoping one day maybe one of them that I come across does know
1722880	1725600	because I'm going to ask him a lot of questions.
1726420	1730920	Because, I mean, just like anybody listening or watching to this
1730920	1735380	or anybody who wants this to come out and come forward, I'm 100% with them.
1735400	1737640	I want this to come full circle just like anybody else.
1737720	1738680	I'm just as impatient.
1739020	1742820	The only difference that separates me from anybody else is the experience
1742820	1746160	but also having knowledge of what's going on to an extent,
1747180	1751600	exposed to. I just have a little bit more information. So you get to the point, you know,
1751600	1757620	they're threatening you. They give you your weapons back and tell you to go, you know,
1758260	1762740	back, back up the hill. Don't look back. When you get to the top of the hill,
1762900	1771140	what do you see happening at the LZ? I just remember, I mean, because I remember once we
1771140	1774480	broke the top and all of a sudden I remember seeing some of our guys just start running.
1774480	1780440	So I'm following suit with them, right, because if anything's going to happen to us, it's going to get the attention of everybody else.
1780900	1786500	And I remember seeing some people, but it wasn't like it was, like, close up.
1787020	1796380	I just remember when we ran back, we had our weapons strapped to our back that were very tight, uncomfortably tight, right, because it's compressing your vest.
1796380	1802400	vest. And I remember having a gash on my right part of my neck because we had like a yoke
1802400	1806080	or like a collar on our vest and I remember that when they put that through that it actually
1806080	1813080	kind of, the slings we had weren't the best quality and they're not soft. They're plastic
1813080	1818540	and polymer, whatever it is, or cloth, whatever material they make out of them and it's very
1818540	1824640	hard so it kind of cuts you up a little bit. And then I remember us getting back there
1826380	1830340	couple people off in the distance as far as some villagers or whoever the
1830340	1835360	civilians were and there was some other military personnel I don't remember them
1835360	1839860	being Marines I don't remember what they may have been the the Indonesian
1839860	1845040	military could have been there but they were still off kind of at a distance
1845040	1848520	compared to where we were at and there was this gunnery sergeant that was there
1848520	1851640	and I've never seen this guy before I don't know if he was attached to the
1851640	1855320	ship I don't know if he was brought by any other means I have never seen this
1856400	1861520	Now gunnery sergeant, you recognize it because you see his rank, right?
1861580	1867640	Now gunnery sergeant, that rank is specific to the Marines, isn't it?
1867720	1867840	Correct.
1868460	1876080	Okay, so when you speculate that maybe he was assigned to the ship or attached to the ship, I think you kind of say, what do you mean by that?
1876080	1883120	So each ship, from my understanding, again, I don't know 100%,
1883120	1888920	but from my understanding, there are some ships that have like a combat loading group
1888920	1892320	or somebody who's basically loading Marine stuff onto a ship.
1892520	1893720	I don't know the specifics.
1893820	1895140	I can't remember what it's called.
1896160	1898600	They also have some Marines that are red patches.
1898620	1903040	They have a red patch on their cover, and then they have red patches on some of their,
1903040	1908540	I think on their blouse they have some on their shoulder pocket and some on their cargo pockets.
1909220	1911000	And this guy didn't have those.
1912100	1913560	That I can recall anyway.
1913860	1915820	He may have, he may not have, I don't remember.
1916180	1920820	But I remember his rank because obviously it was a little hard to see it
1920820	1924480	because woodlands have black shapes and sometimes it distorts that.
1924580	1928900	And if you end up calling somebody by the wrong rank, you get to pay for it with push-ups or get screamed at.
1928900	1933840	right so which honestly if I was in that position I would have screamed at people
1933840	1939000	and tried to fuck with them too for getting my rank wrong so it happens but
1940200	1947460	when you when you ran back to the LZ you were running towards a helicopter no
1947460	1953720	okay helicopter was not there yet okay so he had he had a radio that he was
1953720	1957680	talking with okay and he was communicating with whatever the pilots
1958900	1959300	It was.
1959500	1966300	So what happened when we got there, he kind of like, first of all, for security, why do we have our weapons slung on our back?
1966740	1967560	That's out of place.
1967700	1970000	No Marine's going to have that going on.
1970480	1979420	And that's what I think he was mainly more upset with was because we were supposed to be our weapons proper, no magazines in,
1979560	1985280	which obviously they put our stuff in, but they put it into where it would be very inconvenient to try to load it up and then go deal with it.
1985280	1997760	So I think that thinking back to that, I think that that's mainly why he was upset was because, okay, well, you guys look fucked up is mainly what I would assume, right?
1997820	1999080	I'm just speculating at that point.
1999700	2009160	But I remember us stepping off to the side, off in the distance a little bit, and we're basically squaring ourselves up.
2009160	2016940	We're taking our weapons off of each other, giving it to us, putting a magazine in, and having to resume the normal carry.
2017220	2021560	And so this gunnery sergeant is standing just in the clearing where the LZ, where you guys were dropped off.
2021660	2021880	Correct.
2022040	2026000	Was he surrounded by a platoon of Marines or was it just this gunnery sergeant?
2026200	2028460	Just him and other people off in the distance.
2028700	2032160	So they may have linked up and then he probably told them to go away or whatever he was doing.
2032200	2032760	I have no clue.
2033200	2038140	And then because he was on the radio, that's when CH-53 came in and picked everybody up.
2039160	2043680	CH-53, did you recognize the pilot? Was this the same helicopter that dropped you off?
2043880	2048760	I don't recall any of that. I just remember seeing a CH-53 and that's when it landed and
2048760	2053520	we just boarded up on that thing. I don't remember. I mean, obviously our point of view,
2054160	2057820	I don't remember looking at a pilot. I never had a chance to, and it's the same thing with this.
2057860	2062040	I don't know specifically who was flying or what. And so nobody said to the gunnery sergeant,
2062040	2067580	what you guys just experienced? No. Okay. So you came to the LZ, you got off the helicopter,
2069160	2070380	You go to the top.
2070420	2074660	At a certain point, a second helicopter comes at a different location.
2075740	2076640	Drops off supplies.
2076960	2077180	Yes.
2077380	2079600	Was that the one that had a cargo net?
2079680	2080180	Yes, it did.
2080240	2082980	Because I took pictures and video of that coming in.
2082980	2091860	So that helicopter is dropping that net, and that's when you crest the hill.
2092140	2096380	Yeah, you know, kind of at some point there, you crest the hill to go investigate the craft.
2096800	2097100	Yeah.
2097920	2101760	you come back, that helicopter's now gone.
2101860	2102520	That second helicopter.
2102520	2105200	Yeah, what I'm assuming is they dropped the cargo off,
2105280	2107720	and then they may have landed and let people out.
2107860	2109480	But by the time, I mean, that's...
2109480	2110980	By the time you came back, that helicopter...
2110980	2112460	There was no helicopter that was there.
2112600	2112940	Okay.
2113040	2113240	Nope.
2113280	2118040	That helicopter was gone, but then there was obviously the supplies that they had dropped off.
2118160	2119020	Off at the distance, yep.
2119020	2122160	So did you see, do you remember seeing what was happening with any of that?
2122260	2122900	Like, were there people distributing?
2122920	2126300	Well, I remember seeing people over there, and it could have been supplies.
2127100	2132840	off at a good distance and so where the where the gunnery sergeant was he was he near some supplies
2132840	2138520	too he had if i can recall there could have been some boxes or something he was messing with that
2138520	2148200	was there um there may have been boxes i don't really recall um i mean why like would he have
2148200	2154100	even is there is there like a chance that like he didn't even know you guys were there and he was
2154100	2158480	It was kind of like, what the hell is, like, where are you guys coming from?
2158560	2159240	What's going on?
2159320	2160560	It could have been the case.
2160700	2163520	I mean, like I said, I really don't know.
2163640	2163880	Yeah.
2164180	2165040	It's speculation.
2165400	2169360	But I just remember seeing a gunnery sergeant there who was like, you guys look fucked up.
2169500	2171700	And, you know, he was yelling at us for that reason.
2172320	2180380	And so from the period of time, from that period of time to when you left the LZ, you were basically just doing what?
2180460	2183620	Just like hanging around, waiting for the helicopter to show up?
2184100	2188360	just kind of walking around you know by ourselves of course trying to make it look like we have the
2188360	2194300	like we're secure in the area okay so you kind of resume that role of you know through our heads
2194300	2198880	we're going like what the fuck just happened were you guys discussing this amongst yourselves or was
2198880	2203780	everybody pretty stone cold we were stone cold like nobody wanted to talk about was there any
2203780	2210520	point that you guys discussed it with when we got in town to subic bay i only question i had asked
2210520	2215300	One of them was, are you going to say anything about this or tell your wife?
2215460	2216780	And he goes, absolutely not.
2217740	2218960	And that's literally it.
2219200	2223720	And have you encouraged these fellow Marines you were with to come forward and tell their story too?
2224060	2224200	No.
2224340	2224740	Okay.
2225720	2228520	They're not happy with me for obvious reasons.
2228660	2229440	I don't blame them.
2230260	2234160	This wasn't something that, you know, I tried to get one of them to help me with this to an extent.
2234160	2242380	And his response, which everybody has seen publicly, was kind of the indicator that something did happen, that something was wrong.
2242660	2248140	And that's for people who don't know the text that was featured in the Daily Mail article that basically says, leave me out.
2248200	2263260	That was when I had members of the Senate Intelligence Committee asking me to message one of them that I was still in contact with, seeing if he could tell anything anonymously to them, which they already know who he is.
2264160	2270440	everybody the names to these guys among the pentagon arrow they all have that do you know
2270440	2274800	if they've been contacted by senate intelligence committee or any not that i'm aware because i'm
2274800	2281580	pretty sure i would have gotten probably yelled at or or fuck you or something yeah so you guys get
2281580	2288360	picked up by the ch-53 super stallion returned to the uss denver correct how long what would you say
2288360	2292860	the time elapsed was from the second you were in the chow hall approached by the major to returning
2294160	2296320	Approached by the major when it was in the chow hall.
2296440	2297960	There was other Marines that were people.
2298060	2300540	I don't remember specifically how that happened.
2300820	2301360	So who called the volunteers?
2301360	2303060	She wasn't gathering everybody up.
2303100	2304020	These were higher up.
2305280	2308040	It could have been staff sergeants or sergeants or something that says,
2308140	2310480	hey, you guys want to come with this?
2310480	2311040	Oh, okay.
2311220	2314920	So whoever was at that point, you're going to meet in the ward room at this time.
2316360	2318480	And I don't remember the specifics of the time.
2318560	2319860	I don't remember who told us.
2319960	2321500	I mean, that's so long ago.
2321720	2323880	Yeah, but it's just helpful to kind of understand the context.
2324160	2328860	anybody in my typical chain of command which was you know because obviously they were kind of more
2328860	2332960	the hey you guys are needed for this and these were just mission volunteers not hand selected
2332960	2338080	like strong operatives or no they were just randomly put us in sticks okay that's all i
2338080	2343360	remember them kind of organizing you're in this stick you guys are in this stick so it wasn't like
2343360	2347820	it was something that was very well planned or they based off your skill set or what chain of
2347820	2353640	command or whatever this was yeah so like i think we can kind of go chronologically through like
2354160	2359600	in Indonesia. So like the first thing I'm wondering is like what what did the typical day look like
2359600	2364980	for you on the Denver? On the ship? Yeah like when you were when you were like en route to Indonesia
2364980	2370120	like I know you were assigned to the officer's chow but like what would kind of a typical day
2370120	2375880	look like for you just like on the ship? So typically if I can recall this accurately
2376340	2380820	I mean because every day blends together in this. Yeah plus it was like 15 years ago at this point.
2381860	2384360	So, I mean, you typically would have Reveille.
2384440	2385200	Everybody would get up.
2385260	2390580	But obviously, we'd get up early because we were either helping with breakfast and having to serve up that.
2390760	2396080	And at least, you know, which there's it's not like we were just serving food because we didn't do that.
2396180	2400680	We were just more, I think, trying to set stuff up, try to clean stuff, you know.
2402060	2408980	So the cooks actually took actual good care of their job because they're working for the officers, which is great.
2411060	2416180	we got to eat really good because of it compared to what the other guys got to eat so that was
2416180	2422140	always good so um breakfast like a full-time job like that assignment was was kind of like
2422140	2427200	correct report for doing officer's chow it was like an eight-hour shift type of thing
2427200	2431800	or was it okay sometimes they cut you like with a break so you could either go which i went to the
2431800	2438340	gym on ship or i went back and then slept for a bit or whatever it is um so there's always things
2438340	2443080	that you can do because when they task you to work onto that, that's where you're spending your time.
2443240	2449600	Yeah. So how does it work with, you know, especially for me, because like I don't have any,
2449700	2456380	you know, military experience, you know, you have like a chain of command that you're a part of,
2456500	2462060	you know, as a Marine. But I know there's, you know, when you're on the ship, you've described
2462060	2467080	kind of like it's like a separate chain of command. Correct. Because what who you're reporting to are
2468340	2471680	of that part of the Marines that are on the ship with the logistics.
2472200	2475120	All they basically did was say, hey, your number's been picked.
2475200	2477320	You're going to go over here while you're on ship, which is great.
2477680	2479760	Because like I said, we got to have fun doing it.
2479820	2481100	We got to eat better than everybody else.
2481680	2486800	So it was something that I enjoyed doing because I got to eat tuna all the time.
2486880	2487620	I got peanut butter.
2487720	2488540	I got all the good stuff.
2488660	2489600	We got T-bone steaks.
2489620	2492540	Everybody else got the little tiny cuts, and we got full T-bones.
2492760	2492920	Yeah.
2493000	2497460	So you would work in chow with people that weren't necessarily in your immediate team
2498340	2500640	random people on the ship whose numbers were called for same duty.
2501020	2504040	It wasn't really a number basis. They just selected
2504040	2508020	whatever amount they needed.
2508120	2511400	They voluntold us to, this is what you're going to do.
2511840	2515840	Typically, during that, I do remember deploying, at least
2515840	2520120	being forward deployed to Japan a couple weeks to I think
2520120	2523780	a month before the whole main element did because they got us ready
2523780	2527860	and we went on ship before everybody else did too because we're obviously
2528340	2533760	in this detail so they have to kind of read you up on things show you how to do things and then
2533760	2540040	when the whole thing kicks off get on ship and everybody's just yeah you know so for weeks we
2540040	2543860	were on ship with nobody else in our berthing which was cool too so they were trying to assign
2543860	2550460	figure out where marines were being assigned to if that makes sense now so when you got um you know
2550460	2555620	you spoke about getting briefed in the ward room that that was where you were assigned so how did
2555620	2561560	did that exactly go down? Like, were you like in the middle of, you know, working in the kitchen
2561560	2566060	and then you just heard someone call out like, you know, hey, we need some volunteers? Was it?
2566100	2571880	I think it was that. I don't remember that part specifically. I just remember the key things. I
2571880	2577760	remember who briefed us, which was a female major. And then they were putting up pictures of Obama
2577760	2581820	when he was a kid saying there was family members were there. So the things that really stuck out
2581820	2585840	place I were kind of what I remember mostly now did you you had actually
2585840	2590920	brought this up earlier did had you ever seen that woman before like was she
2590920	2597060	dressed in Navy do you saw she was in she was in our Marpat Woodlands okay so
2597060	2602080	you SMC okay and the other people who were kind of brought to volunteer with
2602080	2605220	you were they in the mess hall with you when the major comes in and requesting
2605220	2610700	volunteers there's yes some of them look at all of them but some of them and so
2611820	2615500	immediate squad, team leader, the other people you're with, they're doing other duties on the
2615500	2622080	ship. They're doing whatever the unit's doing typically. So that's how that works. Now we
2622080	2626700	weren't in a combat situation. So that's why that it was a little bit different because it's more
2627600	2632120	relaxed. Now, if this was something that was combat oriented, then they really wouldn't pull
2632120	2636540	us off to do anything like this because we'd be training and doing whatever we had to do with our
2636540	2640600	unit. Right. Because I know there's a lot of questions about like team leaders and so forth.
2641820	2645740	you're on an active mission with a team leader you'd be with them like glue but on ships you're
2645740	2650540	assigned to your actual duties correct and so forth and it also kind of depends on what details
2650540	2654980	you're doing okay so i mean it's not like that for everybody there's people yeah you have an
2654980	2659660	acting team leader who's just a guy who fills that billet he could be somebody else that's not
2659660	2664420	in our instance was not in our platoon or squad or anything like that so like what kind of typical
2665020	2670580	like check-in would you have to do with any superior while on the ship or was it kind of
2671820	2675800	to that, they'd obviously kind of take roll call, make sure everybody was there, and then that's
2675800	2680320	pretty much it. It wasn't, I mean, because really it's not like rocket science, for example.
2680380	2680620	Yeah.
2680800	2686420	So, you know, but it was, you also reported to Navy personnel too, because they're the ones that
2686420	2687820	you're typically helping and assisting.
2688140	2688580	Because they're part of the ship.
2688720	2692320	Correct. So they have more kind of what you would call a higher billet at that point,
2692340	2693260	because it's their ship.
2693520	2698380	Yeah. That makes a lot of sense because that's really helpful just from someone who's not,
2698380	2705660	not military. That provides a lot of context. Now, so during the actual briefing that you were
2705660	2713140	given about the mission that you were about to partake on, were there other people in the ward
2713140	2719840	room during that briefing? So there could potentially be bystanders that kind of overheard
2721020	2725240	the mission briefing, essentially. So anybody who was in there were
2725240	2729840	were some key leaders, but there was also some other NCOs. There were a lot of people I didn't
2729840	2736780	know. So I'm just thinking there could potentially be witnesses that would have, you know, seen you,
2736880	2743100	seen the briefing. If they remember. Yeah. Right. You know, I mean, like I said, I don't remember
2743100	2748200	anybody else besides some of the guys, but I just remember the thing that stuck out was a female
2748200	2752460	major because she was beautiful. So I'm like, that's, you know, of course you're on ship. You're
2752460	2754320	You're like, man, I see a lot of women around.
2754520	2755960	So there was that.
2756080	2760320	And then obviously the whole thing with Obama, you really don't see anything like that.
2760400	2762520	It's not something you're really briefed on most of the time.
2762620	2764260	So I wanted to show this to you.
2764320	2767340	Does this look like what that word would look like?
2767940	2772400	I was trying to find a picture of like the actual Denver.
2773080	2774320	Yeah, that would.
2774440	2778320	That is a different ship, but it's the same, you know, the same class.
2779380	2784760	Yeah, from what I can recall, because they had a wall where the projector was hitting,
2785200	2788060	and that's where they were getting, but that's kind of similar, at least from this view.
2788220	2788520	Yeah.
2788700	2792440	I mean, but then again, it looks a lot like other ward rooms that were on other ships
2792440	2792980	that I've been on.
2792980	2796820	Well, just to get a general idea of the size, like for me thinking like cafeteria,
2796960	2798760	because a ward room is essentially a cafeteria.
2798780	2801200	Yeah, but smaller because obviously...
2801200	2801460	For the officers.
2801680	2802060	Yeah, correct.
2802180	2802360	Yeah.
2802560	2807240	So it's kind of a more small, intimate kind of setting.
2807380	2807680	Correct.
2808320	2811920	Can you remember from this briefing, what was the mission operation directive?
2812160	2813280	What was the mission time?
2813900	2815940	I don't remember any of those fine details.
2817720	2821180	Just because, one, it's been a long time.
2821560	2827560	But two, the only things I can recall is literally the female major briefing us
2827560	2833260	and then pictures of Obama when he was a kid, his parents, just stuff that really stuck out.
2833540	2837140	Yeah, and I actually found evidence of Obama.
2838320	2843360	spent a lot of time in Indonesia when he was a child and that's all that's all public knowledge
2843360	2849940	so um it's interesting that they they had included that but I mean like just overall like in general
2849940	2855040	what was your understanding of like what you guys were about to go security security security yeah
2855040	2859640	yeah I think it was because there was there was a delivery of supplies you're going to go to it to a
2859640	2864840	remote village um you know there's plenty of evidence that that says that the right helicopter
2864840	2869520	the heavy lift helicopters the super stallions on the denver were specifically going to be tasked
2869520	2876120	to go to remote villages because roads were being blocked off by landslides and stuff um and so
2876120	2883240	you're saying security for the delivering the yeah yeah i mean because what the whole point um and
2883240	2888360	this isn't something that just even what that female major was saying but it's just even the
2888360	2891940	fact that everybody knows that it's the second largest terrorist capital in the world a very
2891940	2896200	is a very Muslim-dominant area, you know what I mean?
2896260	2899280	So there's people that typically aren't going to be very friendly of us,
2899340	2901120	and that's kind of the first concerns they were having.
2901680	2904000	Why they did things the way they did, I don't know.
2904000	2904820	I didn't plan it.
2905060	2906620	I wasn't in charge with that.
2906740	2909800	So there's things that even I have questions,
2909800	2911040	or it's like, why would you do that?
2911380	2911660	Yeah.
2911760	2914140	And what was the protocol after the briefing?
2914280	2916760	Were you immediately ordered to go to an armory locker,
2916920	2920160	check out weapons and ammunition, and report to the super stallions?
2921940	2929440	they told us to do was basically get so they got all our stuff and um we went to the armory to draw
2929440	2933840	what and they already had weapons picked for us because i was a saw gunner yeah so we don't they
2933840	2938440	didn't we're not using a saw for for this type of ordeal you know because it's not you're going not
2938440	2944500	going into combat so that's how i remember because i was a saw gunner i never really was issued an m16
2944960	2950820	i first time i when i got there was actually issued a 203 with an m16 a4 and that was with
2951940	2956040	and they said that the reason why they wanted me to do that
2956040	2957480	was because I was the boot,
2957600	2960400	and they're looking for the people with the grenade launcher
2960400	2961600	because they know it's a team leader,
2962060	2964160	so meaning that the enemy's going to target you.
2965120	2967100	Which, I mean, it was cool because I'm like,
2967160	2968320	I get to carry a grenade launcher,
2968440	2971180	but then I like the SAW because it's a belt-fed automatic weapon,
2971220	2972480	and I like that better.
2972860	2977220	And so naturally being used to the M16,
2977260	2979940	it sucked because I like having a machine gun, full auto.
2980720	2981120	Yeah.
2981940	2991160	And I, so, you know, the whole idea of you providing security, you know, initially a lot of people would say like, oh, that's baloney.
2991280	2993480	Like no one would have weapons on a humanitarian mission.
2993600	2998900	Because really the overall operation was humanitarian relief, delivering supplies.
2999200	3000920	And people are like, oh, you'll never have weapons.
3001060	3009340	But I found Rear Admiral Richard Landolt, who's the Rear Admiral who debriefed you after your mission on the ship.
3009340	3016160	he actually did a sort of like a press conference briefing and I'll just read a part of the quote
3016160	3024920	here so once the 53s came aboard on the morning of the 9th of October we put them to work first
3024920	3029800	getting survey teams out to the countryside to see where would be the best locations to drop
3029800	3034960	the cargo that we want to get there and also to get people in place because when these helicopters
3034960	3038320	start showing up with cargo, the first concern is crowd control.
3038640	3042480	So you don't want people rushing the helicopters.
3042900	3046780	And another little interesting thing that kind of supports this that I found was
3047680	3050860	photographs from the 9th and the 10th
3050860	3054600	of the Indonesian military, because
3054600	3058860	there was also Indonesian military doing relief as well.
3059040	3062900	And there's a picture of a helicopter and a whole bunch of locals
3062900	3066260	just like all over the helicopter, just like mobbing it.
3066360	3070620	Totally makes sense that, you know, there would be, you know,
3070660	3072780	a mission like that to provide security.
3072980	3076400	And not to mention we've, you know, at this point have found numerous photographs
3076400	3081240	of people, of Marines doing exactly that.
3081300	3085920	They had rifles and were, you know, providing security around the helicopters.
3086380	3088160	Right. Well, I mean, security is needed.
3088320	3090020	It's just common sense at that point.
3090020	3097700	As much as people would say in the military, or at least in the Marine Corps, common sense is not a common virtue, but you still got to protect and have a barrier between everybody else.
3097780	3103380	Because second largest terrorist capital in the world, there's also desperate people who are desperate to do anything for help.
3104400	3107700	And you have that combination of things that can get pretty tricky.
3108040	3109600	Thankfully, we didn't have that.
3109680	3115660	But thankfully, I would have rather have experienced that compared to what we did experience.
3115940	3116380	Right.
3116380	3118600	Yeah, so now do you remember?
3119600	3125300	Do you remember which day you did your mission? I don't recall specifically the day
3125300	3129740	That's kind of what I'm having trouble with. I don't know if it was the 9th of the 10th
3129740	3133720	So the ship arrived so there's a little bit of discrepancy on the exact date
3133720	3139020	And I think it comes down to the time zone of like whatever press organization reported it
3140320	3144840	But like for instance right in this testimony from from the rear admiral
3146600	3152780	um so it seems like it was like early morning on the 9th or like late at night on the 8th
3152780	3157720	um so was it like do you remember it being the very first day that the ship arrived
3157720	3163760	oh so i mean we never really went topside yeah so i don't you know we're in the kitchen or yeah
3163760	3170300	in the wardroom or anything like that working so i don't remember specifically where the only thing
3170300	3175620	i remember is them turning the phones off because they had these phone banks that you have on ship
3176380	3177160	for about a couple weeks.
3177860	3181020	And because I was going to call my dad and be like, hey, we're here, you know, but they
3181020	3181820	didn't want that.
3182720	3185900	So I don't remember specifically the day.
3186140	3192580	I do remember that when we were on foot, that it had to have been somewhere in the early
3192580	3195260	afternoon or probably late morning, that time frame.
3195300	3196540	I'm not entirely sure.
3197500	3198880	I can't recall that.
3198960	3205120	I wish I could, because then I can kind of pinpoint where things may have, we can coordinate
3205120	3205500	it somehow.
3206380	3211060	At what point did you realize that you weren't going to have radios?
3211220	3213760	I wasn't a radio guy, so that wasn't my thing.
3213860	3217920	So it wasn't even on your radar to think, oh, do we have radios?
3218120	3219020	Yeah, because I'm not used to that.
3219080	3222540	I mean, they trained us on the radios, but it wasn't something that we ever really had.
3222740	3228560	I mean, I wasn't a team leader or a squad leader at that point, so I didn't have access to that, and that wasn't a concern.
3228680	3230560	My concern was just what I was dealing with.
3231120	3233120	So I don't remember radios.
3233600	3237640	you know and the fact is is I don't remember seeing anybody have radios and
3237640	3242000	the thing is is it's a humanitarian mission it's not a combat operation you
3242000	3245680	know so it's not like you're stepping out expecting you get into firefights
3245680	3248880	and things like that yeah just humanitarian so when you guys were
3248880	3251740	gearing up for the mission you just thought whoever they designated kind of
3251740	3254560	squad or team leader for this operation they would have something like that
3254560	3258980	correct and I think there's been a lot of confusion about these points so this
3258980	3265720	This mission happened during one of your designated shifts in the chow hall with a team that was not your designated team leader.
3265880	3266140	Correct.
3266140	3266380	Correct.
3267420	3273720	Somebody acting as a team leader, you know, so which happens in situations like this.
3273740	3274900	At least this is my experience.
3275100	3276540	I can't speak for everybody else.
3276580	3280120	But just with what I personally dealt with, this is how it went for us.
3280280	3285340	Now, going back to the rifles, you know, like I said, at this point,
3285340	3289300	I found so much evidence that there were definitely Marines there with rifles.
3289660	3294480	However, there were a lot of photographs of guys basically just providing labor,
3294680	3297320	you know, moving boxes, loading helicopters, things like that.
3297440	3303360	And one thing that was interesting that I learned from multiple platoon members
3303360	3306080	that I had reached out to and spoke to,
3307160	3313220	they told me that there was like this rumor that some of the first Marines
3313220	3318480	Marines that flew in had rifles and they got chewed out by an Air Force colonel
3318480	3322180	and were told to go back to the ship because it was bad optics.
3322680	3325580	And I'm curious, did you ever hear that rumor?
3326460	3329920	I don't remember ever seeing an Air Force colonel.
3330080	3333700	I don't remember seeing an Air Force lieutenant colonel, which everybody knows about that.
3333980	3337740	But as far as an Air Force colonel, I don't understand how an Air Force colonel
3337740	3340600	would have jurisdiction over that kind of operation anyway.
3340600	3344480	way. He wouldn't be in a role to tell Marines that they have to go back to a ship. That's
3344480	3351800	somebody else. Yeah. I found that odd as well, but I didn't know, not knowing anything about that.
3351800	3357840	I could understand a Navy Fulbert captain or a Marine colonel for that matter. He would have
3357840	3362080	the authority to say something like that because what you're talking about is the money and the
3362080	3367900	resources to get X amount of people from ship to shore. So it's going to cost money. It's just
3367900	3372660	going to not make sense at that point. So you got on the helicopter, you flew to
3373400	3378200	Taubing airport, which it's not named that anymore, but you said that you never got off
3378200	3382480	the helicopter at the airport. It was basically just, you know, we landed and that's what I
3382480	3387480	remember too. And this is kind of what I was able to provide people because we'd never gone off.
3387520	3391420	Right. And I can know that basically the direction of when we were flying off the ship, that they
3391420	3395180	could see the ocean and they can start to see the land. So it kind of tells you somewhat the
3395180	3400240	direction of where you're heading. All I remember from the airport that we landed on was that there
3400240	3404680	was blue roofs. Yeah. That's the only thing I can indicate out of that. What I'm getting at is it's
3404680	3410540	perfectly plausible if you guys, you know, didn't get off the helicopters, it's perfectly plausible
3410540	3416060	you could have landed there and not caused any sort of stir by walking around with rifles because
3416060	3420280	you didn't get out, get off the helicopter. Yeah, we weren't, we didn't, so because I remember that
3420280	3424520	too because we were sleeping, some of us, on a helicopter because that's what you do, you know,
3425220	3426460	to transport everywhere.
3426860	3428080	We did in seven tons,
3429320	3430000	AVs, helicopters,
3430340	3431000	all that fun stuff.
3431120	3431640	So you're just like,
3431640	3432420	oh, I'm just getting a ride
3432420	3433440	and you can fall asleep
3433440	3434340	anywhere at this point.
3435300	3437180	So, and it's boring.
3437360	3438320	You know, it's not like
3438320	3438840	it's anything.
3439040	3439980	It's all just humanitarian.
3440100	3440980	You know, we're hoping
3440980	3441560	at that point
3441560	3442520	that there would have been something,
3442580	3444340	but not in the indication
3444340	3445560	of what we experienced,
3445680	3446200	but, you know,
3446200	3448000	something outside of that.
3448880	3449760	So when we,
3450240	3452580	because what I do remember vaguely
3452960	3454580	is when we landed on the airstrip
3455180	3460480	seeing other helicopters basically trailing behind us and land and then we were sitting there
3461140	3465620	i don't remember the time or how long we were sitting there but i remember then
3465620	3470080	us taking off do you know what kind of helicopters those were were they also 53s
3470080	3477180	okay there may have been some 46s too i'm not entirely sure but i only remember um the denver
3477180	3481460	and i only remember being on a ch53 i don't remember any kind of other helicopters that
3481460	3487940	were on that deck i never really spent uh much time topside the the only reason i bring that up
3487940	3493360	is it's i'm wondering if those were the same helicopters that ended up following you guys to
3493360	3498880	the lc you know because i know you you had said that there were other helicopters because there
3498880	3505740	that could be plausible as far as i know the super stallions were only the ones that came on the
3505740	3510380	denver like there weren't any additional super yeah i don't i don't remember you know i don't
3511460	3515800	I mean, there's been plenty of ships that I've been on where I remember seeing 46s,
3516300	3519280	which are the dual, the egg beaters, if you will.
3519360	3523960	I remember seeing plenty of those, you know, but as far as the Denver, I don't really recall that.
3524240	3526920	Could have been, it could have not been, you know, I just don't know.
3527500	3535180	Even if your mission happened after the point where those guys supposedly got yelled at for bringing rifles,
3535520	3539240	like it's plausible that you could have had your mission even after that point
3539240	3541740	and just slip by unnoticed because you didn't get off the helicopter.
3542060	3542360	Right.
3542460	3542780	You know?
3543520	3551860	So the flight to the LZ, describe the view that you have outside the back of the helicopter.
3552280	3557240	So coming from the airport, I can remember just looking at the ocean,
3557360	3564700	and then we were getting, I remember seeing some very heavy vegetation and kind of like hills.
3564980	3568220	It wasn't like flat with trees or bushes or anything.
3569240	3574820	thicker and was, I remember seeing some hills, not from the helicopter, but because when you get off
3574820	3579400	the bird, they have one area where you can't go because you have this big tail rotor and you don't
3579400	3583060	want to run underneath the thing. So they always say either I think it's go to the right or the
3583060	3588980	left. I can't remember. But whatever side that tail rotor is not on is where you're
3589460	3595800	egressing helicopter. And then basically you would form a 360 around the helicopter to provide that
3595800	3601460	security and then you'd take off and then you basically would get into formation and you'd
3601460	3608740	patrol on from there. I don't really recall when I got off the helicopter what I really saw at that
3608740	3614600	point but I do remember seeing some hills and I remember seeing some thick vegetation. I don't
3614600	3621200	remember if I saw any villagers or other personnel or people there. Backing up just a step like when
3621200	3625600	When you guys were at the airport, were there any supplies loaded on the helicopter?
3625980	3628220	So this was strictly a personnel transport.
3628800	3633500	And were there any other people on the helicopter that were being taken to the LZ, or was it just us?
3633500	3639800	It was just us, and then you have the crew chief, and you have some other crew support, and then the pilots, obviously.
3640000	3646800	I only recall one crew chief who was just basically walking up and down, watching everybody doing their job.
3646880	3648760	I don't remember anybody else.
3648760	3653980	I just remember just one guy and I don't remember seeing any kind of boxes or
3654480	3659100	Stuff that they would store in there and obviously we didn't have anything on the bottom because how are you gonna land at the airport?
3659340	3663500	When you have right? Yeah, if you like a like a cargo correct hook type of thing
3663500	3669880	Which some of the helicopters were transporting stuff that way so you landed at the LZ
3669880	3672380	You describe it as a hasty LZ. Yeah
3673320	3675780	I've come to learn that's a that's like a technical term
3675780	3679600	there's like a there's like that that means something very specific are you
3680280	3684060	using it in that way or it's more so does that mean for someone who's like
3684060	3689220	hasty is kind of like off the hip it's not something very thought-out it's just
3689220	3693100	like okay where can we okay right there looks good right and that's maybe what
3693100	3696760	they were thinking as far as the pilots are concerned I don't know but maybe
3696760	3699920	they had it designated but it just seemed to me because we were kind of the
3699920	3703100	first ones there that it'd be hasty in my opinion but then when everything's
3703100	3706600	else to set up some other marines that probably come in we're like okay this is secured it's
3706600	3711560	something set up it may not be a hasty lz at that point but the one we approached i just remember
3711560	3716600	not really seeing anybody there so it's kind of like okay well so there was no so there weren't
3716600	3721020	there wasn't anyone at the lz when you landed you guys were yeah i don't recall that there could
3721020	3726100	have been some bystanders off to the off in the distance that maybe saw the attention or saw what
3726100	3731260	was going on that decided to come up at a later point um but yeah as far as arriving there i don't
3733100	3737860	step off the CH-53, your primary objective is to provide security. What do you guys do right when
3737860	3742180	you step off the helicopter? Well, we saw this opportunity to take the slope because we have
3742800	3747280	visual around everything. It allows us to basically act within that protocol, right?
3747720	3752080	As being in a tactical advantage of being in an elevated position is where you want to be.
3752460	3756460	And that's what, you know, I wasn't the one that made the decision. The guy that was in charge of
3756460	3761420	us was the one that made that decision. You know, it wasn't terribly too far in comparison,
3763100	3770180	point when you have visual of that and you're also watching some other stuff happen. I remember
3770180	3774200	releasing one helicopter that actually had the cargo net on the bottom that was flown in,
3774280	3780120	dropped it off, and then it banked off to the right. What I'm curious is like, what was your
3780120	3786740	initial impression when you got off the helicopter? Like in comparison to your briefing,
3786740	3793060	briefing, like your expectations that were set by the briefing and then the reality of
3793060	3795100	you getting off this helicopter and you're there.
3795320	3798920	First of all, you said the helicopter left, right?
3799000	3800300	Like it dropped you guys off.
3800880	3801620	It's gone.
3802080	3803500	You guys have no radio.
3804800	3806320	There's really no one around.
3806580	3807960	You guys are the only people there.
3808220	3815540	So like, can you remember, like, was there an adjustment to your expectations of like
3816760	3818100	versus what you were expecting?
3818900	3822020	Honestly, I thought it was more like, hey, we're not doing shit with this.
3822280	3825700	It's like it's just going to be boring just standing around looking at people.
3826440	3829760	And that's why I had a video camera and I was taking pictures and video
3829760	3833540	because I remember getting the one helicopter that dropped off something on video.
3833660	3838680	And I remember getting it and needless to say, it wasn't at the point where we,
3838780	3840760	you know, because we were conditioned three with our weapons.
3840900	3843120	It wasn't like it was chambered around or nothing.
3843200	3844380	We just had a magazine inserted.
3845140	3846100	Safety was on.
3846740	3850920	all the way forward, weapon was unsafe, and the injection port cover was closed,
3851080	3856360	as it states in the condition rules, right? So I thought it was just, oh yeah,
3856400	3859440	we're just gonna be standing around, this is just gonna be kind of boring, you know,
3859440	3862760	even trying to help out with boxes or something probably would have been more
3862760	3865780	helpful in comparison here, because you're actually doing something.
3866080	3870760	Yeah, right. That lines up perfect, like, every single person I've
3870760	3876260	talked to who was on this operation, you know, doing different missions on the
3876760	3880620	described the same situation where they felt it was like boring it was like an
3880620	3884760	excuse to get off the ship you know obviously you're doing a good deed and
3884760	3887820	you and you know it's it's a good experience from that perspective but
3887820	3891680	it's interesting to hear that because I think a lot of people have this
3891680	3895240	misconception that this was like you know because you had mentioned that oh
3895240	3899140	you know you were notified there were terrorists in the in the location that
3899140	3904120	you guys were like super on alert like this was like you were ready to engage
3904120	3908460	engage an enemy and and you know that sort of thing nothing like that right were you surprised
3908460	3913660	when the helicopter took off yeah okay and did you have any sort of estimated time frame when
3913660	3920240	it was to return or the mission duration I have no clue about that you guys um or I suppose the
3920240	3926120	squad leader decided that you guys should go up to the top of the hill right and you know what it
3926120	3931020	makes sense because we were out in the open and you don't necessarily want to be out in the open
3931020	3932900	and if you've got no support at that end.
3933100	3935060	So where we were at was kind of hidden
3935060	3937400	and you kind of get in the vegetation a little bit more.
3937600	3939960	So I can kind of understand why he would say,
3940000	3941940	let's go ahead and push up this direction.
3942260	3946580	Now, you've mentioned a second helicopter flying in.
3946680	3947480	You had your camera.
3947760	3950780	You took some pictures of that helicopter coming in.
3950980	3954260	But did you, I almost remember you saying
3954260	3957460	that it didn't fly to the same landing point
3957460	3959060	that your helicopter did.
3961020	3966780	in the distance yeah a little bit further away so that makes me wonder kind of how big was the LZ
3966780	3971640	essentially like was it was kind of just like an open area it wasn't just like a no no it was it
3971640	3975700	was pretty old I remember it kind of being open but that's where I remember the hills and stuff
3975700	3981100	because there's like an open area with thick tall grass right and it was kind of I would assume
3981100	3986160	muddy because it's a tropical terrain obviously it wasn't like we were on a dirt road or something
3986160	3992420	that was already you know cleared out to be used as transportation so I think it was just more in
3992420	3997100	a sense that there's a clear area over here and obviously there was they probably the second
3997100	4001160	helicopter probably saw other people that were probably close to that area and assumed that
4001160	4006560	those are the people for us we were off in the distance so whether or not he could see us at
4006560	4010740	that point I don't know I assume he wouldn't be able to but because where we were at I mean there's
4010740	4016200	trees you know yeah so you didn't see any sort of like preparation to the LZ
4016200	4019820	yeah like they didn't cut down trees ahead of time you didn't see any red
4019820	4024300	tapes I've seen some photographs of other LZ's that you know showed like red
4024300	4028580	tape kind of closing off the area yeah I don't remember any red tape or seeing
4028580	4032360	that kind of stuff so right so what would you estimate the time elapsed was
4032360	4036200	from the second you left the chow hall to returning to the Denver I don't been
4036200	4040480	a couple hours okay but not like a full day no it was not a full day it had to
4040740	4044240	couple hours there was nothing something that could have taken place within the
4044240	4049500	span of a chow hall shift like the time you probably more than that too okay you
4049500	4054800	know because they had to be a couple hours man you know it wasn't wasn't like
4054800	4059380	an all-day thing okay thankfully you know what I forgot to ask is the what
4059380	4064480	was the weather like at the LC sunny yeah yep sunny I remember I remember
4064480	4068460	because it was hot mm-hmm I mean it was hot regardless of I guess if they even
4068460	4073440	even if there was cloud cover it still would be hot because it's tropical i don't remember really
4076180	4080840	i don't remember actually looking up at the sky to see if there were clouds or if it was
4080840	4088240	sunny i just remember it being hot assuming it was sunny um and so when you get back to the denver
4088860	4092760	um how does it work like you know you have your rifle you have to like go back to the
4092760	4097200	armory or something we dropped everything off there given the magazines wasn't my magazines
4098960	4099840	What do you mean by that?
4100540	4103140	Well, there was an armor that gave us those magazines that were full.
4103360	4105560	Because you were Saul, so you had your own weapon assigned.
4105900	4106020	Yep.
4106020	4107920	I had my own magazines, but...
4109540	4112080	Actually, I don't even remember if I actually had those on my vest, too,
4112100	4113540	or if I left them locked up.
4115440	4117580	I typically had those in my assault pack,
4117800	4119620	which I didn't bring an assault pack with me.
4120680	4121720	I'm trying to remember.
4125200	4127680	Yeah, it was somebody else's magazines, for sure, so it wasn't mine.
4128460	4132040	loner m16 loaner magazines from a assigned to a different soldier people
4132040	4138900	compare you to like the like the Dodi and Benowitz story and I'm like that's
4138900	4144260	completely different because Benowitz didn't have this like a undeniable
4144260	4148640	experience where he saw it yeah he cracked he had radio communications
4148640	4153860	communications any speculated that it could be et and don't he just egg that
4153860	4157880	on correct yeah this is totally this is coming from Dodi himself I asked him
4158460	4159580	what that whole thing was.
4159620	4162240	He said, yeah, well, somebody said they heard something, Paul,
4162700	4164560	and this is what I was told to do.
4164620	4165160	Right, right.
4165160	4165700	That's what he said.
4165920	4169340	So, I mean, like, it makes, it just logically makes no sense.
4169680	4174920	Like, if you were making this up, if a disinfo agent were to come and, like,
4175540	4178940	be like, yeah, I know about your operation that you stumbled upon.
4179280	4182140	It's like, if you made it up, you would know that he's lying.
4182220	4182660	Well, exactly.
4182740	4187020	Because how could he tell you that he knows an operation that was made up?
4188460	4189200	It doesn't make any sense.
4189340	4189700	No.
4190400	4194840	I mean, I wish it was made up because then I wouldn't have to have been going through losing my fucking hair
4194840	4198620	and having the sleepless nights and literally just it.
4199040	4201960	I wouldn't be in the uncomfortable position I would be in.
4202100	4202480	Yeah.
4202660	4204420	And it's not fun being in this position.
4204540	4205160	It really isn't.
4205320	4209140	That's why I tell people, especially I'm not encouraging my guys to come forward.
4209240	4214080	And let's say if this thing blows open and all of a sudden everything is able to be proven true.
4214080	4218080	and let's just say these insiders at some point ever do,
4218760	4220660	where some information comes out that's physical,
4220800	4222880	that literally no shit can prove everything,
4223060	4224460	then maybe they would.
4224500	4224940	I don't know.
4225520	4227160	But it put them in a different position.
4227320	4229120	But right now, I mean, even for myself,
4229520	4230860	they know that I'm uncomfortable.
4231020	4232980	And they're kind of like, well, it's your fucking fault.
4234300	4235280	I don't blame them.
4235400	4237120	I mean, but if I didn't see what I saw
4237120	4239280	and somebody else from a different perspective
4239280	4240560	was telling this story,
4240680	4242160	I don't know how I would react to that.
4242220	4243880	I probably wouldn't believe it.
4244700	4245560	I'd probably be,
4245940	4248100	that's the only thing is before any of this happened,
4248240	4249920	I was not somebody who believed in this shit.
4250500	4251600	I was somebody who was like,
4251660	4251880	okay,
4251920	4253780	well this guy's out of his fucking mind or,
4253800	4254140	you know,
4254740	4255160	well you got,
4255180	4255780	so you're,
4255820	4256200	let me guess,
4256240	4259660	you're in Mississippi and you're fishing and you saw a fucking craft and you
4259660	4260580	saw a fucking graze.
4260600	4260880	Okay.
4262000	4264140	What episode of X-Files are you talking about?
4264520	4265700	That's how I would think of it.
4265960	4268040	But then having my experience is just like,
4269880	4271100	if I experienced this,
4271160	4271360	okay,
4271420	4273440	maybe there might be some validity to what they're saying.
4273480	4273940	I don't know.
4274080	4278480	I wasn't there, but I know based off of being in my shoes, it's like, it's hard to say somebody
4278480	4284060	else's is not true or to try to point out the flaws or anything like that. I know what it's
4284060	4290060	like to be in somebody's shoes like that. Granted, I didn't see ETs. I saw operators and I saw it was
4290060	4294980	clearly manmade and it was, didn't do shit on a normal helicopter or plane did. I can tell you
4294980	4301040	that. Right. I mean, it's like an unmistakable experience. Like it's not like something you saw
4301040	4305620	at a distance i was like oh that looks weird like this thing's right here yep you see it it's huge
4305620	4312200	we're close enough to hear it yeah you know right that's kind of the fly off yep i mean it's like
4312200	4318520	didn't have a rotor it wasn't like a helicopter it wasn't a plane yeah there's no rotor wash on
4318520	4324280	the vegetation nothing like that it was like it was like it was isolated in itself like it didn't
4324280	4329320	disturb any of the environment it was the weirdest thing i've ever seen and i wanted to be a fighter
4331040	4336400	much what kind of aircraft we had at our disposal as a Marine Corps and especially the Air Force
4336400	4339760	only has a certain amount of planes that are using helicopters, same thing.
4340000	4341200	There's only so many.
4341820	4344800	This obviously wasn't Indonesian military equipment.
4345860	4350900	I don't remember any of anybody come and saying, hey, yeah, the Indonesian military has something
4350900	4354800	this sophisticated or Chinese or Japanese or for that matter.
4354920	4355420	Right.
4355640	4356100	You know.
4356180	4356700	Yeah.
4356700	4358340	Yeah, I find it interesting, too.
4358600	4374780	You know, you testified to Arrow, and, like, I noticed in the historical report, you know, they emphasized, like, belief and, like, you know, basically trying to say, you know, people might believe what they saw or anything, but we can't prove that they're lying.
4374920	4381480	And I'm like, what you're describing is an unmistakable testimony.
4381480	4386360	testimony there's no it's not like you could say like oh well maybe he believes that's what he saw
4386360	4393060	but maybe it was something different i know there's no way it was right some i mean if anybody
4393060	4398240	was to have seen this they would remember this for the rest of their life exactly it's so distinct
4398240	4404080	because this never happens right it's stumble i mean in some ways people think oh i stumble on
4404080	4408860	the gold no it's really not but in some cases of saying that yes we have this technology
4408860	4411540	because there's human involvement, obviously.
4412100	4413920	It's not like there's an ETs in there
4413920	4415560	floating and flying in this damn thing.
4415640	4417760	And there's just operators who just choose to be there.
4418580	4421640	I mean, it's completely man-made.
4422300	4424560	And with the human involvement just tells me,
4424620	4426760	okay, well, man-made human involvement
4426760	4429020	means it's some group has it.
4430060	4432300	Now I know who it is to an extent.
4433280	4434380	And speaking of Aero,
4434460	4435840	I really wanted to kind of fast forward
4435840	4437500	to when you talked to him in April of 2023.
4440280	4440680	Like?
4440680	4442520	Like an interrogation to an extent.
4442720	4446160	And so you spoke directly to Dr. Sean Kirkpatrick, right?
4446860	4449840	He's the only one that I can confirm that, yes, I talked to.
4449880	4457500	I know the other gentleman, but what I signed stating that I was not allowed to divulge where we met at or who was also there.
4458560	4462400	But Dr. Kirkpatrick was in the interview, and I think he was in everybody's interview.
4462620	4464220	I'll have to ask other whistleblowers.
4464260	4467020	I personally know if he was sitting in there with them, but he was there.
4468860	4469860	when you were speaking to him?
4471060	4472060	Not really interested.
4472320	4473960	Everybody else was taking notes.
4474260	4476480	He was more interested in the fact of,
4476560	4478200	because he only asked three questions,
4478860	4480400	and the three questions were all the same.
4480900	4482480	It was, who are these operators?
4483800	4485400	I already stated once, I don't know.
4485540	4486960	I'm not going to know the second time.
4487020	4488180	I'm not going to know the third time.
4488280	4491900	I know a little bit now of what group they're a part of
4491900	4494260	and what their backgrounds may be,
4495040	4496720	but I don't know who they directly are.
4496720	4501020	and if it was any of the people that I've been talking and working with,
4501140	4503620	I would remember who they are based off their faces
4503620	4505280	and none of them are those guys.
4505580	4509240	When you testified to him, did Dr. Kirkpatrick say he'd follow up?
4509280	4510540	Did he say what was going to happen next?
4511000	4512280	We'll follow up on it.
4512440	4517580	Because I had asked them if they could get the satellite imagery of that day
4517580	4519120	and they said they had access to that.
4520560	4522500	It's been more than a year
4523060	4526260	and they have yet to have anybody contact me from Aero
4526720	4531300	that, yes, we have the imagery. Where can you point out? Because, I mean, compared to 14, 15
4531300	4535200	years ago, it's going to look different. Maybe they expanded the city. There's things that
4535200	4540740	vegetation have grown. There's any numerous things that could have happened between at that point to
4540740	4546000	now. And how did you feel when the historical report volume one came out that was a complete
4546440	4550460	misprint lie of your testimony stating you saw an extraterrestrial vehicle?
4550820	4554100	I didn't say extraterrestrial, and I didn't say there were U.S. special forces.
4554100	4556720	None of that came out of my mouth.
4557420	4563620	And you've got to think that that's a purposeful omission to say those things because that's blatantly false.
4563940	4564100	Correct.
4564560	4579440	I've stated in every single interview and even at National Press Club and even with some gentlemen that I'm still in touch with who was in the SCIF with me, he, for one, knows I never said anything like that because he was sitting right here when I was talking to Kirkpatrick, among others.
4580620	4585460	so I was I was pretty upset at the fact but you can't really be upset because you already kind
4585460	4589080	of expected them to do something like this I mean that's just what they do was there
4589780	4596000	because I think some of the people who testified to Arrow there was a written memorandum for record
4596000	4602460	of their testimony do you know if there was any written record of what I don't remember that
4602460	4606160	either I remember them taking notes and handwriting everything trying to get but I
4606200	4609320	I think it was something that the witness would sign.
4609540	4612600	They would read over it like, okay, yeah, this is my testimony.
4612780	4617960	They would sign it for record to be like, this is my testimony that I provided to Arrow.
4618560	4621480	I signed several documents.
4621640	4622680	That could have been one of them.
4622720	4623640	I don't recall that.
4623880	4632400	I remember saying a nondisclosure, saying that I would not talk about who specifically was there besides Dr. K already admitting that he was in our interviews.
4632560	4633400	So that's easy.
4633740	4635160	The other gentleman, I can't.
4636200	4642300	the location i can't talk about that that's legal binding because it's not anything illegal so i
4642300	4647520	have to respect that yeah what other memorandums have you seen for the arrow because i've only seen
4647520	4653940	on eric tabers who of course is a second hand kind of well i think there was i think there
4653940	4662280	was something that was uh foia release okay um from the black vault that i had recognized was
4662280	4667780	was what I provided you right a direct it was the same exact form that you had
4667780	4671960	shown me yep so I had recognized that that was provided for me to look over
4671960	4675700	before prior making that wasn't like the actual one you signed but it was kind of
4675700	4679180	a yeah cuz there were screenshots off this gentleman's cell phone that he sent
4679180	4682980	me who's involved with that did you watch his interviews with Stephen Green
4682980	4686860	Street it'll just piss I don't watch any of his shit dude because I just know
4686860	4690400	it's all bull fucking lies there was a supposed to be a second piece that
4692280	4696880	You know what would get people's views if they, hey, Sean, go ahead and come on to this podcast.
4698000	4699120	Here's the whistleblowers.
4700780	4702340	Hey, buddy, how's it going?
4702420	4703280	I haven't seen you in a while.
4703320	4704520	Thanks for being a fucking dick.
4704860	4705940	He would never.
4706520	4707360	Because he knows.
4707480	4708160	Because guess what?
4708260	4710340	I can contradict the shit that he's talking about.
4710520	4711600	And so can other people.
4711780	4716420	He said he wouldn't do any more media appearances after getting caught at a 2018 Skinwalker Ranch briefing.
4716500	4717640	He's lied that he wasn't that.
4718620	4723060	Brandon actually had posted that I knew because he did the same thing I didn't
4723060	4726680	talk to him about this I wasn't at this meeting and then Brandon just post the
4726680	4732040	picture on Twitter I remember I hit Brandon up at that point yeah one thing
4732040	4739760	I actually kind of find funny is you know so Nate so Nathan came forward you
4739760	4746540	know he your team leader claims that you know you're making this all up
4747880	4759900	First of all, he was on Vetted with Patrick, and it was framed as if he was in a position.
4760220	4768680	There's no situation where Nathan would have seen the UFO, because from your testimony, he wasn't part of your squad that was there.
4768960	4771520	So he wouldn't have seen the UFO, right?
4771560	4771980	Not at all.
4772100	4772360	Yeah.
4772360	4772460	Yeah.
4773640	4779620	So for him to be like, yeah, we were on this mission, but we didn't see the UFO, doesn't make sense.
4779740	4783260	Because whatever mission he did, obviously he didn't see the UFO.
4783560	4785200	No, and I wasn't on the same one with him.
4785220	4785880	And you weren't on, exactly.
4786480	4788300	Nor was this a secret night mission.
4788440	4788980	No, it was not.
4789180	4791060	And it did not involve aliens.
4791120	4792400	Not at all.
4792520	4794900	I never spoke seeing ETs, guys.
4795300	4798360	That's kind of why this is boring in comparison to other people's stuff.
4799060	4800660	But no, it was not a night mission.
4800740	4802020	That would have sucked to have been on a night.
4802500	4805200	We didn't have night vision with us, you know, in my Kevlar.
4805240	4810460	And I didn't even have a Rhino mount to mount anything because I always kept that off because it'd just get in the way during the daytime.
4811340	4821840	And typically I had, on my Kevlar, I usually had goggles that were clear lenses.
4825980	4829560	most of the time it's just easy to pop those off and put them on just because you know,
4829580	4834760	I don't like having darks because they just really fucked with my vision and just I hated it
4834760	4841580	And not only that but these were ESS and they fogged up like you wouldn't believe so at least clears are easier to deal with
4841580	4845120	That as opposed to the dark lenses. But yeah, Nathan wasn't with me
4845600	4849920	Yeah, I mean what so like one thing that I find kind of funny like when you think about it, you know
4850780	4853340	If you know he's saying you made this all up
4853340	4866380	And so if that's the case, it means not only did you decide to make up a story about your foes, but you decided the actual mission I went on with Nathan, I'm going to pretend that didn't happen too, which makes no sense whatsoever.
4866380	4873700	whatsoever and i mean really the the only thing um that makes nathan's testimony
4875400	4880360	have any weight whatsoever is simply the fact that you're denying that you were ever on a mission
4880360	4884520	with him because you could very easily have just said yeah i did two missions i did one with him
4884520	4889160	and i had this yeah i didn't do two so it's like it's just like anyone with half a brain would like
4889160	4896160	know that you know if you were making this all up just say yeah i went on this real mission with
4896380	4900280	Well, yeah, it could easily have said something like that if that was really the case.
4900340	4900500	Yeah.
4900540	4902320	If I wanted to lie about you.
4902360	4902900	Right, right.
4903120	4905380	But then obviously the insiders wouldn't exist.
4905520	4906020	And you know.
4906240	4910620	Well, that's the biggest thing for me is like, why would this insider be approaching you?
4910620	4911480	And it's just not one guy.
4911600	4912200	It's multiple.
4912420	4912940	You know what I mean?
4912980	4917280	So why would they spend any time to try to help me if I was lying to anybody?
4917980	4923420	Why would they expose themselves and their parts of it and details that I personally know?
4923520	4925040	They wouldn't take that chance.
4926440	4930960	their butts already puckered up just like mine compared because obviously what they're having
4930960	4936420	to deal with personally they wouldn't subject themselves to going to somebody who's lying
4936420	4944580	doesn't make any sense but so nathan the the thing that's most compelling about nathan is is you know
4944580	4950540	he he is who he says he is correct you know he was your team leader at one point yes and
4950540	4953180	And he was on that operation.
4953400	4954140	He was on the ship.
4954180	4956540	All of that stuff logically lines up.
4957240	4960780	And he has this photograph of two people on a helicopter.
4961160	4962740	He says one of them is you.
4964040	4965040	You deny that.
4965200	4965540	Correct.
4965720	4966520	I know who it is.
4966580	4968500	I'm not going to say who it is, but I know who it is.
4968500	4976320	yeah so the thing the thing that's interesting though is someone found a match in the camouflage
4977680	4986360	uh between that photo and another photo of you is it the daily mail photo uh yeah yeah because
4986360	4990380	there's only two photos that i know that i've that have been released one of them was when i
4990380	4995160	sent to josh bosworth with daily mail because they're like hey do you have any pictures you
4995160	5000860	want to yeah i believe it's you helmet on holding the saw right correct so yes and um i mean but
5000860	5004420	here's the thing it's a medium rag that i was wearing a lot of them are the same patterns
5004420	5010860	that way it's not like it's a fingerprint of one specific thing i mean it's it's odd that it's in
5010860	5015820	the same location like i know like some of the patterns repeat and you can find examples of this
5015820	5022300	all over of of finding like the pattern you know on a leg here and then on a different uniform like
5022300	5023980	it'll be on like the other leg or whatever.
5024360	5024380	Right.
5024660	5027680	But it's like some of the patterns don't even look identical,
5027860	5028700	just in my opinion.
5028940	5030220	You know, that's just where we're at.
5031260	5037260	So you don't think there's any possibility that like it was a picture of you
5037260	5038220	on a different day?
5038380	5039480	No, that was not me.
5039680	5040980	It just simply is not me.
5040980	5043140	Facial structure doesn't look the same as mine, nothing.
5043780	5044620	It's not even me.
5044700	5046520	I mean, even everybody I've showed that knows me is like,
5046600	5047640	that's not fucking you, dude.
5047760	5048000	Yeah.
5048740	5051780	People text me like, this guy's saying it's you, that's not you.
5051840	5052020	Yeah.
5052860	5055360	So, I mean, if that's what he's got, that's what he's got.
5055460	5056120	That's not me.
5058100	5060380	What his intention with this is, I don't know.
5061480	5063240	Yeah, I mean, you guys have a history.
5064020	5065620	Oh, he doesn't like me, flat out.
5065720	5066680	And the feeling's mutual.
5066800	5069980	But the thing is, I got with what I'm dealing with in my life.
5070200	5071440	And that's all I'm focused on.
5071840	5073560	I'm not making money off of this stuff.
5073720	5075400	This doesn't get me anywhere financially.
5076040	5079560	What it does provide is understanding and stuff that I wish I never learned.
5079640	5081600	But the truth had to be known.
5082300	5088100	full at least these insiders were able to show details and share me details as well of um of what
5088100	5093060	they were personally dealing with because these guys are working in that organization yeah so
5093060	5099320	let's let's fast forward to that uh you know kind of modern day um after your your whole experience
5099320	5106880	you don't talk about this for many years what what motivated you to come forward and because
5106880	5111880	because you signed an nda that basically threatened your life and correct and all of all of us did
5112300	5121400	that. So what motivated you to come forward? What was your objective? Well, I just think the truth
5121400	5126020	should have been out. I don't think that this should be secret and I don't think people should
5126020	5131460	be dying and being threatened about ETs or craft or anything. It just sounds ridiculous to me.
5131840	5139280	So my motivation was, you know what? Somebody else out there besides the guys I was with and myself
5139280	5146460	have had to have similar experiences. And maybe, maybe there's a chance in hell
5146460	5150940	that mind connects the dots for something. Maybe my story can help other
5150940	5155460	people to an extent. As crazy as it sounds, and don't get me wrong, I agree
5155460	5160060	that it's absolutely sounds fucking nuts. But they're not in my shoes and I wish
5160060	5163980	some people were because I'd be like, you guys would just shut up. You guys would
5163980	5167000	stay quiet, you guys were like, yeah that's not cool to talk about. I don't
5167000	5172540	enjoy talking about it but that was kind of my my intention was maybe that this could help
5173400	5179940	paint a picture or contribute in some way shape or form yeah and i think you know there was there
5179940	5186780	were whistleblower protections that had recently been been passed yes um and i i think i remember
5186780	5192020	you talking about that uh kind of being part of your motivation like yeah now that i have a safety
5192020	5197700	that to an extent, making the NDA illegal. So obviously I haven't had any ramifications of that.
5197900	5203420	Because it's not like, I mean, I've had harassment, but, and the harassment service is more of like,
5203520	5210500	okay, well, obviously I'm pissing the right people off. So if I, again, I have documentation of all
5210500	5216120	the harassment that I've talked to with multiple people who know what's going on. If I was making
5216120	5219860	any of this up, there wouldn't be this harassment. There wouldn't be these insiders. There wouldn't
5219860	5226060	be this, I wouldn't have a leg to stand on with other facts. Now, there are facts in my world.
5226100	5231020	To somebody else observing outside of my circle, they may say, okay, in their world, it may not be
5231020	5236720	facts. But for me in my world, it is. When I first connected with you after my initial Reddit post,
5236880	5241920	kind of just researching the military side of the operation and like realizing that,
5242020	5248240	you know, everything you said to a letter was accurate regarding the kind of surrounding
5250100	5257020	okay well what's next you know and so we you know i reached out we connected um if i'm honest i i
5257020	5263600	actually grew more skeptical yep um as you should anybody yes because you all of a sudden started
5263600	5269140	talking about this insider and i'm like this is weird like what are the chances right you would
5269140	5274060	have this experience and now all of a sudden someone telling you that they know what you saw
5274060	5275540	and they want to meet with you?
5276720	5280060	So, you know, I didn't have anybody else that I was talking to with this.
5280160	5281660	I don't have a lot of friends.
5281780	5282940	I don't care to have a lot of friends.
5283000	5283960	I got a lot of acquaintances.
5284060	5286120	I got a lot of people who know who I am to an extent.
5286260	5288980	My world is just business, and that's what I, you know,
5288980	5293080	I separate this from business because business is what my livelihood
5293080	5294020	and my employees are.
5294080	5297460	That's what I care about, as well as the disclosure of wanting the truth
5297460	5297980	to come out.
5298120	5300500	So it's not like I had anybody else to say, hey.
5300580	5303760	And then when I saw what you were doing, and I saw the attention
5304060	5309940	of detail and everything that you were piecing together. That kind of put something in my mind
5309940	5314580	to say, you know what, maybe this guy can help me out to an extent. Maybe there's things that he
5314580	5321680	could probably pinpoint or connect the dots on. And just your attention to detail was just
5321680	5326520	something that's like, you know what, this guy's got his shit together. Maybe I'm able to provide
5326520	5331540	information to you because you seem like you're well-versed in this. I'm not. I know what I
5331540	5335760	experience and there's other things i'm now learning um especially with your guys's help
5335760	5340620	especially pointing out to me things that i can pass on to other people and say yay or nay does
5340620	5348340	this have any legitimacy to it so um yeah i was surprised at the amount of trust that you kind of
5348340	5353200	put into me right because like if you would if you had like told stuff to the wrong person you could
5353200	5357980	have been but i had a good chance of reading you and and kind of gauging you which is why we had a
5357980	5365680	phone call yeah initially had and and the biggest the the the most craziest biggest moment for me
5366220	5371800	was you know you were talking about this insider who wanted to meet with you i was so skeptical it
5371800	5376860	sounded so crazy but like i had nothing to lose it wasn't like i was this podcaster who like had
5376860	5382120	to report on the story like i could back away from the whole thing if i correct if it fell apart and
5382120	5386360	i i felt sketchy about it i was like you know what let's just see what happens we had a phone call
5387980	5394720	that without your knowledge and i oh i was freaked out you were i was freaked the fuck out i was you
5394720	5398020	know because these guys could have done anything i was going to their backyard i wanted to scream
5398020	5404360	at you and like say dude don't go i know but i had to i had to i had to learn the truth and that's
5404360	5407960	what they were offering they weren't offering money they weren't offering anything like that
5407960	5413440	they were offering a chance to set me and set the record straight of what i witnessed and i think
5413440	5421080	after keeping this quiet for 14 plus years, I think I deserve the truth.
5421280	5424920	I think everybody deserves the truth because for what's going on is absolute
5424920	5430260	bullshit of why it's secret and why these guys feel in the right mind that
5430260	5437420	they want to kidnap people or offer them a way out of their situation and use
5437420	5443060	them as a biological equipment in these programs. It doesn't sit well with
5443580	5449700	I understand why, but I think if there was some kind of government intervention with this,
5449820	5453080	that there may be people that want to volunteer and maybe see what they can do.
5453180	5454620	And if they can, that's their thing.
5454880	5457500	And I understand that these guys are also doing the same thing.
5458820	5460780	But I think they're given false promises.
5461380	5465000	I think they're being misled like they are because that's why they're partaking in this
5465000	5467540	and they don't understand the magnitude of what they're doing.
5467680	5472620	And from my current knowledge, I know that a lot of them don't know what they're getting involved with
5473460	5478100	drugged and they can't recall what they're doing specifically with what they're making contact with.
5478720	5484400	Yeah. I wanted to ask you about this. So it was during the NPC, you learned that these crates
5484400	5491840	weren't trafficking drugs, but people. So I did a two-day event prior to that. It was June 10th,
5491840	5498340	11th, and 12th. Was it the 12th that the NPC was on? Yeah. I think the Daily Mail article came out
5498340	5501600	the 10th or 11th and the NPC was out of the 12th.
5501620	5507940	Because I had talked to Josh Boswell with Daily Mail prior to going to DC.
5509380	5511660	And Greer was the one that set all that up.
5513680	5518900	And my goal, as much as I possibly can, is having some transparency.
5519560	5520800	Because I think that's important.
5522020	5526240	And as uncomfortable as it is for me to be public, I don't enjoy it.
5526240	5532720	but if I'm able to provide in any kind of asset to disclosure in any kind of way,
5533680	5534620	I'm not here for money.
5534740	5535640	Everybody knows that.
5535780	5538240	I sleep good because I'm not for that cause.
5538380	5541020	I make my own money, as you guys know, you guys have seen.
5542340	5545380	So, and it's even crazier.
5545420	5546700	I got employees that don't know what I'm doing.
5547000	5549080	And I don't talk about it freely.
5549360	5551240	There's some people who do, and they're kind of curious.
5551360	5553120	Do they just like kind of find out on their own?
5553240	5554000	Yeah, other people.
5554000	5559060	oh yeah some people talk and yeah so I assume that some people don't know
5559060	5562720	because nobody asks me some people have seen what I did and they're texting me
5562720	5567100	man that's you know they kind of try to get in detail with it I'm like I can't
5567100	5572820	tell you much man yeah you know this you know just jumping back to I just wanted
5572820	5578060	to emphasize that the the biggest moment for me and you actually at this point
5578060	5583740	you're kind of like totally read into all of them yes so like that meeting
5584000	5590900	had with the insider was the pivotal moment for me because that conversation that you and I had
5590900	5598160	prior to the day before that meeting gave me very specific starting point to be able to track
5599160	5609000	the helicopter. I knew the location where you guys were meeting. And it just, it set up a way for me
5609000	5614660	me to verify a lot of things. There was an important piece of evidence. And so that is what
5614660	5622780	led me to verify on your own accord, to verify without you even knowing where you went. I was
5622780	5627500	really surprised when you told me after the fact, I was like, how the fuck did you find that? And
5627500	5633540	I was like, okay, now that it's obvious after that point. And I think it was, I think it was a good
5633540	5639480	slip up to an extent because because it was able to at least pinpoint somebody to be able to verify
5639480	5647460	because with that helicopter flight you were as well as i was able to provide other events that
5647460	5652000	were going on yeah that was the other thing because like prior to me revealing to you that i
5652000	5657740	like tracked it on radar i was like hey do you remember what time you took off and you told me
5657740	5660260	and it was exactly what the radar said.
5660660	5661960	I was like, holy crap.
5662200	5667600	And then, yeah, there were some kind of limited time
5667600	5670620	kind of events that were happening on the ground
5670620	5672680	that could be visible from the air.
5672840	5673040	Yep.
5673040	5674980	And you corroborated that.
5675280	5675480	Yes.
5675840	5680600	I was able to cross-check that with local news.
5681800	5687220	And I've spoken to you about how I authenticated the evidence
5687780	5691880	use yes you know and the only thing I could say without going into specifics
5691880	5695940	as you know where I went yeah that's all that's all we're gonna talk about it
5695940	5701000	yeah yeah and and I know you know now because I say he's provided and I've
5701000	5705680	okayed that because I think some people should know I trust you guys yeah you've
5705680	5710420	been by my side for a year without finally meeting you today it's still
5710420	5715720	crazy yes but you're I can tell because I read people very well that's where
5715720	5722380	sales comes into, I can kind of gauge, you know, and I know that you're for the truth and I know
5722380	5726240	you are too. And I am as well. And we're all in the same shoes as far as wanting this to come
5726240	5730480	forward and wanting this whole thing to stop because our way of life can improve.
5730920	5736240	You know, the insider provided a lot of information for you to disseminate.
5736260	5739480	Yes. And granted, it was tough for me because
5741260	5747000	Because they were in attendance, and it was a group of they, not pronouns.
5747360	5749300	Attendance in the NPC 2023?
5749760	5751980	They were there, but they were also there at the other events.
5752180	5753020	The one three days before?
5753580	5754800	It was two days.
5754800	5755360	Two days.
5755360	5757300	So it was 10th, 11th, and 12th.
5757300	5757500	Okay.
5757620	5760180	So it was during, was that on a Monday, the NPC?
5761640	5762960	Let me look real quick.
5763260	5766480	So you were talking about just a couple days before the NPC.
5766620	5768980	That's when you first kind of met these insiders.
5769480	5773600	I didn't meet them directly, but I know that they were in attendance.
5775940	5780540	And when I had presented on that Saturday, I believe is when it was,
5781180	5782240	Saturday and Sunday.
5782320	5788660	Yeah, I think it was a Saturday and Sunday because I got in Friday afternoon
5788660	5791400	or morning, and then they went to the hotel.
5791420	5795540	I had dinner with Greer, and everybody kind of met them.
5795660	5799000	Actually, it was a couple drinks at the hotel.
5799480	5803400	And then we got our rooms, got everything situated, went downstairs.
5803460	5807920	I introduced my wife to everybody, too, that I've already been kind of somewhat familiar with and talking to.
5808400	5812980	And it was my first time meeting some people like Michael Stratton in person, Dr. Greer in person.
5813120	5815740	Well, no, it would be the second time because he was here in Boulder.
5816540	5819280	That's when I first actually met him, and that was in 2017.
5820640	5828680	And I just kind of felt that he was somebody at the time who was talking about this.
5829480	5832920	And there were some things that he had hinted that may have been
5833540	5836800	maybe other people have experienced, whatever experience that he was talking to.
5836920	5839640	So I wanted to tell him, hey, this was my situation.
5839780	5841360	Do you know anybody else who went through this?
5841440	5845520	Maybe it's something I can convey and compare notes to this person.
5845600	5849900	And of course, some of them are dead and some of them refuse to talk, understandably.
5851520	5853300	But yes, these insiders were there.
5853400	5856460	So when I did that event, and it may be on YouTube.
5856660	5857820	I can't find it anywhere.
5859480	5863580	some, because I know it was recorded because Dr. Greer and myself were kind of frustrated
5863580	5870900	that their audio and video people were kind of slacking. I had given my piece that day,
5871000	5880960	and I had expressed that what I hypothesized was drugs, right? And that's when Dr. Greer pulled
5880960	5885300	me aside and showed me his phone that had the text message from this individual that had,
5885300	5888660	he had this encrypted app it was not signal with some other high-tech
5888660	5896820	communication platform did not look like signal and I read the text message and
5896820	5900580	what that text message said was and my wife was actually sitting on the couch
5900580	5904460	in the in the green room and I was close to her and dr. Greer was standing to my
5904460	5912160	right and the text message said I don't want to leave Michael hanging but I know
5912160	5917440	what Michael saw and he went through this whole he wrote a Bible essentially
5917440	5923100	of what it was to an extent but he had talked that he wanted to now talk to
5923100	5930620	dr. Greer privately and discuss what it was and so I at that point because I was
5930620	5933900	I was volunteered security for him which is what I'm doing with this too but it's
5933900	5937660	more of me to kind of see what the fuck else is going on this is how I can get
5937660	5943340	information. So you do, you perform, you help benefit somebody, but you also get to kind of
5943340	5947020	learn more in depth with what's kind of being going on and you get to be in the sensitive
5947020	5952540	meetings and stuff and kind of really see. So it's kind of my personal way to kind of
5953240	5958800	disseminate information and maybe be able to understand. That's just my curiosity. But
5958800	5964040	I met that gentleman, which of course he didn't know that I knew who he was to an extent because
5964040	5967340	Greer said he was going to meet with him and maybe they were going to put me in a green room and
5967660	5969680	have a face-to-face conversation, which never happened.
5971000	5975180	And then I wake up to a text message that he sent me at 2 o'clock in the morning.
5976600	5977980	I don't remember what day specific.
5978100	5981260	I still have it because I have it all saved, of course, just in case.
5981260	5983240	I have a paper trail just in case anything happens.
5983240	5996800	happens. And he had said that a gentleman's name, to an extent, knows what I saw and would
5996800	6002900	like to talk to me about it. And he is a NOC, non-official covers what that stands for in
6002900	6010880	the CIA term. And he gave me his phone number, which is one of many, at least that number.
6011780	6014900	so I was like oh shit
6015980	6019680	and it wasn't like I wasn't expecting it because I was like okay this guy probably
6020260	6023880	he probably won't bother with me he'll just tell Dr. Greer everything and then Dr. Greer
6023880	6027940	will tell me what I dealt with and experienced but that wasn't the case
6030260	6031480	so I had
6031480	6036040	I sat on it for probably about a day or two because I was like okay here's
6036040	6039920	a point of no return realistically and then I was like you know what fuck it
6041360	6045200	So you're referring to he wanted to meet with you.
6045280	6047680	What was the message that he sat on?
6047820	6051020	So the message I sat on was Dr. Greer providing me his contact information.
6051100	6051680	Gotcha. Okay.
6052400	6053660	So that's what I sat on.
6053760	6061040	And so I was just thinking every scenario in my head, like, oh, fuck, what am I going to, what is this doing?
6061380	6062680	Am I getting set up?
6062680	6063860	Was part of that, too.
6063920	6064860	I mean, it's a percentage.
6065100	6065460	Sure.
6065820	6066640	Because I'm nervous.
6066760	6068240	I've already kind of said my piece.
6068240	6072220	I'm nervous now the whole world knows what I disclosed.
6072260	6074600	And it was very uncomfortable.
6074760	6076100	I hate fucking being public.
6076640	6079060	But it's just, it's something that needs to be done.
6082120	6087000	And he had, I called him and he did not answer and he did not have a voicemail set.
6087120	6089200	So then I texted him and he responded immediately.
6091200	6092580	And I have it.
6092600	6093900	I have the text messages.
6093920	6096360	And basically what he said, he was going to fly me out somewhere.
6098240	6101960	He was going to be able to provide me documentation among other things that will help me with
6101960	6102220	this.
6102300	6108580	But now that I came forward, these guys were working in that organization that I witnessed
6109140	6110260	doing this operation.
6110680	6113700	He had some insight to tell me and that's what we did.
6113780	6118620	We met up and you had the phone call of that and you have some details about where I met
6119420	6125540	this gentleman particularly and where he flew me off to provide me more information.
6125540	6131860	And why do you feel like he wanted to meet you in person versus just talking to you on the phone or video call, that sort of thing?
6131980	6132800	Like, what was that?
6133120	6134780	I think it was establishing trust.
6135960	6137820	It's easy to talk to people over the phone.
6138820	6141940	Getting face-to-face with people and having them tell you things.
6142200	6148060	Now, granted, when him and I met, and we were sitting across from each other, and I've said this in multiple interviews,
6148180	6154340	but I had my phone off because he had this one that can detect any chips, and I showed you the text message.
6155680	6162660	message that he sent me talking about why they did that and which they're all chipped so that's
6162660	6169540	all I'm going to say about that but I guess it was a chance to get the truth and I can tell when
6169540	6175200	he was talking to me that he was very fidgety and very nervous because he doesn't know who I am and
6175200	6180640	I don't know who he is so him being nervous but he looked through my background he looked at every
6180640	6184660	every possible detail about me. So he knew everything. So I know that he knew that wasn't
6184660	6189360	some asset planted in trying to fish people out, which I know is a concern of theirs,
6189560	6195340	which is why they're screening people heavily and do what they do. So, um, which I was just
6195340	6201060	as nervous. And that's when he, during that interview or, um, meet up that meeting,
6202600	6208220	that's when he provided me a sidearm as a way to establish trust. And I looked at the bullets and
6208220	6212980	there were no struck primers nothing like that popped it in wrapped it put it
6212980	6219200	on my lap like this and nobody else was armed at that point I kind of started
6219200	6223020	getting to know him a little bit personally some personal details about
6223020	6227960	who he is and what he does and you know other things you know he's got a family
6227960	6230800	which is great because it tells me he's on the right side of things and he's
6230800	6237680	loves his family very much as you should and that kind of gave me hope that okay
6238220	6242420	actually is taking that into consideration, which tells me everything. And his body language was
6242420	6247580	also what conveyed it to me too. Because he's very fidgety with his watch. He's kind of like
6247580	6251780	trying to adjust himself. And it's like, okay, I know you're telling the truth because this is
6251780	6258080	making you uncomfortable as much as it is making me. And there was also sort of an apology that
6258080	6263520	he gave to you. Can you talk about that a little bit? He apologized on saying that he's sorry that
6263520	6265860	that we went through that, that it's absolutely unnecessary
6265860	6268880	and it's bullshit and that shouldn't be happening to anybody.
6269280	6271200	And he knows of instances where they, yes,
6271260	6273120	they have murdered people, not him directly,
6273300	6275260	but he will never kill a patriot.
6275380	6276840	He will never kill innocent people,
6276940	6279660	but that guy will murder and kill bad guys
6279660	6281640	as it should be because he's like a sheepdog.
6282020	6284100	And all of these guys that I'm working with
6284100	6285540	are the same way, they're all good people.
6286260	6288480	And some people have had confusion to say,
6288560	6290680	oh, we're at gunpoint with these guys.
6290760	6292560	And all of a sudden they're walking me in
6293520	6298960	me these this knowledge and trust no it's not the same people these are the good guys very so these
6298960	6303580	guys weren't involved with the operation you witnessed in 2009 no they were not but they are
6303580	6309780	aware of those types of yes and they've been on similar operations as that um to my understanding
6309780	6317580	and so he showed you some things yes um you've said you went underground i can't talk about any
6317580	6324720	of this okay I don't I don't I'm not gonna ask you what you saw what I what I
6324720	6330780	want to ask you is why did he show you that in the sense of why are you what
6330780	6335000	you could ask is what the things that he has been able to show you were proved
6335000	6341540	it was a way of him able to prove who he said who he really was that you what
6341540	6347260	yes it wasn't like I can just take his word and just say okay I trust you yeah
6347580	6350480	It was a way for them to say, these are the real deal guys.
6350740	6351160	Right.
6351420	6354020	Because it's not like anybody can just see this shit.
6354220	6354660	Right.
6354700	6357720	And I hope one day I can get to a point where I can talk about that.
6358500	6358940	Yeah.
6359020	6361780	Because it is mind-blowing.
6361880	6366500	And I thought what I witnessed 14, 15 years ago was mind-blowing.
6366600	6367240	Yes, it is.
6367760	6372900	But now you actually see things face-to-face of what, you know.
6373820	6375280	Because I'll put it this way.
6378360	6384920	That facility, if these guys were to link up with two politicians
6384920	6388480	and then give them a free access card to everything,
6389540	6394540	it would single-handedly blow the doors off of this whole chicanery
6396400	6400920	of misinformation and all the lies and all the deceit that are being there.
6400960	6401840	This would prove everything.
6402060	6403460	What's stopping that from happening?
6403700	6406520	They're doing that right now, but they're trying to plan it out.
6407580	6410140	What way, I don't know, but that's what their goal is.
6410320	6410820	Okay.
6411060	6414000	I can't give any details about that being mic'd up and all this,
6414120	6416120	but I can tell you otherwise.
6417100	6418340	But they're upset.
6418680	6419940	A lot of them are upset.
6420000	6427760	I guess what I'm getting at is, like, what's their objective with this?
6427960	6432600	With reaching out to you and forming this partnership or relationship with you,
6433440	6435680	what is their ultimate motive?
6437580	6441980	are people who are firsthand participants in the program.
6442160	6443780	Yes. For 30 plus years.
6443960	6448380	Yeah. And so they're pro disclosure to a certain extent.
6448640	6453980	Pro American pro freedom pro life. You know, obviously they don't like that.
6454080	6455740	People are being murdered over this kind of stuff.
6455900	6460240	So there's kind of factions within what people call the program.
6460400	6465800	Yes. And, and these are kind of considered the good guys who want to support some
6467580	6470880	and restoring oversight by Congress.
6471480	6476260	So the other reason is that these guys were somewhat tasked
6476260	6479520	to try to go through us or infiltrate, right?
6480460	6485360	I think what would have happened is these guys would have been whistleblowers
6485360	6486740	or considered whistleblowers themselves,
6487640	6490480	not in a public fashion like I'm doing or anybody else that's in my shoes.
6491600	6495320	But I think what happened was now that I came forward
6496220	6502780	and what I experienced is directly related and directly involved with what they've been doing,
6503340	6508300	it was more of a chance for them to say, okay, we can lay low, but now we have a spokesperson for us
6508300	6513500	that can get this information out and help us get information out to the right people.
6513900	6520440	And I was successful and able to do that, but I was also successful and able to get them in
6520440	6525280	contact with certain other prominent people. Do these guys, these insiders, have any fear of
6525280	6529960	coming forward? I personally have talked to some whistleblowers who are allegedly afraid to speak
6529960	6535280	because they will lose pension. Basically, they and their family will not have a way to provide.
6535280	6543140	Yes, they will lose everything if this is not done correctly and carefully. And again, I don't
6543140	6548020	know if these guys are coming forward. I can't specifically say that. I don't know. I just,
6548020	6550780	maybe one day they will. Who knows?
6551000	6552900	What do you think needs to happen?
6555080	6560740	Or if you can convey kind of what these guys have said,
6560800	6566320	what needs to happen or change in order for more first-hand participants like them
6566320	6568780	to be able to come forward? Like what needs to happen?
6569100	6572920	Well, the tables need to flip as far as the majority of these people
6572920	6574360	in these programs are good people.
6574360	6579180	And that's what I've, from my own interactions with some of these people, granted I'm not
6579180	6584100	working with everybody, right, but the ones that I know very well now, they're good people,
6584200	6587040	they've got their heart in the right place, and they've got the right mindset for this.
6587480	6594000	What would need to happen is that the tables need to turn as far as them flipping the tables
6594000	6599520	on their own programs, meaning taking control of them personally, getting the bad guys or
6599520	6603500	or neutralizing that, however, because what people need to understand is that this group
6603500	6609640	is the enforcement arm of even the political corruption that's going on, because they have
6609640	6615520	assets in certain places in government, local law enforcement, federal law enforcement, military,
6615880	6622700	everywhere. So if they were able to single-handedly take the bad guys out or flip the script or gain
6622700	6627700	control of that, because right now there's a war between the good and bad of these factions.
6629520	6633100	bad guys want to keep this secret and they want to keep this technology to themselves and they
6633100	6638800	want to commit crimes against humanity with this technology and have this power and control while
6638800	6643640	the good guys want this to come forward and everybody benefit from it and us as a species
6643640	6649480	be able to survive. Also the fact that they know directly what is going on because they're living
6649480	6655740	in this world. This is their day-to-day job so to speak. So I think now that they have an
6655740	6661680	opportunity to understand that this is affecting other people besides me, besides, I mean, it's
6661680	6668940	affecting all of us because we could really be far in life with this technology. And not only that,
6669620	6679980	we could stop shooting down NHI craft because who's to say, I've never met any of them. I don't
6679980	6687640	know any ETs or NHIs. I can't, never came face to face with them. What I can tell you is that I know
6687640	6691940	that the universe is massive and there's multi-dimensional universes or however this
6691940	6696140	works with the theories that people have proposed. And if that really is the case,
6697660	6702040	the possibility that we can come across a species that ain't going to be too friendly with us is a
6702040	6707720	possibility. So you're telling, and this is what the concept is. So this group is going to target
6707720	6716500	at them, shoot them down in the deserts, all over the world, in secluded areas, and they
6716500	6720760	are going to come across at a point, maybe someday, that they're going to shoot down
6720760	6721340	the wrong type.
6722360	6727440	And maybe that type becomes a type that decides that, hey, you know what, we don't need these
6727440	6727960	people around.
6728200	6730140	We don't need this species around.
6730140	6738360	And they decided that we as people who don't even partake in that nonsense have to pay for it.
6738560	6743260	Meaning that our lives end as they can instantly do it if they wanted to.
6744140	6748460	With what I have been told and what I understand how powerful they are.
6748720	6753280	If they're able to travel interdimensionally and through time and space.
6753500	6756760	And be able to show up here and go to any other place that they want to go.
6758020	6762500	and be able to control craft through consciousness and be able to pretty much,
6763180	6766180	the way that they even said that, and this is just speculation, of course,
6766180	6767220	because I've never seen this personally,
6767380	6771480	but the way that they are actually able to go through things, be interdimensional,
6771540	6774640	so it can be in 3D or just have the image of,
6774760	6778260	but they can also pass through solid objects like it's almost their molecules
6778260	6782420	or atoms splitting between all of those to separate them somehow.
6782620	6784980	So that's just speculation, but that's what I've been told.
6786760	6797040	And so if you have something that advanced and some very smart that can end our lives, this whole planet, if they wanted to, and for some reason they choose not to, but yet we keep shooting them down.
6797120	6798880	And I mean us as a human species.
6798980	6799500	Right, right.
6800320	6807620	So you described kind of the next step forward is for the good guys to kind of flip the tables on the bad guys.
6810000	6814260	But what about the whole side of like legislation?
6814260	6817600	I mean, is that still an important factor?
6817860	6822420	Well, that allows certain things to happen to where there's involvement from both
6822420	6822760	sides.
6824320	6830140	Because there's laws that have to be abided by, there has to be military involvement to
6830140	6830560	an extent.
6832760	6836900	And there also has to be a law enforcement effort because essentially there's a lot of
6836900	6838120	laws being broken with all of these.
6838200	6841720	And that's kind of the thing that maybe they can get them on a technicality to get some
6841720	6845200	some laws passed that now all of a sudden these guys can't hide within that because
6845200	6849600	now there's proof that there's stuff going on that the law enforcement, like U.S. Marshals,
6849600	6852420	for example, because they have jurisdiction everywhere, can be the ones to execute
6852980	6856900	wherever they need to, right? That's just technically speaking.
6857420	6863920	And what about, like, how can we get more people like the insiders you're working with
6863920	6869220	to come forward? Are there, you know, there seems to be kind of like, yeah,
6869220	6872400	Yeah, we have whistleblower protection, but it's really not enough.
6872520	6874620	It's really not enough, and that's exactly their concern.
6875200	6878360	Yeah, so what do they think needs to be done from that aspect?
6878800	6881380	Well, these politicians need to get their shit together,
6881540	6885520	and they can't be corrupt like we're seeing with the whole pushback of
6885520	6887520	the eminent domain and all that kind of stuff
6887520	6889620	because these aerospace companies are paying some of these guys.
6889920	6893800	So, of course, hey, we'll throw you X amount of money if you play ball for us
6893800	6896560	and make it to where it's hard for them to accomplish what they want
6896560	6897860	because then all of a sudden the game's up.
6899220	6903080	companies know what's going on. They're going to pretend that they don't, but they have access to
6903080	6907320	this shit. And it may not even be the executives of these companies who know what's going on,
6907380	6911980	but the contractors and the people that are within these groups know exactly what's going on and have
6911980	6918160	access to it. And it's relatively a small number. It's not like every single Boeing personnel or
6918160	6925420	Lockheed Martin or Raytheon or Northrop Grumman, for that matter, every single person knows what's
6925420	6930440	going on they don't only certain groups in that do and to touch quickly on what you were talking
6930440	6935260	about about shooting down these craft are you aware of if in the program with these insiders
6935260	6940420	if there's kind of an ethical tug of war going on that 100% okay and that's kind of why they
6940420	6945980	they feel the need to to want to divulge information to me to spread it to you guys and to
6945980	6952260	to the world for that matter the other aspect of it too is over these installations that uh civilian
6952260	6956040	civilian aircraft are being targeted as well when they're flying into these temporary flight
6956040	6957640	restricted areas or TFRs.
6958480	6961800	Innocent people, they will, for a flight, want to go see some scenic views of some of
6961800	6966160	these areas that are beautiful nearby, but happen to stumble into the area just like
6966160	6968760	we did at the wrong point of time.
6969380	6972480	And now they get hit with these experimental weapons.
6972640	6974700	Well, you can't even call them experimental because they're using them.
6975420	6976340	They're not known.
6976540	6978400	You know, they're relatively, yeah.
6978400	6982340	Are you aware of what these offensive UAP weapons are, how they work?
6983060	6984940	I can't give specifics to it.
6985000	6987540	A lot of them, I only know of a few.
6988200	6990420	But as far as the other ones that are more cutting edge,
6990580	6992860	because, again, they keep refining their systems
6992860	6997280	because they want to make sure that they can just take them out with a single hit
6997280	7000720	and have an easier time doing it, I would suppose.
7001120	7004580	That's just speculation, but they're always refining their stuff.
7004580	7008820	They're always refining their reverse engineer technologies as well,
7008920	7011280	which is why they test these weapon systems on them.
7011560	7016060	So they had explained that they put craft on balloons,
7016560	7019660	have them go up to high altitude, and then they hit them with these weapons
7019660	7020860	because there's nobody aboard, right?
7021620	7023860	And then they also have them stationary on the ground,
7023960	7026600	and they can hit them at different angles to make sure that it's...
7026600	7033860	But what they have explained to me was that they're EMP-proof.
7034580	7041960	they have they are and they are not vulnerable to any kind of modern ammunitions like rifle bullets
7041960	7048300	or 50 cal machine gun ammo or ammunition or rounds missiles can't penetrate through you're talking
7048300	7055320	about uap that they have yes okay they meaning they is in these these groups if they really want
7055320	7060640	they've retrieved well that they've designed and made oh they reverse engineered yeah like the arv
7060640	7065140	reverse yes most of the ones that are coming out and this is what some of the insiders had said
7066080	7072780	they are having a very hard time distinguishing the real craft from nhi compared to the ones that
7072780	7079480	they've got that's how far they've came with this technology they can't identify one from the other
7079480	7086040	it's getting to that point so it's practically been a year since like almost to like within a
7086040	7093060	week since you came forward correct what's next for you and like has your motivation for coming
7093060	7098980	forward uh now changed like has your objective now changed now that you've met with the insider
7098980	7106860	and kind of gotten involved yes um yes it has because i feel like i can now help these guys
7107360	7112340	in any way that i possibly can i have been doing that behind the scenes and it's good it feels good
7112340	7115620	good to do that and it feels good to be on the right side of history with this and when everything
7115620	7120840	does come to a head hopefully there can be some positive movements that blow this all wide open
7121240	7125000	and we can all benefit we could all be better people at the end of the day that's what i want
7125000	7130580	that's my mission the other aspect is obviously being provided the information that people are
7130580	7135160	being taken and used in these programs that doesn't sit well with me when i heard that
7136280	7140300	i couldn't sleep for a week there's many times where i've hidden in the bathroom and literally
7140300	7144400	really busted down fucking crime because it's like, I can't, I couldn't do anything to stop that
7144400	7151560	at that time, which sucks to know that you're completely helpless. So, um, I feel like it's
7151560	7157200	my mission to, to get the right oversight to an extent. And maybe there can be things that can
7157200	7163100	happen on a, on a global scale that get these programs to be known programs. And maybe the
7163100	7167660	right ways can be done with these where people don't have to be sedated. People don't have to
7167660	7173100	to be treated as if they're biological equipment or pink assets, as they call them, that they can
7173100	7178640	actually have people gain a foothold and do this peacefully and make us all better people.
7179240	7185540	And everybody can live happily. Everybody can live evolved. We can stop paying utilities because
7185540	7190360	free energy will be a thing. Maybe my, I mean, I got fast cars, but maybe I can get some faster
7190360	7195380	shit that I can drive around or fly around in for that matter, however that comes about. But,
7195380	7203320	But I think with optimism is that our world can be significantly better.
7203760	7207560	But we have to go through some very hard times for this to happen.
7207860	7210220	I don't have children, but I know you do.
7210600	7214180	And I know that your children do benefit from having a better world
7214180	7217240	that they can grow up and experience and not have to go through the corruption
7217240	7221340	and see what we're dealing with as people right now who understand what's going on.
7221340	7225340	And I know these insiders families also deserve the same.
7225460	7227520	Like I said, I don't want any money from this.
7227860	7229680	All I want is for this to come forward,
7229800	7232560	and all I want is this world to get better and change.
7232740	7233480	That's my mission.
7235480	7239760	Anybody who has any problems with me not accepting money, tough shit.
7240800	7241760	I make my own money.
7242260	7244440	I'm not bought and paid for like most of these people
7244440	7248420	who try to keep this shit hidden or secret or threaten them.
7248480	7249460	They can threaten me all they want,
7251860	7254700	get us pissed off enough and we actually do something that actually,
7254840	7255720	because here's the,
7255740	7258960	here's the problem as much as I would like to say,
7259020	7259780	or believe me,
7259900	7260520	everybody,
7260640	7263220	because what I'm saying can be verified to an extent,
7264300	7267620	which I choose not to because of keeping people safe in the process,
7267680	7268700	as you guys know,
7269580	7270060	but,
7270200	7270620	um,
7274020	7278620	be skeptical because there are people coming forward who should not be,
7278620	7282020	or they're muddying the waters to an extent, and they're very known people.
7282380	7284200	I don't get in drama of this shit.
7284260	7285160	I don't care to.
7285580	7289040	I've got my direction of where I'm going, and that's what I'm focused on.
7289100	7292600	I let other people gossip and talk while I'm just focused.
7292860	7294060	So that's what they can do.
7294580	7298360	People need to understand that, yes, as much as I want people to believe what I'm saying,
7298440	7301060	but at the end of the day, disclosure is about evidence.
7301120	7302080	It's not about testimony.
7302840	7304100	It's not about what I say.
7305020	7306020	If I had proof.
7307000	7313580	roof. So you think evidence is coming at some point? Very much so. How it will happen, I have
7313580	7319380	no idea. But I hope it does, and I hope it comes full force, because then it's going to kind of
7319380	7323460	catch a lot of people with their pants down. People who pretend in the government that they
7323460	7327340	don't know what's going on, but they fully well do, because they're getting paid from it under
7327340	7332160	the table. So it's going to be interesting how, oh yeah, you didn't know that this existed, but
7332160	7336060	but here's some documentation or some people are saying that you were being paid for it.
7336260	7340500	But yet they got this material or whatever it is that they have that's actually out.
7341280	7345680	And now people know for a fact, oh, shit, NHI or ET exists, guys.
7346200	7351780	And we've had access to this and we've been in communication to an extent for a very long time.
7353200	7356300	And I just got to ask two quick closing questions, if you don't mind.
7357040	7359100	I think it was on the Total Disclosure podcast.
7359100	7364480	podcast, you talked about that you had been in contact with David Grush. Can you comment on that?
7364920	7369640	I've talked to him and that's all I can say. Okay. And two, this is just kind of a personal
7369640	7374220	one because I've seen this bounced around a lot. I have seen many people call you Joey
7374220	7380220	and Joey, your publicist. You two are not the same person. Joey, are you Michael's publicist?
7380220	7383680	Not at all. Are you anything other than a private citizen who's investigating Michael's case?
7383680	7386180	Just a random guy. Are you paid for by Michael?
7386180	7386460	No.
7388560	7389320	Oh, man.
7389520	7389920	Yeah.
7390100	7390420	I know.
7390460	7392620	I can imagine that skepticism going on.
7392920	7395080	It's just like Reddit.
7395200	7397020	Most people are just anonymous on Reddit.
7397180	7400940	And I just remained anonymous.
7401060	7406440	And now I'm showing my face now for the first time and just trying to crack that open a little bit.
7406600	7407000	Yeah.
7407360	7412280	Well, I mean, there will be a right time where everything can be divorced and everybody can sleep better.
7412280	7416160	you know but I just saw what you were doing on Reddit and it's like you know
7416160	7418700	what you're a very good person to get information out I don't know anybody
7418700	7424040	else and thanks to you thanks to you you've been able to link me up with
7424040	7428220	people who have you you're very good at networking too and that's part of the
7428220	7432780	reason why I'm successful is because networking is key and that's I use the
7432780	7435760	same approach with disclosure so if I'm in touch with people who are pivotal
7435760	7439680	with this movement then I'm able to contribute in ways that I possibly can
7439680	7446040	to bring this forward to an extent or however far we can get and you introduced me to him you know
7446040	7450760	which is great because you guys are wonderful guys very good people you know so it's good
7450760	7454720	talking to you guys and just even shooting a shit when we're not talking about this kind of stuff
7454720	7459820	you know so i can't believe we're sitting here this is i know it's been a long time
7459820	7464280	it's been a long time i'm like you know i was if i had time to go out there i'd definitely go out
7464280	7468780	there and see where you know what your part of the world is like and yeah see what you do day
7469680	7472500	You certainly keep busy with everything that you've got going on.
7472500	7472780	Yeah.
7473300	7475180	I'm surprised I'm not completely bald yet.
7475480	7477840	It's getting there, but I've got some hems I'm trying,
7477900	7479600	so hopefully that helps.
7479760	7484260	But, you know, if not, then I'm just going to be another whistleblower that's bald.
7484280	7484940	Rock it.
7485580	7487040	Well, this was awesome.
7487340	7491140	I'm so grateful that you sat down with us.
7492820	7497640	Just, yeah, excited to kind of see how things unfold moving forward.
7497640	7511260	Well, from what I kind of understand, it may be pivotal to a point where we get the grip on the right way and it comes forward and everybody understands. It doesn't have to be secret anymore.
