start	end	text
0	4620	The cognizance of who was kind of leading the program changed over time epochs.
5440	11620	The genesis was in the Truman and Eisenhower National Security Council and the CIA Office of Policy Strategy.
12180	16540	But, you know, the Atomic Energy Commission was involved, the Department of Defense at the time.
16720	24160	With how they hide this program based on time epochs and who they trust, career civil servants, career senior executives in industry,
24420	29340	they rotate it and there's no, they randomize the schema too.
30000	33000	This one guy in this one DOD office always gets it.
33040	37740	They spread it across, and it's just like rule by committee, flat hierarchy.
39300	45740	What we've seen in previous administrations, like Clint, people, the program thought Clint was going to disclose in the 90s.
45760	51700	Well, there was a burn bag and shred party at a particular agency in the mid-90s, I'm aware of.
51740	55020	You have to remember, so here's one of the loopholes they use, right?
55160	57460	So there's White House special access programs.
57460	62400	There was something called covert access programs 50 us code 3093.
62760	67900	Those are the programs reported the gang of eight gang of four, you know, that's like assassination stuff, etc.
68140	75460	You know other things the government doesn't acknowledge but there's a you know, a way to develop a White House app that is non-covert action.
76440	82900	You know White House special access program. If you look in the law, there are no reporting carve outs.
82900	84920	That was one of the tricks of the trade,
85080	87060	burying it over in the Department of Energy,
87220	89560	but also keeping it in these non-covert action programs
90520	92780	that like, you know, five people on the NSC know about,
92920	94160	and the president at one time,
94220	96780	and then, you know, it has custodianship
96780	98900	over across the Potomac and McLean.
101060	103380	The singular purpose of my channel
103380	106640	is to uncover the UFO Legacy Program architecture.
107420	110240	Special access, unacknowledged special access,
110240	116320	controlled access, and non-covert action White House programs that are housed within elements
116320	122440	of the United States Executive Branch, Armed Forces, Intelligence Community, National Laboratories,
122620	127580	and Defense Industrial Base infrastructure that is tasked with the retrieval, collection,
127880	135120	storage, exploitation, and derivation of non-human technical vehicles and technologies of unknown
135120	142060	known origin. This once mighty and stalwart national effort that I call the Manhattan Project
142060	149000	2.0, spearheaded by the U.S.'s greatest presidents, military leaders, senior statesmen, and seasoned
149000	155180	politicians under the auspice of the National Security Council, devolved and degraded during
155180	161680	the Cold War, breaking off pieces of itself and siloing itself into cover offices and programs
161680	170040	to morph and adapt to special access program oversight reforms and expansions during the 1970s and 1980s,
170740	178040	ultimately relegating program control to a quasi-government and industry control group of just over two dozen in 1994
178040	183080	in order to flee from the disclosure disposition of President Bill Clinton.
184300	190720	Further disfiguring was done to this once mighty effort when in the early days of the global war on terror,
191680	197940	and 5 to be specific. Certain defense contractors, like Northrop Grumman, harnessed company-funded
197940	204460	independent research and development funds, IRAD, to ostensibly conduct their own breakaway UFO
204460	211820	retrieval and exploitation activities. As well as 2009, when the last quote-unquote mob boss,
212640	218620	who reigned control of the entire legacy program portfolio across the scattered silos and grains
218620	222260	grains of rice in a rice bowl, Dick Cheney left office as VP.
223560	228220	Indeed, the immense UFO crash retrieval and reverse engineering activities
228220	235100	of Truman, Eisenhower, Nixon, Reagan, etc. are unrecognizable to the fractured
235100	240800	ecosystem of today, a long past its prime portfolio of siloed
240800	244740	program fiefdoms subject to severe redundancies and brain drain,
244740	251320	seriously at risk of losing a sub-rosa cold war with our peer adversaries
251320	256080	to harness control over these quote-unquote otherworldly technologies.
258460	262140	To visualize such a tangled and scattered web of programs
262140	266260	that have seen nearly 80 years of morphing and mangling,
267180	271060	I visualize the modern-day UFO legacy program structure as a pyramid.
271060	277660	Where further down the pyramid one travels sees far less access to program institutional
277660	282960	knowledge and exponentially decreasing ability to peer across program silos.
283960	289960	To keep a hyper-complex story short that I discuss in the introduction of nearly every
289960	296740	single one of my videos, this pyramid was once governed by a now amorphous centralized
296740	297880	control group.
297880	304540	Truman, Eisenhower, the National Security Council, and its 5412 Committee Special Group,
304760	313520	and that special group's MAJ-12 or Majestic 12, ultimately degrading into the quasi-industry and government control group of today
313520	322860	that features a flat hierarchy where nobody after Dick Cheney operates full control and oversight of all siloed program directives.
322860	330620	Below the control group sits program administration, best thought of by me as silo containers,
331160	337560	housing specific programs and directives under specific elements of the armed forces and intelligence community.
338220	345720	Below the administrators sits federally funded research and development centers, FFRDCs, and GOCOs,
345720	348360	government-owned, contractor-operated institutions.
350020	356540	FFRDCs and GOCO structures allow the US government to attract the brightest of industry and subject
356540	363140	matter experts while still retaining strict control over programs, materials, breakthroughs,
363140	363420	etc.
364240	369940	At the bottom layer of the pyramid sits the most security-vulnerable aspect of the legacy
369940	375800	structure – defense industrial base prime contractors and their subcontractors.
376760	381800	Only specific personnel within these companies are read into the legacy effort at a functional
381800	388100	level, including executive-level positions, C-suite executives, or special program directors.
389620	394720	The mortar that binds this structure together? Well, of course, this is the U.S. Defense
394720	401660	Industrial Base, whose authoritative channels are often bypassed to allow UFO legacy programs
401660	405220	to harness any US military and intelligence asset
405820	407700	that may be needed to accomplish
408300	410520	these covert mission directives.
412380	415780	But one aspect of this pyramid has not degraded
415780	417440	and broken itself over time.
418420	421020	Instead, this core element to the legacy pyramid
421560	424540	has in a way increased exponentially
425100	427960	alongside the morphing of the legacy program structure.
427960	434240	structure. Indeed, I am speaking about the equivalent to the limestone casing that once
434240	438760	encapsulated the Great Pyramids of Giza to protect the structures from the elements.
439400	443560	The UFO Legacy Program Security Apparatus
444360	451480	The security architecture of UFO crash retrieval and reverse engineering programs is so incredibly
451480	457160	robust. Not only have I had to break this topic into two separate parts to cover the
457960	462260	security blanket obfuscating UFO covert activities from 1947 to present.
462680	468680	But I have also had to convey such a security apparatus analogous to an onion.
468920	476260	Where akin to an onion center surrounded by many layers, the core secrets and extant presence
476260	482800	of the UFO crash retrieval and exploitation portfolio is always hidden and obscured by
482800	485320	another layer of protection and secrecy.
485320	493140	So, today, I warmly welcome you to join me for part two of our investigation into UFO
493140	494740	legacy program secrecy.
495160	501220	After all, one of the most appropriate and poignant questions asked about the existence
501220	509320	of UFO legacy programs is how can such technology, biologics, crash retrievals, and programs
509860	513760	be kept secret, and kept secret for 80 years at that.
515320	515580	Uh-huh.
515760	519340	For those of you who still think that, you know,
519360	522440	we've got little green men underground somewhere.
522760	523040	Yeah.
523260	526160	One of the things you learn as president is
528980	531100	government is terrible at keeping secrets.
531400	533260	This idea of conspiracy theories.
533420	537620	If there were aliens or alien spaceships or anything
538240	540400	under the control of the United States government
540400	543620	that we knew about, seen, photographed, what have you,
545320	550600	I promise you, some guy guarding the installation
550600	553120	would have taken a selfie with one of the aliens
553120	555000	and sent it to his girlfriend and press him.
555160	556940	It would leak.
557140	561040	Today's project seeks to pick up right where we left off,
561280	564720	correcting the record on similar obscene comments
564720	566060	like that from Obama.
567040	571100	We will be leaving the epoch of 1947 to 1994,
571460	574800	where we explored the Manhattan Project 2.0's
575320	581920	apparatus ripped straight from the Manhattan Project, investigated key individuals instrumental
581920	589140	to establishing covert UFO recovery and study infrastructure, distilled how statutory secrets
589140	595780	derived from the 1954 Atomic Energy Act not only evade presidential declassification,
595900	601500	but also serve as the perfect vessels to hide UFO activities with an iron grip,
601500	607380	identified the National Security Council as the top-secret early legacy control group,
608360	612600	narrowed in on the great schism that led to the Manhattan Project 2.0
612600	617120	taking drastic security measures during the 1980s to maintain secrecy,
617200	622960	leading directly to the fractured program ecosystem of today, and so much more.
624040	630200	As we depart the Manhattan Project 2.0, and quite frankly, its depressing devolution behind,
631500	638560	on into the modern era to shift our lens on how UFO legacy activities today maintain secrecy.
639360	646260	We will reorient our lens to study layers of the UFO legacy onion, critical individual layers and
646260	654340	concepts paramount to obfuscating the core of the 21st century legacy apparatus. After all here,
654500	661100	a cadre of covert, compartmented, and beyond top-secret programs, facilitating knowledge
661500	665700	and need to know access to the greatest secret in the history of mankind.
666940	672260	The presence and procurement of non-human technology and their biological operators,
672700	677660	existing as a hidden shadow symbiotically attached to the United States government,
678000	684140	armed forces, intelligence community, would require an ever-evolving, impenetrable,
684140	690000	and stalwart architecture to stay hidden from even presidents and other elected
691500	693560	temporary employees, would it not?
694180	700160	So let's peel back some layers of embedded secrecy, where layers protect layers that
700160	701600	obscure core secrets.
701940	708620	From conceptualizing special access programs or SAPs, to uncovering some of the loopholes
708620	714260	for managed need-to-know compartmented programs legacy operations have used with quote-unquote
714260	716520	non-covert White House programs.
716520	726340	To program protection agencies deputized to enforce insider and outsider threat protection to maintain total program secrecy.
727120	732780	To the antibodies David Grush awoke when investigating the topic in a legal and empowered manner.
733060	739420	To the disgraced Sean Kirkpatrick and his ineffective all-domain anomaly resolution office Arrow.
739420	743260	to the AATIP Program Protection Management Campaign
743260	745300	and attempts to talk about the subject
745300	747300	outside of the proverbial onion,
747540	751500	to the myriad, and I mean myriad, criminal actions taken
751500	754200	that aid the all-encompassing subject
754200	757020	of quote-unquote unrivaled secrecy.
757120	759560	This project will not hold back
759560	762760	and aims to conduct a hyper-specific investigation
762760	764980	into the modern-day legacy onion.
766300	768700	So, as I said in part one,
769420	773320	Sit back, mark your notes, special access required,
773500	777680	and let us deep dive into the secrecy and security mechanisms
777680	782380	that embolden UFO Legacy programs to operate in the shadows
782980	786260	with unrivaled secrecy, power, and reach.
810440	816320	Before jumping off into our investigation today, let us quickly define our onion analogy,
817240	822160	recap part one of our investigation, and lay out today's discussion points in an executive
822160	823240	summary format.
823240	830020	Part 1 focused predominantly on the rise of the Manhattan Project 2.0 security infrastructure
830020	836620	and fall from grace during the Cold War into the fragmented and siloed program infrastructure of today.
837840	843580	Within the Manhattan Project 2.0 volume, we listened closely to the sage words of David Grush,
843720	851740	who directly stated the Manhattan Project secrecy apparatus was translated directly onto early UFO retrieval
853240	858140	efforts? First of it, obviously, it's understanding the situation, right? What do we have our hands on?
858400	863000	And like I've said in some other videos and stuff, you know, that we took the Manhattan
863000	867700	Project secrecy and overlaid it on this issue because that secrecy worked well for atomic bomb
868600	874920	developments and whatnot. And certainly this whole program in a nutshell, if I were to like
874920	882640	summarize the 90 plus years of history, it is a reverse engineering program to garner
883240	890220	kind of insight. Indeed, we then explored five critical concepts of secrecy translated from the
890220	896500	Manhattan Project directly onto the Manhattan Project 2.0. Compartmentalization, organizational
896500	903280	architecture, physical security, classification, and information control, and finally, political
903280	910440	shield slash cover. To summarize an hour plus section in just a few sentences, let's quickly
910440	917480	recap and break down each of these points. Compartmenting or compartmentalizing programs
917480	925040	or information operates as a defensive security mechanism, reducing attack vectors for espionage,
925100	930800	leaks, and intrusions. The practice of compartmentalization sees program personnel
930800	937680	granted access only to the specific information they need to perform their duties, even if they
937680	939520	they hold the necessary clearance level.
939960	946180	The Manhattan Project served as a period of tremendous innovation of compartmented programs,
946660	949880	leading to the modern-day basis for special access programs.
950720	957020	We also discussed organizational architecture being weaponized and leveraged for secrecy.
957140	962480	The Manhattan Project was conducted out of the Manhattan Engineer District, MED,
962480	968280	which served as the legal and administrative entity through which the Manhattan Project operated.
969340	972540	The MED was chosen to be inconspicuous,
972600	978500	and essentially a container within the U.S. Army Corps of Engineers to house the top-secret atomic project.
979460	984660	We compared this secrecy practice with the early days of the quote-unquote Hidden Wing,
984960	990840	an Air Force series of UFO tests and evaluation programs I've published extensively on,
992480	996320	a shadow hidden in plain sight within the Department of the Air Force.
997360	1003380	Moving on to physical security, saw translation of the Manhattan Project's most secret and
1003380	1010360	heavily guarded sites, Los Alamos, Oak Ridge, and soon-to-be Los Alamos Z Division at Sandia
1010360	1015260	Base, aka Sandia National Lab, onto the Manhattan Project 2.0.
1015840	1021360	Indeed, within that section, we discussed alleged classified executive orders signed
1022480	1027780	1948, which relegated custody of recovered disks to Atomic Energy Commission National
1027780	1032380	Laboratories to be studied by the prestigious Dr. Vannevar Bush.
1033480	1038380	And here we arrive to our final two Manhattan Project security blankets that are crucial
1038380	1041460	to conceptualize as we move on to Part 2 today.
1042120	1049100	Classification and information control saw discussion of self-imposed and mandatory self-classification
1049100	1055780	protocols for atomic scientists, as well as a deep investigation into the 1946 and 1954
1055780	1057880	Atomic Energy Acts.
1058580	1065020	One of the most critical discussions of the entirety of Part 1 was highlighting the introduction
1065020	1071180	of two separate tracks of classification within the United States upon establishment of the
1071180	1072280	Atomic Energy Commission.
1073340	1077460	Track 1, of course, being the standard executive order-based system.
1079100	1085300	confidential, secret, and top-secret levels of classification, track two being the Statutory
1085300	1091560	Atomic Energy Commission and NNSA system, whose authority is derived from the
1091560	1093980	1954 Atomic Energy Agreement.
1095140	1100660	The second track of U.S. classification here sees equivalence to secret and top-secret
1100660	1107620	classifications with L and Q clearance respectively, but also restricted data, formally restricted
1109100	1116900	materials, all information quote-unquote born classified. Such a second system is not subject
1116900	1122760	to executive order and will likely prove to be a real can of worms for any president to take
1122760	1130280	full steps to disclose. Thanks to the SAGE council and discussion of Grush, we know both systems of
1130280	1136420	classification are used by legacy programs to maintain secrecy. They're basically treating this
1136420	1144360	as nuclear secrets because it gives off a nuclear radiation because if you look
1144360	1150780	at the ultra vague definition of special nuclear material which is section 51
1150780	1156180	Atomic Energy Act in 1954 it says anything that gives off a sizable amount
1156180	1162600	of atomic energy literally that's what it says well what sizable and what legal
1162600	1168200	gymnastics are you saying this stuff which is obviously not a well who knows maybe a
1168920	1173720	nuclear weapon and you're saying this is a u.s nuclear secret you're transclassifying it
1174600	1181180	into a nuclear secret finally here we have the political shield slash cover which existed as
1181180	1188240	the quote-unquote top policy group at the apex of the manhattan project the top policy group was the
1188240	1193240	the narrow and stripped chain of command to which General Leslie Groves reported, consisting
1193240	1200020	of a handful of powerful figures like FDR-slash-Truman, Army Chief of Staff General George C. Marshall,
1200260	1205740	and Secretary of War Henry Stimson, and of course don't forget Head of the OSRD or
1205740	1209940	Office of Scientific Research and Development, Vannevar Bush, and his assistant.
1210620	1212460	And the purpose of this group?
1212620	1217500	Well this was to keep Red End personnel and the existing control group small, minimize
1218240	1220520	and maintain presidential control.
1221660	1223820	Funny enough here, Truman wasn't briefed
1223820	1225460	on the Manhattan Project as a senator
1225460	1226920	or even vice president.
1227180	1229080	Only when he was sworn in as president
1229080	1232220	after FDR's death was he actually read in.
1233280	1235980	Indeed, we discussed how Truman relegated control
1235980	1239640	over the UFO portfolio to the National Security Council
1239640	1243880	after the establishment of the 1947 National Security Act.
1244100	1246860	But of significantly greater consequence,
1248240	1256280	how in 1954 and 1955, President Eisenhower created the NSC 5412 Committee Special Group
1256960	1262240	and designated such a body focused on covert action as the Manhattan Project 2.0's control
1262240	1271000	group. This is the Majestic 12, appropriately called at this time, MAJ-12. Ultimately,
1271020	1276820	within Part 1, we discussed the Cold War and the concept of changing tides, where the wild,
1278240	1282360	ran from the 1950s up until the early 1980s.
1283260	1287700	This epoch saw several executive orders expand and contract oversight
1287700	1292000	over special access program precursors, a.k.a. black projects.
1293200	1300040	Indeed, Nixon's Executive Order 11652 saw tremendous concern over ad hoc security protocols,
1300440	1302880	including top-secret codeword access.
1303500	1307840	We concluded the great schism that ended the Manhattan Project 2.0,
1308240	1312820	was actually Ronald Reagan's 1982 Executive Order 12356,
1313780	1316540	which ended the wild, wild west days of legacy activities
1316540	1319780	by effectively concluding top secret code word read
1319780	1322380	on access and other ad hoc security protocols,
1323380	1326420	as well as the 1983 revelation of yellow fruit,
1326800	1329640	an army sod or special operations division
1330240	1332640	unacknowledged special access program USAP.
1333540	1335980	This USAP, a term we will use often today,
1335980	1338720	was discovered through a series of normal audits
1338720	1341140	and revealed a shady world of data masking,
1341360	1344460	cover offices, stage retirements, funding schemes,
1344800	1347040	illegal covert activities, and so on.
1347280	1349900	Yellow Fruit partially led to the uncovering
1349900	1354200	of the Iran Contras and directly led to massive SAP reforms.
1354920	1357500	Such reforms forced legacy activities
1357500	1361060	to sever off their own limbs to hide and silo themselves
1361060	1363040	within cover offices and programs.
1364120	1371080	As a finishing bow on Part 1, we discussed how Legacy Operations, fearful of Clinton's disclosure appetite,
1371580	1380360	permanently vested the UFO Legacy Program control group in 1994 into a quasi-industry and government control group of just over two dozen.
1380540	1384180	And again, it appears Dave Grush agrees with this statement.
1384620	1390820	What we've seen in previous administrations, like the program thought Clinton was going to disclose in the 90s.
1390820	1396780	Well, there was a burn bag and shred party at a particular agency in the mid-90s, I'm aware of.
1396860	1399960	The Manhattan Project formed our proverbial onion.
1400500	1405080	However, unlike the great schism of the Manhattan Project 2.0,
1405160	1409720	which led to tremendous fracturing and weakening of the overall national effort
1409720	1413060	to retrieve and exploit non-human technical vehicles,
1414140	1416400	every single special access reform period,
1416580	1419520	whether it be expansion or retraction of oversight,
1420820	1427420	legacy was forced to silo one of its limbs within a cover office like the SAF AA. Even when the
1427420	1434920	legacy program vested control into a quasi-government and industry control group, this all saw amplification,
1435320	1442260	strengthening, and new layers added to the onion. The Manhattan Project secrecy apparatus itself
1442260	1448980	can also be represented by a proverbial onion, sure. If you were a low-level physicist, you were
1450820	1456540	of self-censorship, Groves' compartmentalization, need-to-know access, the Manhattan Engineer
1456540	1462660	District, the top policy group, numerous layers that kept ordinary people on the project always
1462660	1470140	a step away from the core of the atomic project. Now recontextualize that atomic project onion
1470140	1476180	model for the Manhattan Project 2.0 in the 50s. With the addition of restricted data in special
1476180	1482580	nuclear materials under the 1954 Atomic Energy Act, custody of non-human materials being delegated
1482580	1487660	via classified presidential executive order, a special group focused on covert activities
1487660	1492920	being established within the National Security Council, top-secret code word program access
1492920	1499880	similar to NRO by man, and a litany of security protocols even more strict and expansive than
1499880	1503160	in the atomic project, overlaying this project portfolio.
1504520	1507760	Now imagine that same security system in the 1980s,
1507780	1510360	but with a fractured centralized leadership group
1510360	1512920	to direct and establish security baselines
1512920	1514980	for this once mighty national effort,
1515220	1517580	where program elements were forced to burrow
1517580	1521100	even deeper into the shadows to hide from Pentagon audits,
1521980	1524620	and throw in the Air Force and NRO program involvement
1524620	1527980	being broken off and hidden within the Air Force SATAA,
1529880	1535360	that naval involvement is hidden within programs, hidden within other programs, themselves hidden
1535360	1541180	within even further programs like the Polaris program and Sand Dollar. Observe instances of
1541180	1546700	projects within the armed forces and intelligence community being siloed into their own containers
1546700	1552800	with a flat hierarchy. This leaves you with an onion model that quite literally doubles,
1552800	1555980	doubles, triples, or even exponentially grows in size.
1557180	1561400	Add to that concentrated efforts in the early 2010s
1561400	1564900	by specific FFRDCs and elements of the U.S. government
1564900	1568960	to quite literally restrict program history briefings
1568960	1570440	on legacy incumbents,
1570520	1572920	to purposefully keep new program personnel
1572920	1574980	ignorant to the scope and history
1574980	1576540	of the legacy program portfolio
1576540	1579820	and their specific siloed project.
1580800	1582620	And no, I'm not joking there.
1582800	1590120	Thus, today, we are left with an onion model of secrecy that is so vast, convoluted, and
1590120	1590400	severe.
1591380	1596400	I am willing to wager any amount of money the following statement is true as I say this
1596400	1598100	with the utmost confidence.
1598620	1607000	Today, only 40 to 50 people alive at any given time know the full breadth and history of
1607000	1607600	the programs.
1609360	1614820	Former Chief Scientist of the Navy Special Programs Office, Dr. John Pena Craven,
1614920	1618520	said it best when speaking about the Sand Dollar Compartmented Program,
1618860	1624900	a program I highly wager was involved in undersea UFO recoveries, with his quote-unquote
1624900	1630620	seventh veil analogy, where even highly cleared individuals within top-secret,
1630620	1636380	unacknowledged classified projects could never truly know if they'd reached the innermost layer
1637600	1645780	or were in fact just working on a cover program in service of another cover program going on for an unknown length of time.
1646640	1650680	So as we investigate today, we cannot reconstruct the onion,
1650840	1657020	but we can identify several of the layers that majorly factor into the modern-day security structure
1657020	1661400	behind the mess that is the UFO Legacy Program portfolio.
1661400	1661660	portfolio.
1662280	1668580	These include possibly one of the most robust and imperative outer-ish layers of the onion.
1668820	1675000	The very vessels under which UFO legacy activities operate, receive funding and appropriations,
1675240	1681600	maintain a baseline level of security, classification, and need-to-know access, and a vessel legacy
1681600	1686580	activities often mold and stretch to suit the needs of these covert operations.
1686580	1698440	I am talking, of course, of special access programs, SAPS, out of the DoD and DoE, and their intelligence community equivalents, controlled access programs, or CAPS.
1699000	1708000	As the very structure of SAPS, which we will focus on significantly more than CAPS, is so fundamental to understanding UFO legacy programs,
1708000	1713320	programs, we will spend an exorbitant amount of time studying the ultra-strict definitions
1716040	1720740	of SAPS and explain why exactly covert UFO activities
1721260	1726020	have been for years hidden within special access programs and their precursor black
1726020	1733780	programs under the authorities of Executive Order 10502, Executive Order 11652, and Executive
1733780	1737340	Executive Order 12356, as we outlined in Part 1.
1738040	1743800	Most critical to understand about SAPs actually goes far beyond the standard definition and
1743800	1749000	application of SAPs, where SAPs are, quote, established to control access, distribution,
1749260	1754080	and provide protection for sensitive classified information beyond that normally required,
1754360	1754840	end quote.
1756280	1762360	Indeed for us, it is crucial to understand the three types of SAPs, acquisition, intelligence,
1763780	1769700	and support programs, how such SAPs report to relevant OSD or Office of the Secretary
1769700	1776600	of Defense offices that are culpable in legacy operations, including USD-INS or intelligence
1776600	1784120	and security, USD-R&E or research and engineering, and USD-ANS or acquisition and sustainment.
1784980	1789880	Give examples of how each type of SAP can be implicated in UFO legacy activities,
1789880	1797840	As well as really digest the consequence behind the categories of SAPs, acknowledged, unacknowledged, and waived.
1798680	1807860	It is in fact the ability to waive unacknowledged SAPs with additional security protocols legacy programs have enjoyed to hide from traditional oversight channels.
1808860	1812660	Of course guys, it's me, so we will go much deeper here.
1812660	1822840	We will not stop at a standard SAP analysis and thorough investigation of the skeleton of the gatekeeping and governance structure of SAPs, including the SAPOC and SAPCO.
1823000	1827040	And if you don't know those definitions yet, don't worry, because we will get to them.
1827180	1832880	But also introduce the subject of quote-unquote content-only SAPs.
1833100	1842420	Content-only SAPs are quite the ingenious loophole legacy programs, specifically the White House and national security-run UFO crash retrieval activities have employed.
1842660	1850520	As we will discuss, content-only SAPs are not a type of SAP, but a descriptive funding-slash-administrative designation,
1850880	1862700	whereas a SAP holds or protects classified information, a.k.a. content, without dedicated program-specific funding lines, major resource allocation, or separate budgetary authority.
1863580	1869940	Such a system has been enjoyed to completely waive reporting requirements as indeed the SAP contains just information.
1869940	1876300	I strongly recommend if you take one thing away from this project, it is the topic of
1876300	1879120	content-only SAPs and what we summarize next.
1879720	1885500	In addition to content-only SAPs, we will distill what David Grush stated on his incredible
1885500	1892620	Judicial Watch interview, the topic of covert action programs born out of 50 U.S. Code 3093.
1893040	1898480	As David Grush stated, all lies on the White House here and specific importance on the
1899940	1908080	And I love how when David Grush spoke on this topic, he mentioned alongside Eisenhower and Truman being the genesis for legacy activities.
1908460	1913660	Specifically, five people in the National Security Council were involved at one time in the programs.
1914480	1924500	Of course, Part 1 focused heavily on Eisenhower's NSC 5412 Committee Special Group, which was founded specifically to address covert actions.
1925080	1926340	Indeed, as I stated,
1926520	1930060	Eisenhower relegated the NSC 5412 Committee Special Group
1930060	1933080	as the UFO Legacy Program Administrator.
1933240	1936640	And guess how many people were in the 5412 Committee?
1937240	1938340	That's right, five.
1938800	1940840	So thanks again, David Grush.
1941140	1942960	That was one of the tricks of the trade,
1943120	1945100	burying it over in the Department of Energy,
1945240	1947620	but also keeping it in these non-covert action programs
1947620	1950840	that like, you know, five people in the NSC know about,
1950960	1952240	and the president at one time,
1952240	1954860	and then, you know, it has custodianship
1954860	1956960	over across the Potomac and McLean.
1957140	1958880	Anyways, as we will discuss,
1959240	1962820	the White House and NSC have taken covert action programs,
1963280	1966160	designated them as non-covert action programs
1966160	1969540	by utilizing content-only saps and compartments,
1970400	1972280	completely waiving reporting requirements
1972280	1975360	and use such vessels for legacy activities.
1976240	1978740	So again, I can't stress this enough.
1978800	1981460	If you recall just two things from this video,
1982240	1986760	Non-covert action programs and content-only SAPs are what I ask you to recall.
1987540	1992440	Ingenious loopholes that have been historically utilized by the National Security Council's
1992440	1993940	UFO Legacy Program portfolio.
1995760	2001420	Let us also of course address some of the more nefarious and disturbing inner-ish layers
2001420	2002040	of the onion.
2002400	2004400	Program Protection Offices.
2004620	2010720	US agencies and services who see specific personnel and elements deputized to enforce
2012240	2017840	security protocols, akin to the antibodies David Grush stirred when he heroically pursued
2017840	2018860	the UFO issue.
2019740	2025000	These offices are inherently tasked with safeguarding some of the United States' most intimate
2025000	2031460	national security secrets, operate deep within unacknowledged SAP channels, and often feature
2031460	2036820	career spooks with, let's just say, interesting careers in and out of government service,
2036820	2046260	effectively making a perfect gatekeeping structure to mitigate program exposure and neutralize outsider and insider threats.
2047040	2056140	One of the most prolific examples here, which we will actually not spend too much time on as I covered this office and individual extensively in my Air Force project,
2056420	2062660	is the AFOSI PJ, or Air Force Office of Special Investigations Office of Special Projects.
2063560	2064920	PJ is OSI's office,
2065140	2068200	tasked with safeguarding the Air Force's most sensitive
2068200	2069880	and national security imperative
2069880	2073340	top-secret research, development, and acquisition programs.
2074700	2076900	And I am aware of specific instances
2076900	2079440	in which former PJ Executive Director
2079440	2083140	and former Director of the entire Air Force SAP Security Enterprise
2083140	2088040	and now Vice President for Security at Northrop Grumman, Terry Phillips,
2089020	2090740	and current PJ Executive Director
2092660	2099760	SAP Security Enterprise, Mr. Lee M. Russ, have acted as attack dogs for the UFO legacy architecture.
2100260	2106960	I would go so far as to say Terry and Lee are quite integral figures to legacy operations.
2108080	2114120	Indeed, today we will mainly focus on three such program protection offices deputized to operate
2114120	2120980	as legacy program Gestapo. The Defense Advanced Research Projects Agency's Security and Intelligence
2122660	2129520	CID, Air Force Life Cycle Management Center's Information Protection Directorate, or AFL-CMC-IP,
2129880	2135180	and the Department of Energy's Office of Intelligence and Counterintelligence, or OICI.
2135660	2142240	On the subject of DARPA, I am going to introduce a legacy program senior who operates a very senior
2142240	2147740	role within the program currently. As Principal Deputy Assistant Secretary of Defense for Critical
2147740	2152160	Technologies out of the Office of the Undersecretary of Defense for Research and Engineering,
2152660	2158680	U.S.D.R.N.E., former director of research at the N.G.A., former director of IARPA, or
2158680	2163400	the Intelligence Advanced Research Projects Agency, and former deputy director and director
2163400	2166260	of DARPA, Dr. Peter Heinem.
2166920	2172320	People want names, and here is a name of an individual at the highest echelons of UFO
2172320	2175120	Legacy Program science and technology currently.
2176260	2180960	We will investigate each of these offices' missions, their cognizant authority, intriguing
2182660	2189400	my argument why these three offices in particular, plus AFOS IPJ, are some of the most critical
2189400	2196920	legacy program protection features. I would also be remiss to not speak a bit on the surface of
2196920	2202600	the onion, disinformation and narrative control. The UFO topic is rife with disinformation,
2202940	2208900	information control, narrative campaigns, etc. and has been for decades. So, I would like to
2208900	2214040	quickly revisit the stigma that was carefully manufactured to make this topic obscure and
2214040	2215080	appear nonsensical.
2215280	2221400	I would also like to revisit the Legacy Apparatus' most recent narrative management tool, Arrow,
2221640	2227580	and speak more on former disgraced Arrow director Sean Kirkpatrick and his many half-truths
2227580	2227960	and lies.
2228600	2233780	Most consequently to the topic of narrative control and information ops will be to touch
2233780	2239380	on the AATIP cover program, Luis Elizondo, to the Stars Academy, and the coordinated
2239380	2243080	attempt to prop up Hillary Clinton as the Disclosure President.
2244240	2250180	In summary, the AATIP cover program, for all intents and purposes, operated as a cover
2250180	2256720	for several National Security Council activities under DNI and former USD INS Lt. Gen. James
2256720	2260700	Clapper as a way to talk about the onion outside of the onion.
2260700	2268040	The frontman for this operation was indeed Lou Elizondo, who has far more of an intimate history
2268040	2275160	with quote-unquote national programs, USDINS, and the National Security Council than he has ever led
2275160	2281100	on. We will extend coverage of this bizarre partial disclosure campaign and touch on the
2281100	2286640	fallacies and partial truths outlined by Elizondo and others within the Age of Disclosure documentary
2286640	2291360	that attempted a revisionist structure of the legacy programs, plural,
2291680	2296700	likely to delegate who gets to catch the live hand grenade when disclosure finally comes.
2298420	2303120	And lastly, we will touch on the topic of unrivaled secrecy.
2303580	2310000	Numerous small or sub-layers the legacy apparatus harnesses and have harnessed to maintain total secrecy.
2310280	2315660	We will discuss cover offices and programs, gatekeeping structures, administrative terrorism,
2316640	2322280	of wetworks and prospective whistleblowers possibly permanently being silenced, the practice
2322280	2327300	of hiding in plain sight, frankly ingenious misappropriation of funds and funding schemes,
2327720	2334760	information siloing through GoCo and FFRDCs, program siloing leading to egregious redundancies,
2334780	2340320	and so much more. So let's waste no more time and dive right in.
2347200	2351220	And when you say that they're above congressional oversight, what do you mean?
2352380	2354080	A complicated question.
2354760	2358000	So there's some, I would call it abuse here.
2358200	2365460	So congressional oversight of conventional special access programs, and I'll use Title X, so DOD as an example, right?
2365560	2374940	So 10 U.S. Code Section 119 discusses congressional oversight of SAPs, discusses the DEF's ability to waive congressional reporting.
2376640	2377740	is at least supposed to be notified
2377740	2381720	if a waived or wave-bigoted unacknowledged SAP is created,
2381820	2383140	and that's public law.
2383480	2386200	The 2023 revelations of David Grush
2386200	2387940	strongly cemented the reality
2387940	2391000	of the UFO legacy program modus operandi.
2391340	2393660	The retrieval, storage, exploitation,
2394040	2396600	and possibly a host of weirder activities,
2396840	2397800	such as communication,
2398280	2400260	being housed within national programs.
2400780	2403760	Specifically, special access programs, or SAPs,
2403760	2406480	as I have called and will call them from here on out.
2406640	2413180	Indeed, in every single project of mine, you will hear me speak ad nauseum about elements
2413180	2416060	of legacy activities being housed within SAPS.
2416240	2423160	So, I think it necessary, and quite frankly mandatory, we finally step back and get ultra
2423160	2428720	specific on why such covert UFO activities have been hidden within SAPS for decades.
2429480	2435820	Identify how the structure of SAPS is perfect for this need-to-know ecosystem, and get real
2436640	2441120	on loopholes harnessed to keep such activities free from traditional oversight channels.
2442720	2449340	Sure, this section may be a little academic at first, but I absolutely implore you to pay close
2449340	2454920	attention and keep notes. Because special access programs plus additional access protocols,
2455320	2459980	as well as some creative loopholes, are the vehicles through which UFO legacy programs
2459980	2465640	operate, get funded, and stay hidden from Congressional oversight and those they consider
2466640	2471900	temporary employees. And if you're like me and want some physical materials to
2471900	2476940	follow along, two documents I would strongly recommend keeping handy are DOD
2476940	2483160	Instruction 5205.11 Management, Administration, and Oversight of DOD
2483160	2489420	Special Access Programs as well as DOD Instruction 5205.07 Special Access
2489420	2496460	Program Security Manual. The term Special Access Program was first acknowledged
2496640	2502740	in the 1980s, and prior to the 80s, precursors to SAPS did indeed exist, but as what one
2502740	2504500	might call Black Programs.
2505560	2512100	This era of Black Programs consisted of the early days of the NRO, stealth aircraft programs
2512100	2514300	out of the Lockheed Skunk Works, etc.
2515420	2520540	As we've discussed so far in Part 1 and here in Part 2 at length, national programs
2520540	2526600	critical to national security, U.S. classification standards, and oversight of compartmented
2526600	2533120	need-to-know programs have fluctuated greatly from the 1947 National Security Act until present.
2533500	2540500	Specifically in Part 1, we referenced Eisenhower's Executive Order 10501, which removed the
2540500	2546060	restricted classification designation and introduced the era of ad hoc security protocols
2546060	2552520	protocols on sensitive programs, such as top-secret codeword access, really introducing the concept
2552520	2554860	of quote-unquote special access.
2555580	2563800	In Part 1, we also referenced Nixon's 1972 Executive Order 11652, which saw the formal
2563800	2570240	framework for special access programs established, resulting in widespread concern of uncontrolled
2570240	2576500	and rampant growth of unauthorized applications of special access labels across DoD compartments,
2577100	2580560	with the House Committee on Government Operations report discussing, quote,
2580760	2586480	widespread use of dozens of special access, distribution, or control labels, stamps,
2586600	2593080	or markings on both classified and unclassified documents, end quote. These access controls were
2593080	2598720	harnessed by, quote, many executive agencies having classification authority and dozens of
2600240	2608320	possess such authority, end quote. Finally, we discussed Reagan's 1982 Executive Order 12356,
2609160	2613760	which expanded the categories of classifiable information and lowered the threshold for
2613760	2619220	classification, essentially tightening the grip of government secrecy from Carter's previous
2619220	2624200	administration's attempts of government secrecy shifting towards declassification and transparency.
2624200	2631480	transparency. However, as we discussed in Part 1, EO-12356 essentially ended the Wild Wild West
2631480	2637220	days of the Golden Age of Legacy with the removal of top-secret codeword access. This,
2637380	2643880	plus the revelations of the Yellow Fruit USAP, led to the great program schism we spoke on so much.
2644820	2650320	But I digress here. Today, the framework of special access programs are primarily managed,
2650320	2655240	managed, authorized, and run out of the Department of Defense, and governed by Executive Order
2655920	2661000	13526, titled, quote, Classified National Security Information, end quote.
2661680	2667400	Because remember here, the intelligence community has their own special programs, CAPs, controlled
2667400	2668160	access programs.
2668580	2673500	And the Atomic Energy Commission, now the Department of Energy, has their own special
2673500	2677360	access programs governed by the 1954 Atomic Energy Act.
2677360	2679560	but put a pin in that for later.
2680420	2685240	Executive Order 13526 defines a SAP as a, quote,
2685380	2689020	program established for a specific class of classified information
2689020	2692200	that imposes safeguarding and access requirements
2692200	2697860	exceeding those normally required for information at the same classification level, end quote.
2698320	2702360	SAPs are established when a program is required by statute,
2702560	2707100	or according to the Defense Counterintelligence and Security Agency's SAP training course,
2707360	2713540	which we will be referencing quite often quote upon the finding of exceptional vulnerability of
2713540	2719200	or threat to specific information and if the normal criteria for determining access to
2719200	2725100	information classified at the same levels are insufficient end quote the existence of special
2725100	2731380	access programs are imperative to u.s national security for several reasons some saps protect
2731380	2737600	protect technology breakthroughs and ensure the US maintains its leading technological Edge some
2737600	2743580	saps according to the defense counterintelligence and security agency quotes ensure once we discover
2743580	2749940	and exploit an adversary's vulnerabilities the knowledge of the exploitation remains secure and
2749940	2755880	the adversary does not develop a countermeasure end quotes some saps ensure sensitive operation
2755880	2761520	Operation plans are completed without disclosure, and some SAPs protect sensitive intelligence
2761520	2762360	information.
2763280	2768600	I am willing to bet I do not need to explain why such a system is perfect for a portfolio
2768600	2774060	of programs founded off exceptionally higher security than that of the atomic bomb project.
2774500	2779960	Tasked with top secret retrieval, exploitation, and storage of non-human technical vehicles.
2780740	2788100	Mandated to be hidden from both US adversaries and any USG element not deemed quote-unquote need to know.
2789020	2794180	And before we move any further, let's clear up just a few misconceptions about SAPs.
2794560	2798640	SAPs are not a method to hide money spent on certain programs.
2799440	2805760	SAPs are used to ensure the security and accountability of a specific project is maintained to the highest level.
2805760	2805880	level.
2806220	2812100	Of course, as we have prior and will discuss further, legacy programs have used several
2812100	2817780	loopholes to misappropriate illegal and inappropriate funding streams for their portfolio of UFO
2817780	2818580	SAPs.
2819360	2825400	Additionally, SAPs are not a classification designation, like confidential, secret, and
2825400	2825920	top secret.
2826300	2833260	No, SAPs use the standard level of classification, so in simplest terms, a SAP is a classified
2833260	2838940	and compartmented sensitive research acquisition intelligence or operational activities program
2838940	2845580	with enhanced safeguarding and access requirements. There's nothing that you're aware of that's above
2845580	2850660	special access program classification. It's a misnomer that there's anything actually above
2850660	2856280	top secret. Executive Order 13-526 delineates the classification levels. If you are with me so far,
2856280	2868780	Just to contextualize here, some infamous examples of SAPs in the past include the F-117A Nighthawk, B-21 Raider, RQ-180, and Yellow Fruit we spoke on in Part 1.
2870360	2875720	SAPs are inherently designed to compartment information and employ need-to-know access.
2876420	2882260	Indeed, in Part 1, we discussed how the Manhattan Project inspired and influenced such controls.
2882260	2882440	roles.
2883160	2888760	For one to access a SAP, they must possess an appropriate need-to-know, assessed and
2888760	2891900	determined by a designated Access Approval Authority.
2893120	2898040	SAPs are so securely safeguarded that access to a SAP is limited to the minimum number
2898040	2903780	of individuals essential for program success, irrespective of rank, title, or position.
2904680	2909900	Shifting over for a moment to legacy activities here, I am aware of read-ins to a specific
2909900	2915900	civic legacy activity SAP being kept so small and minimal, program personnel were often given
2915900	2921080	additional work tasks below their pay grade to avoid reading in additional personnel.
2921480	2926820	An example there would include a senior scientist also performing account management,
2927140	2931420	or an industrial security professional also performing janitorial work.
2931980	2937120	And just so we can be clear here, we discussed this at length in part one, but real fast.
2937120	2944180	past. What exactly is and determines need to know? To quote again the DCSA SAP training course,
2944440	2949620	need to know is defined as a quote, fundamental principle in the protection of classified
2949620	2955180	information and the protection of SAPs. It is not enough just to have the appropriate clearance and
2955180	2961180	formal approval to access a SAP. In addition, a person must have a need to know that pertains
2961180	2963240	to these specific information."
2963240	2963680	End quote.
2964120	2970200	A SAP operates with an intriguing hierarchy, a system of further compartmentalization within
2970200	2972460	the program to further isolate programs.
2972980	2978600	Thus, SAPs are structured into hierarchical tiers called, quote unquote, umbrellas.
2979040	2985480	Beneath a SAP umbrella sit several SAP compartments, and below these compartments sit several SAP
2985480	2988780	sub-compartments housing several operational projects.
2988780	2988960	projects.
2989540	2994920	This framework is organized to group similar capabilities or information into a single
2994920	2996400	sub-compartment or compartment.
2996940	3001860	Similar critical program information is grouped into a single SAP.
3002640	3008120	We covered several such examples in Part 1, such as the Polaris Submarine Special Program
3008120	3013000	housing numerous hidden programs which in turn held the Sand Dollar Covert Program,
3013000	3017780	program, that I am highly confident was involved in undersea UFO retrieval operations.
3018440	3023800	We additionally discussed the Army Special Operations Division's S.O.D.'s Yellow Fruit
3023800	3029400	USAP, which contained several classified operations as well as the Army's CIA support for Latin
3029400	3030340	American operations.
3031060	3036300	This umbrella structure makes it shockingly easy to take an already classified program
3036820	3040580	and further compartment and hide both projects and information within.
3040580	3046960	Even the naming of special access programs are meant to compartment and hide information.
3047480	3056960	SAPs commonly use an unclassified nickname comprised of two unrelated words that represent what's known as a Program Identifier or PID.
3057480	3064180	Think here of Yellowfruit or the 2010 Department of Homeland Security prospective special access program Kona Blue,
3064180	3069340	which was meant to serve as a vehicle for Lockheed Martin to pass UFO materials to the
3069340	3071280	AWESAP program as examples here.
3071480	3077840	In addition to the two-word unclassified nickname representing the program identifier PID, sometimes
3077840	3082800	the Special Access Program Central Office might add an additional singular classified
3082800	3086280	codeword onto a program for enhanced compartmentation.
3086820	3090440	So here's an example for a naming convention for a SAP.
3090440	3090680	app.
3091440	3094320	TS SAR Hanger Bully Waived
3094980	3100740	Where TS means Top Secret Classification, SAR means Special Access Required.
3101500	3105300	Hanger Bully is the unclassified nickname representing the program identifier.
3105700	3110800	And Waived is an additional control marking slash secondary layer of security we will
3110800	3112020	expand on momentarily.
3113220	3117940	Another example is the Kona Blue marking on screen now with the additional control marker
3117940	3119020	of NoForn.
3120440	3126400	releasable to foreign nationals. Indeed, I am aware of specific UFO-related SAPs in the early
3126400	3132900	2000s that extensively featured, waived, and no foreign controls. To make this even more
3132900	3137840	complicated here, I am aware of testimony from whistleblowers who have sworn statements before
3137840	3145000	Congress that SAPs housing UFO legacy activities routinely rotate names, possibly even as frequently
3145000	3149940	as monthly for the purpose of more easily identifying security leaks.
3151580	3157320	But before we get too ahead of our skis here, let's rewind and start to break down the
3157320	3160560	tangible functions and delineations of SAPs.
3160960	3167020	SAPs are divided into three principal categories – acquisition programs, intelligence programs,
3167400	3171000	and operational programs involving active missions or activities.
3171000	3176980	These three principal categories are further distinguished by three classification categories
3176980	3181580	or protection levels – acknowledged, unacknowledged, and waived.
3182220	3187620	Acquisition SAPs comprise the vast majority of Department of Defense special programs,
3188960	3192360	constituting 75 to 80 percent of all SAPs.
3192940	3199800	Acquisition programs focus on protecting sensitive RDT&E or Research Development Test and Evaluation,
3201000	3206000	and procurement efforts that, if compromised, would reveal critical asymmetric technological
3206000	3212980	capabilities or vulnerabilities. Oversight for acquisition SAPs fall under the Undersecretary
3212980	3220900	of Defense for Acquisition and Sustainment, USD-ANS. USD-ANS manages the SAP corporate portfolio
3220900	3226660	to integrate corporate work on carve-out contracts within broader defense acquisition strategies.
3227340	3233260	If you have watched a single one of my projects, you will immediately recall the consequences
3233260	3240700	of the USD-ANS, whose office has been previously known as the OUSTAT or USD-AT&L.
3241820	3248360	The Wilson Davis notes, I said this in part one, and I mean it again. I talk about these
3248360	3253460	allegedly leaked notes so often, I will not give a summary past one to two sentences.
3253460	3260120	As always, I do question the credibility of the man who generated this document, Dr. Eric Davis.
3260400	3264720	But I do believe the fundamental facts of this document to be indeed true,
3264920	3270160	that in the late 1990s, as Deputy Director of the DIA, Defense Intelligence Agency,
3270660	3276120	Vice Admiral Thomas Wilson attempted to brute force a read-in into the legacy program portfolio,
3276840	3280260	but was ultimately stonewalled even with appropriate access credentials.
3280260	3285400	credentials. Indeed, I additionally believe Wilson shared his misadventures with Davis.
3286260	3292820	Within these notes, Admiral Wilson allegedly stated that in 1994 under sweeping SAP changes
3292820	3298720	under then-Deputy Secretary of Defense Bill Perry, the UFO Legacy Program portfolio was
3298720	3305280	reorganized into a separate special records group, quote, a special subset of the unacknowledged
3305280	3310820	carve-outs, waived programs not belonging to usual SAP divisions, end quote.
3311160	3317240	The document then states the SAPOC, or Special Access Program Oversight Committee's newly
3317240	3324400	established in 1994 Senior Review Group, SRG, served as a stalwart gatekeeping structure
3324400	3328840	for legacy activities from even appropriately cleared agency directors.
3328840	3352940	In short, the document is stating Bill Perry's 1994 actions to significantly strengthen and enhance DoD SAP management and control structures, saw introduction of a Goliath gatekeeping structure within DoD's internal SAP channels, specifically within SAPCO and SAPOC SRG and don't worry, we will spend time distilling these terms.
3352940	3357560	And to my understanding, this is absolutely true.
3358460	3364780	I understand that in 1994, to hide from Clinton's disclosure appetite, legacy programs under
3364780	3371280	Bill Perry's SAP management and control structure expansion saw both gatekeeping duties largely
3371280	3375760	tasked to the SAPOC SRG, but infinitely more important here.
3375940	3381900	This also saw the legacy structure permanently vest top-down program control out of exclusively
3382960	3389220	shifting the control structure to a quasi-government and industry control group of a handful over
3389220	3390420	two dozen individuals.
3391400	3396120	We will of course talk about this much more, but let's rein it in here and get back to
3396120	3402800	Acquisition Saps, whose oversight authoritative body is the USD-ANS, again the Undersecretary
3402800	3404800	of Defense for Acquisition and Sustainment.
3405340	3411380	And for more context, I do highly recommend viewing my NRO project, which talks much more
3413000	3419780	reorganization and Bill Perry. Well, within the Wilson Davis notes, the USD-ANS's former title,
3419920	3424880	the OUSTAT, or USTAT, under Secretary of Defense for Acquisition and Technology,
3425200	3429820	is cited as one of the critical offices housing UFO legacy activity information
3429820	3437620	post-1994 Bill Perry SAP reorganization. Indeed, allegedly, it was Air Force General H. Marshall
3437620	3443040	Ward, who served as former Director of SAPCO, or the Special Access Program Central Office in the
3443040	3448300	DOD, former Executive Secretary of the Special Access Program Oversight Committee, or SAPOC,
3448460	3454580	and former Director of Special Programs within the modern-day term USD-ANS, that outright told
3454580	3460040	Admiral Wilson this special subset of the unacknowledged carve-outs waived programs
3460040	3462960	containing information on the legacy programs
3462960	3467420	was housed within then USTAT, now USD-ANS.
3468100	3472200	The important thing here is Wilson allegedly found
3472200	3477040	this unusual records group within the USTAT, now USD-ANS,
3477360	3479960	and read the index abstracts.
3480040	3483840	The program record contained zero budget info.
3484620	3488060	Such information was kept in separate records for audit purposes.
3490040	3491960	Please, please remember this.
3492220	3498280	The fact there was no budget info here is probably the most critical piece of the entire
3498280	3504700	Wilson Davis notes, and one of the most consequential pieces to this document that gives the document
3504700	3506000	authenticity to me.
3506180	3512980	Please remember that in 1997, Wilson found the UFO Legacy Program portfolio record had
3512980	3514860	zero budget info.
3514860	3522120	The USTAT at the time of Wilson's conquest was one Mr. Paul Kaminski, a man whom I have
3522120	3527620	direct knowledge was indeed a very senior individual within the UFO Legacy Program portfolio.
3528300	3533860	Kaminski additionally served as a senior member of the SAPOC, and more present day, on the
3533860	3534960	board of MITRE.
3535480	3542520	Indeed, I wager the modern day USD-ANS who maintains oversight of acquisition SAPs, and
3542520	3548020	and according to Wilson's alleged disclosures, has in the past housed records for the UFO Legacy
3548020	3555660	Program portfolio, is absolutely critical to covert UFO operations alongside the USD-R&E,
3555880	3560300	under Secretary of Defense for Research and Engineering, which is the evolution of Vannevar
3560300	3567180	Bush's Research and Development Board, RDB, as well as USD-INS, under Secretary of Defense for
3567180	3571040	intelligence and security, Lieutenant General James Clapper's previous role.
3572020	3578000	High-level acquisition directors, offices, and functions have been highlighted again and again
3578000	3584280	in my work as being imperative to the UFO legacy program structure. Indeed, I spent hours discussing
3584280	3589940	SAF-AQ, or Air Force Acquisition, managed by the Assistant Secretary of the Air Force for
3589940	3596320	Acquisition, Technology, and Logistics, and three components within SAF-AQ, SAF-AQ-R,
3597180	3604240	Technology and Engineering, SAF AQX Acquisition Integration, and SAF AQL Special Programs,
3604580	3610840	as being critical elements to the Air Force's Hidden Wing program. The Hidden Wing centers on
3610840	3617100	T&E, or tests and evaluation, of alien reproduction vehicles, derivative airframes, and the occasional
3617100	3623840	NHI craft. I've additionally spoken on the importance of NRO acquisitions in the context
3623840	3632060	context of covert UFO activities. NRO acquisitions are joint run by the DDNI-AT&F, or Deputy Director
3632060	3638700	of National Intelligence for Acquisition Technology and Facilities, and you guessed it, the USD-ANS.
3639600	3647520	We've already talked plenty about USD-ANS, but I am shocked at just how many agency spook legacy
3647520	3655260	gatekeepers have also served within the DDNI AT&F. These include Doug Wolfe and Don Myericks,
3655440	3661120	both of whom also served as Deputy Director for the CIA's Directorate of Science and Technology.
3662140	3664320	Doug Wolfe is a very bad man.
3666160	3672020	Okay, let's finally loop back to the three types of SAPs, Acquisition, Intelligence,
3672020	3674420	Intelligence and Operations and Support SAPs.
3674600	3679880	Intelligence SAPs safeguard the execution and planning of sensitive intelligence and
3679880	3681180	counterintelligence operations.
3682180	3688840	Intelligence SAPs, as you can probably guess, are overseen by the USD-INS Intelligence and
3688840	3689140	Security.
3690060	3696920	Again, former USD-INS Lieutenant General James Clapper served as the closest thing to a Dick
3696920	3704400	Cheney-level UFO Legacy Program mob boss, whilst he was DNI from 2010 to 2017, where he previously
3704400	3712180	served as USDINS from 2007 to 2010. I am going to say something rather controversial here,
3712280	3718440	which we will expand on later, but with extreme confidence, I will go out on a limb here and state
3718440	3725120	that the AATIP, the Advanced Aerospace Threat Identification Program, a cover project for
3726920	3734660	activities, operated as a Clapper-given cover when he was USD INS onto DNI as a system to
3734660	3738360	quote-unquote, talk about the onion outside of the onion.
3738680	3744780	The motives for Clapper pushing for partial transparency on UFOs are unknown, but I highly
3744780	3750720	wager the fake AATIP program was partially a cover for National Security Council intelligence
3751260	3752080	SAPs.
3752080	3759780	And who better to spearhead this job than Luis Elizondo, who from 2013 to 2017, served
3759780	3765060	as Director for the National Program's Special Management Staff, or NPMS.
3765600	3773340	The USDINS NPMS, or again, National Program Special Management Staff Director, runs coordination
3774000	3779100	between National Security Council SAPs and the U.S. Department of Defense slash Intelligence
3779100	3779680	Community.
3779680	3786800	community. The Director of NPMS is one of the most critical jobs in the entirety of the United States
3786800	3793800	that most people have never even heard of. The Director of NPMS is usually the most cleared
3793800	3801520	person in the entire DoD besides the Secretary of Defense themselves. Indeed, more cleared than the
3801520	3808020	DoD Special Access Program's Central Office Director. So, when I say Lou tangoed with the
3809680	3815740	more than he has ever let on, understand the extreme consequences and importance of his
3815740	3820640	former position as Director of the National Program's Special Management Staff.
3821840	3826960	Now, throughout this project, we've been talking a lot about elements and offices within
3826960	3828020	the Secretary of Defense.
3828380	3833780	Just recall here that all three elements of the Office of the Secretary of Defense I frequently
3833780	3839960	accused of being imperative to the UFO Legacy Program effort are also paramount to SAP structure.
3841140	3848560	USD-ANS, which spearheads oversight for DoD acquisition SAPs, USD-INS, which spearheads
3848560	3855420	oversight of intelligence SAPs, and USD-RNE, the evolution of Vannevar Bush's Research and
3855420	3863560	Development Board, RDB, which according to DODI 5205.11, quote, identifies and cultivates
3863560	3869060	cutting-edge technology development, technology transition, developmental prototyping,
3869200	3874920	experimentation, and developmental testing activities and programs requiring SAP protection
3874920	3881900	to ensure continued U.S. warfighter advantage, end quote. I highlight this here to once again say
3881900	3884900	the US government, really isn't that smart.
3885760	3890340	The infrastructure that has the cognizant authority, operational capacity, expressed
3890340	3898280	mission, etc. to operate within UFO RTT&E programs are more often than not the exact
3898280	3903400	offices you'd expect, albeit in a shadow, dual-hatted capacity.
3905080	3910180	Lastly here, operations and support SAPs or OS SAPs, quote,
3910340	3915880	protect the planning, execution, and logistical support of sensitive military operations,
3916300	3919040	often involving tactical or strategic activities,
3919300	3922160	where operational details must remain obscure
3922160	3927980	to preserve surprise or deny adversaries insight into U.S. force capabilities, end quote.
3929340	3935460	So, let's give an example on how all three SAP types would fit into a UFO Legacy Program
3935460	3935900	activity.
3936700	3942820	Let's say we are out on the Western Ranges, Edwards 412th Test Wing specifically within
3942820	3947480	the Air Force Test Center to operate on the Hidden Wing Program.
3948320	3954260	We have a triangular airframe whose electro-gravitic propulsion system and cloaking capabilities
3954260	3960060	were derived from a non-human technical vehicle that was recovered in the American Southwest.
3961320	3967820	The development of such a craft, likely down at GoCo Air Force Plant 42, would be protected under
3967820	3974500	an acquisition SAP. Once this triangle is operational and fielded for covert ISR missions,
3974940	3981240	protection of these missions would be protected by an operations and support SAP. The sources and
3981240	3984080	and methods that justify the craft in the first place.
3984440	3986020	Recovered non-human technology
3986020	3988380	that was deemed to be exploitable
3988900	3991240	would be protected by an intelligence SAP.
3992460	3994200	For our hidden wing electrogravitic triangle,
3994620	3997600	intelligence SAPs protect how the craft is built.
3997980	4001300	OS SAPs protect how and where it's used.
4001600	4005360	And intelligence SAPs protect how we know what we know.
4006520	4009960	Okay, now is where we must get ultra specific
4011240	4014100	protection levels of SAPs .
4016420	4022000	You will hear me often speak on WooSAPs, or Waved Unacknowledged Special Access Programs,
4022360	4028020	as the container for UFO legacy activities, as these are the apex of secrecy for SAPs.
4028960	4034440	Although all SAPs are closely guarded national programs, there are SAPs whose very existence
4034440	4038040	is a core secret and thus more closely guarded
4038040	4039740	with enhanced protection levels.
4041220	4044640	An acknowledged SAP's existence can be openly recognized,
4045160	4046780	although details of the program,
4046920	4049760	such as materials and techniques, remain classified.
4050200	4052460	The funding for such acknowledged SAPs
4052460	4054160	is often unclassified.
4054880	4057460	Acknowledged SAPs undergo full reporting
4057460	4060100	to congressional defense and intelligence committees,
4061100	4062660	essentially broad SAP oversight
4064440	4071220	to know access for cleared program personnel. On the other hand, unacknowledged SAPs or USAPs
4071220	4077080	are even more closely guarded secrets with the mere existence and purpose of the USAP being
4077080	4083960	protected. Indeed, USAP program funding is often classified, unacknowledged, hidden within the
4083960	4089420	federal budget, or not directly linked to the program. USAPs are built to conceal program
4089420	4095280	program existence from all unauthorized individuals, including most U.S. government officials and
4095280	4096100	congressional committees.
4096720	4103980	For USAPs, need-to-know access far transcends traditional SAPs, with cleared personnel often
4103980	4109320	requiring additional indoctrination beyond top-secret clearance with Sensitive Compartmented
4109320	4110360	Information .
4112660	4117320	Yellow Fruit as we discussed in Part 1 of this project was indeed a USAP, with a possible
4117320	4118240	waived status.
4119420	4128780	Recall how Army Chief of Staff John Wickham at the time claimed he was never briefed about the black operations run by the Army Special Operations Division, S.A.W.D.
4129200	4142720	According to the Joint Security Commission's 1994 report titled Redefining Security, unacknowledged SAPs run roughly 3 to 10 times the security costs of acknowledged SAPs.
4142720	4150160	Indeed, the report states that estimated security costs for USAPs can be as high as 40% of total
4150160	4152760	operational costs for unacknowledged programs.
4153940	4159060	This may initially seem at odds with what's presented in the Wilson Davis Notes, where
4159060	4163880	Wilson states that General Mike Kostelnik stated the security budget for the legacy
4163880	4168440	activities hidden within a special subset of unacknowledged CarveOut Waves National
4168440	4174140	national programs, was 2-3 times the actual program budget, but in the past reached as
4174140	4176620	high as 6-7 times the program budget.
4176960	4181760	But coming up soon, I'm actually going to make a counter argument that we will expand
4181760	4186960	on and state that this comment allegedly by Kostelnik makes perfect sense.
4187660	4194420	Recall how the legacy program records within the OUSDAT, now USD-ANS, contained zero budget
4194420	4194920	info.
4194920	4212840	There is a very specific loophole that National Security Council spearheaded programs have enjoyed to waive budgetary and further reporting requirements, in conjunction with myriad funding schemes including misappropriation of funds, haircuts across multiple programs, and self-fund.
4213760	4218840	Put a pin in this budget topic once more, we will return to this most crucial topic soon.
4218840	4219020	soon.
4219840	4225520	A secrecy layer even deeper is the final protection level of SAPs – waived.
4225960	4231500	Waived unacknowledged programs are created under extremely limited circumstances.
4232420	4238200	Waived programs have significantly more restrictive reporting requirements and access controls.
4239300	4244720	Literally waiving or getting rid of SAP reporting requirements detailed in Section 119 Title
4244720	4245680	X U.S. Code.
4245680	4245900	code.
4246660	4251960	WUSAPs, as we call them, have far more strict carve-out and reporting requirements than
4251960	4253500	even USAPs.
4253740	4261300	According to the Warzone and DoDi 5205.05, the access approval authority for WUSAPs consists
4261840	4267260	solely of the Deputy Secretary of Defense, Special Undersecretaries of Defense, or an
4267260	4270940	amorphous component head with quote-unquote cognizant authority.
4271860	4276840	Waved programs here are still supposed to be reported to the Congressional Gang of Eight,
4277020	4281740	which includes the majority and minority leaders of the House and Senate, and chairs and ranking
4281740	4288300	members of the Intelligence Committees. But alas, we will discuss loopholes that waves even this
4288300	4292840	reporting requirement as the Gang of Eight have clearly not been briefed on the legacy portfolio.
4293380	4299480	And I met with Senator Harry Reid about nine months before he died. And of course,
4300940	4306640	I wanted to brief him on the topic and I wanted to get his kind of thought leadership on it
4306640	4308760	because, you know, he was a gang of eight member, right?
4308880	4312760	You know, just the top most cleared senators and congressmen.
4312880	4315560	He was the majority leader, for God's sakes, of the Senate.
4315920	4322580	And I knew, you know, he helped sponsor the OSAP program that I mentioned and where they
4322580	4324620	looked at Skinwalker Ranch and some other things.
4325060	4328540	And I wanted to understand, like, what does Harry Reid actually know?
4328540	4335300	Like, why did he, you know, give $21 million to DIA and Bigelow Aerospace for this?
4336060	4343340	So I'm sitting there in Harry Reid's living room, you know, right next to him with some other witnesses that were there with me.
4343660	4347980	And he straight up says, he's like, yeah, I knew we had UFO material.
4348420	4350600	I was denied access for decades.
4350600	4362280	And just like the no foreign are not releasable to foreign national control marker, a waived unacknowledged SAP can also feature the informal control marker of bigoted.
4362480	4366800	And I cannot think of anyone to explain this better than David Grush.
4366960	4369700	So let's expand on what he said in the intro.
4370140	4377120	One of the most serious SAPs you can ask for what they call a bigoted waived special access program.
4377300	4380180	So waived means it's limited congressional reporting.
4381120	4383220	that is a class of special access programs.
4383440	4385320	And bigoted means it's like by name.
4386460	4389980	You have to remember, so here's one of the loopholes they use, right?
4390100	4392360	So there's White House special access programs.
4393000	4397300	There was something called covert access programs, 50 U.S. Code 3093.
4397780	4400660	Those are the programs reported to Gang of Eight, Gang of Four.
4400800	4403020	You know, that's like assassination stuff, et cetera.
4403140	4404800	You know, other things the government doesn't acknowledge.
4404800	4411000	knowledge, but there's a way to develop a White House SAP that is non-covert action,
4411940	4417940	White House Special Access Program. If you look in the law, there are no reporting carve-outs
4417940	4424000	or requirements to tell the speaker or the majority leader or anything like that.
4424580	4429740	Okay, we have really started to dive into oversight and authority of SAPs. And like
4429740	4435140	David Grush has stated, UFO Legacy Activity National Programs are structured in such a way
4435140	4441720	to even avoid waived bigoted reporting. So, before we discuss those loopholes I mentioned earlier,
4441980	4446660	let's first briefly discuss the SAP oversight and governance structure in more detail.
4446920	4453460	Because indeed, if elements of covert UFO programs operate within SAPs, which I will put any amount
4453460	4459440	amount of money on that they do, surely special access programs must have an internal system of
4459440	4464820	governance and gatekeeping to maintain total secrecy and make unauthorized access to the
4464820	4472340	program portfolio impossible. Title 10 U.S. Code 119 outlines reporting requirements for SAPs.
4472420	4478540	And funny enough, such strict oversight actually arose from the yellow fruit fiasco in 1983 as we
4478540	4479520	we discussed in part one.
4479800	4486680	But such discussion is trivial at best because as we know, UFO legacy programs are not reported
4486680	4492700	to congressional elements, bar a few congresspeople here and there on the payroll of legacy programs.
4493420	4496720	Mike Turner is likely one of these thug enforcers.
4497520	4503460	Internal SAP governance is broken up into several clearly defined roles and layers to
4503460	4505620	to ensure the SAP enterprise runs smoothly,
4505880	4507480	maintains appropriate access,
4507820	4509420	and enforces security protocols.
4510120	4513460	The SAP governance structure is top-down comprised
4513460	4516340	of the SAPOC, SRG, and SAPCO.
4517220	4520200	And the SAP governance process relies upon personnel
4520200	4523620	making the determination that the need for a SAP exists.
4524820	4527220	The lowest rung of the totem pole here
4527220	4529800	is component-level Special Access Program
4529800	4531780	Central Offices, or SAPCOs.
4533460	4538680	the Armed Forces, the Joint Chiefs of Staff, DARPA, and the Missile Defense Agency possess
4538680	4543880	a component-level SAPCO, which is responsible for all SAPs under their purview.
4544380	4546460	This here is a bit of a quandary.
4546680	4553140	I am aware of individuals within component-level SAPCOs, like William E. McClure of the Air
4553140	4558960	Forces SAF AAZ, or the Directorate of Security, Special Programs Oversight, and Information
4558960	4564580	Information Protection, who they and their offices operate key positions in legacy activity
4564580	4571380	architecture. But I am also aware of instances in which component-level SAPCOs are bypassed by the
4571380	4577800	legacy programs. Like when Edward C. Aldrich stuffed likely joint Air Force and NRO activities
4577800	4585040	called quote-unquote outside activities under SAFAA, bypassing the AAZ I just mentioned.
4585920	4595140	I believe the determination on if a component-level SAPCO is read into legacy activities depends completely on the director and their history in the programs.
4596680	4602980	Above component-level SAPCOs sit OSD, or Office of the Secretary of Defense-level SAPCOs.
4603120	4609160	We discussed this in relation to USD-INS, USD-ANS, and USD-RNE earlier.
4609160	4617000	Earlier, above OSD SAPCO sits DOD SAPCO, whose director has often historically been the USD
4617000	4617720	ANS.
4618200	4624580	Former directors of DOD SAPCO that have almost certainly been legacy program personnel include
4624580	4628060	General Don Dunlop and General H. Marshall Ward.
4628780	4634460	DOD SAPCO serves as the primary staff support to something called the SAPOC.
4634460	4644920	The SAP central office also serves as the primary point of contact with Congress, the National Security Council, and other government agencies slash services.
4645640	4648400	So yeah, I bet I know what you're thinking here.
4648540	4662720	The SAP Co. and SAPOC above it, which we will speak on momentarily here, are two of the critical gatekeeping fixtures within the SAP enterprise that get to decide who and what services access the legacy program portfolio.
4664460	4669900	The DoD SAP code is supposed to complete PAR, or Program Access Requests, and facilitate
4669900	4673420	general access for Congress requiring access to a SAP.
4673700	4679240	However, just as we discussed the amorphous Access Approval Authority behind waived SAPs,
4679240	4685460	the DoD SAP code makes a staunch exemption to this Congressional access for waived SAPs
4685460	4686760	and waived subcomponents.
4687880	4692380	But moving up the totem pole, let's now focus on the real mean potatoes.
4692380	4699280	TATAS. The established in 1994 Special Access Program Oversight Committee, or SAPOC, chaired
4699280	4705860	by the Deputy Secretary of Defense like John M. Deutsch and Bill Perry. SAPOC has access to all
4705860	4712340	DoD SAPs to provide DoD-wide departmental oversight and management and was built to, quote,
4712500	4718520	ensure compliance with law, regulations, policies, and procedures, and ensure required information
4718520	4720680	is provided to the Congress, end quote.
4721420	4725620	SAPOC has oversight over all waived DoD SAPs
4725620	4728660	to determine if there is a continued need for waived status.
4729900	4733740	SAPOC is supported by the SRG, or Senior Review Group,
4733940	4736500	which is really the apex of our totem pole here.
4736840	4740780	To learn more about many individuals within SAPOC and SRG,
4740820	4744740	like Mike Kostelnik, Lynn Wells, Paul Kaminski, etc.,
4745260	4747900	I do highly recommend referencing my NRO project,
4748520	4750280	I want to focus more on the structure here.
4751200	4753340	SRG, again, Senior Review Group,
4753480	4754980	is comprised of a cadre
4754980	4757460	of senior executive service level individuals
4757460	4760620	to operate as the principal support to the SAPOC
4760620	4762620	and ensure SAPs aren't duplicated
4762620	4764320	across various SAP categories.
4766000	4768120	Hmm, senior executive officials.
4768580	4770960	I wonder what kind of people Dave Gruss said
4770960	4773260	serve as gatekeepers for the legacy apparatus.
4774080	4777300	So who gets to decide this, in your opinion, in the past?
4779220	4782980	It's a group of career senior executive officials.
4783700	4785280	Okay, are they government officials?
4786620	4787660	Both in and out.
4787860	4788380	Do what?
4788540	4792040	Both in and out of government, and that's about as far as I can go there.
4792220	4792240	I got you.
4792240	4794980	All right, well, that leads to my next question.
4795720	4800500	Within the Wilson Davis notes, the senior review group is labeled as the gatekeeping
4800500	4806480	structure for the UFO portfolio, with SRG members blocking Wilson from accessing the
4806480	4812840	programs, quote, I was to immediately drop the matter and let it go. Forget about it, as I do
4812840	4821100	not have purview over their project. It didn't fall within my oversight, etc., end quote. I vehemently
4821100	4827020	agree with these statements allegedly made by Vice Admiral Thomas Wilson. Indeed, I am aware the
4827020	4832980	SAPOC SRG established in 1994 by then Deputy Secretary of Defense Bill Perry was tasked,
4832980	4838940	tasked, alongside its many oversight duties, to gatekeep authoritative access to the legacy
4838940	4839720	program portfolio.
4841360	4844520	Short and narrow chains of command, as I always say.
4844940	4850980	You see, as I understand, after the entire Manhattan Project 2.0 schism that occurred
4850980	4858960	in the 1980s with NSDD 159, EO 12356, and Yellow Fruit as we spoke on in Part 1, the
4858960	4864240	The disclosure appetite of Clinton was the final straw for the ever-crumbling legacy structure
4864240	4869280	to permanently vest itself outside of fully contained executive branch oversight.
4870080	4876260	So again, as I've stated so many times throughout this project, because this is so critical to remember,
4876500	4885020	as I understand, in 1994, legacy programs permanently transformed full oversight of the many legacy program silos
4885020	4890280	silos, to a quasi-industry and government body of slightly over two dozen people.
4890520	4897100	In the SAPOC SRG was deputized as the access approval authority to gatekeep even directors
4897100	4902200	of intelligence agencies and general and flak officers who did not possess relevant need
4902200	4904280	to know from accessing the programs.
4905400	4911620	So just to be clear here, SAPOC and its SRG are the skeleton gatekeeping structure and
4911620	4915520	and Access Approval Authority for USG access into the legacy programs.
4916680	4922060	SAPOC SRG is not the boogeyman remnants of the MAJ-12 or Majestic-12 entity
4922060	4927340	that existed in Eisenhower's 5412 Committee Special Group or Nixon's 303 Committee,
4927540	4933860	nor is it the stalwart titan that protects inside access to an insidious and amorphous control group
4933860	4937100	that exists as a pitiful shell of a once-mighty effort.
4937100	4937200	efforts.
4937960	4943740	I additionally understand, whilst SRG is tasked to ensure there is no duplication of SAPs
4943740	4948320	across the entire DoD, these actions are not taken with legacy operations.
4949020	4956420	The UFO portfolio is so fractured and siloed, there is no way SRG can enforce program redundancies
4956420	4963020	across the wider USG, like similar exploitation efforts across the Army and Navy for example.
4965200	4970880	The loopholes of SAPs enjoy to further obfuscate legacy activities.
4971240	4976820	This is both my favorite part of the entire video and, in my opinion, the most important.
4977640	4982140	David Grush's recent Judicial Watch interview was absolutely brilliant.
4982560	4987720	Like any Grush interview, if you really listen closely and distill what Grush is saying,
4987940	4990500	there are veins of gold to mine.
4990940	4995140	Let's listen in on Grush speaking about some of the tricks of the trade, if so to speak.
4995520	4999000	You have to remember, so here's one of the loopholes they use, right?
4999140	5001460	So there's White House special access programs.
5002040	5006360	There was something called covert access programs, 50 U.S. Code 3093.
5006820	5009720	Those are the programs reported to Gang of Eight, Gang of Four.
5009840	5013840	You know, that's like assassination stuff, etc., you know, other things the government doesn't acknowledge.
5013840	5019260	knowledge. But there's a, you know, a way to develop a White House SAP that is non covert
5019260	5024800	action, you know, White House Special Access Program, if you look in the law, there are
5024800	5031920	no reporting carve outs, or requirements to tell like the speaker, or the majority leader
5031920	5037200	or anything like that. And so that was one of the tricks of the trade bearing it over
5037200	5042140	in the Department of Energy, but also keeping it these non covert action programs that like,
5043840	5049200	about and the president at one time and then you know it has custodianship over across the
5049200	5055880	potomac and mclean wow guys this is incredibly valuable basically what david grush is saying here
5055880	5060980	is that historically a loophole white house so national security council derived legacy
5060980	5067560	operations have utilized was creating a white house controlled special access program specifically
5067560	5072880	specifically a non-covert action program, which completely removes any reporting and
5072880	5073780	carve out requirements.
5074960	5078780	Let's really break this down and see how this can be done.
5079380	5086680	As Grush stated, covert action programs are defined by 50 U.S. Code 3093 and detail programs
5086680	5091100	or activities of the U.S. government pertaining to assassination, clandestine operations,
5091580	5096320	and covert activities of which the U.S. government does not want to acknowledge their involvement.
5097560	5100180	Covert action programs feature several similarities
5100180	5101980	and differences to SAPs.
5102120	5104540	Both systems harness compartmentalization
5104540	5107280	and security controls beyond top secret.
5107520	5109840	Both systems are supposed to have
5109840	5111120	congressional briefing channels,
5111400	5114400	and both operate with third party and cover mechanisms.
5115480	5117660	However, covert action programs and SAPs
5117660	5119900	differ greatly on purpose and authority.
5121100	5122520	Of course, covert action programs
5123040	5125080	operate under 50 U.S. Code 3093,
5125080	5130760	and SAPs operate under Executive Order 13526 and 10 U.S. Code 119.
5131760	5134920	As we stated, SAPs operate under three categories,
5135220	5138520	Acquisition, Intelligence, and Operations and Support,
5138820	5145540	while covert action programs are almost always a specific category of activity authorized under Title 50.
5145820	5152480	Although, a covert action program will almost always be protected as a SAP or under SAP-like components.
5152480	5152740	components.
5153880	5158800	Perhaps it should really come as no shock, but I argued incessantly in part one that
5158800	5163820	Eisenhower relegated the UFO control group, literally once called the Match 12, within
5163820	5168720	the 5412 Committee Special Group, which operated from 1954 to 1964.
5169240	5176260	This control group then translated onto Nixon's 303 Committee from 1964 to 1970, then 1970
5176880	5178920	onward, a bit of an unknown until about 1994.
5178920	5185800	1994. But yes, I am literally stating the MAJ-12 existed within the National Security Council's
5185800	5191240	5412 Committee Special Group. So, perhaps it should come as no surprise, covert action approval
5191240	5195460	was housed within the National Security Council's subcommittee on covert action,
5195640	5202200	the 5412 Special Group, 303 Committee, and further iterations. Because at this time,
5202220	5208640	up until the mid-1970s, covert action approval was an entirely executive branch process
5208920	5210960	governed by NSC activities.
5212500	5216620	So covert action programs are still supposed to be reported to Congress,
5216840	5219080	at least the Gang of Eight or Gang of Four.
5219260	5222900	But David Grush states these programs can be made non-covert,
5223840	5226760	essentially becoming a White House-controlled special access program
5226760	5228520	with no reporting requirements.
5230040	5232840	And before we unpack this, I get it.
5232980	5237680	Why so much discussion of the White House, National Security Council, etc.?
5238920	5246460	programs held from presidents and administrations. Yes, they are indeed. But the framework and very
5246460	5251820	skeleton for the legacy architecture, as we discussed in part one, was formed by Truman
5251820	5257060	and more consequentially Eisenhower. Indeed, through a series of classified presidential
5257060	5262100	executive orders, Truman and Eisenhower vested legacy program management within the National
5262100	5267060	Security Council, with support from major elements of the U.S. intelligence community and armed
5268920	5274140	institutions like Vannevar Bush's Research and Development Board, RDB, and Atomic Energy
5274140	5281680	Commission National Laboratories. Over the epochs climaxing and ending in 1994, when the programs
5281680	5286420	completely wrestled the control group out of the U.S. government into a quasi-government and
5286420	5291800	industry control group, the legacy program portfolio was primarily always a White House,
5291980	5297380	specifically National Security Council-run activity. So power for the legacy programs
5298920	5303260	always been vested in the White House and at one time under presidential control.
5303560	5308060	And that is one of the most major concerns with the legacy programs.
5308760	5315120	Sure, these activities conduct white and blue collar crimes extensively, but perhaps the
5315120	5322540	very existence of these programs are not illegal, but protected by ironclad statutes.
5324080	5330540	Anyways, rant here over. How are covert action programs transformed into White House-controlled
5330540	5338040	SAP non-covert action programs? White House SAPs are not unheard of. A well-known example here
5338040	5343360	is Yankee White. A single-scope background investigation required for direct support
5343360	5348040	for the White House, but Yankee White was indeed properly reported to Congress.
5348980	5354420	So, let's say you have a White House SAP similar to Yankee White, but is handled by
5354420	5360520	the National Security Council and deals with what 50 U.S. Code 3093 might consider quote-unquote
5360520	5361420	covert action.
5361780	5367560	If the SAP is given the non-covert action designation as defined by 50 U.S. Code 3093,
5367980	5374320	this completely removes any presidential findings slash reporting requirements to Congress and
5374320	5375240	intelligence committees.
5375240	5375420	committees.
5375580	5382000	The activity is then treated as a sensitive but non-covert acquisition, intelligence,
5382160	5384380	research or operation activity.
5384960	5391860	Because the activity is not generated as a DoD SAP, it falls outside of 10 U.S. Code
5391860	5395700	119 and thus is not subject to Title X requirements.
5395700	5403720	requirements. The White House SAP then exists in a gray area between 50 U.S. Code 3093 and 10 U.S.
5403720	5410880	Code 119 with, and write this down because this is critical, no statutory reporting obligations,
5411700	5417660	yet still answers directly to the National Security Council or cognizant executive authority.
5418280	5423260	One of the concerns of how this has been historically accomplished is the wielding
5423260	5428620	of unitary executive theory by Presidents Eisenhower and Truman, essentially leveraging
5428620	5433620	and exploiting the executive body's inherent authority over classification and national
5433620	5440100	security operations. But for a more tangible and concrete method here, this is really the
5440100	5447520	most important part of the video. The loophole here is to harness content-only special access
5450400	5457400	A content-only special access program is defined as a highly restricted security protocol used
5457400	5462760	within the U.S. government to protect extremely sensitive information or intelligence rather
5462760	5464720	than an entire project or acquisition.
5465440	5467620	Thus, content-only.
5469260	5474580	Unlike acknowledged, unacknowledged, and waived, content-only is not a protection level.
5474720	5475780	Here's the kicker.
5477520	5480900	slash structural tier and an administrative designation.
5482840	5485340	Content-only SAPs hold protected information,
5485700	5488120	but they are technically unfunded.
5488660	5490860	The SAP either has no funding at all
5490860	5494800	or funding is rolled into normal executive armed forces
5494800	5496200	or intelligence budgets.
5497580	5499660	Because content-only is unfunded,
5499680	5502680	these SAPs carry zero reporting requirements.
5503140	5506100	Doesn't matter if it's Title 10, Title 50, none.
5507520	5512960	Content-only is an extremely niche designation spoken about extremely infrequently.
5513300	5518420	Indeed, two of the only major discussions you will find on content-only SAPs
5518420	5524840	exist within AFI 116-701, which describes the designation as, quote,
5524980	5531120	a descriptive term used to describe a SAP or any sub-element that contains information only
5531120	5536320	and either has no funding associated with it or its funding is managed as part of the
5537520	5545380	budget process," as well as DoDI 5205.11, which describes content SAPs as, quote,
5545440	5548640	a SAP that protects discrete CPI, end quote.
5549360	5552360	CPI, of course, is critical program information.
5553140	5555500	So, let's think this through here.
5556320	5561320	Early UFO legacy program activities are conducted out of the 5412 Committee Special Group.
5561540	5567240	Thus, retrieval, exploitation, and storage of non-human technical vehicles are inherently
5567520	5573100	covert action. Bonus points because POTUS at the time, Eisenhower, most certainly did not want
5573100	5579060	national acknowledgement of the UFO issue. Various classified presidential executive orders
5579060	5585540	cemented program coordination within NSC's 5412 committee and successor groups, and up until the
5585540	5591080	Reagan administration, legacy programs did whatever they wanted, the wild, wild west days.
5592100	5597260	Major SAP crackdowns forced the legacy structure to start leveraging cover offices and programs
5597520	5600100	to stay hidden, effectively siloing the programs.
5601140	5607280	1994 saw the program's best management outside of the U.S. government into a quasi-government
5607280	5612400	and industry control group that still features statutory controls and involvement by the
5612400	5613520	National Security Council.
5613780	5615420	Clapper, I'm looking at you.
5616220	5623500	The introduction of 50 U.S. Code 3093 in the early 1990s and 10 U.S. Code 119 in the late
5623500	5626920	1980s forced Legacy to get creative again.
5628140	5633760	Historically, covert UFO activities have been run out of the White House and National Security Council.
5634040	5645520	But with all of these US government-wide oversight mechanisms, how does one make covert action programs and special access programs that waive Title 10 and Title 50 reporting requirements?
5645880	5650800	You do this by making the covert action White House SAP non-covert.
5650800	5661700	So the solution here is to make covert UFO SAPs content only, and thus all carve-out and reporting requirements are hidden and waived.
5662100	5677600	The actual SAP program record contains critical program information CPI only, and actual craft retrieval, storage, and exploitation is not inherently conducted under the SAP, akin to standard SAP umbrellas.
5677600	5683480	The program structure can harness dual-hatted roles, something I talk about often,
5683680	5689180	like the night shift guy at NASIC, a parallel Tier 1 element for retrievals,
5689320	5692800	or a hidden wing under the Edwards 412th test wing,
5692940	5698040	to harness elements of the defense industrial base for these covert mission directives,
5698100	5701520	whilst maintaining a short yet narrow chain of command.
5701520	5720600	Of course, the program structure can use the subject matter experts and R&D aces, FFRDCs, which exist as GOCO, government-owned, contractor-operated, to keep program materials, activities, deliverables, reports, etc. in a quasi-government and industry state.
5721520	5722560	Wink, wink, MITRE.
5723420	5728360	And most importantly here, this SAP activity carries zero budget.
5728360	5731960	The budget is rolled into standard USG budgets.
5732540	5736960	Think to when I talked about Witness Ed, a lieutenant colonel within the Hidden Wing
5736960	5740840	and a senior figure within SAF-AQ or Air Force Acquisition.
5741260	5746180	Ed's stated money was just pulled off the books of the Air Force budget into black holes
5746180	5750520	before any sort of review by SAF-FM or financial management.
5750840	5755400	With no dedicated budget, carries little to no monetary footprint.
5755400	5761280	print. Now think back to the Wilson Davis notes. Remember what Wilson stated, that the legacy
5761280	5768280	program record within the OUSDAT contained zero budget. That budget was kept in separate records
5768280	5776000	for quote-unquote audit purposes. This is one of the premier loopholes legacy uses alongside
5776000	5783100	to completely hide and obfuscate UFO legacy programs. Content only saps.
5785980	5793700	Now, of course, similar systems exist within intelligence community controlled access programs, CAPS, and DOE SAPs.
5794280	5804980	But I really wanted to take an extended top-down overview of how sensitive national programs and how the executive branch specifically has manipulated SAP structure to hide the legacy programs.
5804980	5815540	And you have to remember the president has original classification authority over what they call classified national security information under executive order 13-5-26.
5815920	5823920	The issue with some of this is under the Atomic Energy Act of 1954, and the president does not have unilateral declassification authority.
5824500	5832820	Of course, I must mention, and we must spend some time discussing a nearly uncrackable system similar to White House non-covert action SAPs.
5832820	5835360	These are Department of Energy SAPs.
5836220	5839200	DOE SAPs get very spooky very fast.
5839760	5847060	DOE SAP authority is given from both Executive Order 13526, same as DOD SAPs, but also the
5847060	5848820	Atomic Energy Act of 1954.
5850240	5855480	We discussed at length in Part 1 the statutory authority born from the 1954 Atomic Energy
5855480	5855900	Agreement.
5856620	5861520	In short, the classification system for the Department of Energy and its precursor Atomic
5862820	5867960	is very different to the standard executive order-based classification system.
5868520	5871700	Concepts like restricted data, formerly restricted data,
5871860	5874880	and broad interpretations of special nuclear materials,
5875100	5876460	as we know from David Grush,
5876600	5881100	are inappropriately draped over the UFO topic to maintain airtight secrecy.
5882020	5886600	Such systems born from the 1954 Atomic Energy Act are covered by statute
5886600	5890120	and thus not responsive to magic executive orders
5890120	5893980	and the standard DOD classification and declassification processes.
5894540	5898940	They're basically treating this as nuclear secrets
5898940	5903100	because it gives off nuclear radiation.
5903520	5909500	Because if you look at the ultra-vague definition of special nuclear material,
5909500	5912620	which is Section 51 of the Atomic Energy Act of 1954,
5912980	5917060	it says anything that gives off a sizable amount of atomic energy.
5917140	5918380	Literally, that's what it says.
5940740	5945100	So, DOE SAPs can operate under DOD SAP guidelines,
5945400	5948060	or the DOE's own classification standard,
5948060	5951260	whose authority is the 1954 Atomic Energy Act.
5952220	5956460	This second option here allows legacy elements within the Department of Energy
5956460	5961860	and its semi-autonomous subordinate agency, the NNSA, National Nuclear Security Administration,
5962480	5970620	to really deep-six and hide their saps under the guise and liberal interpretations of quote-unquote nuclear secrets.
5971400	5974260	This is why I have stated on several occasions,
5974260	5981440	the Department of Energy is figuratively baked into every single layer of the UFO Legacy Program Pyramid.
5981680	5989060	Relegating program materials, reports, deliverables, etc. under DOE controls are incredibly airtight.
5989640	5992520	An example here is actually the Hidden Wing again.
5993100	5993880	Witness Ed stated,
5994300	6000420	From day-to-day operations with the AFTC or Air Force Test Center on the Edwards 412th Test Wing,
6000540	6002540	all the way up to Air Force acquisition,
6004260	6007600	was intimately involved with every layer of the program.
6008180	6010140	So no, Lou Elizondo,
6010340	6013300	your false legacy program outline is inaccurate.
6013680	6016480	The Department of Energy is not an equal player
6016480	6017480	with the Air Force
6017480	6019720	and Defense Industrial Base Prime contractors.
6020080	6021500	Of course, in the future,
6021600	6023580	I will do a full DOE investigation.
6025760	6027640	Lastly, on our SAP section here,
6027780	6030420	we have taken a top-down overview of SAPs,
6030420	6032080	USAPs, WUSAPs,
6032080	6039540	covert and non-covert action programs, CAPS, DOE SAPS, and National Special Access Programs, or NSAPS.
6040180	6048040	But how can we translate these security protocols onto day-to-day operations of UFO legacy programs at defense industrial-based locations?
6048900	6052980	From Dugway Proving Ground to the Naval Surface Warfare Center Crane,
6053180	6060200	I have not held back on locations that I am supremely confident engage with covert UFO retrieval and RDT&E.
6062080	6068280	often state MRTFBs, or Major Range and Test Facility Bases, are the paramount critical
6068280	6073960	physical cores to such operations. Places like Dugway, the Nevada Test and Training Range,
6074160	6080300	Utah Test and Training Range, China Lake, Edwards 412 Test Wing, Atlantic Undersea Test and Evaluation
6080300	6087100	Center, etc. But to get real specific here in reference to SAPs, day-to-day handling of SAP
6087100	6093500	material and physical access to SAP information must be confined to SCIFs or Secure Compartmented
6093500	6099940	Information Facilities or Accredited Special Access Program Facilities which are permanent locations.
6101080	6106860	Alongside permanent accredited SAPFs, SAP activities involving the processing, handling,
6106920	6111240	and or storage of classified information can occur within several other facilities.
6111240	6118560	These include temporary SAPFs or TSAPFs, which are limited to 12 months of operations, SAP
6118560	6124600	compartmented areas , SAP working areas for processing and discussion without
6124600	6130820	storage of CPI , and SAP temporary security working areas limited to 40 hours
6130820	6132200	per month .
6134160	6139700	SAPFs can be placed anywhere that meets or exceeds SCIF standards, prominently placed
6141240	6143140	within defense industrial base infrastructure
6143140	6148420	and employ extensive physical, electronic, visual, etc. safeguards
6148420	6150340	to ensure the sanctity of SAP materials.
6151100	6156520	Day-to-day operations of SAPs rely on both government and contractor personnel.
6157560	6161460	Such a roster here includes a government program manager or GPM
6161460	6166180	who is a senior government program official responsible for all aspects of the SAP,
6166420	6169120	a contractor program manager or CPM
6169120	6174520	who is the industry equivalent to the GPM and is responsible for the program's overall management
6174520	6179700	within the contractor facility and is responsible for executing all contractual obligations.
6180940	6186160	A Program Security Officer or PSO who is responsible for full-spectrum program security,
6187140	6193320	Government SAP Security Officers or GSSOs under the PSO, and a Contractor Program Security Officer
6193320	6194520	or CPSO.
6195160	6198640	This here is a perfect bridge into our next section,
6198960	6201760	program protection agencies who often live
6201760	6203420	within the program security channels,
6203720	6206560	deputized by elements of the legacy programs
6206560	6208520	to neutralize program exposure
6208520	6211180	and insider and outsider threats.
6218700	6223020	But I do have knowledge of active
6223320	6228220	planned reprisal activity against myself and other colleagues. And it's very, very upsetting to me.
6228340	6229180	Coming from where?
6230420	6234420	Certain senior leadership at previous agencies I was associated with.
6235280	6238960	And that's all I'll say publicly, but I can provide more details in a closed environment.
6239320	6242700	Yeah, there were certain colleagues of mine that were brutally administratively attacked.
6242980	6248820	And it actually makes me very upset as a leader to see that happen to other co-workers and actually
6248820	6251160	superiors of mine over the last three years.
6251160	6254680	How do you account for that response? That seems like a bizarre response.
6255220	6269340	I call it administrative terrorism. That's their quiver, their tool in the toolbox to silence people, especially, you know, the career government service cares about their career, cares about their clearance, their reputation to climb the ladder.
6269580	6277580	And when you threaten that flow career path, a lot of people back off. But I'm here to represent those people.
6277580	6296760	Let us now move down the onion and identify program exposure management and protection agencies, elements of specific U.S. agencies slash services that are deputized to enforce insider and outsider threat protection, all to enforce total security surrounding UFO legacy programs.
6296760	6302720	If we have the core of our onion protected by layers of exploited special access program
6302720	6308220	protocols which are in turn protected by the SAPOC SRG, think of program protection agencies
6308860	6313300	as the antibodies that swarm to neutralize threats to the core of legacy.
6313720	6318800	Of course, program protection and program exposure management are inherent to the SAP
6318800	6324340	structure, and we discussed as such in our SAP section with defining component, USD,
6324340	6328180	SD and DoD level SAPCOs, SAPOC and the SRG.
6328660	6334860	There is nothing nefarious about program protection, indeed the concept is critical to maintaining
6334860	6336400	a healthy SAP enterprise.
6337500	6343180	I am stating that under, or better phrase here, within the SAP ecosystem exists several
6343180	6348960	agencies, offices or services that are deputized to protect and neutralize threats towards
6348960	6354020	high-risk waived national special access programs regarding covert UFO action.
6355140	6361100	Unlike other program protection elements that exist outside the SAPCO, SAPOC, and SRG-DOD
6361100	6366520	pyramid like the ISO or the Information Security and Oversight Office and DCSA,
6366780	6372820	Defense Counterintelligence and Security Agency, the select agencies we will speak on exist within
6372820	6378420	the very same agencies and departments within the Armed Forces, Intelligence Community, and DOD
6378960	6380960	operate on UFO legacy activities.
6381480	6387300	And I have spoken about one such agency extensively in my video on the Air Force Hidden Wing Program,
6387660	6393000	this being the Air Force Office of Special Investigations Office of Special Projects,
6393000	6394380	or AFOSI-PJ.
6395220	6401940	Indeed, this office, PJ, is tasked with safeguarding the US Air Force's most sensitive and secretive
6401940	6403120	special access programs.
6404160	6408440	I really don't want to spend too much time on PJ, but once again I will bring up two
6408960	6413800	attached to PJ that I am aware are paramount gatekeepers to the UFO topic.
6414100	6420440	And these include former AFOSI PJ Executive Director and department-wide Air Force SAP
6420440	6425620	Security Director, now Vice President of Security at Northrop Grumman, former Senior Executive
6425620	6427640	Service Mr. Terry Phillips.
6428600	6434020	I am aware that before his retirement from Federal service in 2021, Phillips operated
6434020	6437820	as an enforcer for the UFO activity administrative structure,
6438180	6443900	leveraging administrative terrorism and much worse against prospective whistleblowers.
6444280	6450020	Indeed, I understand Phillips continues similar work within Northrop Grumman to this day.
6450840	6455200	Phillips' successor in AFOSI PJ and the Air Force SAP Security Enterprise
6455200	6458320	is a man named Mr. Lee M. Russ.
6458900	6463600	Similar to Phillips, I understand Mr. Russ picked up right where Phillips left off
6464020	6469000	Federal Service. Let's just say I would not be surprised if documents are ever released
6469000	6473580	that directly state Russ has been involved in UFO narrative shaping.
6474300	6479600	Phillips and Russ are critical names, but alas, I have covered these two in great detail before,
6479720	6485160	so let's move on to new things here. I would like to now move on to the Defense Advanced
6485160	6491360	Research Projects Agency, DARPA's Security and Intelligence Directorate, SID.
6492000	6496360	Coming to DARPA is like grabbing the nose cone of a rocket and holding on for dear life.
6497940	6500960	DARPA is a place where if you don't invent the internet, you only get a B.
6503100	6506080	A DARPA program manager quite literally invents tomorrow.
6506320	6509320	We are thinking about innovation unconstrained.
6509380	6510740	Where can we go?
6511000	6513580	Predict what is emerging as threats.
6513820	6516560	We're looking for the applications that seem impossible.
6516560	6521480	That passion will be saving lives 5, 10, 15 years from now.
6521640	6523700	Coming to work every day and being humbled by that.
6523900	6526760	Real fast, what exactly is DARPA?
6527060	6534020	DARPA is the DoD R&D Research and Development Agency reporting to the Undersecretary of Defense for Research and Engineering
6534020	6539080	that is tasked with development of emerging and advanced technologies for military use.
6539580	6543360	As the agency that quote-unquote shaped the modern world,
6543360	6549180	world, DARPA is the tip of the spear for advanced asymmetrical advantages in national security-related
6549180	6555080	technology. DARPA is well worth an enormous exploration into possible involvement with
6555080	6561480	recovered non-human materials, craft, and bodies, as DARPA is strangely and largely missing from
6561480	6568260	most UFO Legacy Program conversations. And do not fret, one day I will undertake this effort.
6568260	6576160	The DARPA SID is a critical support component within DARPA.
6577140	6581860	SID works to ensure protection of DARPA's high-risk R&D programs that involve highly
6581860	6584980	sensitive technologies critical to U.S. national security.
6586460	6592260	SID safeguards against insider threats, foreign influence, espionage, and a wide swath of
6592260	6595460	protection protocols to ensure U.S. technological dominance.
6595460	6603460	Darpa SID is the premier program protection element for DARPA agency-wide and interagency SAP activity,
6603780	6610700	quote, planning, executing, and directing the information, personnel, industrial information assurance,
6610720	6616060	and physical security programs at DARPA and at specific contractor sites, end quote.
6617120	6622700	Indeed, SID's expressed mission is to, quote, develop, manage, and implement programs
6622700	6625920	that facilitate the secure and successful accomplishments
6625920	6628720	of DARPA's mission while protecting DARPA technical
6628720	6631780	and administrative personnel, information, property,
6631980	6634380	and ensuring business continuity."
6634380	6637500	In an almost comical statement,
6637940	6641240	DARPA CID's PSRs, or Program Security Representatives,
6641720	6645580	quote, analyze and create protection strategies and tactics,
6646480	6649780	frequently for technologies that exist nowhere else.
6650060	6650660	End quote.
6651420	6666080	Darpa SID is incredibly unique as an office because its security representatives are not stovepiped into specific types of program security support, example being just collateral, just SAP or SCI, or just CUI.
6666080	6673300	Instead, SID's PSRs are, quote, responsible for providing expert security support to a
6673300	6678560	program portfolio that may include fundamental research, controlled unclassified collateral
6678560	6683660	SAP SEI, and other compartmented information activities, end quote.
6684620	6689800	And another quote, quote, they are the tip of the spear for execution of SID's primary
6689800	6694240	function, enabling the secure development of DARPA technologies, end quote.
6696080	6701320	this hands-on SID approach to some of the day-to-day SAP operations we just spoke of.
6702060	6708060	As best as I can tell, the SID was founded by at least 2003, when the first mention of SID I can
6708060	6714080	find is a routing line for a DARPA information processing techniques office document. I wonder
6714080	6720060	what office would ostensibly function as quote-unquote antibodies if someone posed a security
6720060	6725560	to the most covert, deep-sixed, interagency-waived USAP portfolio in existence.
6726480	6733040	I will go so far as to say I'm aware of former directors within DARPA-SID that have engaged in
6733040	6739140	serious crimes to silence whistleblowers and prevent program exposure. These include,
6739340	6745800	but are not limited to, wetworks operations. I would encourage Congress to immediately
6745800	6751200	construct interrogatories leveraged at DARPA-SID and its SSO Support Services
6751200	6755340	Office. I would leverage questions towards former SID directors under
6755340	6761920	penalty of prosecution if questions are not answered truthfully. I genuinely hope
6761920	6768040	this does happen. Now believe it or not, I do have some sense of self-preservation,
6768260	6773360	so I will not be naming this individual, but it would not be a GURB video without
6773360	6773800	without names.
6775940	6780820	DARPA reports through the Office of the Under-Secretary of Defense for Research and Engineering directly
6780820	6782460	to the USD-R&E.
6783300	6788160	Recall from earlier, USD-R&E is the evolution of Vannevar Bush's Research and Development
6788160	6796480	Board , and according to DoDI 5205.11, USD-R&E, quote, identifies and cultivates
6796480	6802200	cutting-edge technology developments, technology transition, developmental prototyping, experimentation,
6803360	6808080	developmental testing activities and programs requiring SAP protection to ensure continued
6808080	6810000	U.S. warfighting advantage."
6810000	6816800	Since CID is a support directorate directly under the DARPA director, CID's direct administrative
6816800	6821660	line of accountability traces directly to the Undersecretary of Defense for Research
6821660	6822300	and Engineering.
6822740	6827960	So let's name a man within this chain of command that I know to be legacy program.
6828440	6830360	Dr. Peter Heinem.
6830360	6836020	Dr. So DARPA works at the intersection of national security and science and technology.
6836500	6842940	Our job is to avoid and to impose technological surprise, and we focus on the hardest problems.
6843520	6848460	Dr. Hynam currently serves as the Principal Deputy Assistant Secretary of Defense for
6848460	6855520	Critical Technologies within the USD R&E. And by the way, critical technologies in high-level
6855520	6859560	DoD positions is often an indicator of legacy exposure.
6860800	6866380	Prior to work within the OSD, Heinem operated as a DARPA Program Manager focused on electronic
6866380	6872320	warfare and airborne communications, served as Director of ODNI's Intelligence Advanced
6872320	6877740	Research Projects Agency , Director of Research at the National Geospatial Intelligence
6877740	6885480	Intelligence Agency , then from 2018 to 2022 served as Deputy Director and Acting Director
6885480	6886440	of DARPA.
6886860	6892720	If there is indeed an individual who has been integral to coordinating legacy efforts between
6892720	6897900	DARPA and USD R&E, and then don't forget DARPA CID for program protection within the
6897900	6904180	last 8 plus years as I am directly alleging, it has been and continues to be Dr. Peter
6904180	6904720	Hynum.
6905640	6911500	Since 2012, SID has maintained an intimate partnership with a company called System High.
6911780	6915480	Indeed, since 2012, the two's partnership has, quote,
6915720	6921900	produced several novel advancements in security policies, enhanced methodologies, and tools, end quote.
6922280	6928560	Indeed, in 2022, SID awarded a five-year contract to System High to, quote,
6928720	6933380	provide multi-security services to our nation's premier innovation engine.
6934720	6941520	developing, and delivering breakthrough technologies critical to assuring U.S. technical dominance and overmatch, end quote.
6942320	6947540	This 2022 contract was the third consecutive awarded to System High by SID.
6948000	6952920	Founded in 2005, important year to contractor breakaway legacy programs,
6953380	6955100	System High, quote,
6955100	6960620	quote, delivers the most advanced protection and security solutions to secure and strengthen
6960620	6965760	critical missions, programs, operations, and intelligence activities, end quote.
6966320	6971960	The mission of System High is to be the only choice when the mission must be protected,
6972060	6977640	to set the bar high and exceed it by working together to continuously improve and strengthen
6977640	6983140	the protection landscape and deliver for our customers at a level no one else is capable of.
6985100	6991020	sit here, System High currently has numerous contract vehicles, including IDIQ, Indefinite
6991020	6997180	Delivery, Indefinite Quantity contracts, with the Navy, Missile Defense Agency, MDA, and other
6997180	7003600	agencies slash services. System High has some rather intriguing individuals on its board,
7003760	7010260	including former C-suite executive and president during our epoch of interest from 2019 to 2025,
7010260	7017820	Rob Howe, who prior to System High was a manager for quote-unquote special activities at Northrop
7017820	7024720	Grumman, a PSO or Program Security Officer for SAF-AQ, again Air Force Acquisition, and
7024720	7031960	of course served in the Air Force at the AFTC, all major elements within UFO legacy programs.
7033140	7038840	DARPA-SID is a very little-known element that safeguards the U.S.' most innovative and
7040260	7047500	programs and an office that engages in UFO legacy program exposure management and protection.
7049620	7053860	To the uniformed and civilian airmen of the Air Force Life Cycle Management Center,
7054140	7059680	our contractors, and the Defense Industrial Base, thank you for being here and thank you
7059680	7064020	for all that you do to support our great nation during this time of consequence.
7067700	7075060	Now on to a mouthful here, AFL-CMC-IP, or the Air Force Life Cycle Management Center's
7075060	7081800	Information Protection Directorate. AFL-CMC is currently directed by Lieutenant General Donna
7081800	7087880	D. Shipton, a senior individual within Air Force UFO Legacy Activities that also formerly served
7087880	7091620	a senior position within SAF AQ, where Shipton was, quote,
7092200	7097320	responsible for research and development, test, production, product support, and modernization
7097320	7102420	of Air Force programs worth more than $60 billion annually, end quote.
7103380	7108880	AFL-CMC is one of six major operational centers under Air Force Major Command,
7109120	7114300	Air Force Materiel Command, AFMC, alongside AFTC we spoke about earlier,
7114300	7117120	earlier, as well as AFRL .
7118100	7124820	My Hidden Wing project painstakingly details the history and evolution of AFMC and why
7124820	7131880	this major command is one of the most critical to all of Air Force UFO activities, so I do
7131880	7135000	strongly recommend viewing that if you haven't already for some background.
7136360	7141340	Centered out of Wright-Patterson Air Force Base, the AFLCMC mission is to deliver affordable
7141340	7145880	affordable and sustainable war-winning capabilities to U.S. and international partners.
7146260	7153760	On time, on cost, anywhere, anytime from cradle to grave, AFL-CMC is the single center responsible
7154340	7160100	for total lifecycle management of all aircraft, engines, munitions, and electronic systems.
7161100	7166760	AFL-CMC's portfolio includes information technology systems and networks, command,
7166760	7172200	Command, Control, Communications, Intelligence, Surveillance, and Reconnaissance Systems, C4ISR,
7172340	7175660	Armaments, Strategic Systems, Aerial Platforms,
7175660	7180520	plus Installation and Infrastructure Management, Advanced Training Capabilities,
7180800	7184880	as well as Combat Readiness Programs that focus on equipping the warfighter
7184880	7188100	with the tools needed for protection in all environments.
7189120	7193320	AFL-CMC-IP, or again, Information Protection Directorate,
7193320	7198080	is the premier program protection element for Air Force acquisition and sustainment.
7198440	7203580	Again, recall my Hidden Wing project, where SAF-AQ, under the Assistant Secretary of the Air
7203580	7209980	Force for Acquisition Technology and Logistics, is a major administrative element within the Air
7209980	7218800	Force's work on UFO, RDT, and E. The AFL-CMC IP, quote, enhances the ability to acquire and support
7218800	7223960	war-winning capabilities by providing a professional security workforce and risk-based
7223960	7229720	processes to protect technology and information from unauthorized disclosure or compromise
7229720	7235040	throughout a program's lifecycle, end quote. This protection of information and technology
7235040	7242120	extends across the entire Air Force acquisition umbrella, involving work within AFMC's other
7242120	7249140	major operating areas, including AFTC and AFRL, Air Force Test and Evaluation or AFTE,
7249260	7256300	specifically AFTEZ Special Programs Division, and across all Air Force Major Range and Test
7256300	7264460	Facility Bases, MRTFB. AFL-CMCIP also interfaces with the Air Force Component Level SAPCO,
7264620	7271840	SAF-AAZ. We know from Part 1, SAF-AAZ has been bypassed for activities that I am highly
7272120	7277500	confident are legacy operations, quote-unquote outside activities under Edward C. Aldrich.
7277760	7284580	But specific SAF AAZ heads have been senior legacy officials before, including William E. McClure.
7285100	7291900	From studying the CV of the current Director of IP, Mr. Terrence L. Reynolds, we can learn a little
7291900	7298060	more about how extensive IP's program protection strategies reach across the entire Department of
7298060	7304480	of the Air Force. Mr. Reynolds guides the IP on, quote, information security, personnel security,
7304880	7309720	industrial security, acquisition security, international program security, operation
7309720	7314700	security, scientific and technical information program, and program protection planning,
7314940	7320940	end quote. I don't want to spend too much time on IP here, but I did find such a directorate
7320940	7326160	critical to mention as an addendum to my Air Force Hidden Wing project, where AFL-CMC IP
7328060	7333660	program protection with administrative levels of the Air Force, specifically Air Force acquisition.
7335280	7340620	Last program protection office to cover here. Just as we shifted our sights ever so briefly
7340620	7345200	to the Department of Energy towards the end of our special access program section and commented
7345200	7350800	on how the DOE, beholden to its own statutory authority separate from standard executive
7350800	7357120	executive order-based classification systems, gets real spooky real fast, and operates as
7357120	7362160	a perfect ecosystem for Woosaps with even tighter security protocols governed by the
7362160	7364060	1954 Atomic Energy Act.
7364600	7368300	The Department of Energy actually has its own SAPOC.
7368560	7370120	Its SAPs are that sensitive.
7370440	7374380	Not a component-level SAPCO, but its very own SAPOC.
7375180	7383080	Similar to how AFL-CMC-IP, AFOS-IPJ, and DARPA-SID are specialized units that aid in the safeguarding
7383080	7388280	of SAP ecosystems, the DOE has their own very broad version of this as well.
7388500	7393920	The DOE-OICI, or Office of Intelligence and Counterintelligence.
7394060	7398040	And that's right, the DOE has its own intelligence agency.
7398960	7405040	DOE OICI, sometimes referred to as DOE-IN, according to its mission statement, quote,
7405240	7409820	informs national security decision makers and mitigates threats to the DOE enterprise
7409820	7415160	and the nation's energy security by providing unique scientific and technical intelligence
7415160	7421040	and expertise, end quote. Though quite small in size and maintaining a classified budget
7421040	7426800	out of fiscal year 2026's $81.9 billion National Intelligence Program's budget,
7428040	7434300	OICI is instrumental in DOE compartmented projects would be an egregious understatement.
7434600	7440880	Not only is OICI the DOE's primary interface with ODNI and other intelligence agencies,
7441800	7446360	OICI specializes on insights into foreign nuclear capabilities and activities.
7447280	7452040	Counterintelligence including espionage and insider threats, nuclear material security,
7452380	7456940	protects critical infrastructure and support interactions with DOE's national laboratories,
7458040	7465160	much, much more. After all, ODI and I state OICI's mission is to, quote, protect, enable,
7465300	7471020	and represent the vast scientific brain trust resident in DOE's laboratories and plants,
7471240	7477020	end quote. Perhaps it should be no surprise, but OICI's roots can be traced back to the
7477020	7481260	Manhattan Project's ALSOS missions, which we discussed in great detail in Part 1,
7481420	7486220	basically the blueprint for a parallel intelligence apparatus for legacy activities
7488040	7494940	standard chains of command. I am particularly interested in OICI's Nuclear Materials Information
7494940	7505180	Program, NMIP, established by NSPD-48-HSPD-17. As we know from Part 1 and my other previous works,
7505280	7510380	as well as David Grush, language from the 1954 Atomic Energy Agreement has been
7510380	7515180	liberally distorted to treat UFO activities as nuclear secrets.
7516520	7521280	Controls like Special Nuclear Materials, Transclassified Foreign Nuclear Information ,
7521280	7526480	Non-Contract Foreign Intelligence Information are some of the tools of the trade here.
7527420	7532900	I wager beyond a shadow of a doubt some of OICI's nuclear programs also see engagement
7532900	7539220	with the UFO portfolio, and of course we will discuss this in much greater detail in my
7539220	7540900	inevitable DOE project.
7540900	7547520	But here I am also particularly interested in OICI's Security Offices and Intelligence
7547520	7548680	Operations Center.
7548840	7554960	These systems work closely with the larger IC and White House whilst conducting counterintelligence
7554960	7559420	and insider threat support to DOE SAPs and SCIF accreditation.
7560180	7567800	Indeed, OICI maintains 14 Field Intelligence Elements at DOE labs, facilities,
7567800	7573580	and sites, and 15 counterintelligence field offices at DOE facilities worldwide.
7574820	7580360	Some of these FIE sites exist at Los Alamos National Lab, Sandia National Lab, Lawrence
7580360	7581800	Livermore, and Oak Ridge.
7582280	7588220	As we discussed in Part 1, specifically surrounding physical security, translated from the Manhattan
7588220	7594340	Project onto the Manhattan Project 2.0, we discussed a series of alleged classified presidential
7594340	7597140	executive orders in 1948 under Truman.
7597800	7600320	that vested custody of recovered NHI vehicles
7600320	7602640	within AEC national laboratories,
7602980	7604340	like those listed above.
7605780	7609560	OICI really is still an emergent piece of the puzzle to me.
7609660	7612480	One that like DOE is interwoven
7612480	7615460	into the very fabric of UFO legacy activities,
7616580	7619540	but also an element exceedingly difficult to crack.
7619860	7622400	Please expect much more on OICI
7622400	7624860	in a future Department of Energy project.
7632220	7640300	You can say categorically you've seen no convincing, confirmable evidence of intact spacecraft kept by the U.S. government.
7640580	7643400	No. I have seen nothing that leads me to that conclusion.
7643800	7648160	Is it possible there is some secret program that you're just not aware of?
7648380	7652360	I don't think so. I have access to anything and everything I need.
7652360	7658000	The main players in the legacy program have long been the Central Intelligence Agency,
7658300	7664460	the United States Air Force, the Department of Energy, and major defense contractors.
7664980	7670700	The subject of UFO has been rife with lies, disinformation, narrative control,
7670960	7673280	and bizarre limited hangouts since 1947.
7673800	7677560	And I do not think that is a stretch or controversial statement to say.
7677560	7684100	When one says UFO disinformation, you may immediately think of Rick Doty and Paul Benowitz,
7684440	7689020	Project Blue Book, Arrow, and the disgraced Dr. Sean Kirkpatrick.
7689340	7693880	E4 is telling Matt Gaetz they think there is a hybrid NHI breeding program
7693880	7697560	or a litany of other intriguing and disturbing examples.
7698420	7703000	But disinformation and narrative control is a paramount outer layer of the onion
7703000	7706900	that has been harnessed for decades by elements of the legacy infrastructure.
7707560	7710100	all to introduce stigma around the topic,
7710340	7712600	warp narratives to expose the public
7712600	7714560	to a narrow field of information,
7714960	7717460	and keep the US populace and lawmakers
7717460	7720020	in a constant state of disbelief
7720020	7721620	and confusion within the topic.
7722220	7725600	Like I said, this concept extends back decades.
7726000	7727220	Knowledge is power,
7727420	7729960	and that couldn't be more true in the 21st century,
7730180	7732460	where multiple campaigns have been wagered
7732460	7734120	from within the onion to shape
7734120	7736960	and limit global perception on UFOs.
7737560	7741720	And these include, but are not limited to, Aero and ATIP.
7742000	7743160	What else you wanna know?
7743380	7745420	The Air Force was tasked in 1948
7745420	7747540	by the US government to conduct
7747540	7750320	the first ever investigation into UFOs,
7750320	7752100	an effort called Project Sign.
7752780	7756160	Sign quickly evolved into Project Grudge in 1949,
7756960	7758540	which ran until 1951,
7758580	7761080	where the infamous Project Blue Book took over
7761080	7763700	and ran from 1952 to 1969.
7764520	7770800	A massive schism occurred in these quote unquote official investigations into UFOs in 1953,
7771340	7772520	the Robertson Panel.
7773280	7779560	Prior to 1953, there did seem to be some sort of transparency on this topic, and this can
7779560	7784940	be perfectly observed within the words of Air Force Captain Edward J. Ruppelt, who served
7784940	7787600	as the director of Project Grudge and Blue Book.
7787600	7793620	Ruppelt would state in his 1956 book, The Report on Unidentified Flying Objects,
7793620	7800240	that he observed a memo generated in 1948 from Project Sign. This memo stated UFOs were of
7800240	7806200	quote-unquote interplanetary origin. This memo, according to Ruppelt, was ordered for destruction
7806200	7813140	by General Hoyt Vandenberg, one of the original accused members of Match 12. Ruppelt is especially
7813140	7821720	especially poignant now that Representative Burleson has called out by name and file designation AF-ATIC-Film 0352,
7821920	7826100	a briefing on film by Ruppelt titled Flying Saucer Talk.
7826640	7831520	This 1952 film is held at MIT Lincoln Labs of all places,
7831800	7836940	an FFRDC that is the successor to Vannevar Bush's MIT Radiation Lab.
7836940	7845820	Why would MIT Lincoln Labs, that was established to spearhead one of the US's first national air defense systems, be holding such a film?
7845940	7849720	And why was this film never volunteered for mandatory NARA collection?
7850180	7859020	Probably because this film and others at Lincoln Lab depict sensitive and classified briefings and materials regarding non-human technical vehicles.
7860340	7864200	Alas, 1953 observed the Robertson Panel again.
7864200	7870100	a CIA review of the Air Force's investigations into UFOs, at that time, Blue Book.
7870640	7875300	Obviously, as I have covered previously, Robertson Panel was given prior mandates
7875300	7881020	that the conclusions of the panel at the CIA's behest were to reduce public concern on the topic
7881020	7884820	and state that UFOs could be explained as prosaic aerial phenomena.
7885400	7890740	This same playbook was harnessed with Edward Condon's 1969 Condon Committee,
7890880	7893240	which marked the end of Project Blue Book.
7894200	7899300	Alan Hynek himself directly stated the Condon Committee outright ignored key evidence.
7899980	7907060	This playbook was again harnessed in 2022 with the establishment of the All-Domain Anomaly
7907060	7914800	Resolution Office or AERO. What was once supposed to be a joint UFO study effort called the UAP-JPO
7914800	7921640	or Joint Program Office was distorted and twisted, likely by the USD-INS at the time,
7921640	7928700	Ronald Moultrie into the mangled Arrow of today. Indeed, it was none other than Mr. Ronald Moultrie,
7928840	7935140	former USD INS, and Sean Kirkpatrick's good buddy, that played a major role in establishing Arrow
7935140	7940860	and provided oversight and direction to Arrow, including surveillance collection and reporting,
7941220	7947380	system capabilities and design, intelligence operations and analysis, mitigation and defeat,
7947380	7950340	feat, governance, and finally, science and technology.
7950900	7955440	Moultrie is a seasoned deep state lifer and legacy senior.
7955720	7961280	I must once again ask this man why his position on the MITRE Corporation was removed from
7961280	7962700	his public CV and bio.
7963460	7969580	To this day, Arrow has operated as an extension of the onion to exponentially increase the
7969580	7975360	stigma around UFOs by constant dismissal of the topic, language crafting from Susan Goff
7975360	7979540	about the non-existence presence of extraterrestrials on this planet,
7979700	7983380	and most importantly, operating as a honeypot for whistleblowers.
7983820	7985000	I've tried to help.
7985120	7989620	I certainly met with Arrow twice as a staff member about a year ago.
7989720	7994860	I actually offered to depose hostile witnesses in front of Arrow leadership.
7995220	7997080	They have yet to take me up on that.
7997360	8000840	When the CIA squirmed out of answering lawful interrogatives,
8001000	8004440	they directed Rep. Burleson and Grush to Arrow.
8005360	8007820	I did offer my services. I gave them leads, et cetera.
8008240	8018080	And actually, Congress has been sending into interrogatives to cabinet agencies, something I touched on on Megyn Kelly back in January.
8018240	8029840	We actually got we sent interrogatives to the CIA and the response Comer's committee got was from the CIA was like, we are not answering any of these questions.
8030160	8033280	We'll refer you to Arrow. And I find that very curious.
8033280	8039380	I don't know if John Ratcliffe and Michael Ellis knew that that's what CIA General Counsel said back,
8039640	8045780	but CIA is unwilling to answer detailed questions that were obviously informed by my experience.
8046120	8049700	Indeed, Arrow has outright lied through its teeth on numerous occasions.
8050200	8054400	Several examples can be seen in Arrow's historical report volume one,
8055120	8059040	where thanks to obtaining Michael Herrera's official Arrow memorandum for record,
8059040	8063320	we can observe Arrow blatantly lied about Herrera's testimony,
8063680	8069080	falsely stating Herrera discussed an extraterrestrial spacecraft and U.S. special forces.
8069980	8072940	Disgraced former deputy director of Arrow Tim Phillips
8072940	8077460	and disgraced coward former director of Arrow Dr. Sean Kirkpatrick
8077460	8081380	have for years engaged in wildly inappropriate behavior,
8081780	8085600	often resorting to emotional outbursts on LinkedIn for Phillips
8085600	8090320	or sending unprofessional statements to Stephen Greenstreet from Kirkpatrick,
8090520	8096760	both men have leveraged ad hominem attacks and false attacks to try and discredit David Grush.
8097480	8101600	Kirkpatrick even establishing a pitiful story to paint Grush as a villain
8101600	8104220	by stating he ghosted Arrow for meetings.
8104540	8106100	Gosh, I wonder why.
8107260	8111520	And this goes without even mentioning the egregious falsities outlined in the Pentagon
8111520	8115820	disinformation that fueled America's UFO mythology article by the Wall Street Journal,
8116000	8122080	in which Kirkpatrick outright lied that the whole impetus for claims around UFO legacy programs
8122080	8128840	was an illegal Air Force hazing program called the Yankee Blue. Hey Kirkpatrick, you told podcasters
8128840	8134800	off-air each branch of the armed forces had their own Yankee Blue equivalent. Why did you say this
8134800	8140760	and why was it never mentioned in the article or publicly? And somehow Stephen Greenstreet got a
8141520	8146900	Blue document, probably from Kirkpatrick, which features inaccurate security controls.
8147440	8153440	So if this program was an illegal hazing ritual that tricked tens of thousands of Air Force
8153440	8158780	officers for decades, there should be no problems in releasing the Yankee Blue document, right?
8159100	8164560	If this is ever released, come back to this video and see whose signature is at the bottom
8164560	8172120	of this report. On his Judicial Watch episode, David Grush perfectly laid it out regarding Yankee
8172120	8179040	Blue. Well, yeah, and I certainly was worried about rumor, innuendo, you know, hazing programs
8179040	8183420	that tricked people. There's, you know, a narrative being spun in the media, Wall Street Journal,
8183480	8189420	etc. about that kind of thing. I was well aware of hazing activities. I was guilty of said hazing
8189420	8192560	activities earlier in my career when I was a lieutenant and thought it was funny to make,
8194560	8199600	the two-star general. And certainly I was already aware of that. And I was calibrated to, you know,
8199640	8205060	lore in the community, rument, as we say in the intel community and, you know, hazing activities.
8205280	8212340	So the evidentiary threshold was high and the people I brought to ICIG, you know, were hands-on,
8212400	8218020	they touched it, they were in the facilities and they, you know, they were well-cleared people and
8218020	8224700	They weren't misconstruing a recovered adversarial aircraft for something else.
8224720	8237600	And some of that gaslighting that's been going on, which I find honestly amusing to see certain former career bureaucrats use the narrative that it was some Yankee blue hazing program.
8237860	8243580	And those were certainly not the code words I provided to the IC, IG and the intelligence communities.
8243580	8248140	communities. We know the right code words and we know which reported special access
8248140	8254340	programs and controlled access programs were essentially covering it up in performing financial
8254340	8261080	fraud to hide some of the paper trail, misappropriating funds and then taking haircuts across other
8261080	8268240	black programs to funnel the money to do those kind of activities to keep it off books.
8268240	8287100	It is the expressed purpose of myself that Deputy Director of Arrow following Kirkpatrick, Tim Phillips, was a quote-unquote useful idiot, and that during his tenure at Arrow, Sean Kirkpatrick was partially briefed into the legacy portfolio to limit program exposure and defame David Grush.
8287380	8289840	Hey Sean, are your hands still tied?
8289840	8296300	hide. Perhaps Sean was rewarded for these un-American and illegal actions with his senior
8296300	8302120	position at Oak Ridge as Chief Technology Officer for Defense and Intelligence Programs, after he
8302120	8308340	fled Arrow that was mysteriously deleted from the internet. Perhaps he is continued to be rewarded
8308340	8314820	now that his company, Non-Linear Solutions LLC, is subcontracting under MITRE for US Spacecom.
8314820	8321120	And Sean can't seem to help himself but to stay engaged, to this day emotionally lashing
8321120	8324820	out using Green Street as a vessel whenever he gets his feelings hurt.
8325460	8331460	We talk often about Moultrie and disgraced Kirkpatrick, but there is another culpable
8331460	8337680	name here, the man who actually got Kirkpatrick employed at Arrow, Mr. David M. Taylor.
8338840	8343040	Taylor currently serves as the Deputy Undersecretary of Defense for Intelligence and Security,
8344820	8349200	and has been in similar positions of government service for 44 years.
8350220	8354560	Of all the people to choose for Aero that was supposed to be the UAP JPO
8354560	8359780	and Taylor chose Kirkpatrick, I wonder if there are any legacy ties here.
8361300	8363000	My name is Lou Elizondo.
8363260	8365880	In 2009, my life changed forever.
8366420	8369940	That's when I was recruited into a highly sensitive government program
8369940	8374260	that investigated unidentified aerial phenomenon, UAP.
8374820	8376700	also commonly known as UFOs.
8376740	8381420	Now, I must be extremely careful with the following section here.
8381660	8384640	One, because this is an extremely nuanced topic.
8384720	8390280	And two, because critics of Elizondo are often painted by the UFO community as enemies.
8391540	8392780	Let me get something clear here.
8392960	8396860	My mission to reveal and uncover UFO legacy programs,
8397100	8402000	which have since 1947 operated in a coordinated capacity to retrieve,
8402000	8406180	store, and exploit non-human technical vehicles is stalwart.
8406860	8408980	I stand with the whistleblower.
8409120	8410980	I stand with Dylan Borland.
8411160	8412400	I stand with Matthew Brown.
8412620	8415660	And I stand with witnesses I speak who will never go public.
8415940	8417260	I stand with Ed.
8417460	8420980	I stand with several figures that have appeared on my channel over the years.
8421080	8424940	And most importantly of all, I stand with David Grush.
8425380	8429580	My entire philosophy, methodology, and approach to this topic
8429580	8432460	is modeled after the bravery, courage, and leadership
8432460	8434840	David Grush has displayed since going public.
8435580	8437660	But, and I need to be frank here,
8437800	8441320	I do not stand with Elizondo, nor do I trust Elizondo.
8441820	8445020	I believe Lou Elizondo has been a central figure
8445020	8448540	for a legacy activity to speak about The Onion
8448540	8452580	outside of The Onion, aka a narrative control campaign.
8453680	8456840	And let me just say this, I am speculating here
8456840	8459020	and theorizing for entertainment purposes.
8459580	8463640	I don't care to get sued, although counter-questioning would be rather intriguing.
8464180	8468680	The Advanced Aerospace Threat Identification Program, ATIT.
8469680	8474800	The funding for this effort was sponsored by then Senate Majority Leader, Senator Harry Reid.
8476720	8479640	And together, myself, Jay Stratton, and our team,
8479700	8483920	for nearly a decade, investigated UAP incidents around the world.
8483920	8496200	In 2025's Age of Disclosure, film protagonist Elizondo lies incessantly about the structure of OSAP, the Advanced Aerospace Weapons Systems Application Program, and AATIP.
8496420	8505500	OSAP out of the Defense Intelligence Agency, DIA, ran from 2008 to 2012 and did indeed have a budget of $22 million.
8505500	8511680	And as David Grush stated on Rogan, one of the expressed missions of this program was
8511680	8517500	to operate as the recipient of the Kona Blue DHS PSAP transfer prospective special access
8517500	8520400	program of UFO materials from Lockheed Martin.
8521460	8523780	AATIP is not AWESAP.
8524440	8528920	AATIP was nothing more than an informal working group that was unfunded.
8528920	8531860	This is common knowledge of course, but I will go a step further.
8532660	8537440	AATIP was an informal working group that was a literal cover for several National Security
8537440	8542520	Council activities that wished to speak about the Onion outside of the Onion, and who gave
8542520	8544540	this top cover, James Clapper.
8545060	8548840	And Matt Ford actually asked this to Lou on Matt's show.
8549100	8553560	Watch now how Lou dodges this question, and I do recommend watching this full interview
8553560	8554080	by Matt.
8554280	8554960	It's really good.
8554960	8572580	So my understanding of it was that it was in a tip in a certain aspects of it were to essentially you had factions within the legacy program factions that felt you know we need to let some of this out.
8572580	8581560	And part of one of the elements of AATIP was to sort of peel away some of the layers of the onion.
8581760	8585180	But this was done in coordination with the Obama administration.
8585520	8595920	This was part of something that came out of the National Security Council, and in particular James Clapper.
8597580	8604160	So can you speak to that? And again, were you ever or are you part of the legacy program?
8604720	8615600	Well, I worked with Jim Clapper. Actually, I worked for Jim Clapper, as a lot of people know, when he was the Undersecretary of Defense for Intelligence, after he was the director there at DIA, but before he was the Director of National Intelligence.
8615600	8621660	And I can't speak for Jim. He would have to answer that to you.
8621680	8631400	But I'll tell you, at least when I spoke to him, he was very happy that we had a UAP program in the department.
8632320	8636240	Now, that doesn't mean anything. If you ask him now, he may be, I think, otherwise.
8637000	8641600	But that's certainly up to former Director Clapper to opine about.
8641600	8651520	As far as where this comes from from Obama, I never sat with Obama specifically about this topic or any other topic.
8651640	8660480	My entree point was through the National Security Council for the programs that I was running in the special access world.
8663400	8668100	Unfortunately, I probably wouldn't be able to elaborate too much on how that relationship works.
8668100	8674760	works. There is an established channel of communication that was between my office and
8674760	8680720	that office. But much beyond that, I wouldn't be able to really provide any fidelity to,
8681640	8685900	you know, especially not just with classified information, but special access programs.
8686240	8690960	There's a huge sensitivity there. And especially when you're talking about SAPs in some cases,
8691000	8694560	and by the way, I'm not saying this is one of them, if they're unacknowledged, right,
8694560	8696820	That's even more sensitive.
8697060	8701360	So, boy, I don't know how to answer that question.
8701520	8702360	It's a good question.
8703380	8708400	So in Age of Disclosure, when you listen to Stratton and Elizondo speak on AATIP,
8708420	8711760	as if it were a real working program with appropriations,
8711760	8715740	and see individuals like Puthoff and Davis labeled as AATIP scientists,
8716200	8717660	this is brazen nonsense.
8718700	8723880	The primary operational years for AATIP were around 2009 to 2017,
8724560	8727840	primarily when James Clapper was Director of National Intelligence,
8728180	8734740	and Mr. Elizondo operated as the Director of the National Program Special Management Staff, NPMS.
8735500	8739300	NPMS Director operates under the USD INS, of course,
8739460	8743140	also Clapper's former position from 2007 to 2010.
8743580	8745920	I'm sure there's no crossover here.
8746140	8752520	An NPMS Director runs coordination between National Security Council SAPs and the DOD-IC.
8752520	8752900	I see.
8753340	8758960	As I stated earlier, the Director of NPMS is usually the most cleared person in the
8758960	8765300	entire DoD besides the Secretary of Defense, even more cleared than the Director of DoD
8765300	8765860	SAPCO.
8766900	8773460	With this comes the baggage that even outside the AATIP NSC cover activity, Lou, either
8773460	8779860	prior to NPMS position or during NPMS position, operated directly under or within the legacy
8779860	8780400	programs.
8780400	8784480	I once again echo this sentiment from Korbel.
8810400	8812060	Go out on the limb and just say it.
8812200	8817600	But AATIP, although Clapper or his superiors' true motives for such an activity are unknown,
8818160	8823880	well, AATIP sought to conduct a partial disclosure campaign and establish Hillary Clinton as
8823880	8825400	the disclosure president.
8826120	8831960	These disclosures would have seen a huge emphasis on UFOs existing as a national security threat,
8832280	8837240	revelations of an amorphous non-human presence on this planet, and the general discussion
8837240	8839220	that we are not alone on this planet.
8840400	8845520	Disclosures, however, would not have featured crash retrieval, reverse engineering, exploitation,
8846040	8850560	NHI taxonomy, and of course, the revelations of the legacy programs.
8852460	8857600	Indeed, prior to David Grush coming forward, Elizondo would essentially only discuss crash
8857600	8862740	retrievals in reference to Roswell, which of course at this point is a cultural zeitgeist
8862740	8864620	event and a well-known cover-up.
8864720	8869940	No harm, I guess, in discussing one singular crash retrieval event 70 years ago at the
8870400	8874000	especially if you never mention the custodianship of the wreckage.
8874540	8877840	Indeed, after Dave Grush went public in full kimono,
8878700	8883320	Lou's crew was forced to reposture and discuss crash retrieval events and the legacy programs.
8883880	8889880	This is extremely evident in the 2024 UAP hearings where Elizondo seems rather caught
8889880	8894940	off guard and nervous compared to his usual interviews in which he can talk circles around
8894940	8896320	really answering questions.
8896320	8902200	questions. Okay, Mr. Elizondo, you state in your testimony that, quote, advanced technologies not
8902200	8907620	by our government or any other government are monitoring sensitive military installations
8907620	8913840	around the globe, end quote. If these technologies are not made by any government, who's making them?
8913900	8917540	Private companies or are you implying they are crafted by a non-human intelligence?
8918300	8922020	Well, ma'am, that's precisely why we're here. The problem is that, temporally speaking,
8922020	8927100	speaking over decades, not just the last 10 years. Before, to put this in perspective,
8927440	8930920	when these private companies you're implying, or is this non-human intelligence?
8931280	8934920	It may be both. When it comes to blue force technologies, I would not be able to discuss.
8935000	8938140	Okay. Are you read into secret UAP crash retrieval programs?
8938940	8942800	We would have to have a conversation in a closed session, ma'am. I signed documentation
8943540	8947960	three years ago that restricts my ability to discuss specifically crash retrievals.
8947960	8954560	But let's quickly back up here, as Elizondo, Mellon, General Neal McCasland, John Podesta
8954560	8960060	who was Hillary Clinton's campaign manager, and others, used one specific vessel through
8960060	8965740	which Lew executed AATIP's mission, and this was through Tom DeLonge and To The Stars Academy.
8966280	8970560	I recognized that there were people in government that wanted to engage the public on topics
8970560	8973960	that unfortunately had a stigma even though they were based in scientific fact.
8973960	8978880	At the time, there was no mechanism for them to do this. Through a series of meetings,
8979100	8983180	I was soon connected to a large group of US government officials from the CIA,
8983520	8988520	the Department of Defense, and Lockheed Martin Skunk Works. These guys were the ones involved
8988520	8992740	in the secretive US government programs that dealt with these subjects, and they have all
8992740	8996820	taken tremendous risks to themselves and their reputations to do something that can benefit
8996820	9001840	the world. They wanted to be a part of something special, to be a part of a company that could not
9001840	9007340	only change the way we see ourselves but also change the path humanity is on i have spoken
9007340	9013980	at length about the quandary that is to the stars academy in which de long elizondo mellon podesta
9013980	9019360	hal putoff major general neil mccastland major general michael carey lockheed skunkworks
9019360	9024060	executive vice president rob weiss all banded together for a slow disclosure campaign
9024960	9030880	i have also discussed several times how elizondo's atips direction of such an idea was likely an
9031840	9037580	Project Forum, as outlined in the Bass 10-month report, which was described as disclosure efforts
9037580	9044880	through popular zeitgeist figures. And guys, this is not a knock at Tom. I personally love Tom. I
9044880	9050020	believe Elizondo and others parasitically attached themselves to his curiosity on the topic.
9051120	9056740	Indeed, in my NRO project, I theorized Elizondo even disclosed elements of the immaculate
9056740	9062960	Constellation USAP to DeLong, specifically surrounding episodic visits and foreknowledge
9062960	9069080	of UFO events as outlined in the IMCON report. You know, you have people at the National
9069080	9073500	Reconnaissance Office that have a perspective based on the satellite feeds they're getting,
9073560	9076040	and these things are coming in and out of the atmosphere. Then you also have people
9076040	9080760	from the agency that are worried about and collecting information of what's going on with
9080760	9082440	with people in different countries and here.
9082920	9087360	But then you also have engineers that have a perspective
9088040	9090460	on how the technology is made and what that might mean.
9090640	9092020	Because there's a lot of consciousness stuff
9092020	9093200	that falls in this category.
9093200	9093740	Can I stop you right there?
9093820	9096580	So there's satellites that track them coming in
9096580	9097580	and out of the atmosphere?
9098640	9100160	Absolutely, yeah, absolutely.
9100800	9102160	What kind of satellites are these?
9102900	9104220	How would I, I don't know.
9104300	9105580	Usually forward-looking infrared,
9105820	9107880	but I don't know what spectrum of the infrared
9107880	9108580	they're looking at.
9108580	9117380	So there's some sort of a camera or some sort of a detection device that they have in the atmosphere just to check for UFOs?
9117420	9118840	I don't know if it's just for UFOs.
9118840	9122380	They can pick up very, very specific heat signatures.
9122420	9131760	And they have algorithms because what you have is a satellite is a device that can pick up what you program it to pick up.
9131900	9135920	Now, you put a sensor on there, but you've got to tell the sensor what to do.
9135920	9140940	Right. So if the sensor says look something traveling at this speed with this kind of heat
9140940	9145080	You know, you got to record that you got to focus on it and that that's what we call an ICBM
9145080	9150260	But if something comes in and zigzag stops and turns left and it's traveling ten times faster than that
9150260	9152200	We need you to record that and focus in on that as well
9152200	9153880	But if something just is moving
9154460	9159600	Low and it's only going 300 miles an hour and it has these big wings and a low whatever there are just a plane
9159600	9165100	You know, so the what it captures is based on you know, how it's programmed in
9165920	9171580	first place but so we can differentiate between meteorites and absolutely yes absolutely so so
9171580	9176120	how often are these things coming into our atmosphere oh i don't know but i i've had quite
9176120	9182660	a few discussions um one of the people i i've been i've been in contact uh one of my advisors
9182660	9188260	for it was from the national reconnaissance office high up high high up and um they call
9188260	9192880	it episodic visits that's all i know episodic meaning like they have time periods where they
9192880	9216140	I saw a paper where the Department of Defense figured out a physicist there, an algorithm of how to compute when the things fly in and collect smaller ships, like motherships, small ships, at what longitude and latitude and essentially what orbit it would land at when it would collect these other machines.
9216740	9218620	And so they tested that.
9218700	9220480	And all I know is it was successful.
9220480	9227060	Ultimately, Hillary Clinton wasn't elected, TTSA failed, McCaslin got a slap on the wrist,
9227220	9233700	and Lew was forced to reposture. You would think after the failures of TTSA in the early 2020s,
9233700	9239040	before which Lew actually quote-unquote left his position as director of NPMS to shortly join
9239040	9244900	TTSA in 2017, that this limited disclosure effort would be disbanded. But seemingly,
9244900	9249180	Namely, it is alive and thriving, but evolved and morphed.
9249200	9250920	Enter Age of Disclosure.
9251500	9256240	And it was later in my career that I actually began running special access programs for
9256240	9259840	the US government, and in some cases reported directly to the White House and the National
9259840	9260580	Security Council.
9261160	9266200	The nerve to include Clapper in Age of Disclosure is one thing, but the documentary serving
9266200	9271000	basically as an amnesty plea and misdirect on the legacy program structure is downright
9271000	9272040	insulting to me.
9272040	9277080	And this isn't a dig at Dan Farah, the film's director, or the quality of the documentary,
9277860	9282320	but a staunch criticism towards Elizondo and Stratton, who are bizarrely still protecting
9282320	9286240	Clapper, the National Security Council, and pushing for limited disclosures.
9302040	9307440	go back to my normal life. I live in Colorado and I'd rather just ATV and hike with my dogs
9307440	9312540	and not have to deal with this on the public stage. I never wanted to be a public personality.
9312860	9318900	I have no book deal like other people in this space. And I'll write a book. I promise I'll
9318900	9324240	write a book after this is all over. It'll be my leadership meditations. My greatest critique of
9324240	9330240	the film, as I have been oh so outspoken of, is the structure of the legacy program Elizondo and
9332040	9338940	The film states the legacy program, Singular, is spearheaded by the CIA DS&T or Directorate of Science and Technology,
9339180	9344380	within which the DS&T deputy director is the big bad mob boss of the program.
9344720	9350240	Below DS&T on equal playing fields sits the DOE, Air Force, and contractors.
9350840	9356840	This is demonstrably false on so many levels, and you don't have to get into the details as I do on here,
9356840	9363620	But I will not for one second believe this outline was crafted to translate the legacy programs to a general audience.
9364260	9370380	No, I do believe such an organizational chart was generated to both protect Lou and Stratton's legacy friends
9370380	9375600	and dictate who gets to catch the live hand grenade when and if disclosure comes.
9376760	9384040	I won't go into too much detail, but as we know here, the DOE is baked into every single layer of the legacy structure,
9384040	9386300	structure, not be holden to the agency.
9387000	9391740	We know that defense industrial base prime contractors, besides the ones that broke free
9391740	9396980	to use IRAC to start their own programs in 2005, are the lowest level of the totem pole.
9397280	9398440	Where is the Army?
9398620	9399360	Where is the Navy?
9399620	9402320	Where is the Office of Naval Intelligence, Jay Stratton?
9402520	9406100	Where are five of the other big six intelligence agencies?
9406360	9407180	Where's the DIA?
9407500	9411120	Where are the FFRDCs, National Labs, and UARCs?
9411880	9419180	As it goes without saying, agency is not the UFO portfolio lead, though of course it has played a
9419180	9425540	major, major role throughout history. Indeed, the program activity lead as David Grush recently
9425540	9431240	stated, has often rotated for program purposes, where administrative components to legacy
9431240	9437680	operations often exist in a flat hierarchy with a very fractured and loose top dog control group.
9437680	9441720	That's part of the program protection strategy where they do rotate things.
9441900	9446100	And that's the same thing with how they hide this program based on time epochs and who
9446100	9450380	they trust, career civil servants, career senior executives in industry.
9450680	9455520	They rotate it and there's no, they randomize the schema too.
9455640	9459160	It's not like this one guy and this one DOD office always gets it.
9459260	9465120	They spread it across and it's just like rule by committee, flat hierarchy, and that's how
9465120	9465500	they bounce.
9465500	9470380	And I've seen that in conventional programs that weren't reported to Congress as well.
9470500	9477180	It has nothing to do with the subject, the way they just will hide things and make a program that's not technically a compartment.
9477920	9479460	I will tell you all that stuff.
9479840	9485000	Why in this organizational chart is the National Security Council missing above the DS&T?
9485220	9490240	Because this portfolio out of the U.S. government is indeed run by the NSC.
9490240	9495420	Oh, that's right, probably to protect Clapper and Lou's old AATIP interests.
9496540	9499100	Many, many questions still remain about Lou.
9499300	9505220	What was his and Clapper's motive for the AATIP cover program that served a partial disclosure campaign initiative?
9505620	9508640	What is Lou's true background within the legacy programs?
9509180	9513960	Why is Lou still protecting individuals and misleading in the Age of Disclosure?
9513960	9514040	closure.
9515080	9520240	Though it may not seem like it, both Arrow and Elizondo through AATIP are two elements
9520240	9525480	of the Legacy Program Onion, systems to offer disinformation and egregious narrative control.
9525920	9531440	And guys, although this section may have been harsh, I do need to state I am beholden to
9531440	9534740	my mission of uncovering and exploring the Legacy Programs.
9535480	9541440	Again, I stand with the whistleblower, but I do not trust Mr. Elizondo nor the AATIP
9541440	9541740	initiative.
9548780	9555380	As we begin to finally wrap up our investigation into the secrecy apparatus behind UFO legacy
9555380	9560860	programs, we will end our discussion with the concept of unrivaled secrecy.
9561040	9566700	Various methods, operations, activities and systems that legacy programs utilize to stay
9566700	9571400	a hidden that we could quantify as discrete or minor layers within our legacy onion.
9572220	9576960	Critical secrecy mechanisms to discuss that won't feature their own section, but tie
9576960	9580880	in intimately to major discussion points within our two-part investigation.
9582120	9588860	Obviously, as we discussed today, legacy programs utilize content-only SAPs to waive any and
9588860	9590720	all carve-out reporting requirements.
9591540	9595760	These SAPs contain CPI only and feature no budget.
9596700	9602980	budget for such SAPs can be rolled into generic DoD, armed forces, etc. budgets, and we discussed
9602980	9609680	as such with Air Force Acquisition, SAF AQ. We know the right code words and we know which
9609680	9615580	reported special access programs and controlled access programs were essentially covering it up
9615580	9622180	in performing financial fraud to hide some of the paper trail, misappropriating funds and then
9622180	9630480	taking haircuts across other black programs to funnel the money to do those kind of activities
9630480	9636100	to keep it off books. Thanks to the SAGE Council of David Grush, alongside the practice of making
9636100	9641660	a White House special access program non-covert to waive reporting requirements with content-only
9641660	9647460	SAP application, we know that legacy programs have harnessed several methods of misappropriation of
9647460	9650460	funds to keep legacy program records off books.
9651500	9655900	My guesses, educated guesses might I add here, for programs that get such
9655900	9661460	haircuts that funnel into legacy would include USFS or US Forestry Service,
9661680	9667320	BLM, Bureau of Land Management, and other obscure offices one would not immediately
9667320	9668140	expect.
9669440	9673680	A specific example here would be forest management money passing through USFS,
9673680	9677240	but is ultimately diverted towards the crash retrieval portfolio.
9678900	9682440	Alongside program haircuts, we also know that IRAD,
9682440	9686380	or Independent Research and Development, has been a method for legacy funding.
9686900	9689060	Well, so that how does, I mean, I don't want to cut you off,
9689120	9690820	but how does a program like that get funded?
9692440	9694120	I will give you generalities.
9694120	9695880	I can get very specific in a closed session,
9697180	9700020	but misappropriation of funds and self-fund.
9700020	9706180	Does that mean that there is money in the budget that is said to go to a program, but it doesn't, and it goes to something else?
9706340	9707440	Yes, I have specific knowledge of that.
9707580	9715520	Do you think U.S. corporations are overcharging for certain tech they're selling to the U.S. government, and that additional money is going to programs?
9716140	9717740	Correct, through something called IRAD.
9717740	9734260	Of course, one of the major investigations in my Northrop2 project was exploring how Northrop and other contractors essentially began their own breakaway UFO retrieval and exploitation activities in 2005 that featured little to no reporting to their original government handler.
9735480	9740860	Further covert funding mechanisms for legacy programs likely include self-fund cutout activities.
9740860	9746060	And we've actually seen this in part one with the Yellow Fruit USAP, in which Lieutenant
9746060	9751120	Colonel Duncan staged his retirement from the US Army to operate Yellow Fruit activities
9751120	9754680	through a quote-unquote private consulting cutout called BSI.
9755600	9761220	Additionally, I have talked in that sense at length about LTV Aerospace and their involvement
9761220	9762540	in legacy architecture.
9762940	9767440	LTV would evolve into E-Systems, a CIA cutout.
9768360	9773220	I'm sure there are several other covert funding schemes to hide legacy financial books,
9773400	9779160	such as private capital and drug trafficking, but alas, the above mechanisms I do have specific
9779160	9784580	knowledge on. Bob, I want to ask you about recent allegations you've made accusing Intel agencies
9784580	9790740	of hiding billions of dollars in secret government spending from Congress. I mean, we know about Air
9790740	9795660	America, you know, CIA has done stuff like that, even Iran-Contra. So we've seen this happen before.
9797440	9801560	not aliens, it's what our government does. But tell us what you know about that.
9803000	9806580	Yeah, certainly. Earlier in my career, I was a counter-threat finance analyst.
9806940	9811960	I actually worked in a special cell looking at arms trafficking and terrorist funding. So I
9811960	9816920	have that background in counter-finance. And what I found was there were haircuts
9816920	9824680	taken to classified black programs to fund this. There was also self-funding cutout companies,
9824680	9826760	if you're familiar, and you mentioned Iran Contra,
9826840	9829760	and they had cut out companies, self-funding,
9829840	9832280	some of the arms purchases for the Contras.
9832520	9835420	But also criminal enterprises, unfortunately,
9835640	9838040	is kind of the third way I saw laundering money.
9838140	9841540	And I actually bumped into a very serious criminal enterprise,
9841680	9845420	and all that information was actually reported to Department of Justice,
9845640	9850120	and it led to some federal investigations and things I can't mention now,
9850280	9853040	but the DOJ is actually handling that now
9854680	9860740	government-run criminal enterprise that was siphoning money for this topic as well to pay
9860740	9866380	for kind of the crash retrieval operations off books. And make no mistake, the secrecy behind
9866380	9872920	funding legacy programs is not discrete or minor within our onion analogy. I am only briefly
9872920	9878040	touching on this now because of course in the future, I would like to make a full project,
9878060	9883160	who knows, maybe a two-parter on the funding schemes and methods behind the legacy apparatus.
9884840	9894080	We talked so much about program protection and program exposure mitigation within the legacy programs, but let's continue with a few specific examples.
9895120	9899500	As we talked about with DARPA-SID, there is of course the topic of wetworks.
9899800	9906080	I can think of no better possible alleged example than the hero who is the late Matthew Sullivan.
9906760	9914320	As we know from Representative Burleson, Matthew Sullivan was set to deliver protected disclosures on the topic of UFO legacy programs.
9914680	9921180	Whereas he mysteriously passed away from a quote-unquote accidental overdose just two weeks prior.
9921940	9928060	Sullivan was a decorated Air Force veteran who earned a Bronze Star for Valor in Operation Enduring Freedom,
9928400	9936100	served within Air Force Intelligence, the National Security Agency, as well as the National Air and Space Intelligence Center, NASIC.
9936420	9940520	Many have wondered if indeed Sullivan was part of the legacy program,
9940520	9942660	and like swirling rumors suggested,
9943040	9946060	had firsthand experience with recovered UFO craft.
9946500	9948140	To answer that question,
9948340	9951600	who do you think David Grush is speaking about in this clip?
9951860	9954140	We should be leveraging, you know,
9954160	9955260	National Overhead Enterprise
9955260	9958220	and other parts of our National Intelligence Enterprise
9958220	9960980	on this topic, but we use it, you know,
9960980	9963180	in secret, on the down low,
9963400	9966500	the night job of a certain analyst at NASIC
9966500	9969020	who also works for the legacy program
9970520	9971780	this stuff without tellin
9971780	9976780	how the program has um, y
9976780	9978560	this over the time. And I
9979120	9981140	that's a real travesty. A
9981140	9983580	into what Dave Grush had
9983580	9987320	and certainly recently, m
9987320	9990080	Matthew callsign quake Su
9990080	9993580	away mysteriously before
9993580	9996360	the hill to testify about
9996360	10003320	his knowledge of these activities. And Quake was a Bronze Star recipient, an Air Force officer,
10003560	10009280	intel officer friend of mine that I served with. And he was one of my sources in my investigation.
10009640	10016060	And he passed away mysteriously. And that is an ongoing FBI matter, so I won't characterize it.
10016160	10021740	And I'm open to different conclusions of what happened. But just to your point,
10021860	10024260	there's been a lot of anomalous things that have happened to people.
10025300	10038440	As we know from Grush, Borland, Brown, and others, administrative terrorism is another vehicle harnessed by program protection elements to make a whistleblower or prospective whistleblower's life unbearable.
10038740	10046340	Since we just referenced Sid, and I speak often on Northrop, perhaps this Matt Brown quote is quite poignant here.
10046340	10052940	Key players in the legacy security architecture lately or currently at Northrop Grumman.
10053740	10055500	And his name is-
10055500	10056500	Name redacted.
10056500	10058260	Show us a photo of that. I have it right here.
10058940	10065820	I know you do. Before we look at this photo, not only that, you could prove it beyond a
10065820	10069960	shadow of a doubt in the court of law. And if anything were to happen to you or anybody,
10070240	10072360	then it'll all be put out anyway.
10072360	10081660	way yes and it's not just me yes you know in my last interview i said that it's been a long hard
10081660	10091580	road to find allies have them now and i do and we are done taking punches and not punching back
10091580	10094680	name redacted is responsible okay so
10096620	10101940	has been responsible for a lot of what you're talking about current day.
10102200	10107500	Current day as it relates to the UAP problem, he is a nexus point for legacy security. He's
10107500	10112440	part of the dirty tricks department. People bring names that need to be handled to this individual.
10112700	10118500	This person looks at those names, matches it to the capabilities to go achieve XYZ objectives.
10118620	10123760	And then the result is an ecosystem flooded with disinformation and psychological operations and
10124700	10133980	whistleblowers and their allies. So I cannot reveal everything about this because I am
10135120	10140440	communicating it for others. And what is his current role in government, if any?
10140840	10146680	No role in government, but in the military industrial complex, he is most recently at
10146680	10153820	Northrop Grumman. And the little title he has here that people might find interesting
10157080	10159200	deputy SAPCO for DARPA.
10159560	10162120	Within the David Grush Judicial Watch interview
10162120	10165020	that we might have quoted a dozen times now
10165020	10166360	and that keeps on giving,
10166600	10168960	Grush spoke on some administrative terrorism
10168960	10171720	that was leveraged against him to destroy his career
10171720	10175220	before, during, and after his public exposure.
10175620	10178380	And there was all these manufactured allegations against me,
10178520	10180340	whether from a security perspective,
10180540	10182840	which is kind of funny because of what I did for a living,
10184680	10188440	All that was unfounded. And I maintain my, you know, TSSCI clearance.
10188860	10195940	But they went after several people I know administratively, even right after I left NGA.
10196040	10199020	They went after my chief of staff, tried to revoke his clearance.
10199260	10201700	They revoked my boss's clearance at the NRO.
10202240	10209040	And they just say they started like, well, who was Dave's enabler and who, you know, who might have told Dave something?
10209040	10230540	And so they started pot shotting people. And that's the insidious thing under the security mafia will do. It's, you know, your clearances, your livelihood and your reputation from a conduct perspective. And I just know so many people in my orbit that they went after either legally, administratively, ruined people's lives.
10230540	10235460	I have friends of mine that have been out of work for three and a half years now.
10235580	10243440	A very senior person in the SAP community was taken out and is still going through years of legal appeals.
10243640	10252020	And even for my reprisal matter, you know, trying to prove my case on that, I've been seeking documents since 2022 on that matter.
10252160	10256260	I've been denied B7A, FOIA exemption, law enforcement records.
10256260	10272280	Well, what's going on? What investigation is going on towards that exemption? And I'm likely going to have to sue those law enforcement agencies like I'm doing an EDBA with the Air Force complaint against myself, because that's the only way I'm going to get production in a timely fashion.
10272280	10276180	And the process, I feel, is the punishment for a lot of whistleblowers.
10276320	10280500	So there's this sophomoric analysis going around in the disclosure community.
10280820	10285380	Oh, well, they've never came after whistleblowers making classified disclosures to Congress.
10285880	10294940	Well, that may be true literally on the books as a matter of legal record, but there's all these admin terrorism techniques they can do to you, your family.
10297760	10298880	Unrivaled secrecy.
10298880	10316420	We have spent, at this point, nearly seven hours exhaustively discussing systems, methods, and loopholes legacy programs have taken for decades to carry out the retrieval, exploitation, and derivation of non-human technical vehicles with total, impenetrable security.
10317700	10321120	And the thing is, we are just scratching the surface here.
10321120	10330200	Such systems we have talked about include translating the secrecy apparatus of the Manhattan Project onto what I dubbed the Manhattan Project 2.0,
10330320	10338040	establishing the National Security Council's Covert Action 5412 Committee Special Group as the early overall program coordinator,
10338340	10347760	taking custody of recovered vehicles to Atomic Energy Commission laboratories that would blossom to the current FFRDC-GOCO infrastructure within Legacy today.
10347760	10354640	the 1954 Atomic Energy Act, introducing a litany of further classification and security protocols
10354640	10361880	protected by extreme statutory authority, breaking the programs into siloed containers hidden within
10361880	10367500	cover offices and programs to hide from then-black budget oversight reforms during the Cold War,
10367720	10373140	and permanently severing off the legacy program control group into a quasi-government and
10373140	10376440	an industry group of just over two dozen in 1994.
10378060	10381520	We discussed legacy activities, exploiting special access,
10381840	10384520	controlled access, and non-covert action programs,
10385040	10388200	specifically the White House creating non-covert,
10388340	10391120	content-only, covert action special access programs
10391120	10393980	to completely waive any reporting requirements
10393980	10395300	and budgetary information.
10396640	10399100	We analyzed the SAP world to identify
10399100	10401240	where gatekeeping structures are set up
10403140	10408820	SAP enterprise, to restrict even credentialed individuals from accessing the programs if
10408820	10411760	they do not possess a relevant need-to-know.
10412880	10418560	We studied types and classifications of SAPs and ultimately discussed examples of such
10418560	10423980	legacy SAPs crossing over with three relevant OSD departments that are critical to legacy
10423980	10429040	operations, USD-INS, USD-R&E, and USD-ANS.
10429040	10433400	and S. Indeed, we also discussed DOE SAPs and their
10433400	10439780	multi-faceted authority from both EOE 13526 and the 1954 Atomic Energy Act.
10440140	10446140	We even analyzed misappropriation of funds used to funnel money to these programs, including
10446140	10452220	haircuts across programs, IRAD, hidden budgets, self-fund, and possible illegal activity.
10452220	10462160	We identified several program protection agencies deputized to enforce insider and outsider threat protection for the legacy infrastructure.
10462540	10469020	These include DARPA-SID, AFOSI-PJ, AFL-CMC-IP, and DOE-OICI.
10469960	10476480	We even reviewed possible actions taken by these services such as wetworks and administrative terrorism.
10477160	10481260	Lastly, we have discussed disinformation and narrative management.
10482220	10486200	highlighting a coordinated disinformation effort that has been in play since roughly
10486200	10489060	1953 with three major milestones.
10489520	10492560	The Robertson Panel, Condon Committee, and Arrow.
10492900	10498440	We studied a parallel effort to Arrow that while also operating as a narrative management
10498440	10504320	campaign originated from within a different section of The Onion, Lou Elizondo and the
10504320	10505760	AATIP cover program.
10506300	10511140	I'm sure I'll get flack for such discussion of Lou, but it is critical to discuss this
10512220	10516060	behind why there has always been so much controversy behind Elizondo.
10516640	10519900	Elizondo is not the champion of disclosure we humans deserve.
10520520	10525080	Once again, if Lou Elizondo operated at the behest of legacy programs
10525080	10528140	before, during, or after the fake A-Tip program,
10528520	10530780	he should just come out and say it.
10530880	10533420	He still does have time to do the right thing.
10534460	10536020	And believe it or not, guys,
10536140	10538620	there is still so much I haven't gotten to
10538620	10541800	that I feel like I'm missing out by not including in our investigation.
10542220	10544980	But this is already such a robust and long project.
10545320	10549060	Two specific examples parallel to the SAP Enterprise come to mind.
10549720	10553420	Managed need-to-know, MNTK code words and constructs,
10553420	10556840	and alternative compensatory control measures, ACCMs.
10557080	10559880	And yeah, we'll probably get to these in the future.
10560860	10565700	So as we've seen here, the outermost protective layer of my legacy program pyramid,
10566140	10571080	security, secrecy, and program protection, is no small fish to tackle.
10572220	10575720	I sincerely hope over the course of this monolithic investigation,
10576200	10582820	you have learned a thing or two as to how the legacy programs have maintained their covert, impenetrable nature.
10583460	10590200	These programs are so secretive and siloed, we as Americans are facing a severe national issue,
10591040	10594140	where such legacy programs are a pitiful shell of themselves,
10594660	10601720	rife with adversarial fiefdoms, subject to insane brain drain, and a system of enormous waste.
10604860	10610680	What's going on, guys? It's Gerb, and I say this at the end of every single video, but I mean it especially now.
10611000	10614400	If you're still here with me, thank you from the bottom of my heart.
10614440	10620780	It means the most that you would watch this two-part, at this point, about seven-hour investigation with me.
10621120	10624820	Learn with me, research with me, discover with me.
10624860	10628620	So thank you so much. I appreciate it more than you can ever possibly understand.
10628620	10636100	stand. This two-part investigation has without a doubt been my favorite work to date, not only
10636100	10640700	because this two-part has taken up so much of my life over the past couple of months,
10641480	10645820	and that's not even considering the editing on the videos. That has taken forever, but
10645820	10650740	the writing of the script, the researching, getting my thoughts together, collecting the statements
10651380	10657100	into a digestible format that I've collected over the years. I really loved this project,
10658620	10663420	When I started off with this project, I thought it was going to be relatively simple like I do with every single video.
10664060	10666340	But as you could see, I could make a part two.
10667100	10668040	This is a part two.
10668080	10670240	I'm sorry, a part three, possibly even a part four.
10670640	10680600	You know, even in the SAP discussions, I didn't even get to manage need-to-know constructs and code words as well as ACCMs, accredited compensatory control measures.
10680900	10688280	And there's a lot more I would have loved to have talked about, more program protection strategies, more of the history that we talked about so much in part one.
10688620	10695880	But, you know, if you're new to my channel, well, if you haven't watched part one, go watch it now, because I'm about to say the same thing I said at the end of that.
10695960	10699780	This is about the time, if you're new, where I do my post-video rant.
10700560	10711080	For me, it's kind of a celebratory way to get on camera and just talk without a script, without worrying about how I'm going to construct the next statement, construct the next argument, or lead into the next section.
10711820	10722160	So it really is nice for me just to hop on here and talk with you guys and kind of share my thoughts at the end of the project without having to, you know, go ahead and edit the footage, etc.
10722280	10729080	So let's try and focus as much as we can here on part two today because I've already done a part one debrief and so on.
10729880	10749780	Part two, as I stated so often, the most important part of this project, and I'm going to stress it again and maybe we'll spend a good amount of time talking about it here, is the specifics that the legacy programs has used to kind of manipulate and massage special access, controlled access, and covert action programs.
10749780	10770420	As I stated throughout this project, much of the argument about UFO legacy programs is presidents, temporary employees, the vast majority of the Congress and other appointed folks within the U.S. government, more often than not, are not written to these programs.
10770420	10771820	And I maintain that is true.
10772080	10777040	As I've argued throughout my previous videos, throughout the two-part investigation today,
10777900	10782800	is that the very legal and statutory basis for the legacy programs was born out of the
10782800	10787780	executive branch, specifically the White House, specifically the National Security Council,
10787980	10792940	specifically some stuff set up by Truman, and then more concretely, the 5412 Committee
10792940	10794580	Special Group set up by Eisenhower.
10794580	10806640	So since the 1950s, that would be 1954, 1955 for the NSC 5412, the legacy program effort was concentrated out of the National Security Council up until about 1994.
10807080	10819420	You know, there was fragmentation of the programs throughout the Reagan administration, the ending of top secret code word access through Executive Order 12356, National Security Decision Memorandum 159 and so forth.
10819420	10826920	But the controlling entity of the programs for the overwhelming majority of the program's lifespan has been the National Security Council.
10827760	10834860	Now, as we talked about so much in 1994, there was a quasi-industry and government control group of just over two dozen.
10834940	10840920	I think if you watch back the video, you can find the exact number as I stated visually several times.
10842540	10845240	Control was vested out of the National Security Council.
10845240	10852400	Council, the primary reason here was fear over Clinton's disclosures. And John M. Deutch and
10852400	10859480	William Perry, William Perry specifically, his SAPOC reforms kind of attempted to then serve as
10859480	10864820	the primary gatekeeping structure. So before we talk about these specifics with content only and
10864820	10869960	non-covert action programs, let's talk about the hierarchy of SAPs again, because I do think this
10869960	10874260	is very important. And of course, we'll talk about the types of SAPs, the protection levels,
10875240	10877740	over what we spent so much time talking about here.
10878700	10881940	The hierarchy and governance of special access programs,
10882220	10884640	you have your component level SAPCOs,
10884640	10886180	SAP central offices.
10886860	10888880	Each element of the armed forces,
10888940	10891560	so six total has their own component level SAPCO.
10892380	10896040	And so does DARPA, so does the Missile Defense Agency,
10896180	10897900	and so do the Joint Chiefs of Staff.
10898240	10900960	And these component level SAPCOs
10900960	10904140	have kind of purview of all SAPs
10905080	10910260	departments. And then you have USD, now USW. I'm never going to call it the Department of War. It
10910260	10915980	will always be the DoD for me. They have their own SAPCO. And then you have the DoD-level SAPCO,
10916060	10921560	the Department of Defense-wide-level SAPCO. The DoD-SAPCO is kind of the interface and access
10921560	10926480	approval authority, basically, for members of Congress. The DoD-SAPCO also kind of governs
10926480	10932820	SAP policy for all DoD-wide SAPs. Above that, you kind of have the senior review group, which
10932820	10935920	which belongs to the SAPOC, the Oversight Committee of SAPs.
10936100	10940820	The senior review group is a group of senior executive level officials,
10940940	10942460	senior executive service individuals.
10943000	10948100	I think that when Dave Grush in 2023 said senior executive officials
10948100	10952300	instead of senior executive service, this is because SES members,
10952600	10955180	it's kind of more of a broad paintbrush.
10955380	10959740	We talk about SES individuals like William E. McClure, Randall G. Walden,
10959840	10961620	Terry Phillips, Liam Russ, et cetera.
10962860	10967180	DISA's, Defense Intelligence Senior Executive Service. This would be somebody like Jay Stratton
10967180	10971940	while he was on ONI. So senior executive officials, just kind of a broad term for that, both in and
10971940	10977360	out of government. The senior review group is supposed to prevent kind of duplication of SAPs
10977360	10983800	across the DoD. And we know with legacy programs, this hasn't been done. I do not mean it hyperbole
10983800	10990000	when I talk about the Army and another branch of the armed forces kind of having duplicated
10990000	10996780	special access programs on the exotic front, kind of crossing over or doing the same thing,
10996800	11001420	I mean, to say with no crossover of personnel, program security officers, SAP security officers,
11001740	11008140	contractor security officers, et cetera, completely siloed projects. And then you have the SAPOC and
11008140	11012700	kind of the SAPOC is where a lot of decision making is made of special access programs.
11013560	11018020	We also had the, it was the senior SAP working group we didn't really talk about, but the SAPOC
11020000	11024720	From what I understand from the Wilson Davis notes that this is indeed true is in 1994,
11025060	11031320	the SAPOC and the SAPOC's SRG kind of got put in place as a gatekeeping structure for
11031320	11033000	access into the legacy programs.
11033140	11036200	This isn't to be confused with something like the Majestic 12.
11036620	11043220	The Majestic 12 or modern day, it's not the MJ27, but a group of quasi industry and government
11043220	11043900	control group.
11044040	11048820	These are not the gatekeeping structure for the programs, although they do involve, for
11050000	11055940	like a DARPA SID individual who's in this new group of over two dozen who needs somebody gone.
11056640	11062120	That would be something that would be made at that sort of executive level position. And then
11062120	11070280	your program protection agencies would deal with that person. But the SAPOC and their SRG are just
11070280	11078480	more of gatekeepers. They keep the gates for specifically cleared personnel to access the
11080020	11085320	need to know. We know with Admiral Thomas Wilson that even though he was deputy director of the
11085320	11091500	DIA at the time he was denied access, I'm aware of another four-star general who had no idea the
11091500	11096160	programs existed and was somehow able to use his credentials, and he had really good credentials
11096160	11101320	after a period of time to brute force his way into the programs. But if you want to talk about
11101320	11105720	your senior review group and within the Wilson Davis notes, the watch committee, the watch
11105720	11110700	committee there would be directly connected, possibly even carry over members to that
11111420	11116760	quasi-government and industry control group of just over two dozen. So, you know, that's without
11116760	11122000	even talking about the SAP security officers, PSOs, even further access approval authorities,
11122180	11128260	but that's sort of the hierarchy and governance of SAPs. And at the SAP co, but more importantly,
11128360	11131800	SAPOC and SRG level, that's where a lot of the gatekeeping into the programs are.
11131800	11141100	We talked about the types of SAPs, types of SAPs being acquisition, which comprise about 75 to 80% of all SAPs, intelligence and operations and support.
11141300	11152440	And I gave what I thought was a pretty good example of if you have a triangular airframe that incorporates several elements of non-human technology, an acquisition SAP.
11152780	11158420	You know, remember, we have SAP umbrellas, but an acquisition SAP on this project would be how this airframe is built.
11158420	11163880	if this airframe in the example I used used a reverse engineered propulsion system and
11163880	11168020	electro-optic cloaking. Gosh, I talk about electro-optic cloaking stripped from craft
11168020	11173720	quite a lot, don't I? I hope some people have picked up on that. The intelligence SAP would
11173720	11179560	protect how we know what we know, kind of the intelligence behind that craft recovery and how
11179560	11184900	those materials or those systems were deemed to be exploitable. And the operations and support
11184900	11189740	PortSAP would support how and where this craft or vehicle is used.
11190600	11195700	Maybe another example we could kind of chew through live would be the Immaculate Constellation
11195700	11196040	activity.
11196720	11201460	Recently, Dave Grush has talked about, which I'm so happy he has because now I can kind
11201460	11205840	of state it as fact because I was also aware of this, that the Immaculate Constellation
11205840	11211000	activity was run out of the National Security Council, established in about 2017.
11211780	11214720	I reckon this was likely an intelligence sap
11214720	11217780	just as I reckon that the A-Tip was kind of
11217780	11219420	even though an informal working group
11219420	11222040	kind of disguised as an intelligence sap
11222040	11223600	and I'll kind of say why there
11224560	11225740	recently at his
11225740	11228320	I think it was California show
11228320	11229620	where Jeremy Corbell was on
11229620	11232500	Lou Elizondo was asked several questions
11232500	11234680	about James Clapper and A-Tip
11235340	11235960	I apologize
11235960	11238000	my mind's running right now guys
11238000	11239500	I have a million thoughts going through my head
11241540	11251180	uh Lou I I reckon he kind of dug himself into more hot waters by saying that AATIP was a sub-SAP
11251180	11256560	to all SAP now remember from the SAP umbrella you have SAPs you have the SAP umbrella you have the
11256560	11261020	sub-compartments and you have even further compartmentation down to where similar CPI
11261020	11267440	is grouped and so forth uh this isn't true AATIP was an informal working group so we uh in my
11267440	11274680	opinion, and I don't think it's my opinion, but I don't think that's true, that AATIP was a subsap
11274680	11280680	to the OSAP. AATIP directly operated out of the National Security Council and was a cover for
11280680	11286100	several National Security Council activities. And as Lou continues to dodge the questions around
11286100	11293360	Clapper, I wonder who gave cover for these activities that AATIP was kind of acting through
11293360	11299380	as a cover. So there's a lot of pieces to pick up there. And then the immaculate constellation
11299380	11307200	activity, I also believe was an intelligent SAP. But let's talk about the protection levels of
11307200	11311920	SAPs because my brain wants to go right now into content only and non-covert action programs,
11312060	11318740	but I'm just trying to progress logically as we get there. We know that SAP's protection levels
11318740	11323580	come in acknowledged, which generally has an unclassified budget, and a lot of congressional
11323580	11331460	members can get a read-in onto that. Unacknowledged, which carry multitudes higher security budget than
11331460	11337180	standard acknowledged SAPs, oftentimes the budgets for unacknowledged SAPs are kind of rolled into
11337180	11343340	generic budgets, or they are completely classified, and then waived, which are the most serious SAPs
11343340	11348560	possible, where the SAPOC, which kind of reviews the need and continued need for waived status
11348740	11354580	because the SAPOC and its permanent members and its SRG are read into all waived USAPs
11354580	11358080	throughout the entire U.S. government, at least within the DoD.
11359580	11363640	Waived USAPs are extremely serious, and a lot of the times only the Gang of Eight or
11363640	11365660	Gang of Four are supposed to be read into these projects.
11365820	11369920	But as we know with the legacy programs, oftentimes this is avoided.
11370100	11375080	And there's key Congress people put here and there who are read into such activities.
11375080	11385300	I would look at some senators or congressmen who were family or related to former presidents to kind of find out some people who might fit that bill.
11385780	11393720	And then we know there's further kind of security, not classifications, but security protections that can be put on.
11393780	11397060	We know bigoted, as Dave Grush talked about, which is by name.
11397460	11402620	We also, of course, know the much more standard no foreign, not releasable to foreign nationals.
11402620	11408720	And I mentioned no-forn because I'm specifically aware of programs that utilize the no-forn carve-out.
11409260	11412000	Back in their heyday, those programs have ended.
11412060	11415560	I imagine their records and materials have been either destroyed or buried.
11415700	11429560	But I am confident that that selection of specific programs not only existed, but dealt with some pretty, pretty wide topics from reverse engineering to crash retrievals to the study of biologics.
11429560	11447360	So now let's get finally to the real meat and potatoes and most interesting and most important part of this video, in my opinion, which is how can legacy programs use special access programs to completely waive any carve out or reporting requirements and maintain total secrecy?
11447360	11450560	because this, after all, if we're studying the legacy programs in the modern day,
11450680	11453840	is the whole crux and most important piece of this video.
11454900	11458480	Dave Grush's judicial watch interview is sublime.
11458540	11460620	It's probably the best interview I've ever seen on the topic.
11460700	11461340	It's fantastic.
11461640	11463140	And Dave Grush gave so many nuggets,
11463340	11467340	not only to kind of shout out that the National Security Council's 5412 Committee
11467340	11471860	with five initial members was sort of the initial program coordinator
11471860	11473860	for the legacy structure, but so much more.
11474480	11478900	Dave talked about some of the tricks of the trade that have been used by the programs and that's to
11478900	11486380	take covert action programs which are outlined by 50 U.S. Code 3093 the 3093 specifically was
11486380	11495220	established in the late sorry early 1990s but covert action goes way deeper covert action was
11495220	11500620	born kind of officially out of the 1947 National Security Act and cemented in the 1954
11500620	11507020	54, Policy on Covert Action by Eisenhower, which established the 5412 Committee and its special
11507020	11512900	group. The 5412 Committee was established to have oversight and purview of covert actions.
11513260	11518440	So inherently, as I stated, that if you have UFO legacy programs operating out of the National
11518440	11523460	Security Council's 5412 Committee special group, which is true, these activities would inherently
11523460	11529040	be classified as covert action. As the epochs evolved, these activities would be applicable
11530620	11532200	as 50 U.S. Code 3093.
11532620	11534100	So as Dave Grush said,
11534280	11536400	these covert action programs were transitioned
11536400	11539500	into non-covert action programs, White House SAPs,
11539500	11542500	which effectively waived all reporting
11542500	11543920	and carve out requirements.
11544820	11546720	The most important part of this video
11546720	11549700	is how do you take a White House SAP,
11550400	11552120	Title X U.S. Code 119,
11552200	11554960	slash a covert action program,
11555220	11558200	30 U.S. Code, 50 U.S. Code 3093,
11558200	11564120	and how do you get this program to operate in the gray area between Title 10 and Title 50
11564120	11567100	with no reporting and no carve-out requirements.
11567500	11570520	There's so many pieces that if you've watched any of my other videos,
11570560	11575820	you can kind of pick up on this, but this is the application of content-only SAPs.
11576060	11580260	Content-only SAPs are not a type of SAP nor a protection level,
11580380	11584000	but a budgetary tier slash administrative designation.
11584000	11591140	nation. Content-only SAPs contain CPI, critical program information, only and do not have a budget
11591140	11597420	or do not have an applicable budget because it is rolled into generic DOD armed forces or other
11597420	11604040	defense-related budgets. This is critical. This is why one of the biggest talking points is how
11604040	11608220	are these programs funded? There's so much talk about misappropriation of funds. The legacy
11608220	11613280	programs have had to get ultra-creative with funding schemes because the budget is outside
11614000	11620500	program. The budget is outside of the program. And these content-only SAPs can still operate
11620500	11626040	within a SAP umbrella or towards the top of a SAP umbrella where other activities, compartments,
11626040	11629780	et cetera, are below the content-only SAP. So the actual crash retrieval operations,
11630340	11634400	reverse engineering, are not done within the content-only SAP or content-only SAP umbrella,
11634540	11640360	but are attributable to that SAP. So that's why we have haircuts across programs.
11640360	11646320	programs. That's why we have self-fund from agency cutout activities formerly like eSystems.
11646560	11650920	That's why we have haircuts across the U.S. Forestry Service, Bureau of Land Management,
11650980	11658000	etc. And that's why, disturbingly, we have criminal enterprises that Dave Grush spoke of
11658000	11662220	on Fox News. I have had the displeasure of learning a little bit more about those, and
11663480	11667560	I really hope there is a continued federal investigation into some of the
11667560	11670800	the criminal enterprise activities around these projects.
11670980	11672620	And then, of course, we know from Witness Ed,
11672780	11676560	there's large swaths of money that reach Air Force acquisition
11676560	11680880	before any sort of review from Air Force Financial Management, SAF FM,
11681700	11684240	are thrown away into some black hole pot
11684240	11687820	that Ed kind of figured was a joint Air Force and a road project.
11688520	11691260	So content only SAPs.
11691320	11693980	This is one of the biggest tools of the trade.
11694140	11697160	And guys, this speaks to something which is far more concerning.
11697560	11708620	Some of my contemporaries, I know Stephen Greer does this quite a bit, states the legacy program apparatus is a cabal of illegal activity and are inherently unconstitutional.
11708720	11721860	So everybody who signed a nondisclosure agreement at the behest of these special access projects, he calls them, the NDAs inherently aren't real and you can violate them and there's no legal ramifications.
11722000	11722920	That is not true.
11722920	11743360	The biggest concern here is that the regulatory and statutory authority behind the legacy programs are absolutely legal. They exist in a gray area. They exist because of massaging of the special access program enterprise and control and governance structure. And they exist because of classified presidential executive orders back in the 40s and 50s.
11743360	11746720	But the very SAPs themselves are not illegal.
11747060	11751000	They're not, they are unconstitutional, but not illegal.
11751280	11755820	Now, the activities that these programs and special access programs and activities do,
11755920	11757140	those are highly illegal.
11757260	11762640	The misappropriation of funds, the possible blue on blue action that has been suffered
11762640	11765860	in the past, the myriad white and blue collar crimes, those are illegal.
11766060	11771140	But the very existence of the programs themselves, those are not illegal because there has been
11771140	11777460	purposefully sought after gray areas in which to hide these programs. These programs have matured
11777460	11783360	for 80 plus years at this point. You got to think there have been really crafty ways to
11783360	11790780	hide these programs and the statutory authority behind these programs between Title 10, Title 50
11790780	11795940	authorities, so that even empowered investigators like Dave Grush, when they find the programs
11795940	11800840	and they take their information to the inspector general, it's going to be really dang hard for
11801140	11804800	with appropriate access credentials to follow up on that information.
11805520	11808520	These programs have gotten great at secrecy.
11808580	11811320	And like I talked about, even though over the time epochs,
11811380	11814560	the programs have broken themselves apart from a once centralized effort
11814560	11819480	under NSC 5412 special group into a quasi-industry government and control group,
11819580	11823680	the one thing that has gotten better is the secrecy apparatus of the programs.
11823940	11825440	We face brain drain today.
11825640	11828000	There's no collaboration across compartments.
11828080	11829620	Northrop Grumman's doing their own thing.
11831140	11835900	still active in some NSC legacy activities, but for all in large, they're doing their own thing.
11836540	11840200	We're at risk of severe brain drain. Has progress stagnated? I'm not sure.
11840740	11846900	If progress has stagnated, it would be post-2009 when Dick Cheney left office.
11847860	11854380	But what needs to happen alongside disclosure is a complete reorganization of oversight in
11854380	11860860	the legacy program hierarchy, imagine the brainpower behind this program set. If it was
11860860	11866920	completely constitutional, above board, sure, still protected by waived USAPs, but still reported to
11866920	11871720	appropriate gang of eight, congressional intelligence committees, etc., and had presidential
11871720	11878080	overview. This could be the dawn of a new age for U.S. science, technology, space programs,
11878260	11882380	but these programs need to be back under traditional oversight channels. And it's not
11884440	11889200	because ever since, I mean, the dominoes were kind of put in place when the program was relegated to
11889200	11894640	NSC 5412. But really, since Reagan in the early 1980s, once yellow fruit was uncovered,
11894860	11899680	these programs have been scattering, folding in on themselves. I like to kind of visualize this as
11900620	11908580	there's some string physicists who were creating objects, shapes to kind of represent the manifold
11908580	11913880	of like 11th dimensional space. I'm not sure who the physicist was, and I'm not sure where to find
11914380	11916760	But that's how I imagine the legacy structure.
11917020	11922280	Something infinitely more complex than a Tesseract or a Mobius cube consistently folding in on itself,
11922840	11928180	expanding and contracting in various areas where you might be able to look at the surface area of one part of the program,
11928260	11929700	but it's constantly evolving.
11929980	11935340	And, you know, I've done my best to try and capture that evolution throughout this series,
11935700	11937160	but there's still so much more to cover.
11937840	11939400	I'm going long on my rant, guys.
11939560	11941840	We haven't even gotten to program protection agencies,
11941840	11946300	legacies, but I've talked about those so much, especially the SID or narrative slash
11946300	11950160	disinformation control. I'm sure I'll get some flack about Lou Elizondo, but I stand for
11950160	11957820	transparency, partial disclosure due to protection of equities or protection of co-workers or bosses
11957820	11962460	or individuals that have worked within the legacy architecture for years. That's not going to fly
11962460	11967100	right now. That sort of push within the age of disclosure, it's not going to continue to work.
11967360	11971260	This is why we need individuals like David Grush, who are completely mission-oriented,
11971840	11975960	in kimono, not holding back besides not saying stuff to where he's going to get prosecuted
11975960	11978260	or go to jail because he's had to avoid that in the past.
11978360	11982280	And I don't blame the guy for not incriminating himself and subjecting himself to espionage
11982280	11986680	or treason by stating this is exactly where the crafts and biologics that I am aware of
11986680	11987560	are buried.
11987760	11993420	So these partial disclosure campaigns that have been pushed since 2017, really back since
11993420	11997640	the AATIP cover program was initiated, these won't fly.
11997640	12003180	and again, if Lou Elizondo was part of the legacy programs,
12003480	12004680	he should just come out and say it.
12004700	12006100	There's still time to do the right thing.
12006980	12009340	But as he said on a recent show,
12009560	12011600	history will remember him as a hero
12011600	12012860	or one of the biggest villains.
12013180	12015460	I speak directly to you now, Mr. Elizondo.
12015580	12017880	You have a chance to still be an American hero.
12018980	12020860	If there's information you are holding onto,
12021000	12022160	individuals you are protecting,
12022420	12023500	lies you are telling,
12023660	12024820	you will go down as a villain.
12024820	12028840	And as an American, I hope the right choices can be made.
12028920	12036940	That's all I'll say because I can't direct you on how to act, but now is the time to
12036940	12042140	push forward for disclosure and really open transparency, especially your knowledge and
12042140	12044320	involvement within the program data set.
12044440	12045680	So that's all I'll say there.
12045860	12050620	And again, I still think they're worthy questions to be asked, like did Mr. Elizondo expose
12050620	12055740	Bose, Tom DeLonge, to elements of the Immaculate Constellation Project back in 2017 when he left
12055740	12061600	as director of NPMS and joined TTSA, where he was liaison to the NRO, NGA agency, and several other
12061600	12067540	agencies and services. I say this all allegedly. I'm a character. I'm playing a character,
12067660	12071720	and this is all for entertainment purposes. But guys, thank you so much for joining me.
12071820	12076780	From the bottom of my heart, it means the most. I'm recording this on the 17th of June,
12076780	12082260	June, 2026. The video is to be posted the 19th. I got some awesome stuff coming up at the end of
12082260	12087340	the month. I can't wait for you guys to watch that already on my whiteboard over here. I have the
12087340	12091800	next three projects lined out. The next one I'm super excited to get to. It's going to be a blast.
12092240	12097420	So thank you all so much for joining me. Remember, I do have a Patreon. I don't keep content there.
12097620	12101580	So only support what you think the channel's worth. Who knows? Maybe in the future I can do like
12102860	12106580	a live every other week for Patreon and YouTube members because I have YouTube membership
12106780	12113120	as well. But right now, I'm just pushing so hard to make real change in this topic. Please forgive
12113120	12117840	me if I can't provide additional content right now for that. But everybody who supports that,
12117900	12121580	I thank you so much from the bottom of my heart. You allow me to do this. You allow me to buy that
12121580	12127000	Panasonic Toughbook over my shoulder over there. But please also remember to like and subscribe.
12127660	12134120	Follow the Dreamland Motel, Xander Jones. He makes amazing music for this. Follow Mr. Justin,
12134120	12136760	who is a member of the Night Shift podcast.
12137480	12139620	He is currently helping me make my website.
12139760	12140620	He's a wonderful man.
12140800	12143120	He made that flux liner over my left shoulder.
12143340	12144180	Incredible guy.
12144220	12144760	Follow him.
12144820	12145540	Follow Xander Jones.
12145740	12146400	Follow Rob Jones.
12146760	12147380	Follow Kermit.
12147400	12149560	Follow all my friends who are doing great stuff in this work.
12150000	12151060	Support Dave Grush.
12151080	12151960	Support Dylan Borland.
12152080	12152800	Support Matt Brown.
12153000	12154380	And guys, thank you so much.
12154760	12157080	From this end of Rand, if you can see,
12157100	12158640	inspired me more than any other I've done.
12158740	12159480	So thank you guys.
12159780	12161640	And I will catch you all in the next project.
12161720	12162820	And please look forward to that
12164120	12164840	for it. Bye.
