start	end	text
1140	6520	okay we should be live let's just make sure things filter through and once we're good to go and we
6520	12180	know some folks are watching we'll get into it i know mr justin sander jones music to play here
12180	18980	well speak of the devil uh mr justin just sent me an intro song but i'm seeing it too late so
18980	25480	for the next live stream we will have uh an intro song now if if we're live guys and good to go can
25480	31180	Can you please just let us know in the comments if sound's working for everybody, if video's working, if the stream's all right.
31240	32720	Just let us know, please.
34240	35760	Shout out Mr. Justin, man.
37280	37640	Sweet.
37740	39020	Great getting to meet him at contact.
39420	39660	Yeah.
39760	43860	The best way to let us know that we're live, guys, is to like, comment, and subscribe.
45040	47760	Kerm, do you see the flux liner over my left shoulder?
47880	49020	Mr. Justin made me that.
49140	50320	It's over my left shoulder.
50460	54660	You might not be able to see it right now, but the top of the desk, that was a Mr. Justin special.
55480	66160	Nice. He came over. He watched the White House UFC card with me and he brought me some gifts. Mr. Justin's the man. Nice. Yeah. No, I can I can see it up there. That's that's pretty sweet.
67440	87200	Okay, gentlemen. Oh, okay. Mr. Justin's in there. Okay. So now that we're starting and people are rolling in, everybody knows at this point who you gentlemen are. But guys, also, thank you very much. We are heckin' live. If you guys would just take 30 seconds, 60 seconds to introduce yourselves, let the folks in the chat know who you are if they don't already, and then we'll get started.
89180	92980	started. My name is Kermit. I've been friends with
92980	98520	Gurb and Rob here for a couple of years, been covering this UFO thing, kind of in the back
98520	104940	channels if you will. I'm more kind of on the financial side of this subject and conversation.
105200	110660	That's what I like to talk about. So fun working with Gurb and Rob covering these events, live
110660	116400	streams, the hearings, been to a lot of the stuff. So it's always a time with these gents.
117200	118800	Excited to get into today's discussion.
120380	124020	Yeah, and for those that don't know, my name is Rob Jones.
124260	127300	I'm a research producer for Reality Check with Ross Coldheart.
127440	132240	I am Ross Coldheart's man on the ground here in the United States, based at the DC Bureau
132240	133420	office, News Nation.
134240	136660	I've been friends with GERB for several years now.
136760	140060	We made friends early on when I was not employed within this sector.
140240	142440	I worked in a very, very different field.
142440	148220	and through our friendship and the research that we've done together and the learning that we've
148220	152440	all sort of taken part in over the course of the past several years led me to this career.
152560	158380	And here we are, and now we're all kind of doing it. Okay. So before I set the groundwork,
158440	164080	let me say thank you to Thomas Sturtevant as well. Sir, are you related to Mary Sturtevant,
164300	169980	the Lockheed Martin Vice President of Government Affairs from 2006 to 2021? If so, please let me
169980	177600	you know. Not a common last name. No, it's not. And to set the stage for today, over this last
177600	182640	weekend, Rob, of course, lives in D.C. as the research producer for Ross Coulthard is doing
182640	190060	incredible work out there. Nine times out of 10 now, Kerm accompanies the gang. We all meet up
190060	195440	for events, whether it be hearings, a Seoul conference, contact in the desert. And quite,
195440	199700	He wasn't able to make this instance, so it was just Rob and I on the ground.
200440	204680	One of the big things we'll talk about is the UAPDF event on the 25th.
204700	206200	Both of us were there in person.
206960	213840	And the day before, the 24th, I had the good fortune of sitting down with Mr. Ross Coulthard for about two hours.
213980	218100	We recorded a very, very extensive reality check episode.
218420	222800	And then, of course, today there's some breaking news on the ATIP front.
222900	224000	So we'll talk about that as well.
225440	241640	I'd love to touch on too. This hasn't been uploaded yet, but on the 25th after the UAPDF event, I went to Burleson's office because I was supposed to record a Fresh Freedom episode with Burleson. That's his podcast. I was on it before.
241640	246740	for uh himself and his wonderful staffers who you guys have met his staffers they're great people
246740	251720	they sat down and said hey gerb can you push back your interview a little bit uh how put off and
251720	256260	avi lobe are coming in and I said sure whatever can I can I sit in and watch I'd be really
256260	260800	intrigued they said of course so I arrived a little early to watch them uh who else but how
260800	267160	put off arrived first and first of all uh just how put off as a person was really easy to interact
267160	271940	interact with himself and his wife were lovely people his wife especially was incredibly kind
271940	278200	uh we were talking right away we got into all sap a tip debacle um you know some interesting
278200	282680	Revelations from a character who hasn't really commented on that too much publicly and right
282680	288420	away burleson said I want you on this panel with us so we'll tuck into this as well but I did a
288420	295420	five-person podcast with Nate one of burleson staffers burleson Avi lobe and how put off and
297160	301800	were certainly discussed there. Guys, the most interesting thing to me is, I'm sure if you've
301800	306020	watched any of my videos, you know that I have alleged that the Kona Blue materials transfer in
306020	311280	2011, you know, where Lockheed Martin Space Systems Company Vice President Jim Ryder said,
311360	316540	you know what, we'll give bits and pieces of hull or craft to the OSAP, specifically Bigelow
316540	321480	Aerospace. I've kind of put forward some rumors that I've heard that I've been quite confident in
321480	326360	that these materials, at least bulkhead or bits and pieces of craft, were from the 1953 Kingman,
327680	335080	retrieval and leaving backstage discussions with put off i am quite confident now um that that is
335080	339600	the case as well he gave some very interesting answers when i when i pressed on that last thing
339600	344280	we'll talk about as well i did ask lou elizondo to his face if he was part of the legacy program
344280	349340	in a one-on-one interaction in which i was pretty nervous so we'll tuck into that before we get into
349340	354320	anything uh rob so ross coltart your boss comes in what was it like your first time meeting ross
354320	358960	in person that was awful man he's terrible to work for i never want to talk to the guy again
359520	366300	um no dude of course not uh meeting ross in person was fantastic he's everything that you would
366300	372300	expect of him uh he's uh he's a consummate gentleman and yet is also a scoundrel at the
372300	378660	same time he's a very han solo type character i would i would say um he's very very well traveled
378660	383760	and is just extremely personable not just to people that he works with or people he wants to
384320	389940	to, but everyone that he interacts with. He is very, very kind with every single person that
389940	395980	stops him on the street or wherever have you. Him and I were going to go to lunch. It was the first
395980	399740	time that we'd ever met in person. We'd been together for less than 30 minutes just sitting
399740	404580	together next to each other at the office. And he says, well, let's go around the corner to get
404580	409440	lunch. And as it turns out, it was two blocks for us to go to the place we were going to eat.
409440	414080	And he was stopped six times between the way there and the way back.
414260	418960	And it was nothing but people saying, you know, hey, you know, we love your work, so on and so forth.
419060	427240	And every time, even though this guy is jet lagged and tired and just wants to get food, he stopped and took time for everybody, which I really respect.
427420	432260	So, yeah, so I rolled into the News Nation studio.
432440	435160	First of all, it's awesome. You guys have a really cool studio.
435160	442660	And right before me, Mike Gold actually sat down with Ross, who he presented at the 2024 hearings.
443080	444660	I sat right by him at that time.
444700	447260	He was eating hard candy that whole hearings.
447600	450000	But he's interesting to hear from as well.
450140	453540	So I got to say as well, it was my first time meeting Ross, of course.
453660	456320	Kerm, I know you've communicated with Ross via email.
457060	458160	Way back in the day.
459080	461400	He was super pleasant to interact with.
461500	464800	One of the things that surprised me so much is he's very funny.
465540	470300	because of course, after we recorded, we all went out to dinner and Ross is hilarious. He's a great
470300	474760	guy to talk to. We got to talk to him about some of his other cases that he's covered in the past,
474800	479900	completely outside of UFOs. But, but, you know, I won't soon forget that. That was awesome
479900	486300	interacting with Ross. So without giving away too much of the sauce, Rob, you sat in for the
486300	490680	interview was, is it going to be interesting? I just want to get an outside perspective there.
490680	495160	there. Sheesh. Yeah, I love it. I think it's gonna be a great
495160	497740	interview. There's a lot of legitimate back and forth
497740	500020	between you and Ross that I think the audience is gonna find
500020	504320	engaging. And without saying too much, I think it's gonna be
504320	506820	like it's gonna be a banger, man. It's a long form
506820	508940	interview. It's one of the longer reality check episodes
508940	511200	that we've ever done. And we had the pleasure of filming it in
511200	513500	person, which you know, you don't really get to do often.
513700	516320	So I have high hopes for that one.
517200	520260	So I'm gonna put you two on the spot here. I want to hear what
520680	526580	have to say about this because I have a very, very extended discussion about this. Pretty recently,
526620	531900	Ross discussed rumors of an individual being hired for a very high-level White House position
531900	538800	to kind of spearhead the disclosure initiative. It's kind of come out since then. People talked
538800	544080	about this on Twitter with rumors, and it was kind of confirmed through Ross. And I can confirm this
544080	549660	as well, that that individual is Lou Elizondo. Essentially, the UAP czar role that he has sought
550860	553560	I certainly share many concerns with that.
553660	559520	And one of the biggest talking points Ross and I tucked into was talking about the implications of that, the possible baggage.
559780	561980	Of course, Ross came up with some dynamite today.
562080	564540	But let me get your guys' take before we go any further.
564680	567440	What do you guys think of this new position with Lou?
572280	573660	Well, here's what I'll say.
573740	578180	And I've spent a considerable amount of time battling on Twitter today about this.
578180	587600	So what I would say is, and I said this earlier, is that a disclosure effort is only as credible as the honesty of the people running it.
587960	588140	OK.
589260	598980	Lew has been open about a legacy program and open about talking about the legacy program in sworn testimony to Congress and yet has not been open by his.
599840	605200	I'm sorry, but by his own admission, has not been open or willing to discuss his role within it.
605240	606780	He has always deflected those questions.
608180	613020	those questions directly when they are posed to him. For example, his only response on Twitter
613020	618720	today was to quote tweet someone who essentially came to his defense, but it was a non sequitur
618720	624300	straw man defense because it wasn't attacking the actual allegation or addressing the allegation
624300	629500	of him being a former member or current member of the legacy program in any respect.
629720	635720	So that's what I'll say on that front, that it's very important for that position to be
638260	645820	to be occupied by someone who has a devotion to the truth and a devotion to transparency
645820	652620	and someone that the public is willing to trust in that role. Lou does have, and I think there's a,
653300	658020	like Ross said, there's a small window here still where Lou does have the opportunity to
658020	664480	potentially come forward and talk to the public openly about these things. Now, I don't know if
665720	670300	to do that or lacks that authorization. But if you're going to be given this position,
671000	675460	the moment that you have that authorization, you need to tell all. And that's the only way that
675460	681020	this could go well, in my opinion. I personally have doubts as to whether or not that'll take
681020	689860	place, but those are my personal doubts. Yeah. And I kind of agree. And I will say,
689860	696280	like if you think about disclosure or the investigation of the claims thereof as kind
696280	701540	of like an audit, having someone that may or may not be involved with those activities,
701660	705940	that would create what are called independence concerns, because that is someone that is
705940	710000	affiliated with the organization that is also in an oversight or kind of like an assurance
710000	711080	role on top of it.
711160	719340	So I understand it's a very complicated subject, but as someone in a position of power
719860	724060	like enforce or advocate for disclosure and then also there's like an allegation on the table that
724060	730260	maybe there's like a disc kind of a controlled path or a controlled kind of group for that um
730940	737220	yeah i would be concerned with that so i i'm a bit i'm a bit uh i'm a bit concerned with that
738200	743480	yeah i'll keep some of my strong opinions uh for the the reality check episode because i think i
743480	749220	kind of said it best there especially with ross um yeah i'm i'm super concerned about this uh one
749860	755860	only one right man for this job, and that's David Grush. There's only one man with the knowledge,
756880	763520	the contacts, the ability to lead who could fulfill a UAP's position to help facilitate
763520	768660	a disclosure initiative and to help kind of reorganize the legacy program structure back
768660	774400	onto traditional oversight. Part of the concerns with Lou that Ross touched on today is Lou basically
776120	779920	Ross basically said, Lou, I know several individuals that know you quite well.
781100	787080	The word on the street is that you, Lou Elizondo, have participated in the legacy programs prior.
787400	792640	And these are statements that I've come across as well that I do think are very much true.
792760	794260	And not only that, but I'll go a bit further.
794640	799080	I think Lou has operated at the behest of the legacy program in two different capacities.
799900	803860	One is being the front man, like Ross talked about, for the ATIP initiative.
804400	806660	We hear all the time about AATIP versus OSAP.
807180	812080	I'm so glad Hal Puthoff is going to open up about this a little bit because I asked him about it in that podcast.
812980	815260	OSAP was a real special access program.
815800	816580	It was real.
816680	817300	It was funded.
817820	818780	It had an objective.
818960	825940	One of the later objectives of the OSAP was to facilitate an intake for a craft from Lockheed Martin.
826160	827560	That was one of the expressed objectives.
828160	829140	Do you have something to say, Rob?
829520	830680	Yeah, I have something to say.
830700	832760	And I specifically want to call out this commenter in the chat.
834400	853440	So the PTSD issue isn't an issue. PTSD is an issue for all combat veterans. And David Grush has a documented history of being treated for that and has gotten past that. He's talked about it multiple times. And that should not be brought up as an obstruction to someone's ability to fulfill their duty in the future after they've dealt with the issue.
853440	865520	I agree. Yeah, that's well said, Rob. And I think David Grush has clearly demonstrated himself to be in a capable position of both leadership and to spearhead a charge on such a complicated issue.
865520	872960	issue. But back to the OSAP versus AATIP. OSAP was a very real program. AATIP was not. This is kind
872960	879100	of well known by now, but AATIP was an informal working group that was unfunded. And furthermore,
879140	885540	the expressed purposes of AATIP was to operate as a partial disclosure initiative at the behest of
885540	890280	Lieutenant General, then DNI, James Clapper for a cover for several National Security Council
890280	895440	activities. The exact reason for this, I believe, is unknown. At least I'm not aware. But
895440	901020	the culmination of the AATIP partial disclosure narrative resulted in trying to establish Hillary
901020	907140	Clinton as president, to be the disclosure president. Now, part of the reason this is
907140	911440	a narrative control campaign or partial disclosure is there was a huge need for equity protection
911440	918160	here. James Clapper was sort of the patchwork replacement for Dick Cheney when Dick Cheney
918160	924980	left office as VP in 2009. From about the time 2010 to 2017, Clapper was the central figurehead
924980	931180	for the National Security Council crash retrieval portfolio. And for that disclosure initiative,
931460	938440	why he wanted to let the lid off a little bit is unclear, but clearly there was a very, very,
938440	943040	very strong indicator that there was extensive protection to not reveal the topic of crash
943040	948500	crash retrievals, not reveal the topic of technology or airframe exploitation and derivation.
948600	950960	And that's sort of the AATIP debacle.
951060	954780	Furthermore, the second capacity in which there are allegations of Lou Elizondo being
954780	961800	in legacy are a very rich history of specifically program protection for National Security Council
961800	963160	legacy program elements.
963500	967500	And so those are the two separate things we're working with on the table right now, both
967500	968960	of which I believe are very true.
968960	984300	Well, I mean, you can even point back and credit to Red Panda Koala for pointing this out to me at one point earlier today. There was an episode of Calling All Humans, episode 33 from 2023, where Lou Elizondo specifically said in his own words, and I quote,
984300	989020	Quote, I left the Department of Defense to finish the very mission they gave me in the first place.
989180	990480	I didn't ask for it.
990580	992080	I am not a UFO guy.
992240	993240	I'm not a ufologist.
993420	994380	Never have been.
994480	995220	Never will be.
995380	1000400	I'm a counterterrorism, counterespionage guy, counterintelligence, counterinsurgency.
1000620	1001660	That's what I do.
1001840	1007380	And it just so happens that in 2008, I was asked to apply those same skill sets into the UFO community.
1009320	1010440	That's a direct quote.
1011420	1016840	There's a lot of discussion talking about Lew as a counterintelligence officer agent.
1016980	1019220	I want to be a little bit more direct.
1019260	1032600	I think if you're trying to question the role in which Lew directly facilitated some legacy program elements, you need to look to his position from 2013 to 2017, in which he was the director of the National Program Special Management Staff.
1032600	1048760	I've been talking about this a ton in my videos lately, but the director of the NPMS is basically the second most cleared person in the entire DoD, even more so than the director of the DoD SAPCO or the SAP Central Office, and basically less cleared than the Secretary of Defense.
1048980	1056200	What the director of NPMS does is coordinates special access programs between the National Security Council and DoD slash IC.
1056200	1061860	see. So when I brought forth allegations that Lou Elizondo has been formally read into activities
1061860	1067200	like Immaculate Constellation out of the National Security Council and so forth, and TTSA being
1067200	1073160	sort of an operation which Lou may have sort of staged his retirement, I would highly recommend
1073160	1077520	individuals look into his director of the NPMS role. What are your thoughts, Kerm?
1078740	1084660	Yeah, I think I do remember reading that part in Lou's book. I remember reading Eminent and
1086200	1093500	on it there were some things that he said in it where he basically inferred as much so yeah i think
1093500	1099740	i think it goes back to gosh i mean what really was his level of responsibility i mean we understand
1099740	1104880	it's it was program protection and kind of that side of the house but um you know the the level
1104880	1110380	and the power structure i think that's especially because of his role within the mpms as well like
1110380	1115060	i think it does raise some red flags because it's outside of dod like he's he might be presumably
1116200	1120860	something higher than that as well. But I don't know. So we've seen this before.
1121020	1125280	It's funny because that was actually specifically one of our user questions in Discord for this
1125280	1130960	evening was about that NPNMS role. And the short answer, I guess, to that user who asked,
1131020	1138480	stoned academia, we don't really know. We've seen this before, right? The yellow fruit,
1138680	1143080	unacknowledged special access program, which was kind of busted open and broken in 1983
1143080	1145260	through a series of normal audits.
1145540	1147480	What Yellow Fruit showed was that
1147480	1150440	in the Army Special Operations Division, Army S.A.W.D.,
1150440	1153360	there was an unacknowledged special access program
1153360	1156440	that facilitated support of the Nicaraguan cartels
1156440	1157080	in South America,
1157240	1159920	as well as other classified Army operations.
1160200	1161580	Now, what's interesting about this
1161580	1164140	is a senior staff member
1164140	1166020	for the Assistant Chief of Staff for Intelligence
1166020	1168220	in the Army, Lieutenant Colonel Duncan,
1169200	1170500	for the Yellow Fruit USAP,
1170500	1176320	he was ordered to unofficially retire from the army so he quote unquote retired from the army
1176320	1182680	formed a company called bsi and then continued to facilitate funds for the funding of the yellow
1182680	1188280	fruit use app so you know if we're tossing ideas around and kind of thinking hey did lou retire as
1188280	1194060	director of npms to basically spearhead ttsa in a civilian role we have seen these sort of staged
1194060	1198580	retirements before with yellow fruit and furthermore what's interesting is once he went
1200500	1201980	to the National Reconnaissance Office,
1202280	1204220	National Geospatial Intelligence Agency
1204220	1208740	and other cabinet level agencies and services and so forth.
1208840	1210800	And that is something to think about and talk about.
1215380	1218640	So we'll probably circle back around to that, okay?
1218740	1220140	Because there's quite a bit there.
1220280	1221460	And I also want to talk more
1221460	1223640	once we touch on the put-off interview,
1223780	1226280	but let's talk about the UAPDF event as well,
1226380	1227860	because Kerm, I'm sure you watched it.
1227860	1235220	yeah i will say the audio was terrible uh watching it on the live broadcast it was like
1235220	1239900	whole questions like i just didn't even hear the response to some of like burleson and carson's uh
1240540	1248760	carson's questions yeah okay so rob go ahead well i was just gonna say like one of the main
1248760	1253520	things that i found later after the fact after talking to event staff that were there uh and
1253520	1257880	and Blake Stafford's in the building, is that to my understanding, and I could be wrong here,
1258040	1263040	is that there was an actual wiring problem with the mics at the stand that has to do with that
1263040	1268460	being a very old building. And so that's unfortunate and could have been avoided in
1268460	1273180	other ways and will be avoided in other ways in the future. But aside from that technical issue,
1273740	1277860	I thought it was a fantastically well done event. They did a great job of getting everybody in
1277860	1286340	there who deigned to show up uh senator gillibrand um as well as some others um but uh you know the
1286340	1290840	staff the the volunteers who put that event together like specifically lester and air who's
1290840	1297620	a friend of mine did a fantastic job like a really really fantastic job because trying to organize
1297620	1303500	an event like that with lawmakers is literally impossible uh it is herding cats but the cats
1303500	1305700	Pats all have jet packs and they have guns.
1307280	1311820	And what I mean by that is that it's impossible to catch them.
1311880	1319920	And almost always it's an effort to try and get them to agree with whatever you want because they have leverage at all times.
1322020	1328480	So the fact that they got all those lawmakers in there and they did show up within a relatively short period of time was awesome.
1329360	1334140	although it was a very stressful day for me because I have to play the same game in my own respect so
1335140	1339700	yeah I gotta echo your sentiments huge shout out to Lester Nara he was able to
1339700	1346980	put everything together and make it run smoothly let's let's go through event or talk by talk and
1346980	1352040	and talk about what we thought of the panels that's okay Rob first off was obviously
1352040	1357420	representative Burleson representative Luna and at times representative Carson just talking about
1358480	1362740	disclosure process. And I think this is something really pertinent to talk about because in my
1362740	1368840	opinion, at least, Burleson is really leading the charge for disclosure initiative with Dave
1368840	1374980	Grush and doing the best work. So what'd you guys think of that first talk? I thought it was great.
1375180	1382820	I thought it was wonderful. I feel like we have a lot of these events and it felt like it was
1382820	1388420	kind of in the same vein as kind of previous ones, but it's growing. It's growing more and more.
1388560	1394060	And also to hear the representatives as well, like make the statements. And then also like Luna
1394060	1397340	saying that they were going to grant amnesty as well, or they were talking about immunity
1397340	1402400	protections. Like that was very impactful. Like it wasn't just a bunch of fluff and filler and,
1402440	1406140	oh, hey, we're interested in this thing and vote for me. It was like, they're actually doing
1406140	1412200	something about it. So hearing about that gave me some hope. Let's talk about that. Let's talk
1412820	1416380	amnesty because I know Rob's had some strong opinions on that in the past. And also I see
1416380	1420920	some comments about Tim Burchett. He had prior obligations. He regrettably couldn't show up and
1420920	1425740	that stinks. He would have made a great addition, but he actually had prior commitments. But
1426520	1432680	amnesty, there's a lot of discussion about basically giving temporary NDA waiving for
1432680	1436740	first-handers within the legacy programs or may have been exposed and forced to sign
1436740	1441300	non-disclosure agreements, as well as amnesty for individuals who may have committed crimes
1442820	1447400	of the legacy apparatus so rob you've expressed some strong opinions before where you know how
1447400	1452020	has your viewpoint changed how does it remain the same uh kind of with this latest amnesty push
1454960	1461560	i don't know i really don't know i think that amnesty is probably going to be required at a
1461560	1468500	certain point but i like representative bros and has espoused am a fan of if they have to do that
1468500	1473300	And I wasn't a fan of amnesty to begin with because I would like to see people actually prosecuted for crimes.
1474220	1487820	I realize now, having gotten into this as much as I am, that it's unlikely that you can unravel the entire national security state in one fell swoop and that some degree of amnesty is going to be required.
1488300	1496780	So like Representative Burleson has advocated for, that 60-day window is probably the most I would be willing to swallow.
1498500	1504500	If you don't come forward in that 60 day window, and to be clear, a lot of the big guys will not do that.
1505900	1521920	If you don't come forward in that 60 day window, at which point I would want to see all of the evidence and all of the testimony from all of the guys that you've granted amnesty utilized in sort of a Rico case style faction where you build a case against every one of these individuals and take them down for everything they're worth.
1523040	1526080	Because they do feel like they're above the law, in my opinion.
1526340	1527520	Yeah, that's well said.
1528500	1533780	opinion, the amnesty clause kind of has to be inserted within that 60-day window. There's going
1533780	1538520	to be a lot of individuals who may have an interest in making protected disclosures or
1538520	1543460	disclosures in a classified setting about their involvement in the legacy programs, but there
1543460	1547940	might be a lot of trepidation for a crash retrieval operator who may have inappropriately
1547940	1552760	detained civilians, or there may be some individuals who worked finance on the programs
1552760	1556480	who may have cooked some books and conducted some crime. Inappropriately detained civilians
1556480	1558160	is a very nice way of saying that.
1558480	1560340	Yeah, I mean, there's a lot of discussion
1560340	1562960	of kinetic strike between crash retrieval operators
1562960	1564680	and either blue forces or civilians,
1565200	1568960	both of which myself and Mr. Coulthart are aware of,
1568980	1569940	and they're extremely disturbing.
1570120	1571980	But for the boots on the ground operators,
1572260	1574740	I don't think a lot of them will give testimony
1574740	1576900	unless there is that specific amnesty
1576900	1579580	so they can freely give their disclosures without worry.
1580300	1582080	But it can't drag on for forever.
1582260	1584980	Like this has to be set to a fixed timeframe.
1586480	1591800	this the easy way or the hard way at this point i think like a legislative like at least the senate
1591800	1596480	definitely has a lot of the data and information so from there it's like okay well if you're not
1596480	1601880	gonna play ball like you are now liable for criminal prosecution like it's now or never
1601880	1608100	this is why yeah go ahead rob uh well no i was just gonna say that like it has to be a window
1608100	1612000	no matter what because if it's not a window then it just becomes this inordinate thing where oh
1612000	1616100	well i can get amnesty for these crimes let me go do my crimes and then show up to the confessional
1616480	1623200	church and different agencies and services and elements of our government have had a chance to
1623200	1629000	press on this issue before from 2017 to 2023 like you talked about with the senate kerm
1630040	1635600	senator gillibrand and once senator rubio have quite a bit of information on this topic including
1635600	1643200	a plethora of hot and hostile witnesses or mob bosses furthermore early last year in 2025 dave
1643200	1648040	Gruss shot down with Arrow. And he said this providing a list of hostile witnesses or
1648040	1652020	witnesses that need to be interviewed or interrogated to Arrow and Arrow has yet to
1652020	1657720	follow up on those. So it's interesting that a couple services have clearly not followed up on
1657720	1662820	some of these mob bosses. Do you really think in a 60 day window, Lieutenant General James Clapper
1662820	1667860	is going to be one of the first through the door or Steve A. Cantrell or possibly even Terry Phillips
1667860	1672200	out at Northrop Grumman who's making an absolute killing? Do you think these guys are going to be
1673200	1678240	actual program workers who may have been a corporate program security officer, a government
1678240	1682420	side program security officer, a PSO. These are the type of people that will probably come in
1682420	1687820	right away. I know individuals that would speak if their NDAs are waived. And these were just guys
1687820	1692240	who were exposed to the programs and official capacities, but were forced to sign non-disclosure
1692240	1697760	agreements. Now, something that kind of throws a monkey in the wrench here is I do think there
1697760	1702480	will be people who think twice about delivering testimony if Mr. Elizondo is the czar.
1703300	1717400	There will probably be people who are fearful of delivering testimony if they think their testimony is going to make it through classified channels to Mr. Elizondo, who, at least in my opinion, and I say this confidently, does have a history in program protection.
1717800	1719360	It gets kind of muddy there.
1723080	1724660	Also, the interrogatives.
1725100	1731720	We heard Burleson touch on those more, and I think right now that that's kind of the best foot forward we have right now in the disclosure process.
1733200	1738260	Burleson spoke about another entity receiving a set of letters.
1738500	1740920	Do you guys remember what he talked about?
1741360	1743300	I do remember what he talked about.
1743600	1744160	I don't.
1744340	1746040	Did he mention the entity?
1746220	1746960	Because I don't recall.
1748240	1748580	Okay, cool.
1749640	1755280	I'm aware of some other entities receiving interrogatories as well through sources and channels.
1756340	1760460	It's an exciting time, but it does, again, take time for those to come back.
1760460	1763520	Isn't that like a 60-day time window they have to respond to that?
1764000	1767860	Yeah, and also some of the letters are nicely worded.
1767900	1771000	So, for example, the MITRE Corporation letter is now public.
1771420	1778280	If you see the individual who the letter was sent to, I believe his name is Christopher Land or Christopher Ladd, Christopher Larda.
1778360	1779360	I'm just messing up right now.
1779420	1781620	He joined MITRE at the beginning of the year.
1781620	1793840	So that was a very, very, very good tradecraft by, I assume, Dave Grush and Burleson to basically, you know, pinpoint the new guy or some weak links in MITRE say, hello, we know these are the materials you have.
1793960	1797400	You are legally compelled to deliver classified testimony by this date.
1797460	1799140	And this is a preservation act.
1799200	1803500	If you destroy any materials, we will know and you will be prosecuted for that.
1807480	1811480	Well, hopefully he's not a crappy employee and he doesn't forward it up the chain.
1811620	1818040	something i mean that is interesting to hear and also hope i was i was also going to say uh yeah
1818040	1822220	if the mitre letter is any indication of what was sent to patel i would i would if i was patel i'd
1822220	1827100	probably be peeing and pooping my pants right now because there's like a whole page just on like a
1827100	1832660	literally audit and financial record preservation like there's a whole section to that dot like
1832660	1837760	dedicated to that in the mitre letter like the the preservation order is like it's very it's
1837760	1840620	It's very thorough, which is awesome.
1841020	1843480	I also think a lot of these letters are well-written.
1844220	1848540	The letters aren't necessarily going right after the contractor, the entity, right?
1848640	1860740	The Preservation Act is basically saying, hey, we don't need you to tell us the specific chain of command of why records may have been destroyed, why they may have been moved, or if there was a weird skirting chain of command.
1860860	1863660	We just want these records, and you're legally compelled to do so.
1863660	1873340	So it's not asking like the MITRE Corporation or other entities to basically rat out their government customer, which a lot of the time would be for MITRE specifically the Navy and Army, mostly the Navy.
1873480	1875480	So I think those are well worded.
1875480	1878080	And right now I think we're seeing the carrot.
1878140	1880220	Who knows if we have to move to the stick at any point.
1880300	1888640	But again, there's a big monkey wrench in here where we might have a challenging future with some of these disclosure efforts with Mr. Elizondo at the helm.
1888640	1906920	So I'm curious your thoughts on this, Gurb, particularly with MITRE, because I remember from Ross's podcast with Eric Burleson on Fresh Freedom, he was talking about how he was aware of MITRE, I think, being involved in the more like gate psionic kind of level activity.
1907100	1917120	I don't know if you guys caught that part of his remarks, but I'm curious what you think of that and also if your data kind of leads towards those possibilities.
1918640	1937960	I do think MITRE has an interest in some of those more strange mental phenomena, but my knowledge on MITRE is all about some crazy stuff in terms of actual legacy program tracking, monitoring, collection, exploitation, and exactly what's in my wheelhouse.
1938020	1940800	I'd say the MITRE is the big bad FFRDC in that case.
1941680	1942240	Interesting.
1942240	1944720	I'm not familiar with the background intelligence on that.
1944840	1947520	I haven't been briefed into that or read into that.
1948660	1954920	nation um so i can't really say um you know i'll leave that to my boss on that one i know a lot of
1954920	1960880	his stuff but not that well if you can get a briefing i suggest that but uh i at the very
1960880	1965660	least i i wanted to at least ask that because he made that specific call out and comment of like
1965660	1971480	northrop they have a separate uh program which i think ties back to your research yeah um and then
1971480	1976520	mitre and then someone else as well that he mentioned like had a very specific like set of
1976520	1978260	of the activity, if you will.
1978420	1978860	Right.
1978980	1981880	And I don't think at all MITRE has embarked on their own program.
1982080	1987740	MITRE is one of the centralized pillars to the actual U.S. government-sponsored legacy
1987740	1988200	program.
1988460	1992780	And I'll explain more about this over time, just because this is such a passionate topic
1992780	1995880	of mine of FFRDCs and semi-private institutions.
1996020	2001360	But the way in which MITRE was constructed and other entities are so integral to U.S.
2001360	2002140	government R&D.
2002580	2006280	And now, like you said about Northrop Grumman, yeah, what I've talked about before is that
2006520	2010740	2005 specifically, Northrop Grumman got a little upset with some GWAT money,
2010920	2013760	Global War on Terror money, that was going to the legacy program
2014460	2016940	that eventually got re-diverted to the GWAT.
2016980	2020840	Northrop said, hey, we can misappropriate our own funds with IRAD.
2021320	2024300	We can cook our own books and we can self-fund some activities.
2024420	2025220	We have the infrastructure.
2025440	2028120	We have some of the personnel with the knowledge to do so.
2028200	2029820	And we have the locations to do that.
2029900	2032480	And indeed, they did that and started doing some really weird things.
2035180	2041580	that was a banger video when i watched it i was yeah yeah i was that was like a couple months
2041580	2046920	ago wasn't it that was like that was a this year release yeah yeah yeah and and that's all just to
2046920	2050940	say that at least from what i've been exposed to and i'm super confident in saying this that
2050940	2056740	the actual legacy program structure is so convoluted and complex that you know when
2056740	2063520	when we're talking about the UAP czar, Lou might be really well in tuned with National Security
2063520	2068400	Council programs and how those date back. But in terms of how in the 80s and onwards,
2068520	2073000	the programs were really scattered into the wind, buried in covered programs and offices and
2073600	2078800	purposefully hidden to avoid standard oversight channels. I think Dave Grush is the only man with
2078800	2084160	the actual ability to kind of peer across these silos and piece together some patchwork. I mean,
2084160	2090120	How are you supposed to transition oversight of the National Security Council portfolio,
2090260	2094480	but also reach out to Terry Phillips, Vice President for Security at Northrop Grumman
2094480	2098400	and some of his compatriots and say, hey, your program that you've been running for
2098400	2104480	over 20 years at this point where you have collected, exploited, and stored your own
2104480	2110420	craft that is not accountable to your original government handler, the CIA, you're back working
2110420	2111940	for the US government.
2111940	2116220	So it takes a man with real leadership skills to do that.
2117340	2126420	Yeah, I mean, I would just think it would take somebody with the balls to say the moment they had authority over, you know, let's say a portion of the legacy program run by the U.S. government.
2126740	2132700	You have to assume you also at that point, if you have that authority, you have the authority to potentially task JSOC units.
2133040	2138400	So when Mr. Terry Phillips says, well, no, I'm not going to give this back to you, say, OK, JSOC will come take it.
2138400	2144440	it. Yeah. And how do you silence some of the real nasty program protection and program exposure
2144440	2150240	elements such as the DARPA Security Intelligence Directorate, such as the AFOS IPJ? I mean,
2150280	2154540	remember what David Grush recently said on the Judicial Watch podcast and the Macon Kelly podcast
2154540	2159840	when he filed his ICIG complaint before he went public, the Air Force tried to place him under
2159840	2164280	criminal investigation. He's mentioned like several occasions in which this happened.
2164280	2188800	That man doesn't step a toe out of line. I see some comments saying, you know, Dave Grush has expounded on some new information. Why is that? It's because he can do so now without going to jail. When Dave Grush is able to say information, he is the only officer or former senior within the U.S. Armed Forces or intelligence community that is completely candid with the information he's been exposed to. And I think that's really important to kind of realize going forward.
2191000	2195820	word yeah and when people wonder it's probably worth clarification here and i'm not even sure
2195820	2201320	if i should say this but i'm going to say it out loud um when dave when dave goes to say something
2201320	2207200	he gets approval to say that like he does not like you said he doesn't step out of line so that that
2207200	2211680	includes like the dobser process as well like that he's had to go through for several things
2211680	2212960	that he's gotten permission to say.
2213200	2215080	So it's, you know,
2216740	2218380	I don't know what my point is there.
2218480	2220240	It's just that like he jumps through the hoops.
2220280	2221940	He jumps through every hoop that he has to.
2222800	2224320	And you have to think about why too.
2224400	2226180	Remember all the way back to 2023
2226780	2229700	where he talked about when he was attempting,
2229840	2231180	when he filed his complaint,
2231360	2234120	even before so when he was kind of investigating the topic
2234120	2236180	within the U.S. intelligence community
2236180	2237660	and armed forces channels,
2237860	2240160	he was subject to horrific administrative terrorism
2241680	2243600	to both himself and his family.
2243820	2245600	And I think one of the most powerful things
2245600	2247720	he said back in 2023 is
2247720	2249380	he discussed some of his colleagues
2249380	2251460	that received disgusting reprisals
2251460	2254200	for even coordinating or speaking with Dave.
2254300	2255920	And he said that at the end of the day,
2255960	2257160	he's there to represent those people.
2257280	2258860	So he's just trying to do
2258860	2260760	as much as he can by the books
2260760	2262480	while actually being an American patriot,
2262680	2264060	which I think just must be commended.
2264420	2266140	Him and Burleson are doing
2266140	2267460	incredible work right now.
2267860	2268300	Yeah.
2268320	2270480	And it's an incredibly tough line
2271680	2276300	like walk as well, especially when dealing with a lot of this stuff. It's a, I mean,
2276320	2281360	it's commendable. So there's very few people I can trust crushes at the top of my list, I would say.
2281780	2286760	Yeah. Remember, remember when Dylan Bordlund testified last year, he's talked about since that
2286760	2292480	before he gave testimony, he didn't have a, you know, approval or disapproval for what he could
2292480	2298160	say. And he had already had threats leveraged at him of treason of espionage. So when I, when I
2298160	2302040	met him for the first time in person at the stage, he was visibly shaking because he was so scared if
2302040	2307200	he said one wrong thing, he would be persecuted or possibly met with some pretty severe reprisals.
2309280	2313760	Dylan's a good guy as well. I mean, a lot of, yeah, what those guys go through on the inside,
2313920	2318140	it's unimaginable. And especially when you're being threatened with like the espionage act,
2318260	2323460	which carries the death penalty, like that's got to turn your gut in a way that I've never
2323460	2327820	experienced before in this life. And frankly, I don't want to experience it, but I feel extremely
2328420	2329740	sorry for those that have.
2330800	2331200	Yeah.
2331260	2334820	Fast forwarding to kind of the end of UAPDF and then we can go back.
2334980	2340580	There was a monetary pledge to Dylan Borland and Matt Brown's Vanguard
2340580	2342980	enterprise in which they're attempting to help whistleblowers.
2343040	2344260	So that was really cool to see.
2344340	2348260	And I hope these guys can kick some butt and actually get some,
2348260	2351520	some action going because both of those guys have been through quite a bit.
2352800	2353200	Yeah,
2353740	2355280	it was actually really special.
2355780	2357000	So a lot of the UAPDF,
2358160	2360660	hanging out with Matt Brown and Dylan Borland.
2360780	2363000	And we got to walk through the Senate halls where, you know,
2363000	2365080	Dylan had to go deliver testimony at one point.
2365120	2369320	And it was kind of cool and also a bit harrowing to see those gentlemen kind of
2369320	2371980	relive some of their experiences where they didn't know if their future was
2371980	2375060	going to be all right when they were delivering testimony and specific
2375520	2377000	disclosures. So that was cool to see.
2377040	2379060	Also Jeff Nusatelli was there and he's a great guy.
2379120	2381240	If any of you have, have interacted with him as well.
2382660	2383800	Yeah, no, he's fantastic.
2384040	2386920	I had the pleasure of really hanging out with him for the first time out of
2388240	2393340	month. And then again, you know, here in town, he's not local to the area, to my understanding.
2393520	2399360	So I see him around here and there. He's a great guy. So if I'm trying to remember who was on after
2399360	2405020	some of the Congress spoke, was it the National Security Council panel featuring Mellon,
2405040	2413480	Marek von Rennenkamp, Kirk McConnell and others? So believe it or not, I can't answer that question
2413480	2421060	for you so i to to clarify i loved this event i got to experience about an hour and 20 minutes of
2421060	2427080	it on uh on thursday uh it was unfortunately 90 of what i had to do that day was running back and
2427080	2431960	forth between the studio so i gotta i gotta i gotta go back and watch more than likely
2432460	2437980	i think it was and okay i think some of the best comments actually came from uh kirk mcconnell
2437980	2440980	he made some great
2440980	2443080	Kerm's going to love this because this is one of his
2443080	2443920	favorite statements
2443920	2447120	somebody made a comment about triangles
2447120	2448880	I think it was the panel moderator
2448880	2450500	I can't quite remember each
2450500	2453100	panel member Mark Chris Mellon
2453100	2454380	talked about triangles and
2454380	2456920	Kirk actually kind of went out on a limb remember
2456920	2458620	he was a staffer for SSCI
2458620	2460840	and really investigated this topic
2460840	2462700	from 2017 to 2023
2462700	2464220	actually meeting with witnesses
2464220	2466820	actually collecting testimony in classified settings
2467980	2481440	Yeah, I think the triangles are ours. And I know Kerm's going to love that because he has a really nice TR-3B made for him by our friend Wagboss, which is an awesome model. That's so cool.
2481440	2496200	It's sitting right here. Oh my gosh. Yes. It's the TRL 33 or TR Lee. It's based off the Dukes of Hazard if you've ever seen that movie. Yes. No, I did watch the broadcast when Kirk was talking about that.
2496200	2507620	And when I watched that broadcast, it made me think of the, I think it was like a 23-minute long video that's allegedly in the vaults that shows one of these black triangles coming out of the water.
2508020	2515720	So I know the data's out there, but yeah, I've always thought that the triangles were kind of ours.
2515920	2522420	I don't know if there's been any cases where it's like, well, it's a genuine unknown, but it's a triangle.
2522640	2524360	It seems that they're always human-made.
2526200	2531540	epoch because I was with you, Kerm. I've come to kind of discount the Special Operations Manual,
2531740	2536480	the Majestic 12 document. I think now that that's probably passage material. And that, of course,
2536480	2541760	talks about non-human intelligence triangle sightings. But I think the owner and maker of
2541760	2546760	the triangle really depends on the time epoch and also like the size of the triangle, if that makes
2546760	2553280	sense. From individuals like Ed Foucher and quite a few others, it seems like some of the man-made
2553280	2560260	triangular platforms range in 100 to 300 feet quite often uh and on my channel i've covered a
2560260	2565060	uso retrieval case in the early 90s off the coast of aberdeen scotland that i do think happened
2565060	2570700	by the crew of a dssv deep submergent search vehicle uh the triangle that was pulled up was
2571440	2577980	between the size of an f-14 and 50 feet so quite small it had crazy really weird glyphic writing
2577980	2584940	along the side. It had no rivets, of course, no cockpit, exactly what we'd come to expect.
2585200	2589780	And I think based upon that crash retrieval encounter, that that was a non-human intelligence
2590480	2595700	triangle. There's also in one of the recent tranches of files, there is one document from
2595700	2601460	the 1950s that discusses a CIA officer observing a triangle. I believe this was in Soviet-controlled
2601460	2607500	territory. He saw a triangle about the size of an F-14 again, slowly rotating over a Russian
2607980	2611760	before that took off vertically at incomprehensible speeds.
2611900	2617940	I personally am not at the place where I can say that the Soviets had triangles in the early 1950s.
2618680	2621660	Did anyone even have working craft in the 1950s?
2621660	2623000	I don't believe so.
2623020	2625740	I need to go back and look at that specific file.
2625920	2628060	I don't think I saw that in the – this was in Tranche 3?
2628500	2629920	I believe it was Tranche 3, yeah.
2630020	2630300	Okay.
2630580	2631820	I don't believe so.
2631860	2636500	I think most of the tech breakthroughs occurred in about the year 1957 to 1960.
2637980	2645020	reason why you see so many FFRDC stood up in 1957 to 1960, mainly the Aerospace Corporation and
2645020	2650560	MITRE. I strongly believe at the 10-year anniversary of Roswell, there was a re-evaluation of some of
2650560	2656280	the holdings there at Wright-Patterson. And that's when some more, not airframe derivation programs,
2656520	2660680	but specifically technology exploitation and derivation programs were started.
2661440	2664380	And there are some really interesting ones that I do plan to talk about in the future,
2664380	2666400	But they have that 10-year reevaluation of materials.
2667240	2682280	Right. And just for the viewers who don't understand what a technology derivation and exploitation program might be, that in layman's terms is we're figuring out individual small portions of the technology and then integrating that into a more conventional airframe.
2682600	2687320	Yep. And that's completely irrespective of Lieutenant Colonel Philip J. Corso, right?
2687320	2696060	Right. You know, a lot of people see him as pretty controversial because of his book The Day After Roswell, which had a lot of extra information put into it by the co-writer at the time.
2696140	2701860	But of course, this is even irrespective of Corso's manuscript, Dawn of a New Age, which is much better.
2701960	2709700	And Rob, even more so than just airframes, technology derivation to U.S. defense systems.
2710100	2716500	And I just think there's a reason why you could look at, you know, 1960 and the MITRE Corporation being set up in that time.
2717320	2722160	interesting elements there. What else did, did Kirk say, Kerm? Because he actually, I think in
2722160	2730060	my opinion, he had the best statements from that panel. Yeah. I know he's talked a little bit about
2730060	2737180	like the, like behind closed doors proceedings with the firsthand witnesses. I know he's talked
2737180	2741180	about that a little bit at soul before, like a lot of, a lot of the things that he talked about,
2741280	2745080	I had heard previously, like either at the soul discussion or some of his other
2746340	2754380	speaking parts. I will say that the triangle part was pretty interesting. I don't really have any
2754380	2757700	kind of other comments other than that. I don't really have much to yap on.
2757880	2761360	There was discussion, of course, so much discussion about the Nimitz encounter,
2761620	2766320	because that's a lot of people's favorite cases, including it was Mellon's favorite case and Mark's
2766320	2771660	favorite case. Ross and I talked about this in News Nation, Rob. So I'm not going to give my
2771660	2777520	perspective here but there still is a debate raging on to this day whether the tic tac was
2777520	2782760	truly a non-human intelligence vehicle was a reproduction vehicle or a non-human intelligence
2782760	2787700	vehicle that was currently being operated by a human what is your guys's take and i'm going to
2787700	2795400	save that for for ross i think that all three of those are so firmly on the table that unless i
2795400	2799620	knew the insider information about that, I really couldn't make a determination.
2800320	2805140	I would probably lean towards non-human intelligence technical vehicle being
2805140	2813620	operated by a third-party contractor. Yeah, I'm kind of there. My mind goes to the
2813620	2818240	Condorman article where he talks about Kvorite and the process of building this stuff
2818240	2825320	and having kind of two end points for this propulsion system that makes sense to me and
2825320	2830080	my monkey brain. So, and then also of course, you know, big dog Ross saying that he knows
2830080	2835980	categorically that the vehicle was made by Lockheed Martin. So I have no reason to negate
2835980	2840820	or otherwise debunk big Ross, big Ross's claim here, but I'd like to see some evidence.
2841260	2846240	Rob, can I ask you, I was going to say, can I ask you, because I've,
2848280	2855560	He loves and respects you. I've seen that firsthand, how much he values your opinion, how much he values your direction and input on things.
2855680	2863420	Have you and he talked about this information? Because, of course, to this day, Ross still gets quite a bit of both flack and questions on this topic.
2864520	2870640	So, yeah, we talked about it really briefly at one point when I was giving I was I was giving him crap about it.
2870640	2876440	And he pushed back a little and said that he would discuss it with me further when we had the opportunity.
2876560	2879980	We just legitimately haven't had the opportunity while he was here.
2880340	2884820	Thankfully, I'm probably going to SCU with him in Toronto in about a month.
2884940	2888440	So I'll have the opportunity to have a lot more in-person conversations shortly.
2889320	2890600	But I want to be clear.
2890960	2893760	Ross hired me because I'm willing to push back on him.
2893840	2896360	I'm willing to tell him, no, I think that's bullshit, Ross.
2896880	2898320	And he enjoys that.
2898320	2901240	He needs someone around him who's willing to do that.
2901320	2902020	And that's my job.
2902160	2905760	So, yeah, I mean, like I was saying, I've seen firsthand.
2905880	2911080	I think you're great for Ross because he has so much coming at him with stories and sources
2911080	2911860	and information.
2912140	2916000	I think sometimes it can be hard to vet that and, you know, a platform, the best voice
2916000	2916960	or platform, the best show.
2917060	2920840	And I think you're the guy to kind of help filter through to to get the best stories.
2920940	2925260	Do you guys have any awesome guests lined up or or other videos outside of myself and
2925260	2927660	Mike Gold for a reality check that you're planning on doing that?
2928320	2932240	of course well i mean we have an upcoming interview with representative burleson
2932240	2940580	which we filmed in studio um in terms of future videos i can't really say um i know that we have
2940580	2945400	a couple things that we're working on that might involve a little bit of travel uh to film uh but
2945400	2949340	again those have to be kept under the hood until we're ready for that story to be you know revealed
2950400	2958020	um you know somebody could always fly out and do it before us so what was the next talk after the
2958320	2964640	security panel. Do you guys remember? No, unfortunately I had to run to the studio
2964640	2971340	at that point. Was it not the, was it not the Vanguard discussion or that was very last
2971340	2979720	Matt and Dylan came on the last second. I will say a full disclosure. I was working while this,
2979720	2985120	while this conference was going on. So I was kind of in and out on terms of my like covering it live.
2985120	2990660	live. Well, I'd like to address a comment in the chat really quickly. Scrums, one of our moderators
2990660	2995080	mentioned that the Tic Tac being ours is at odds with the flag admiral in the Nimitz CAG,
2995140	3002080	not knowing what the hell it was and sending emails Navy wide. Pardon me. I would say that's
3002080	3006160	not necessarily true, specifically because the allegation that is being operated by Lockheed
3006160	3011020	Martin without the express authority of the United States Navy, not necessarily putting
3011020	3017340	putting out no TAMs or anything like that, and possibly doing some red team testing against them.
3018080	3021980	I don't think that's out of the realm of possibility if it's being operated by
3021980	3028160	a corporation that we know from other pieces of evidence has little to no regard for
3028760	3031680	what's legal or not legal when it comes to certain things.
3032380	3039040	Yeah, I think that's well said. I'm kind of having a knowledge gap in what occurred after
3041020	3042700	and I took a walk around the Senate building.
3043180	3045900	Keenan, I think we've both been feeling super jaded
3045900	3046940	about some of this stuff,
3047720	3051020	just kind of going on with Lou, this position,
3051100	3052960	with some of the council stuff, the governance board.
3053080	3055040	So we kind of needed to clear our heads there
3055040	3057100	because I don't know about you guys,
3057160	3059160	but I've been feeling a little bit jaded.
3059240	3062180	So maybe we could also talk about the council
3062180	3063300	and the governance board
3063300	3065020	because we have yet to talk about that yet.
3065080	3067540	I might have a little bit more information there,
3067600	3069160	of course, because I actually did sit down
3071020	3075300	and asked him if this was going to be another Robertson panel and so forth.
3075460	3081620	So especially after hearing the council and governance board spoken about at UAPDF,
3081720	3082620	what are your guys' current thoughts?
3082740	3084820	And also, Rob, tell us about the governance board and council.
3086820	3090980	I mean, I don't know exactly everything I can tell you about the governance board and council.
3091140	3093200	I know that I've met several members of it recently.
3094180	3097080	Right now there is a science advisory board that exists,
3097080	3102940	which is the Presidential UAP Science Advisory Board, which is the one that we're generally referring to.
3103080	3108880	But this board is a satellite board to a larger governance council that's being established within the executive branch.
3109120	3112640	Exact details on that, I can't really give you because I don't have them.
3112800	3118400	But as those emerge, obviously, that will be a focus of reporting for us as much as we can.
3119700	3124800	As it stands, I'm familiar with a number of members that are on the Science Advisory Board,
3124800	3132280	work, not including, I'm sorry, but including, you know, Dr. Loeb, a few others, their communications
3132280	3139500	director, who's a close friend of ours. You know, I think that they're going to go into this with
3139500	3148040	the intent to do good science. I don't, I don't know. And this is just my personal opinion. I
3148040	3153960	don't know whether that inter, that internal executive governance board is going to allow them
3154800	3159220	enough data to draw great conclusions from yet. I don't know. I hope so.
3161220	3169340	But we'll see. And I remain pretty optimistic just based on what I've seen. I do think that
3169340	3174580	having a skeptic on the board like Shermer can actually be a good thing too. I think that while
3174580	3180500	he was very rude in his approach and certain people with large academic egos tend to be that
3180500	3181900	that way until they're called out on it.
3183260	3186020	I think that that could eventually be a positive thing.
3186480	3190060	But again, the jury is out on that until we see more results from it.
3190140	3193380	And until we see those results, we also don't have to get mad at them either.
3196040	3196520	Kerm?
3196940	3199640	Yeah, basically the same thing.
3200660	3209420	Although I will say that I am at least more hopeful this time for the UAPDA
3210500	3216400	legislation coming out this year, especially just reading the room now with this executive board,
3216620	3221260	you can make the case that like maybe Trump isn't all on board with this or he doesn't support,
3221340	3225600	whatever the case may be. I think that there's like good legislative ground game that's being
3225600	3232420	played right now. That's important. That's going to continue to grow. I'll believe it when I see
3232420	3239820	it. I think with this council here, I think the way that it was kind of rolled out within the UFO
3240500	3247200	was a bit odd, I will say. I have no comments really on who's on the board. I think it's a lot
3247200	3252640	of good picks. These are people that I think I would have on my executive council if I was running
3252640	3258180	the show, but they don't put me in charge of anything. So yeah, I'd like to see more come
3258180	3265280	out of it, but also I can't understand why this was not announced officially. I think there were
3265280	3269620	some people that were like, oh, well, this isn't official because the White House hasn't posted
3270720	3278360	But to be frank, the way the White House has been posting about anything like outside, just in general, like I don't want them memeing this.
3278460	3281180	I don't want them memeing my intellectual special interests.
3281280	3282640	So I'm glad that they didn't go that route.
3283260	3287440	But I would like to see more action on this front and I'd like to see more leadership.
3289040	3290820	Yeah, I agree with both of you guys.
3290920	3293220	Let's give it time and give it a fair shake.
3293220	3305460	I, of course, still have concerns that there's going to be agency or legacy program sponsored conclusions, just like the Robertson panel in 1969, Condon Committee and Arrow, where nothing to see here, guys.
3305880	3320200	What does worry me about the council, not the governance board, but specifically the council, because we know more about the council than the overall governance board, is the members don't have access to classified information, even LES or law enforcement sensitive information.
3320200	3339840	So at the UAPDF, Admiral Gallaudet, who is an awesome guy, I really like him as a person. He's a great guy. He was speaking about the council and he said, this was actually kind of a cool shout out. It was kind of an honor. He said that during his admiralship, he was never briefed on NRO, the National Underwater Reconnaissance Office, which makes sense.
3340700	3343740	it said there's the big five intelligence agencies.
3343800	3344640	Yeah, there's six.
3344900	3346940	The National Underwater Reconnaissance Office,
3347100	3350300	the Navy and CIA's counterpart to the NRO is one of those.
3350340	3352080	It's an unacknowledged intelligence agency.
3352480	3354460	He said that during his time within the Navy,
3354540	3355680	he was never briefed into neuro.
3355820	3358600	So because of some conversations he and I have had
3358600	3360020	and because of some of my work,
3360060	3362060	he wanted to use the council to pry into neuro.
3362540	3365400	So if you're kind of bridging the gap to use neuro records
3365400	3367620	to maybe look into USO crash retrievals,
3367620	3373640	how is this council going to access for one neuro records but also like neuro operations with
3373640	3379820	sub sal the superior of salvage and uh of a supervisor of salvage and diving i'm sorry and
3379820	3384860	those sort of classified records so i think it's a very tall order for the council to get access to
3384860	3390720	real good data sets also as we kind of know with immaculate constellation and other legacy adjacent
3390720	3398340	and tracking data, pretty much the good data is siphoned off by the NGA and other combat support agencies.
3398500	3403440	So where are you going to get good data sets of really good overhead imagery of UFOs?
3403800	3410260	One of the things that Avi said in our podcast with Hal Puthoff and Burleson that I do hope he re-evaluates
3410260	3416860	because this is concerning to me, is he kept saying that he wants to leave the past behind and look to the future.
3416860	3421640	essentially wording things so they wanted to leave past data sets behind.
3422340	3424840	I think that's monumentally a bad idea.
3424960	3429280	I still think that some of the unknowns all the way back from Project Blue Book
3429280	3431260	are still worth evaluating for such counsel.
3431380	3434940	So if somehow this makes its way to Avi or their comms director,
3435180	3438440	I really hope that point's reevaluated because I, under no circumstances,
3439020	3444700	think that previous day sightings and imagery and data should be discarded.
3444700	3451200	card is. Yeah, you know, I, there are a lot of concerns with like, what type of sensor data
3451200	3456020	they'll have access to. But you know, the only thing that I'll say is that the fact that they're
3456020	3460740	they're not going to be dealing with classified information could also be taken as a positive in
3460740	3466000	the sense that it could potentially indicate and there's nothing to say that this is the case yet,
3466060	3470280	but I'm playing devil's advocate here, it could potentially indicate a greater willingness to
3470280	3472220	to declassify data in order to give it to them,
3472340	3474060	which could be a very good thing.
3475060	3479440	So my main stance on the science advisory council right now
3479440	3482680	is that everybody gets a good 90 days to start their job
3482680	3483840	before you start judging them.
3484340	3486420	And I'm going to give them that benefit of the doubt.
3487640	3491840	Yeah, I hope that somehow the overhead of this effort,
3492300	3495040	which decisions were made for the governance board and council
3495040	3497640	up at the White House level, at the administration level,
3497640	3500400	I do hope this doesn't tie into the UFO czar position.
3500680	3503240	I would be very concerned with the sort of data.
3503400	3506080	And that's not to comment on the individual members of the council,
3506180	3511480	but the overhead and the kind of oversight mechanism for that council.
3511540	3512320	I'd be concerned there.
3514900	3515420	Yeah.
3517480	3522380	And we will likely not know what that oversight mechanism is.
3522960	3524880	So that's a little bit of a mystery.
3525000	3527380	But it is what it is.
3527640	3533960	I do think that on the positive end here is that Dr. Loeb is very well respected within the administration.
3534600	3536020	They very much like him.
3536400	3541620	So, you know, sometimes what's the term?
3541660	3544880	Honey attracts more flies than something else.
3544940	3545240	I don't know.
3545980	3547940	Honey attracts more flies than vinegar.
3548760	3549520	There you go.
3549580	3550000	Thank you.
3550340	3553920	Can we talk a little bit about the how put off conversation?
3554040	3556700	Because it was pretty interesting.
3557640	3563580	some good stuff. So like I said at the beginning of the stream, we had way less people. So I think
3563580	3569120	there's like a thousand people here that this might be new to is that a lot of the podcast
3569120	3575420	was talking about OSAP, ATIP, et cetera. And some of the things I've talked about in my videos all
3575420	3580340	the time is that the Kona Blue perspective special access program transfer from Lockheed Martin to
3580340	3587100	OSAP involved materials or bulkhead or piece of craft from the 1953 Kingman, Arizona crash retrieval.
3587660	3602100	Hal Puthoff obtusely confirmed this to me. Basically, I poked and prodded because I said I was aware independently that these materials were from Kingman. And he nodded at me and didn't really say anything. So that was interesting to me.
3602100	3604180	what was fun talking about to put off.
3604300	3605980	I did get him to confirm,
3606080	3607200	and I think this is on record.
3607300	3608720	I'm trying to remember because so much went on
3609860	3611520	that ATIP wasn't a real program
3611520	3612800	and that OSAP was.
3613000	3615760	And that ATIP was just kind of attached to OSAP
3615760	3617960	and different kind of unofficial capacities.
3618200	3619920	So I think that's really important
3619920	3623860	that somebody who was actually on OSAP
3623860	3625600	officially said that.
3626720	3628640	So we do have him confirming that.
3628700	3630100	I also talked to how put off,
3630120	3630920	and this was off air.
3630980	3631960	I don't remember if it was on air.
3632100	3639160	But I told him, do you not think it's concerning that in the Age of Disclosure documentary, you are listed as an AATIP scientist?
3639320	3646820	You and Dr. Davis are listed as AATIP scientists, not OSAP scientists, because we know AATIP is not a real program and OSAP was.
3647000	3648200	And he didn't know about that.
3648680	3650540	You know, he's a fossil, guys.
3650640	3651240	He's so old.
3651320	3654520	I don't think he watched the documentary, but, you know, that was really concerning to him.
3655440	3659500	Was he not at the premiere in Austin when Eric Davis had that thing on?
3659860	3661860	Eric Davis had a crazy fit for that.
3662100	3664060	remember that. I bet he probably fell
3664060	3665280	asleep. I think he was.
3666840	3668100	Yeah, no, he was there.
3668200	3669260	I remember him in the photos.
3670080	3672060	But, you know, even that being said,
3672100	3673980	I don't have full trust of Putoff. I
3673980	3676160	definitely think he was involved at least tangentially
3676160	3678040	to the legacy programs and thus is
3678040	3679800	subject to quite a few non-disclosure
3679800	3681940	agreements. And so I don't think we're necessarily
3681940	3683900	getting the full story always from Putoff, but
3683900	3685680	these sorts of statements were interesting.
3685820	3687880	Can I get your guys' overhead
3687880	3689920	view of Putoff before I go
3689920	3691280	any further with this interview?
3693980	3699420	my high level view of put off is that there's almost a certainty that put off either attempted
3699420	3703960	to get into the program or succeeded in getting into the program at some point in his career
3703960	3710880	in what capacity i do not know but i would say that absolutely he was involved in the program
3710880	3715500	in some way shape or form he shows up in too many places in too many books in too many meetings in
3715500	3723380	too many you know roles um it's i don't know it's hard to look at the body or the corpus of evidence
3723380	3728900	and not draw that conclusion but again i also can't tell you exactly what hal put off did so
3730820	3736240	besides stargate of course and some of them yeah i was gonna say right like it put off scares me a
3736240	3740800	little bit because not only do you have the ufo stuff but he was absolutely 100 part of stargate
3740800	3747180	so it's like big dog like what what kind of level of access or ball knowledge does this guy have
3747180	3752140	like why does the u.s government make him like the secret space scientist essentially you know
3752140	3756860	and like i always talk about this we have to consider this with uh dave grushet on rogan
3756860	3763200	which was some of the side programs were started as a way to figure out how to unlock some of the
3763200	3768400	technology we have sitting in a hangar somewhere so if how put off is spearheading some of the
3768400	3772620	the RV programs and psychic programs and remote viewing programs,
3772800	3776580	is there a crossover that he might have thought this was,
3776820	3781320	or he would have been the man to help crack open some of these craft we had sitting.
3781480	3783080	So that's always very interesting to me.
3783660	3788760	I mean, what I also find interesting about Dr. Puthoff is that in the late 1960s,
3788760	3792980	he joined the Church of Scientology on purpose in order to try and learn more
3792980	3795940	about their operating Thetan levels and things like that.
3795940	3800540	he very quickly advanced all the way to ot7 which is operating thetan level 7 which is a
3800540	3806580	relatively big mark for your advancement within their community um so i wonder what all he did
3806580	3810600	there what he took away from that and whether or not that affected anything he did moving forward
3811580	3817460	what's a thetan rob i i'm not i don't know about scientology i'm so glad that you asked and i'm
3817460	3822820	gonna butcher this if anybody's really a scientology like nerd in the comments i am
3822820	3832460	am probably going to butcher this explanation, but essentially, a thetan is essentially a thing
3832460	3842380	that is attached to your soul inside of you that is, hmm, how do I say it? I think I'm doing this
3842380	3847240	the wrong, I'm explaining this incorrectly. A thetan is basically like the thing that's inside
3847240	3851960	of you that's you because your soul moves on to like additional bodies like every time you die
3852820	3857440	planet specifically because it's almost like a prison planet mythology uh but yeah i don't want
3857440	3867920	to get too deep in their lore okay well we we don't have to then um put off was he like i said
3867920	3873440	at the beginning he was a pleasant person to talk to as was his wife his wife was lovely yeah and i
3873440	3878840	based upon my takeaways with him because we talked about the nda waving it's still unclear to me if
3878840	3883680	if NDAs were waived, if he would actually deliver testimony. You know, you've got guys like Eric
3883680	3889340	Davis. Most of his sources is a four-star general who brute forced his way a read-on into the
3889340	3893280	program. That's real, as far as I understand. That's very real, and that's very interesting,
3893960	3899660	as well as a longtime vice president at TRW. Those, as far as I understand, are Dr. Davis's
3899660	3904580	primary sources. You know, Eric Davis has said so many times that if NDAs are ever waived,
3904580	3908660	he'd be the first one to go squeal into the president or deliver classified testimony.
3908900	3911920	So I'm still unsure if Puthoff would do that.
3912200	3915080	Somebody said in the comments that if you were to crack him open, the amount of secrets
3915080	3917420	he could reveal, I'm sure he knows quite a bit.
3918300	3922140	The biggest takeaway from this interview is I think we got a lot more actionable information
3922140	3922920	on Kona Blue.
3923120	3931120	I think Kona Blue is one of the most important events in the kind of recent history of the
3931120	3937400	legacy program especially because institutions like aero tried to cite that kona blue was why
3938280	3943020	true believers like dave grush cited that the legacy program existed no we do now have
3943020	3947900	an individual involved how put off talking about you know lockheed martin he wouldn't name lockheed
3947900	3953260	martin specifically but the contractor divulging actual recovered materials to the osap which is
3953260	3957760	uh really interesting to talk about because i know you guys love the the the kona blue saga
3957760	3962300	just as much as me. It's interesting. And that slide deck is something else.
3963040	3966660	Yeah, I absolutely can't wait to dive into that interview because I need all the additional
3966660	3970920	details that are provided about that because you know that I'm very deep into trying to track where
3970920	3976660	that material went. So I still think one of the coolest parts about the Kona Blue situation is
3976660	3982420	actually really, really crafty in terms of the Lockheed folks and the OSAP folks. Of course,
3982420	3991820	First, the Kona Blue Perspective Special Access Program was facilitated through the DHS, Department of Homeland Security's newly created Directorate of Science and Technology, DS&T.
3992200	3995940	As far as I understand, DHS isn't involved in the legacy program.
3996220	4003360	So this was really interesting to me to essentially use neutral territory as a technology transfer agreement body, a TTA.
4003360	4010640	VA. We see this now kind of what I've been talking about too with getting the DHS involved as a kind
4010640	4015740	of a program lead on getting files reviewed and declassified. It was really ingenious in my
4015740	4021860	opinion to involve DHS. Well, yeah, exactly. Because DHS is an upstart organization. It was
4021860	4027500	created as part of the global war on terror post 9-11. And so you don't have an institutional
4027500	4033000	history of dealing with these programs. So it's basically a fertile field for you to lay this down
4033360	4037760	create a new within the oversight structure program that deals with the subject.
4038000	4040600	And that's almost precisely why it was killed.
4041680	4045740	It makes sense for the same reasons why you would send it to the new guy at MITRE,
4045780	4047840	that interrogatory letter too, right?
4048020	4050960	Same, like they don't have the context, they don't understand, but it's like,
4051060	4052820	hey, you got to do this thing, big dog.
4052840	4054560	And if you don't, your ass is grass.
4055500	4055940	Right.
4056000	4056440	Yeah.
4056540	4061420	And again, among some of the parties that shut this down were CIA, DS&T,
4063360	4068760	glenn gaffney i'm the real relayer of information here mary sturtevant rob's done some incredible
4068760	4074560	work on sub rosa including mr robert cardillo who was head of the nga and others rob i know you're
4074560	4079180	making some edits to that article are you going to be reposting it in the future uh potentially
4079180	4086300	uh i am going to be working on that all the way up until i fly out at some point to go do an
4086300	4092760	american alchemy interview regarding it and then after that i may post so that's a nice little drop
4093360	4094980	Jones on American Alchemy coming up.
4096300	4096780	Yeah.
4096900	4099000	So full disclosure, I've already
4099000	4101080	filmed with Jesse and we want to film more
4101080	4102780	to make a larger, cooler,
4103100	4105200	bigger episode. So we're going to
4105200	4107180	schedule a time to do that sometime this summer and then
4107180	4109120	maybe in the fall that'll come out. It'll be a while.
4109260	4110660	Don't hold your breath.
4111120	4115180	So I got an idea, guys.
4115820	4117200	What's up? So for everybody
4117200	4117800	in the chat,
4119060	4120900	we have a ton of questions
4120900	4123180	for a Q&A, but also Kerm has
4123360	4128160	delicious PowerPoint that he made. So I'm thinking, and if you guys agree with this,
4128300	4133160	we'll start shifting over to the Q&A and do a live here in the next week or two,
4133260	4138720	completely devoted to Kerm's PowerPoint. Yeah, I think we should. It's a great PowerPoint.
4139040	4143760	It's very fun, guys. Trust me. So can you give a pitch about it for next time, Kerm?
4143940	4151540	Yeah, for sure. So it basically is all the stuff that I'm interested in. So high level,
4153360	4159560	like auditing concepts and then the financial like legacy program architecture and then kind
4159560	4165600	of some initial thoughts therein. Subject to change because this is an ever evolving situation.
4165720	4171240	So if the balance sheet does leak, inevitably that will change the presentation. But I do have
4171240	4175680	it ready to go tonight and happy to present it on a separate live stream, as Gerb said,
4176460	4181720	just because there's a lot in there. And I think it would be a fun discussion that would take
4183360	4188460	hour, 45 minutes, maybe longer than that. Let's see what the chat says. That's a 45-minute
4188460	4192040	PowerPoint. I'm telling you right now. Hey, I'm being conservative. I'm being conservative.
4192560	4196480	We can skip through all the boring audit stuff because that's just like, I mean, that's-
4196480	4203100	No, that's what the viewers are going to love. Okay. It's Rob's call. Do we do it now, Rob,
4203160	4204820	or save it for another time? Is it my call? Yes, it's your call.
4205500	4210560	What I would say is, Kerm, let's save it for another time and let's devote a larger block
4210560	4215960	lock of time to it because I can really only go until about 745 or eight. I'd love to do some Q
4215960	4219860	and a, we have a lot of great questions from discord. We've had a lot of great questions in
4219860	4225180	the chat already, uh, that we definitely need to like devote time to. So let's try and blast those
4225180	4230100	out. So let me go through these super chats. Uh, Rob, do you guys have some of the questions saved
4230100	4234800	on your screen to present the screen? I'm way too paranoid to ever present my screen. No, no,
4234840	4237200	no, no. We're not going to present our screen or anything like that. I'm going to read the
4237200	4243680	questions out okay just before y'all lose your minds the deck is only going to get more granular
4243680	4249560	now so it's going to become more autistic as a result of this this is a good thing stay tuned
4249560	4255100	watch the space let me get through these and then we'll continue to the q a tumble to booze thank
4255100	4261300	you my friend i very much appreciate it and oh so nice thank you for the five gifted subs i'm
4261300	4265620	blessed for you guys and tumble to booze has another question here and thank you again
4267200	4268240	Aliens are biblical angels.
4268340	4270160	By extensions, can aliens go through,
4270840	4272220	can aliens be thought as a God?
4272300	4273040	Thank you for your videos.
4273140	4273420	Thank you.
4273500	4274620	Let Kerm answer this
4274620	4276800	because I'm a straight legacy program guy.
4277180	4279680	Yeah, so this is something I'm interested in
4279680	4281700	because I am a cradle Catholic.
4281880	4285080	So I'm just going to check my religious bias at the door.
4285920	4289080	But I've actually spoken to a number of men in the cloth
4289080	4291220	actually pretty recently about this subject.
4291280	4293120	And particularly now, recently,
4293160	4296400	this whole discussion of UFOs being demons or angels
4297200	4301580	mean and what does that mean for disclosure that's been going on a lot and it's something that i think
4301580	4306280	about of course um what i will say is from the people in the church that i've talked to like
4306280	4313040	priests deacons not like anyone of like bishop or you know vatican high level um there there's a lot
4313040	4318220	of things going on god's kingdom is very vast i kind of point towards grush's comments which
4318220	4324120	actually he i think articulated it pretty well of yes like god is very much real that is that is
4324120	4329140	something that I believe inherently, but I also know that to be a fact. Angels and demons are a
4329140	4333560	part of that, but also there is something else going on. I'll just tell you a story real quick.
4333780	4339900	I was talking to a priest pretty recently who basically told me that his uncle was pretty high
4339900	4344620	up within the defense intelligence agency. And he was read in to a program that was exploiting
4344620	4350800	non-human technology. And his uncle turned down the position. Now that just came out of the priest
4350800	4355800	at least unprompted after I asked him like, oh, are these UFOs things in the news? Is that like,
4355800	4360540	is it demons? Cause like that's in the news cycle. And he was like, big dog, let me tell you real
4360540	4365900	quick. My uncle was asked to work on this stuff. It's something else entirely. So I, it's not to
4365900	4370660	say that it's not all like BS or not real. I think there's a lot of different things going on. Um,
4370840	4375100	based on what you believe in, you might call it certain things, but it's not to say that
4375640	4379580	that reality is what it is. So it's an interesting world out there.
4380800	4382220	Perfect guy to answer that question.
4382380	4386680	Tumble to booze because Kerm is the best of the best representative for Catholics I can think of.
4387060	4387480	Allegedly.
4387480	4388520	Don't put that all on me.
4388540	4391320	No, you're a great – you do the faith in the church.
4391340	4393240	Pretty sure that title belongs to Jesus, right?
4393900	4394320	Yes.
4394620	4396020	Kerm's a great guy.
4396280	4396580	You're the best of them.
4396580	4397660	Many people before me.
4398580	4399480	Crypto, thank you.
4399620	4400740	Thank you, evening to you.
4400820	4405640	We've been talking about this all night, but because of that super generous donation,
4405640	4411660	donation. If we didn't answer any aspects of Burleson, Grush, Avi Loeb Council, just ping in
4411660	4415100	the chat and we'll make sure to get back to you because that is so kind. Thank you very much.
4415600	4418880	Rob, you'll like this from David. Shout out to Rob for being an absolute legend.
4419060	4425040	Tell us about Lies Above. Oh, man. So the account in the chat here, Lies Above,
4425160	4430160	is actually my friend David A. Burkett. He's an excellent, excellent author and a preeminent
4430160	4436380	cybersecurity researcher here in the United States. He's a great guy. We met at SCU about
4436380	4441720	a year and a half ago, and I had the honor of becoming friends with him. And then eventually,
4441780	4446600	I helped him edit a book, which he has just released called Lies Above. And I would call
4446600	4452900	it the definitive primer on the 80-year cover-up of the UFO topic within the United States.
4454460	4455840	So please check out Lies Above.
4455840	4463020	of yeah please check it out available on amazon and barnes and noble um i believe david's working
4463020	4468900	on a digital copy at some point but we also have a trailer a website a few other things and if
4468900	4475600	you're ever interested um you can check those out uh there's also one of the cool features of the
4475600	4480740	book is that every single source is cited and available to the reader so when you sit down and
4480740	4485260	you crack open this book if you have any questions whatsoever about the actual sourcing of the
4485900	4491740	within the book itself. There will be footnotes, Chicago style, if I'm not mistaken, footnotes with
4491740	4496920	full references, as well as a unique QR code system, which you can scan with your phone and
4496920	4501300	then immediately bring up the source material, whether that's a photograph, a document, a video,
4501500	4506800	a specific podcast appearance, or a specific FOIA release or something of that nature.
4507180	4511680	All of it's routed through the website. So it goes through a secure website. And if those links
4511680	4512860	breaks, we can fix them later.
4513680	4515340	Dave's a genius for this, and
4515340	4516420	I think it's a cool feature.
4516980	4517960	That's really cool.
4518520	4519680	Rob, could you please
4521020	4521820	drop the
4522500	4524440	website in the chat? I think this
4524440	4526500	is, of course, a book that, you know, put it
4526500	4528360	in the chat, let people see it, because this is something that
4528820	4530460	folks should support, because that's great work.
4530540	4532100	You guys know how much I love citing sources.
4532420	4533780	So yeah, please drop that in the chat.
4534600	4536220	Over 1,500 sources
4536220	4538120	completely cited, or I'm sorry,
4538240	4540420	1,492 sources completely
4541680	4545240	and then I would just have to give this to one of the mods
4545240	4548580	so that they can post it, but it's liesabove.com.
4549660	4551840	Mike or Scrums, if you guys could be so kind,
4551920	4553120	please post that.
4553660	4554840	UX2E, thank you very much.
4554920	4556620	I think we answered this quite a bit.
4556680	4558380	Was Lou Elizondo on the Legacy program?
4558720	4561140	I believe yes, and I believe part of the regret
4561140	4565900	is he has gotten himself in quite a pickle.
4567000	4570300	He's in a real puzzle box like Chris Ramsey
4571680	4577760	You know, kind of the amount of half-truths, lies, and fake stories still trying to say
4577760	4578760	AATIP was a program.
4578920	4583760	I believe recently with Jeremy Corbell in their Los Angeles show, he said that AATIP
4583760	4586460	was a sub-SAP, special access program to OSAP.
4586620	4588160	That is demonstrably false.
4588220	4592700	So I believe he's in an unwinnable pickle at this point.
4592820	4597760	And from the start, I think if he was not operating at the behest of a Clapper-led disclosure
4597760	4601300	disclosure initiative things could have been a lot easier and he could have been a lot more
4601300	4605560	forthcoming with his non-disclosure agreements that he was in the Legacy program uh but but
4605560	4611120	still done a lot for the community so I think it's a bit of a pickle okay let's get to these questions
4611120	4617060	Rob do you have some of the questions okay so we do have a couple questions that have been brought
4617060	4624340	up within the Discord um let me try and pull a couple of these and then guys if once we get past
4624340	4628840	ask these questions. If you'll put your questions in all caps, that's how we'll get to them the best.
4629280	4632860	And yeah, thank you, Rob, for pulling those up. And the Discord, if you guys want to join,
4634440	4638820	Scrums, Mike, Kerm, Rob, they're awesome in there. I haven't had much time to go on lately just
4638820	4643500	because of my projects and how much I'm doing. But wonderful guys. It's not money. There's no
4643500	4649940	subscription. So please, please join. Let me get to one more. Go ahead. Oh, wait. Just as a quick
4649940	4651220	Quick note on the Discord thing.
4651640	4653260	Please be kind to our moderators.
4653360	4654380	They do this all for free.
4654480	4657880	If you guys harass the moderators for any reason, you will be immediately banned.
4658140	4659020	Don't be weird.
4659580	4660540	I don't have the money to pay them.
4660600	4662640	They're just guys who do this out of the kindness of their heart.
4663220	4667740	Matt James, how often do Mormons BYU grads come up in the alleged legacy program?
4667920	4670840	Any credible connection to the Collins elite?
4671480	4674280	Gresh's Joe Rogan comments may be curious.
4674640	4679460	I do think that BYU and Mormons are a recruiting pool for the legacy programs.
4679940	4683260	Kermit and I had a very good discussion about this last time we were in Washington.
4683520	4690860	Yes, I was going to say, not to toot my own accounting horn so much, but one of the things
4690860	4695540	BYU is really, really good at is they have a really good business and accounting program.
4696040	4700140	So if you're looking for people that you can trust with the nation's deepest, darkest secrets
4700140	4704960	and manage an off-books balance sheet activity for a private company or a government entity,
4705220	4709620	you would want to recruit out of BYU. That makes perfect sense. And also, of course,
4709940	4714260	BYU, Mormons in general, they make perfect intelligence agents. They don't drink,
4714400	4718460	they don't smoke. They speak multiple languages because they do missions abroad. They are,
4718560	4725020	of course, if you're the feds, you want them on your team. I would like to see more
4727020	4732900	substantive evidence. But I think what Gerb and I talked about in DC about the financial
4732900	4738900	architecture and then also having BYU kind of people work in that beat makes a lot of sense.
4739940	4743560	good question known yeah there's a known preference for these types of individuals
4743560	4747760	within intelligent circles so it's not out of the realm of possibility whatsoever i would say
4748920	4754080	okay to mention that the mormon faith is also conducive to the extraterrestrial hypothesis
4754080	4759800	in many ways so allegedly fire up them questions for us and there's some good
4759800	4763760	ones so let's get attacking okay so there are some pretty decent questions in here um
4766260	4768040	I wanted to bring up one...
4768800	4769160	Sorry.
4769300	4769960	I'm sorry, say that again.
4770380	4771960	Sorry, Jay Smith in the chat,
4772000	4773300	he's asking where I land in Fortnite.
4774000	4775580	Tilted Towers, next question.
4776380	4776740	Sorry.
4777440	4779900	Yeah, for me, it's Shifty Shafts
4779900	4781700	or Tilted Towers if I'm with a group.
4782260	4784460	I have never played Fortnite, so I don't know.
4785560	4787760	Usually in the OG map, if you land Shifty Shafts,
4787760	4789780	you have enough time to pick up like four or five kills there.
4789860	4790780	You can clean the place up
4790780	4793100	and then go take over Tilted Towers relatively quickly.
4794760	4802560	but yeah exactly so my first question is um how do you see this is from scrums in the chat i'm
4802560	4806400	going to give him the first one here how do you see immunity for whistleblowers playing out wouldn't
4806400	4811060	just granting immunity for grush to disclose his entire protected disclosures to ssci and the icig
4811060	4815740	publicly blow the entire thing wide open can that happen i know we addressed this a little bit
4815740	4822500	earlier um the the main thing that i wanted to point out here is that just allowing david to um
4823760	4829700	discloses entire protective disclosures is probably not enough. Right. You need to build out a human
4829700	4835040	terrain map and an operational terrain map with enough testimony. Dave's testimony should be
4835040	4840780	enough, especially because he has locations. He has specific knowledge on documents, reports,
4841120	4851700	contracting, program numbers, PEOs, PSOs, MRTFBs, whatever. And the Senate had plenty of time from
4851700	4855280	from 2017 to 2023 to act on the testimony
4855280	4858540	of extremely credible whistleblowers, but fail to do so.
4858680	4860800	So now we need an influx of individuals
4860800	4863320	to create that human and operational terrain map.
4864500	4864940	Right.
4865120	4867020	And then our next question here
4867020	4867960	is gonna be from Rectify.
4868140	4869520	This one's directly for you, Gurb.
4869620	4871660	Neither of us is gonna be able to answer this for you.
4871740	4871960	Rectify's great.
4872640	4873720	Yeah, Rectify's awesome.
4874540	4876160	So he asks, a while back,
4876300	4878460	you said that you spoke to two former Oak Ridge
4878460	4879940	National Laboratories employees
4881700	4885860	attacked craft underground at the site. Have you been able to corroborate this further since then?
4886920	4892300	No, my views have, so the information I was exposed to there has changed,
4893100	4900160	but still kind of the same, still the same at the same time. One of those sources I do believe was
4900160	4906840	not true after continuing to vet. However, my understanding still is that Oak Ridge houses
4906840	4912080	crafted materials. So I'll be fully honest, one of those sources there I do think was
4912080	4918280	bunk and untrue and lying after time vetting them. But I'm still confident that the story
4918280	4925820	around Oak Ridge housing craft is very true. Okay, cool. All right. So this is a question
4925820	4928740	for the group at large. We can all sort of have our different opinions on this.
4930280	4934660	Kamara in the Discord asks, do you believe if it's possible that some of the materials and
4934660	4939680	or craft were purposely transferred to particular allied countries that could more easily conceal
4939680	4945020	their existence could mask the funds more easily even as a u.s transfer of funds to that country
4945020	4949880	and had more freedom to do the research there due to politics tighter control of the press etc
4952280	4960600	do you guys want to take this first well i would say that it is possible however i doubt it um
4962120	4970360	given the willingness for certain program elements to do illegal things on American soil,
4970580	4974700	I don't think that going somewhere else is necessarily a security increase.
4977260	4982180	That's just my thoughts on the matter. The example given was a place like Israel,
4982980	4987420	or potentially what I thought of was like England, if we took something over to Great Britain,
4987520	4990240	because they do a very, very tight control over the press there.
4991660	4997760	I think it's somewhat plausible on its face, and the financial transfers aspect of it definitely
4997760	5002860	sort of lights up some of those warning lights. But at the same time,
5002880	5009340	there's a pretty long history, a documented history of Israel not necessarily being given
5009340	5013400	our best and then having to steal it from us and spy on us in order to get that,
5013500	5018420	such as in the case of Jonathan Pollard in the 1980s, which is just one example.
5018420	5023040	example uh so you know yes they do get a lot from the united states no they don't get everything
5023960	5027860	um i don't think we would have given them anything like that that's just my personal opinion
5027860	5034360	i don't think you let things like that leave u.s shores for the most part or u.s you know
5034360	5041000	controlled areas once you have it in our possession so yeah and i will just to kind of add
5041000	5050740	my take or my kind of general observation based on like listening to you know random podcasting
5050740	5056280	conferences with like air force generals and whatnot like just links people send me is that
5056280	5062000	intelligence like within at least our relationships and our alliances it flows
5062000	5067700	inwards there's no there's no information going outwards so the premise that like we would hand
5067700	5073880	hand off these vehicles that have been effectively managed and housed within a program managed in the
5073880	5077660	United States and we're handing it off. That's just like, it's unnecessary risk. Like if it ain't
5077660	5084080	broke, don't fix it. And also it seems that the gripe, especially with like our, you know, our
5084080	5090640	allied agencies and like the UK, Australia, whatnot, is that like that information it's being
5090640	5095580	sucked up in a black hole sent to the Americans. And they're kind of told, don't you ask about it?
5095580	5101300	because now it's national security and like sign this paper or whatever the case may be um so i
5101300	5104980	don't know i don't i don't really buy it also i haven't really heard anything about like specific
5104980	5112580	cases where the u.s has like transferred either activities intelligence craft assets to like
5112580	5117660	another service it's typically the other way around like the uk probably like randlesham forest
5118340	5123820	for example like that is a is a good call out of like a crash retrieval that happened outside u.s
5125580	5127640	So I don't see it working that way.
5128380	5130960	Yeah, I agree with both of you guys fully.
5131120	5133940	I think for maybe some paper records for funding from contractors,
5134380	5139300	disks, domestic international sales corporations might be used to fudge some funding
5139300	5140660	or keep some funding records offshore.
5140840	5144720	But as far as actual program records, data, material, craft,
5145040	5148200	I think that with our Five Eyes partners,
5148460	5152100	there might be temporary fobs for an operating basis to house materials.
5152100	5157560	materials like if you have a UFO crash in indo.com that our Australian five eyes partner friends
5157560	5162460	help retrieve there might be temporary station at Pine Gap or other relevant facilities but
5162460	5169580	eventually all material flows to the US it is having material here in the US is is far safer
5169580	5174100	like Rob pointed out there's way more of a security risk housing having materials outside
5174100	5179580	of the US we also have tremendous infrastructure here in the US to both housecraft and transfer
5179580	5183860	for crafted materials. You have the Office of Secure Transportation under the DOE and NSA.
5184120	5189920	That is the perfect, very, very, very, very effective method to transfer UFO materials,
5190260	5196220	bodies, records, et cetera, around the country. So no, I think, and I'm extremely confident that
5196220	5206040	almost if not all UFOs that we can move, that are small enough to move, are here in our possession
5206040	5212100	in the states right and just to just to touch on that topic things that can move and can't move
5212100	5217660	i i made i made the mistake of making a joke on twitter about someone getting the location wrong
5217660	5223560	of the too big to move ufo the only joke i was making is that i tried to bring up that location
5223560	5229180	with ross and he told me that that was the incorrect location that was the only joke i was
5229180	5235160	making i do not know that location i don't want to know that location and i won't answer any
5236040	5237760	just because I simply don't have the answer.
5237960	5242500	So that being said, let's get on to the next set of questions.
5242740	5244100	That was a great question too.
5244160	5244180	Let's see.
5245140	5245520	Yeah.
5246100	5248740	So for ARVs to be real, and if they use it,
5248800	5250480	I'm sorry, I think I'm reading the wrong question.
5250560	5250940	I apologize.
5251040	5252020	Give me one second.
5252380	5253020	Sounded interesting.
5259780	5260740	Real quick though.
5260920	5261480	I'm sorry.
5261600	5261940	Go ahead.
5261980	5262660	Yes, go ahead.
5263200	5263580	Okay.
5263580	5290980	Okay. Just real quick, just because I saw a comment that I didn't technically answer the question of like, are they aliens, UAP angels? Okay. Okay, real quick. Angels and demons. Angels are part of the kingdom of heaven. That is its own structure hierarchy, if you will. UAP is like UFO. It's unidentified. We don't know what these things are. Aliens are from outer space. So angels are not from outer space. They're from the kingdom of heaven. That's a different place.
5290980	5293180	so they are not aliens.
5293400	5295240	I'm sorry to burst your bubble
5295240	5296040	if that's where you're getting at,
5296140	5297340	but that's not what I believe.
5297820	5300080	So just want to be clear.
5300760	5301460	Sounds good.
5301560	5303360	Okay, so I've got a question here
5303360	5305420	from Captain Jack on Discord.
5305740	5306940	Captain Jack asks,
5307160	5309440	Hi guys, would you guys be open to the possibility
5309440	5312320	that the UFOs seen soon after World War II
5312320	5313860	were the result of man-made crafts
5313860	5315840	made in the USA by the Legacy Program
5315840	5317760	that were using German scientists
5317760	5320040	who were involved in Hans Kammler's think tank?
5320980	5325100	Absolutely a fact that Hans Kammler survived the war and he was in U.S. intelligence custody.
5325240	5331140	There was a possibility that constructed the or that they constructed the underground facilities associated with the legacy program.
5332160	5341800	So I do have a thought on this right away that there is only a single document that indicates that Hans Kammler was in U.S. custody.
5342140	5343940	And that's part of the Eisenhower library.
5344380	5346980	I know other researchers have approached this before.
5347240	5349800	I personally have extreme doubts about this.
5351720	5357180	that there were anything other than potentially materials that were seized from the Germans
5357180	5363400	with regards to the UAP topic. But that's just my personal opinion. I haven't seen any evidence to
5363400	5368640	suggest that there were any sort of ARV craft or functional ARV craft that might have been like
5368640	5374860	derivative technical vehicles that were, you know, recovered from that regime and brought here,
5374980	5380400	or that those individual scientists did anything more specific than what we already know regarding
5380980	5385300	nuclear weaponry and stuff like that. It's hard to really pin down where specific paperclip
5385300	5389320	scientists went. But you know, that's just my opinion.
5389560	5395880	I agree with you fully, Rob. What is fact is that what is senior Nazi engineers and
5395880	5401040	material scientists within the TAT organization like Xavier Dorsch were plucked by paperclip
5401040	5408520	for the Air Force's underground plant program, specifically AMC, Air Materiel Command. I
5408520	5413020	I personally have not seen evidence that the Nazis had fully working airframes.
5413120	5417600	I think there may have been scientists with specific working knowledge, maybe on the recovered
5417600	5424220	magenta craft, specifically on material science or maybe propulsion analysis or just study
5424220	5426420	of materials or the whole structural system.
5426860	5432300	But I would be very surprised if pretty quickly after World War II, with the help of Nazi
5432300	5436460	scientists, we very quickly had alien reproduction vehicles or even derivative aircraft.
5436460	5440980	craft. I think that success probably came in the mid to late 1960s. We started to see
5440980	5446980	proof of concept of actually deploying derivative or exploited technologies in our airframes.
5447100	5449760	But that's a really good question. And I do want to hear from Kerm as well.
5450680	5456460	Yeah. I mean, I will say I do not necessarily remember the first part of the question. Did
5456460	5461060	it have something to do with like the like World War II early crash retrievals and observations?
5461340	5462900	I picked up on that much.
5467640	5472480	I'm sorry, say that again, Gert. I apologize. My brain just completely turned off because
5472480	5473800	I was trying to read chat questions.
5474060	5478620	No, I get it. There's a lot of things going on. And frankly, I was doing the same
5478620	5487760	thing when the question was getting read. Yeah, I'm going to need the question reread
5487760	5491740	before I give a more academic response. I apologize.
5494260	5502220	um yeah so let's see here's a question was osap actually a sap and if so how come people can talk
5502220	5513160	so openly about it osap was not a sap it wasn't no and remember that what uh harry reed was trying
5513160	5518400	to do uh kind of with the the osap and trying to get some materials out of lockheed martin
5518400	5532180	As we know from Dave Grush on Joe Rogan, Harry Reid was actually trying to make a waived, bigoted special access program for this material transfer, which would have been a much more ironclad system than kind of the patchwork Kona Blue DHS transfer we had.
5533900	5534300	Yeah.
5535740	5536440	Okay, great.
5537100	5537600	Let's see.
5537640	5539040	We have a few more questions here.
5539160	5540100	Let me scroll up.
5540180	5546800	Some of these, unfortunately, guys, are a little bit long-winded, and it's hard for me to pull out the actual question from the block of text.
5548400	5551460	The shorter and more concise your questions are, the better we can answer them.
5552660	5558980	Okay, so this is a good just general question for everybody on the panel here.
5559500	5561380	How do you view the phenomenon at large?
5561560	5564520	Ultra-terrestrial, von Neumann probes, extraterrestrial?
5565980	5569740	Personally, I'm a smattering of all of the above person.
5570940	5572160	Yeah, I am too.
5572240	5576440	I talked about this with John Michael Godier on Event Horizon, and he's sharp as a tack.
5578400	5580440	Talk about that with him.
5580520	5590740	But I personally think the biggest picture of this planet is that the zookeepers don't care about the animals unless we mess with the enclosure.
5591080	5605060	And the zookeepers are a wide range of beings from now everybody's favorite term, sentient plasmoids, to actual biological systems sent by an extraterrestrial civilization to the whole gambit and above.
5605060	5613200	of i think it's a lot of different things going on i think um i think aliens as a concept is kind
5613200	5621160	of a i feel like it's been kind of a red herring for decades of like trying to prove that definitively
5621160	5626340	and i mean i've met nasa people that like their whole their whole dream was to be able to come
5626340	5632440	into work and they found evidence of extraterrestrial life um what i have keyed into
5632440	5638240	to is very much like the on earth stuff. I think the on underwater presence, that's something that
5638240	5643540	is a big part of this, um, interdimensional. That's something I don't fully understand.
5643620	5649420	And my religious background at times leads me to conclude that these things are demonic, but I'm
5649420	5656140	at least open to see evidence to suggest otherwise. Um, again, a lot of different things going on.
5656220	5661780	Uh, I don't think men in black was a documentary. I don't think it's to that level. Um, but
5662440	5670000	Long and short, you have at least three or four different major tech trees or operations
5670000	5677400	where it's non-human intelligence all in one silo being managed private, public, and then
5677400	5678420	all these different webs.
5678600	5680520	And that's what we're trying to figure out.
5680620	5683500	And it doesn't make sense, I think, from the outside looking in.
5684280	5688060	And it's also just challenging, too, that I am not an experiencer myself.
5688060	5693200	myself. Like not to my knowledge, I don't think I've, I've seen anything or, you know,
5693200	5699240	had an experience myself. So it's, it's a challenge for me personally, just like,
5699300	5705320	I think navigating this topic at times, but I'm at least convinced of certain, like, I guess,
5705320	5710340	base facts or at the very least, like, okay, now that we have an understanding of those facts,
5710460	5715860	like how can we further prove this and investigate this, which is kind of what's going on in DC and
5715860	5717520	why we're here on the live streams.
5717840	5719760	You mentioned the ocean.
5720140	5723140	One of the big, so at the same time,
5723220	5725340	one of the elements that I feel like
5725340	5726520	I have really good knowledge
5726520	5728060	and understanding in this topic
5728060	5730660	is also one of the biggest quandaries to me.
5730880	5734200	And that's the presence of several permanent stations
5734200	5738880	within our oceans of mobile structures
5738880	5742560	that seemingly have smaller structures
5742560	5745220	depart and return to the larger structure.
5745860	5747540	That's something I'm highly confident exists.
5747880	5749520	I have no idea what that is.
5749600	5751420	I have no idea if it's extraterrestrial,
5751500	5752720	if it's always been on this planet,
5752800	5756320	if it's a von Neumann replicator,
5756340	5757800	which is a very possible thing,
5757920	5759720	but I am quite confident
5759720	5763720	that there are permanent underwater stations of NHI
5763720	5767900	and that that 4chan leak thing is a lot of inside baseball.
5769300	5772240	I'm led to believe that the 4chan whistleblower
5772240	5773520	was a lot of inside baseball.
5773640	5774980	Also just partly because like,
5775860	5780100	A lot of what he has said has not been necessarily negated.
5780240	5792220	What I do find it funny is, at least in the way that he phrased some of his comments of like, oh, yeah, you're going to come back and you're going to read these posts as we continue on because you're going to find that I'm right about a lot of stuff.
5792220	5796840	And like, I don't really know if he was like batting a thousand on the laser stuff he was
5796840	5802060	talking about with China, but still, I mean, frustratingly so like I, I keep finding myself
5802060	5806500	coming back to his story. Cause I'm like, it there's, there's parts of it that have ended up
5807400	5812420	seeming very plausible or at the very least, like, I think that there's been some understanding.
5813500	5819280	So yeah. I mean, what a, what a crazy, what a crazy saga that was. Cause that also happened.
5819280	5825520	And I mean, that post went viral within around the same month or so that that crush came forward as well.
5826040	5832860	Yeah, I'm going to talk about kind of my knowledge and understanding of that, those underwater systems in an upcoming video.
5833000	5835840	And I hope that's really cool because I know we'll talk about that on here.
5836120	5838960	Oh, boy. I'm excited. Awesome. Cool.
5839140	5841760	So I've got a couple other questions that are lined up here.
5841760	5852080	here. The very first question I had was, Lematt87N in chat says, I want to know, what is one of
5852080	5855920	Gerb's blind spots? What does he want to learn more about? And where are his main uncertainties?
5856020	5858980	I think that question can go for all of us, but if you'd like to start, Gerb.
5859420	5866900	Sure. So I have a lot of blind spots, as I'll be the first to say, and I always try and stay in
5866900	5872540	the lane i've carved out for myself my knowledge is in the legacy programs in crash retrieval and
5872540	5876720	how the legacy programs have evolved how their secrecy has evolved when i talk about legacy
5876720	5882560	programs and put out the manhattan project 2.0 part one and part two i am insanely confident in
5882560	5887580	those theses insanely confident i will stand by that work until my dying breath i will stand by
5887580	5892400	my north of grumman part two work i will stand by my lockheed work my nro project i am insanely
5892400	5896420	insanely confident in that work. And I feel like I have a lot to offer in those topics.
5896660	5903440	I have a blind spot. A huge blind spot is actually in the taxonomy of NHI, what sort of beings they
5903440	5908440	are in terms of serious presentable research. Now, I think I have an understanding behind closed
5908440	5912880	doors, but nothing that I'd feel comfortable talking about publicly, as well as any of the
5912880	5918400	kind of psi stuff, psionic stuff, remote viewing stuff. That's completely out of my wheelhouse.
5918400	5924140	house, abductions out of my wheelhouse, overall experiencers and hitchhiker effect stuff out
5924140	5924800	of my wheelhouse.
5925220	5929540	I don't want to use the term nuts and bolts, but I am just a legacy programs guy and craft
5929540	5930120	retrieval guy.
5930500	5933060	Outside of that, I probably have a weakness in it.
5933120	5934180	That's just my strong suit.
5934840	5936640	Let me ask a hypothetical question.
5937460	5942860	In the course of your research, if you do uncover or become aware of a psionics program,
5943200	5944420	would you investigate it?
5944900	5946600	Yeah, and I think Northrop Grumman has one.
5947200	5948080	Yeah, okay.
5950300	5955760	where are you following the data wherever it leads oh my blind spots are everywhere uh i've
5955760	5959400	barely been in this subject for three years so i constantly feel like i'm drowning and trying
5959400	5963080	to keep up so i just assume everything's my blind spot and just stay on edge
5966420	5972260	yeah my i mean i don't know how else to answer that yeah yeah i mean unlike my two great friends
5972260	5980680	here. Like I, I have a, you know, I, I have a job outside of UFOs and trying to, I think,
5980680	5986000	navigate like the craziness of this topic. And then also just try to like maintain a sense of
5986000	5991920	normalcy at times it does become challenging. Um, and I think my blind spots with all that said
5992920	5999980	are more so on the, like, I don't really know what I don't know, you know? And I've, I will say like,
5999980	6004740	I've loved the time that we've had together at the hearings and the conferences and stuff, but
6006060	6013120	I'm not 100% convinced even still. And I would like to be a part of figuring out how do we get
6013120	6017720	there or how to investigate these claims. But there's just a lot of things that we don't know.
6017880	6023280	So I try to mitigate that by just being humble or trying to be as humble as I can, because it's like,
6023380	6027280	again, there's things that I just don't know about. Also, my mouth has gotten me in trouble
6027280	6031260	in the past. Some people don't like me for that. It's okay. Whatever. It's a free country,
6031420	6036880	First Amendment. We can have disagreements. And also I will say, I've had disagreements with
6036880	6041700	people and we've had discussions about it and I've completely flipped my perspective as well.
6042020	6048940	So I think at times this community gets entrenched in not necessarily, it's like
6048940	6053560	factional thinking. There's kind of different groups or factions that develop and this faction
6053560	6057780	doesn't want to talk to that faction because like there's some bad beef or blood and i think it's
6057780	6061920	all just kind of bs like can we just rise above it and just acknowledge that this is like
6061920	6067460	unprecedented times and that we got to step up to the plate in our own ways and like do we got to do
6067460	6075160	for disclosure like this is this is it um so yeah i blind spots are everywhere i'm with rob but it's
6075160	6080200	it's a lot different not being uh the the front man of news nation is the senior research producer
6080200	6081080	for Big Dog Ross.
6081280	6083900	I don't play the same game of baseball, unfortunately.
6084840	6086220	Yeah, and before we go to the next
6086680	6088020	question... Oh, sorry, Rob. You go ahead.
6088260	6089980	I just want to say shout out to Mike Herrera
6089980	6091280	in the chat who just said, hey.
6091700	6093060	Mike's here. What's up, Mike?
6093460	6094140	Oh, hey, Mike.
6095800	6097620	Thanks, dude. Thanks for popping in, Mike.
6097620	6098740	It was a pleasure meeting you the other day.
6099000	6102020	So, really quickly, I want to try
6102020	6103620	and bounce through a couple of these questions that we have.
6103660	6105960	I know we have sort of limited time.
6106300	6108040	There's a couple of them that are really good.
6108040	6113220	okay um the first ones that i want to talk or touch here are one that was asked both on discord
6113220	6119860	and then was also asked through a super chat here from local hj so i asked on discord alien kisser
6119860	6124580	is his username there but thoughts on riverside research and the growing story about mccaslin and
6124580	6129920	also the cia gold bar guy i think we want to probably talk about that a lot more next time
6129920	6135000	because i'm going to work on a presentation about riverside i'm going to work with and i don't want
6135000	6139060	to i don't want to say too much about riverside research but please feel free to look into it uh
6139060	6144300	general mccaslin was apparently going to travel to washington dc to formally resign from riverside
6144300	6150040	research so that's the best tease that i can give you on that right now i am going to work on a much
6150040	6154820	longer form presentation than i can give on that maybe a 15 20 minute presentation where i break
6154820	6159060	down some of the weird details that some of our friends have come up with we also have a couple
6159060	6164140	other researchers who might be willing to join us and talk about that as well if they're interested
6165000	6171820	appropriate for the forum. We'll see because they're very private individuals. So if not,
6171880	6178040	I'll be happy to present it and give them credit. But it's a cool topic. I want to move past that
6178040	6179880	really quickly just because there's so much. Let me say one thing, Rob.
6180240	6185980	Yeah, go ahead. One thing. Also, at the same time, put a pin in the gold bar CIA officer David Rush
6185980	6190220	story. I have a lot to add there in terms of how SAPs work. And I would really like to tuck into
6190220	6194500	that, especially with continuity of government SAPs. So put a pin in that as well. And we'll
6195000	6201240	lot next time. Because that's not an isolated incident. Well, no, I'm just saying the David
6201240	6205640	Rush gold bar thing, that's not an isolated incident. Things like that, I'm sure, happen
6205640	6209360	all the time. We'll put a pin in that because I want to talk about that for a good 10 or 15 minutes.
6209900	6213780	I want to answer this question, this super chat question real quick from UAP Dingo,
6213900	6217040	because I know the answer to this right away and you guys might have a quick answer too.
6217220	6222820	He asks, do you know any UAP researchers that focus primarily on the NHI acquisition of earth
6222820	6229640	based genetic material. I know that Butch Witkowski did a great presentation back in the day in 2006
6229640	6238820	or 2007 about violent human interactions, human mutilations from abductions. That's worth looking
6238820	6244060	into. And then I know that Colonel John Blitch is currently in the process of writing a book on the
6244060	6249760	negative interactions between humans and non-human intelligences, which covers that topic in great
6249760	6255780	detail to my understanding so okay um rob one sec i'm sorry to interrupt you again but before we
6255780	6262380	move on uh thank you nano and and again on the npms or npsms as some people call it uh it's it's
6262380	6267440	one of the top three most cleared positions in all of the dod less so than the secdef more so than
6267440	6274660	the dod sapco director and basically the npms is the liaison between nsc saps and the dod ic so if
6274660	6282900	So if there's unacknowledged waived NSC SAPs, the NPMS would be the person who coordinates activity across armed forces, intelligence, community departments.
6283040	6289980	So if there's anybody read into the NSC legacy program portfolio, it would be the director of the NPMS, which is out of the USD INS.
6290080	6290680	Moving on.
6295000	6302080	Okay, so our next question was, Gerb, do you get worried of retaliation for naming high-level officials inside the program?
6302080	6306240	Are there any legal repercussions or do you think lack of action is evidence of the program?
6308480	6309360	Partially, yes.
6309420	6315700	I do get somewhat scared, especially when I'm in situations recently where my full identity
6315700	6320080	has been doxxed in a private setting, I think is just kind of like a, hey, we know who you
6320080	6320600	are situation.
6321220	6322760	That's really uncomfortable for me.
6322860	6327320	It wasn't uncomfortable when it was one of Jonathan Weygandt's Marines who responded
6327320	6330320	for my UAP group at gmail.com email with my full name.
6332080	6337040	and I'm introduced as, hello, this is Sam, full last name. Yes, that does sort of intimidate me.
6337380	6342240	At the same time, I do not fear that an individual like Terry Phillips is going to come after me or
6342240	6349200	Stephen Cantrell because of sort of the public appearance and public platform that I have.
6349580	6356200	If I'm met with reprisals from these individuals, I will talk about it. And if I'm met with reprisals
6356200	6358920	from Mr. Elizondo for speaking negatively about him.
6358980	6360140	I will talk about that.
6360300	6363520	So I do kind of fear in my private life sometimes.
6363660	6365180	I do get worried, but at the same time,
6365200	6366540	if there's dirty laundry that happens,
6366600	6368100	I'm going to air it for my own safety.
6369080	6369880	As you should.
6375520	6376220	Question, man.
6377340	6380740	Okay, so our next question is going to be for all three.
6381000	6382860	What's your thoughts on the NAA Australian
6383320	6385080	declassified document that's also discussed
6386200	6390700	but are internally very well known on the, or well knowledgeable on the subject.
6390900	6392100	The Harry Turner memo.
6393220	6394100	Yep, exactly.
6394400	6399400	I think we've talked about this once or twice in the past, but I'll just state very quickly
6399860	6403260	that it's one of the first documents that really turned me onto the possibility of there
6403260	6404040	being a there there.
6404680	6409060	You know, David Grush did recommend it, if I'm not mistaken, both at his press conference
6409060	6413340	and at a, or at the, or on the judicial watch interview that he did.
6413340	6426880	So I think it's a good starting place for people to get a good sort of appraisal of what an allied country sees about another allied country and how they make those decisions and determine that there's something going on there.
6426940	6428180	It's a real intelligence assessment.
6428520	6430840	So, yeah, it's good.
6430840	6446720	At the same time, of course, we had in the 50s Canada's first and second official investigations into UFOs, Magnet and Second Story, which the impetus for these programs were based off of Robert Sarbacher's comments of Vannevar bushing, spearheading, UFO crash retrieval and study teams in the 50s.
6446720	6455400	So, yeah, I very much recommend looking at Wilbert B. Smith and his recommendations to Canada for setting up that story or that program as well.
6455400	6455480	well.
6458080	6458840	Okay, great.
6459800	6465080	So we have the very last question I've got, or actually no, that was my last question
6465080	6466420	within this set from Discord.
6467900	6469700	Should we do a rapid round for 10 minutes?
6470500	6472820	Yeah, I think we should try and do a rapid round and then wrap up.
6473140	6476400	Okay, guys, we're doing a rapid round, 10 minutes of questions.
6476500	6480160	If you got one, please put it in all caps in the comments and we will get through these.
6480240	6483340	I'm going to start with this wonderful super chat and then put them in the comments.
6483440	6484520	I'm looking so we'll get these.
6485400	6490160	I know about Wendell Stevens. He has a great military story, such as losing five F-series
6490160	6495080	planes in the late 80s to UFOs, as well as his photo collection and contacts. Chris Ramsey has
6495080	6499600	quite a few of his photo collection. And of course, he was kind of the co-author on William
6499600	6505580	Steinman's 1986 book on Aztec. And I think that's one of the best books on this piece. So I do have
6505580	6511320	more reading of Wendell Stevens I need to do. I know he's passed, but I don't have strong enough
6511320	6513820	enough knowledge to have a strong opinion on him as a person.
6514620	6517280	I can approach this a little bit from my own personal experience.
6517420	6519160	When I was out at contact in the desert,
6519220	6521540	I met the young lady who actually won the auction.
6521740	6525760	She beat Chris Ramsey on the auction for Wendell Stevens's full photo
6525760	6526180	collection.
6526540	6528720	Chris has Chris has some of them,
6528760	6530660	but this young lady has the rest of them.
6530740	6531580	And it's a very,
6531620	6532580	very large binder.
6532680	6533860	And I was able to go through it.
6534200	6536180	I will say that some of them are,
6536180	6536880	are compelling,
6537220	6540580	but I think there's only so much you can draw from photographs because not
6541320	6545200	photographs in that collection are originals most of them are reprints and then we would have to
6545200	6549680	track down the provenance of those photos through uh like individual markings on the back of the
6549680	6555240	prints uh where they were printed when so on and so forth there's work to do on that and that she
6555240	6560360	is working on that actively um I don't know when we'll see that work but some of those photos were
6560360	6565140	pretty compelling I just I know that also some of them were were reprints of things that I had seen
6565140	6568160	online prior to when the prints were made.
6568940	6573180	So I know that some of them were prints that he made of things that were sent to him digitally
6573180	6573520	too.
6573720	6577080	So there is a firm mixture in what that collection really represents.
6578920	6579320	Okay.
6579460	6583160	If Grush said the Lockheed transfer was, and thank you, by the way, was bits and pieces,
6583220	6585340	whole structure, then what crafted Likatsky entered?
6585540	6586980	These are not mutually exclusive.
6587080	6589820	I believe the platform Likatsky entered was an egg-shaped vehicle.
6590140	6592160	And there were several Kingman crashers.
6592160	6595760	I would recommend looking into Harry Drew's Seven Days in May series.
6596020	6598300	And these were, of course, saucer-shaped crafts.
6598480	6599720	So not mutually exclusive.
6599980	6606780	I think it's highly likely Lekatsky actually had prior experience within a DIA-sponsored legacy program.
6607860	6610220	Father Chris A. tip. Nice name.
6611120	6613000	When can we expect a video on China Lake?
6613180	6617820	Probably soon, but on my whiteboard here, I have four videos I have to get to first.
6617880	6621380	So this is the first time I'm actually spoiled for choice in making videos.
6622160	6623080	Okay, guys, this is a good one.
6623200	6627320	What do we make of Dave Grush saying most of the recovered craft are saucer, crescent, or egg-shaped?
6627440	6630180	Is he inferring other commonly seen craft are ARV?
6630220	6630920	No, he is not.
6630980	6632940	I think these are specifically non-human platforms.
6633760	6637220	And eggs of these, from what I understand, are the most common.
6640240	6641240	But the triangles are mostly ours.
6643040	6644500	Yep, that's also what I've heard.
6644520	6646960	But it's not exclusive that all the triangles are ours either.
6646960	6653300	Right. Again, time epochs and size of triangle are well worth evaluating in triangle stories.
6654100	6658880	Is Plant 42 the main Northrop Grumman site with exotic tech based on your findings?
6659540	6664820	That's a loaded question. Specifically Northrop Grumman site? No. Northrop Grumman has their own
6664820	6669100	sites with more of Northrop Grumman's tech. But as I stated in my Hidden Wing video,
6669480	6674520	Air Force Plant 42, a GOCO government-owned contractor-operated facility with Northrop,
6674520	6679860	Lockheed Martin, and Boeing as the three contractors with access to the highly classified R&D area of such.
6680160	6684540	Sometimes craft, specifically reverse-engineered platforms or derivative airframes,
6684720	6690860	are driven up physically from Plant 42 to Edwards Air Force Base for specific RDT&E operations.
6693000	6694580	Okay, let's continue.
6697680	6702720	Okay, do you guys still think there are any UFO projects or programs at Area 51?
6705120	6706980	I mean, you don't just throw away infrastructure.
6709620	6710140	Yeah.
6710500	6712740	We also have to say, what do we mean by Area 51?
6712960	6727200	A lot of the times when people say Area 51, they also are talking about Area 51 adjacent sites like S4, even as far down as Area 6 on the Nevada test site.
6728640	6733320	um yeah so i think that there's probably quite a bit of that work being done in the national
6733320	6738740	the nevada national security area i don't know if it's exactly on area 51 but i do think that's
6738740	6746280	what they meant when they said area 51 is the overarching nevada area um i i personally think
6746280	6750880	that there's probably still stuff there and this is all just my thoughts like it's not based on
6750880	6754500	evidence or anything of that nature but i would assume that if you go to area 51
6756040	6761300	there's still stuff there. I mean, it's very easy just to, you know, redirect people or have like a
6761300	6765880	false wall or, you know, any sort of secret thing that like similar to like what even Bob Lazar
6765880	6769660	described with the way that the doors were concealed at the S4 site and things of that
6769660	6774180	nature. Who's to say that that can't also be the case. And some people show up for an inspection
6774180	6779400	and they're just simply not going to find it. So. Yeah. I mean, one of the people I think of is
6779400	6780180	is Randy Anderson.
6780400	6782220	And Randy Anderson was running
6782220	6784180	OPFOR opposing force drills
6784180	6787220	on the Nevada test site near Area 51
6787220	6788600	on DOE-controlled lands.
6789460	6790480	He has been very explicit
6790480	6794340	that some of these either permanent stations
6794340	6796960	or semi-permanent stations out there near Area 51
6796960	6798520	do in fact house triangles.
6799420	6801540	There was an Army public affairs officer
6801540	6803040	I talked to that in 2013,
6804000	6806740	as recently when, for specific reasons,
6806740	6808440	since he was at Area 51.
6809240	6813120	Homie, he observed a triangle on the cleared flight line.
6813280	6814840	So I kind of agree with Rob.
6814920	6815540	What do you think, Kerm?
6817060	6820640	Yeah, I think Area 51 is a big place.
6821500	6825260	I mean, if the cabal was smart about it,
6825280	6827180	they probably wouldn't have it there anymore.
6827460	6830120	But I wouldn't be surprised if there was work going on there.
6830300	6833860	I mean, it's not the only place, right?
6833980	6835720	I think a lot of people in the public are like,
6836740	6841060	the US government's got a secret alien program. It's got to be at Area 51, right? No, no, no,
6841100	6846620	no, no, no, no. This is all across the country. It's international. We've at least touched on or
6846620	6852320	talked about more than two dozen locations, at least on live streams. GURB's covered even more
6852320	6859960	than that. So it's a big state. It's a big architecture. And I think everyone focusing
6859960	6864160	on Area 51, it's kind of disingenuous because that's the secret facility that the government
6864160	6865160	wants you to know about.
6865280	6866760	There are even more secret ones
6866760	6868140	that they don't tell you about
6868140	6869460	and don't make it into the media.
6869640	6871660	And hey, if I was running the show,
6871780	6873060	that's where I'd be testing the craft.
6873240	6874880	But again, they don't put me in charge of shit.
6875000	6878980	So yeah, I'll still maintain that in the early 90s,
6878980	6881920	a lot of the Area 51 infrastructure was moved
6883580	6886340	towards the Utah range, towards the Edwards range.
6886820	6888000	So in places like that.
6889200	6890760	Okay, we talked about this a little bit.
6890920	6893760	Is the Avi Lope group focusing only on new evidence
6894160	6895940	completely avoid outing any legacy programs.
6896100	6898900	I don't know if it's specifically to avoid outing legacy programs.
6899600	6903020	I just think there might be some taboo in touching old data sets
6903020	6905360	or possibly it's too murky and thus they want to avoid it.
6905440	6906740	And I hope that's not the case.
6909460	6912280	Oh, there was a question up above that I wanted to address.
6912460	6917480	Somebody asked, do you know how to get off of the Jack Sarfati email list?
6917720	6917980	No.
6919460	6920740	Are you on it, Rob?
6922180	6924680	No, I managed to delete that email account.
6926240	6927320	That's the only way then.
6927340	6929380	You have to delete your email account entirely.
6929760	6931260	There's no other option.
6931540	6932840	You can't escape Jack Cerfati.
6933020	6935380	Once he has you, you're in his grasp.
6935400	6937080	It's like a tractor beam from Star Wars.
6937860	6938300	Exactly.
6939780	6942300	So, Diadonix, I think he said this and I missed it.
6942680	6945740	What would be your ideas on the most fruitful path for disclosure
6945740	6951040	disclosure, in the open intelligence and the UAP UFO disclosure research community.
6952520	6959200	I think that in terms of where the average person is going with the quality of their research,
6959320	6963520	the quality of their sort of discussion on this topic, it's very bright. I mean,
6963560	6967760	look, Rob Jones said he was a newcomer to this subject. And within two years,
6967800	6972020	he's working on a research producer at News Nation. Kerm says he's kind of a newcomer to
6972020	6976400	this topic and he's publishing a great projects on the topic and is really engaged with it so
6976400	6981680	i would just look at what these two guys are doing uh continuing to do due diligence uh talk to folks
6981680	6987860	and i i think these two are the model for how um for how folks out in the open can really kind of
6988340	6994680	progress and add to the disclosure process what do you guys think and i mean the best thing that
6994680	6998980	you can possibly do in getting involved with this is to constantly be your own greatest critic and
6998980	7004180	to constantly question your own biases and constantly question the validity of the sources
7004180	7010220	of your information. That's the best advice I could give anyone. Yeah. And keep notes as well.
7010360	7014220	This is something that I think shot me in the foot initially, because I'm just someone that
7014220	7020280	has a bunch of tabs open and I get lost into the sauce. And then a couple months down the road,
7020340	7024960	it's like, hey, remember this? And then I completely lose context for it. So especially
7024960	7028920	especially right now. And I think, I think the past couple of years has kind of shown this
7028920	7032920	dynamic where one thing will be said initially, and then either more information will come out
7032920	7038040	or something else comes out that may counter that initial claim. So when in doubt, just write it
7038040	7044320	down, bookmark the posts, like just try to keep track of this stuff. It's a lot. It's especially
7044320	7050520	just an information like fire hose at times, especially on certain days or weeks. But I will
7050520	7056300	I will say some of the AI tools are actually pretty helpful and effective.
7056500	7061060	And I have leveraged them at times just to get sentiment analysis or just summarize what
7061060	7062200	happened on Twitter that day.
7062840	7065060	So those things are helpful at times.
7065200	7071680	But again, just making sure that you're able to understand where you got to that point.
7071800	7075820	Because especially with the rabbit hole and getting down into the weeds, you just want
7075820	7079620	to be crystal clear on how this started and how you got to that point.
7080520	7082880	It's kind of more on research in general.
7083880	7084940	Okay, rapid fire.
7084960	7086640	We'll get through a few more and we'll close it up
7086640	7087640	because I know you got to go, Rob.
7087840	7088320	Good one.
7088440	7090080	Do you think the programs have figured out enough
7090080	7092060	to produce man-made craft and at scale?
7092100	7092660	Rob, go.
7097920	7102580	Yes, but in extremely, extremely limited quantities and sizes.
7105420	7105940	Yeah, yeah.
7105960	7107400	The materials are the constraints.
7107540	7109640	And that's not just for craft,
7110520	7114000	actual derivative technologies that may be deployable for warfare capabilities.
7114480	7118900	A lot of the times the programs are constrained by the amount of metamaterials,
7119060	7121080	the amount of craft materials one would have.
7121160	7124220	So therefore, I've seen the argument, hey, if UFOs are recovered,
7124440	7128240	why is there such a mad dash to kind of hoard as much of a collection as you need?
7128300	7132020	You are indeed a lot of the time constrained by the amount of materials you have.
7132120	7134620	And there is a worry there of a Trojan horse.
7134720	7139440	Maybe too many U.S. derivative technologies are too over-reliant on the materials,
7141400	7146700	extreme competitive disadvantage when uh when we require more materials and may be willing to do
7146700	7154160	things we otherwise would uh and i'll just add on yeah but just like conceptually like if you just
7154160	7158720	follow the logic like a big program would leave a bigger footprint so if they had like a secret
7158720	7163700	space program for example and i have i briefly covered this on one of my slides but like a large
7163700	7167580	operation like that i think would leave a much bigger paper trail than what we are seeing
7167580	7169420	currently so I'll let you kind of decipher
7169420	7170080	what that means
7171600	7173580	I do not think it's as
7173580	7175400	robust or it's
7175400	7177480	they have not built as many
7177480	7179480	weapons I think as some people or
7179480	7180720	craft as some people would
7181560	7182600	claim that they have
7183900	7185180	Rob was asked this question
7185180	7187460	he says he doesn't know so this is
7187460	7189260	just for the record if people start hounding
7189260	7190840	Rob about this
7191640	7193480	again yeah I don't know the location
7193480	7195420	I made a joke earlier today on
7195420	7196720	Twitter that I know
7197580	7203000	a specific location that someone tried to say where it was. I know it's not there because I
7203000	7208560	asked Ross because that's where I thought it was too. And he said no. But I also said to Ross,
7208740	7215300	hey, look, I also don't really want to know. So. Okay. Thank you so much. We just got to address
7215300	7219420	this, guys. I don't really understand the idea behind disclosure being dangerous. Could you
7219420	7223320	explain some of the main hypotheses that support this argument? Here's one example. Maybe we'll
7223320	7226020	I'll give an example and then we can start to close up.
7226100	7230120	Let's say we have a derivative capability from a craft.
7230240	7232000	This wouldn't even need to be a weapon system.
7232180	7234660	Maybe it's an electro-optic cloaking system.
7234820	7236060	Maybe it's a radar system.
7236300	7240580	And we've convinced our peer adversaries or our peer adversaries don't know this capability
7240580	7241220	exists.
7241580	7246040	And certain elements of our intelligence community and armed forces community are using this
7246040	7248560	for intelligence surveillance reconnaissance, ISR purposes.
7248560	7254220	purposes uh if we have a massive catastrophic leak and it's shown that the U.S has this capability
7254220	7260160	then our peer adversaries know that we have this capability um we'll we'll attempt to also harness
7260160	7264360	this capability we'll try and use spycraft to infiltrate our intelligence systems to find this
7264360	7269540	capability and it's just a runaway cause and effect for other countries to try and leverage
7269540	7276820	and get a hold of this once asymmetric warfare capability yeah and I will say like it I think
7278600	7283100	like geopolitical national security kind of angle that's relevant and important. But I think
7283100	7287720	disclosure is dangerous as like, it's multifaceted because there is the national security angle,
7287800	7293120	but also kind of going back to my comments about like, are the UFOs angels and demons? Like that
7293120	7298940	is also another tactic or kind of plot line that's introduced to kind of get at the concept that this
7298940	7304440	stuff is dangerous. And I did see actually a chat or a super chatter that we did not answer the
7304440	7310060	question too of like basically is the belief or you know is the demanding of ufo disclosure
7310060	7315380	hypocritical to the belief of god those are two completely separate things like i believe in god
7315380	7321240	wholeheartedly demanding transparency and disclosure on this is separate from that i do not
7321240	7327680	these things are completely mutually exclusive and like enforcing or at least advocating for
7327680	7332040	the truth like that is a that is a virtue that's a virtuous and good thing like i don't understand
7332040	7338540	why that would be against it um but you do see that come up a lot of like oh well you know the
7338540	7344600	the exorcist that recently got fired because he made comments about um you know ufos or at least
7344600	7349420	the stuff that they were seeing in the church with exorcisms having some affiliation with
7349420	7356440	ufos or at least like gray alien reports and while that exists like do not jump to conclusions and
7356440	7361180	say that like oh my gosh it's all demonic because that's that's not true and it's also disingenuous
7363120	7381760	So the national security angle, I agree with Gerb. It's a valid point. And I think that's a valid thing to consider, especially when making decisions here. But when looking at other kind of ways that disclosure is dangerous gets purported, you really have to put your skeptical hat on for a minute and think critically. My two cents.
7381760	7392960	Yeah. Before we end, one thing I wanted to double back on is something you mentioned about the difference between whether they're going to have old data sets or new data sets with this new UAP Science Advisory Council.
7393220	7407260	And one of the things that actually did come up, and I was busy reading questions, so I didn't get the chance to mention this, is that my understanding is that when this got brought up with Avi, he said that he was only interested in new data sets personally.
7407260	7415160	But that doesn't mean that the other members of the council aren't going to be requesting additional data sets beyond that for them to continue to study.
7415280	7418020	So it doesn't close the door on older data sets at all.
7418280	7420260	Good. I think that was important to say.
7420820	7421580	Yep, absolutely.
7422180	7426460	I am sorry we are going to have to wrap up because Rob has a hard cutoff.
7426540	7431040	Let me just say before we move on, just so you guys have something to look forward to, we've already planned the next live.
7431160	7432500	We have Kerm's excellent PowerPoint.
7432500	7436640	We have some work from Rob and we're going to talk about a fake continuity of government
7436640	7438440	saps that have been used to embezzle money out.
7438540	7441320	So do you guys have any closing remarks before we head out for the day?
7443620	7445100	We appreciate the support.
7446540	7448320	Please tune into UAP Grrp.
7448380	7451880	Please watch his most recent video and give it some views.
7453380	7453820	Kerm.
7454720	7455500	Thanks everyone.
7458660	7459660	Let's go disclosure.
7460320	7461540	Let's go TR3B.
7462740	7463800	Isn't it great guys?
7464060	7464880	This is so fun.
7465040	7465700	This is awesome.
7465980	7467160	And you know what?
7467180	7468940	One more thing I want to say before we let go
7469620	7472640	is that it's never a bad thing
7472640	7475200	to hold people in power accountable, okay?
7475480	7478120	It's never a bad thing to hold people in power accountable.
7478360	7480200	Just because you're attempting to hold somebody
7480200	7482060	in power accountable doesn't mean
7482060	7484760	that you're calling them a bad person or anything like that.
7484900	7487520	It means that you are being a good citizen
7487520	7492700	and in my case a good journalist so I'm just gonna leave it at that okay as Jeremy Corbell
7492700	7499680	would say go go UFO and we will catch you guys on the next stream go UFO bye everybody see y'all
