start	end	text
760	3860	Have you met an experiencer that has gotten an implant?
4180	8980	I didn't believe these stories at all about these implants and them being used for tracking
8980	14180	until I rode the PAT that tells you how they do it.
14380	17080	So it's almost like we're walking hard drives or something.
17080	21280	Yeah. I knew the address because it was the address of Chris Bledsoe.
21460	27420	I knew the napkin because it was the presidential seal on a napkin from Camp David.
27420	31640	and the picture was mailed to him by Tim Taylor.
31820	33500	By Tim Taylor.
33860	37120	And the only person that story can have been told to
37120	40860	in that envelope was Barack Obama.
41560	43480	Oh, my God.
47680	50820	We are here with the great Bob McGuire.
51080	52900	Very honored to have you.
53020	54720	Your name keeps coming up.
54720	58260	I think, you know, we are kind of in a lot of the same circles.
58480	60280	We're very involved in kind of UFO Twitter.
61360	64440	But, you know, UFO Twitter can be a very murky place.
64720	65080	Yes.
65160	80040	And I think you have a lot, you kind of rise above the rest as far as really impressive credentials and thorough investigation into UFO propulsion and theories about, you know, where they exist, how they exist.
80420	84000	And I think you have the background to kind of back all of this up.
84720	90920	have an amazing history for a couple of decades you worked various three-letter agencies inside
90920	96820	the government and then you started hot guy 360 federated wireless and so couldn't be more honored
96820	101340	to have you especially amidst this amazing new backdrop we have a new set for american alchemy
101340	109020	and our co-host recurring co-host jack who's here who is is also very excited to talk to you and
109020	113540	again can always speak at higher levels than me when it comes to kind of heterodox physics
114720	115700	Honored to have you both.
115860	117440	We're glad to have the great Science Bob.
117640	118340	Oh, my goodness.
118880	124340	Please tell that to my girlfriend so she'll think I'm not lying to her.
125540	129120	Well, let's get this to millions of views so you can brag to her.
130000	130640	It's good.
131960	138700	So, Jesse, it's a great—I've followed you and listened to you, and I love your podcast, and it's an honor to be on it.
138840	139300	Oh, man.
139340	140440	Well, it's an honor to have you.
140480	141560	Really appreciate it.
141560	145840	And there's so many kind of jumping off points and like places to start.
145880	150820	But why don't we just get into what we were talking about off set a second ago.
151140	153140	You were saying you think you have a connection.
153360	154640	I just had Matthew Pines on.
154740	155700	He's an incredible thinker.
156040	167080	Matthew Pines is that person who has a near perfect photographic memory who decided not to do physics.
167080	171920	and I'm ready to turn him over my knee and spank him for not doing physics.
172380	176380	Because the guy is the real deal.
176560	180140	He commanded the entire field,
180960	185860	talked to you about detailed stuff that excited me, excited my imagination,
186300	192800	and he did it without looking at a single note for hours.
192880	194080	Yeah, it was extremely impressive.
194140	195320	It's very impressive.
197080	199320	when he was getting into branchial and ruleal space
199320	202160	where I felt like I could barely track
202160	204300	or barely keep up with what he was saying.
204360	206240	Hypersurface foliations of branchial space
206240	208400	that are computationally bounded
208400	210160	relative to the underlying structure.
210420	211920	And so they have to do this massive equivalencing.
212120	214380	And then they perceive they have a linear thread of history.
214540	216480	So they believe that they're continuous.
216520	219480	And I was like trying to, you know, ask decent questions,
219520	222660	but it was definitely tough hearing that for the first time.
222660	224140	Okay, so there's an issue.
224140	234120	Everybody understands the issue in physics now is we have quantum field theory, which is terrific at doing what it can do.
234220	238780	And we have general relativity, which is terrific at what it can do.
238960	245800	Every test of general relativity that science has been able to cook up, it continues to perform perfectly.
246260	251440	Every test, it passes. Because one failure and we have to redo the physics.
251440	253660	Quantum field theory is the same.
253780	254180	It's, oops.
254440	259320	We're blessed with all sorts of electronics and gadgets
259320	262980	and other things in our life now that would not have been possible
262980	265960	without the quantum revolution in the 20th century.
266180	270440	And the man kind of at the heart of all of it is Albert Einstein.
270840	278060	So Einstein did a differential equation that equates the material in the universe
278060	280540	to how it curves the universe around it.
281440	283300	Hilbert did it a different way.
283540	288740	The big development in the 19th century was,
289580	292740	one of the big developments was Lagrangian mechanics.
293840	296540	So you take a thing called the action
297320	301420	and physics bodies always follow
301980	303080	the principle of least actions.
303160	306220	They take the path of least actions to do something.
306420	310280	And Hilbert formulated the problem of gravity
311440	315820	principle of least action and got to the answer by a different path than Einstein.
316220	320820	Do you think that the principles of least action or Fermat's principle where, you know,
320840	328620	light seems to, you know, almost follow an optimal path between two points, that that
328620	334280	points to some sort of information theoretic underpinning to physics where the whole thing
334280	337240	is sort of optimized in this kind of computational way?
337240	343760	So I think through, we now understand that all this matter and energy around us is governed
343760	345060	by quantum mechanics.
345400	348500	And the description of it is in quantum field theory.
348640	354800	So quantum information theory is now kind of all over the place and burgeoning and growing
354800	362220	hugely and eventually we're going to find what John Archibald Wheeler said to me and
362220	362820	many others.
363140	363920	You met him?
364100	365480	I'll tell you that story in a minute.
365620	366420	I want to hear that.
367240	369600	They said, you're not going to believe how lucky I was.
369760	372140	Okay, so he said it from bit.
372220	384840	And what he meant was that which constitutes the universe all around us are actually bits of information that describes their configuration and the state they're in.
384980	386520	So that's what it from bit went.
386840	389540	Yeah, but I never understand that on a lower level.
389660	395060	Like, he'll be like the collapse of the wave function breaks down into like a bunch of yes, no questions.
395220	397040	And so you get it from bit or whatever.
397240	399720	What does that exactly mean?
400020	409320	Like, because I think about, you know, yeah, it does feel like, you know, whatever eigenstate gets chosen is like, you know, an on-off switch or something.
409560	414860	But like, how is it a series of yes-no questions that gets to wave function collapse?
415360	422240	Okay, so, well, people don't really yet have a really great theory for the wave function.
422240	427880	There are some guesses, there are some theories that to me have not yet been proven.
428040	428540	I have a theory.
428740	432060	Okay, well, it's always good to have a theory because that describes,
432660	438580	a theory should allow you to describe an experiment that will falsify what you're describing.
440620	447960	But some kind of interaction with or observation of a quantum state collapses the wave function.
447960	457320	And all that means is you take all these possible states and you collapse all these possible states,
457440	460800	which is a huge amount of information, to one.
461880	468100	Pick one state out of all the possibilities and doing this observation collapses it to that one state.
468280	471940	You can't predict ahead of time what that state will be.
472120	477040	You can predict it probabilistically so far as we know, and that's the only way.
477960	479680	That's just an everetian perspective, is that right?
479900	480180	What's that?
480300	483720	The everetian hypothesis for the reduction of the wave function.
483940	485180	There's some hypotheses.
486040	487260	What is that?
487420	488200	I'm not convinced.
488440	497080	The observer effect collapsing the wave function, which is heavily referenced by a lot of these simulation theory universes.
497460	500060	So in line with Riz's.
500180	503060	I'm not convinced that any of them are exactly right.
503060	508860	Right. So Everett was Wheeler's student and Everett did the multiverse.
509140	514280	And that seems to be growing in popularity, which gets rid of the wave collapse problem.
514620	519380	Yeah, well, in Everett's case, he would say wave function collapse never actually occurs.
519460	520640	And you just get universe branching.
520640	522400	The universe is branching off.
523140	526380	And so apparently it's perfectly good mathematically.
526800	532240	To me, I don't know how we'll ever test the hypothesis that the universe is a multiverse.
533060	534800	Apparently, others think we can.
534840	539860	I'm hoping an experiment will be constructed that will allow us to say
539860	544860	the only possible way we could have gotten this experimental result
544860	550020	is if there was another universe that branched off ours
550020	552660	and is still impacting it through some mechanism.
553040	555740	It's the mechanism that we will have to find and test.
556040	559280	And Sabina Hossenfelder has recently argued that you can't test it,
559320	562220	that it's an untestable hypothesis and sort of, therefore,
563060	573380	hypothesis? Sabina is a hypercritical, fantastic scientist who has had to give up on her academic
573380	580300	career because she's angered too many people, which is I hate because she's very, very capable.
580540	587580	Yeah. Extremely capable theoretical physicist, but she doesn't suffer fools gladly. How did you meet
587580	594080	John Wheeler. Ah, that's interesting. So I lived in New Jersey for a period of time, worked for
594080	601560	an entity that worked for the intelligence community. And my wife was a nurse in a
602240	609280	retirement community. And so she came home one day, she says, we have a new resident in the
609280	615100	retirement community. And she says, it's the same name on a bunch of your books. And I went,
615100	620620	John Wheeler? And she pointed to us and said, John Wheeler? And she said, yes. I said, well,
620720	626160	take my books out there and see if you can get him to autograph them and ask him if I can come
626160	634080	and visit him. So he autographed my books and invited me to come over. So I went over and had
634080	640740	tea with him and met his wife. And he had a house on the, there's a retirement village
640740	646420	where you were guaranteed to be there all the way through your final hospitalization.
646720	648440	It was that kind of retirement village.
648720	652580	And he had a place, and I went over and visited him.
652620	654200	I became a regular visitor.
654560	655240	No way!
655380	656160	Yeah, regular.
656260	658180	What were those interactions like?
658260	659140	Oh, they were fantastic.
659200	662480	Yeah, look, I would ask questions, he would ask me questions.
662480	670140	we would he would tell he he explained to me the parts of his big thick gravitation book that i
670140	675840	couldn't understand even though i had a lot of differential geometry yeah and that was that was
675840	680660	interesting but i occasionally just was his chauffeur yeah i would take him up to the institute
680660	686620	for advanced studies core preston university so he could hear a talk and hear those talks and it
686620	692300	was just amazing can you imagine that's incredible it was just amazing sitting in the back of the
692480	695620	watching these people kowtow to Wheeler.
695680	698080	But the other thing was, where I worked,
698260	702420	a member of the advisory board for that place that I worked,
702800	704040	Freeman Dyson was on it.
704100	705240	So I got to interact with him.
705300	707220	And I went to church with him on it.
707220	708580	Can you say where you worked?
708800	710640	Yeah, it was the Institute for Defense Analysis.
711020	711300	Okay.
711400	713420	And Freeman Dyson was involved in that?
713660	716500	Yeah, he was one of the scientific advisory board members.
716600	717520	Can you say what you did?
717980	720780	Yeah, I worked on communications problems
722480	726820	much because it was the Institute for Defense Analysis Center for Communications for Search.
727100	732520	Wow. Well, so I, as you know, I, you know, used to work with a guy named Eric Weinstein. Yes.
732660	738700	He's become convinced that there's like a lineage of secret science in the United States and he
738700	742880	would have Wheeler would be at the center of it. It would be like John Wheeler, Freeman Dyson,
742980	749500	Bryce DeWitt, Hugh Everett. These names would be involved in such a program. Do you believe that
749500	753420	that there are elements of science that are not open source
753420	755420	and that have been classified by the U.S. government.
755600	758900	Not only do I believe it, I know the mechanism.
759320	762600	Because the Atomic Energy Act has the ability,
762880	765500	so long as you brush up next to it at all,
765700	769060	of classifying new physics from birth,
769240	771740	if it's viewed as touching those fields.
771960	774060	So one example of that would be,
774140	776340	and we're going to get into UFOs and how you got into that,
776340	779900	but the special definition of nuclear material in the Atomic Energy Act.
779900	786280	If you read the definition of special nuclear material in the Public Atomic Energy Act of 1954,
786940	792200	it basically states any material that releases any kind of atomic energy.
792400	796440	That would be retrieved crash material. So it's kind of a sneaky way.
796680	801020	No, it is. If you actually read the Atomic Energy Act, if something is not a nuke,
801100	805820	but it has radiological energy coming off it, you know, alpha, beta decay, whatever.
806340	806960	Same secrecy.
807040	807760	Same secrecy.
807840	815120	So it is, in my opinion, given Oppenheimer's status up until he lost his clearance,
815980	822620	it is impossible, given what we know now, that he did not know what was going on
822620	831480	because of the initial makeup of the people dealing with the UFO problem at the top national security level,
831480	834840	especially after the 1952 flyover of Washington,
834920	837760	where Truman lost his lunch over it.
837840	839040	I mean, he really went nuts.
839220	839680	And-
839680	840780	Is that true?
840940	843740	Because I've heard there's an aviation journalist
843740	847020	named Curtis Peebles who said that Truman was on the phone
847020	849880	with Andrew J. Rappaport, who ran Blue Book at the time,
849920	851080	because Truman was so freaked out
851080	852380	about the Washington flyover.
852500	853560	Is that right in your opinion?
853580	855680	In my opinion, it is completely true.
855800	857080	People have told me that.
857160	859300	I have not seen evidence of it.
859300	865180	Did the Joint Chiefs of Staff talk to you or concern you about the unknown of the unidentified flying object?
865320	868960	Oh, yes. We discussed it at every conference that we had with the military,
868980	873700	and they never were able to make me a concrete report on what they see.
873700	875080	Do you have anything on the subject, sir?
875260	877400	No, I haven't anything on the subject.
878300	880540	There's always things like that going on.
880980	883520	They're flying saucers and they've had other things.
883660	888100	But anyway, I always thought it was probably pretty good because Peebles was a UFO skeptic,
889300	890960	And Truman freaked out about the UFO flyover.
891160	891360	He did.
891580	904040	And I believe that Oppenheimer and other people in the Manhattan Project were the original secret keepers and the natural people to call to look in to watch if one crashed.
904280	907920	Well, if you believe David Grush, then they literally set up the secrecy.
907980	908340	I do.
908780	909600	I do, too.
909880	915120	He's on record with me saying, you know, we were like, if you could meet anybody in history, who would you meet?
915120	926580	I would probably ask Saarbacher, Oppenheimer, and be like, what was your thought process in the 40s and 50s, you know, scrolling this away?
926820	929800	I mean, besides overlaying the Manhattan Project secrecy.
929920	935080	Because Oppenheimer was the one who created the classification that included the UFO stuff.
935220	935840	Oh, all those guys.
935960	940200	And it was one of the most interesting parts of your interview with him, because I totally agree with.
940200	954400	And I'm on record on Twitter, Facebook, and other places saying people keep pointing a finger at the CIA, and they're not looking at where the secrets have to be kept.
954580	956200	I kept pointing to DOE.
956440	959980	I kept asking about why people weren't looking at DOE.
959980	962900	I kept asking why people weren't looking at the Battelle Institute.
962900	968980	And a friend of mine who is a deep researcher in all this, she was also jumping up and down
968980	975500	about Battelle, and that's Linda Thompson, who's a premier researcher in the UAP area.
975820	975980	Yeah.
976140	980120	Well, speaking of the DOE, you know they funded the Human Genome Project.
980420	980600	Yes.
980860	982840	So do you think that connects at all?
982920	987380	If they somehow have a greater ontological truth around, you know, that we're not alone,
987600	988500	that aliens exist?
988500	995220	I was asked by IARPA to take a look at...
995220	997400	You want to just tell the audience what IARPA is?
997540	1002340	IARPA is the Intelligence Community Advanced Research Project Agency.
1002600	1011440	So it was put together after DNI came into being to be the equivalent of DARPA for the intelligence community.
1011440	1016400	community. And the current deputy director of DNI, Stacey Dixon, was the director when
1016400	1024240	I was asked, could I take a look at using CRISPR-Cas9 and coding information into DNA?
1025380	1029160	Wow. Yeah. So I decided not to put together
1029160	1035220	a proposal. I was too busy with other things and doing some work I can't even discuss for
1035220	1037540	them. But they asked you about putting...
1037540	1044560	Well, yeah, some people in my team at Hume Center at Virginia Tech did put in a proposal
1044560	1045840	and I think worked on it.
1045860	1046560	What year was this?
1047040	1051460	I think it would have been 2013 or 14.
1051660	1051840	Wow.
1052100	1055920	These kinds of novel data storage techniques are all over different media, right?
1055980	1058020	DNA for instance, crystals, different things.
1058300	1062860	We were talking about this on the way over here, that the notion of encoding DNA with
1062860	1063620	information.
1063620	1069260	I mean, how many layers can you go down into that, you know, particularly with CRISPR-Cas9?
1069600	1080500	There is tons, tons of space, terabytes of data you can put on DNA that we don't know what it's used for.
1081280	1086660	So it's in the quote, you can use the quote, junk DNA to store all kinds.
1086860	1088540	Well, that's just fascinating.
1088740	1092060	Yeah, you can store semantic information on DNA.
1093620	1097900	while to retrieve because it needs to be stored very cold you got to read it off you'd have to
1097900	1102080	figure out the rna to read it off but it's when i was talking to lou alessandro i said if you were
1102080	1110060	an alien race and maybe you in the instance of getting wiped out wanted to save some monument
1110060	1116020	or you know some really important you know time capsule for a future civilization that might you
1116020	1120520	know encounter you uh what what would you do and i was suggesting all sorts of things i was like
1120520	1126660	Like, would you put an object in the Lagrangian point that, like, you know, is sort of, you know, just hovering, you know, right next to the Earth?
1126740	1129300	You know, there are all sorts of things you could come up with.
1129620	1130840	Build a pyramid, whatever.
1131240	1132720	And he said something really interesting.
1132720	1136440	If you were going to make something truly enduring, truly enduring, there's really only two ways to do it.
1136960	1145000	You either put something out in deep space where the chances are of it coming into contact with something are minimal, or biology, genetics.
1145840	1147620	Because genetics is a fingerprint.
1147620	1153800	and that will continue as long as the species survives and finds other places to live,
1154560	1159800	so will that message. And you can put a lot, and the beauty about DNA is that it self-replicates.
1160160	1166600	So that message, in essence, if you code it right, could be there as long as the species
1166600	1173560	survives. And I was, that freaked me out. I was like, whoa. If I were a betting man,
1174280	1191280	I would bet that the intelligence community has figured out how to use CRISPR-Cas9 to transport intelligence that's been gathered in the person of an intelligence officer already.
1191620	1197420	Whether they do it or not, I don't have any idea, but I am convinced that it is possible.
1197580	1201700	Whoa, wait, so you're saying the person is a storage mechanism?
1203560	1208860	through any security system undetected is carrying all that information in their person.
1208980	1210880	Do you think it would be local or systemic?
1211180	1212540	Like, could it be a fingernail?
1212540	1213300	Could it be a hair?
1213480	1214060	I don't know.
1214140	1219460	I am insufficiently familiar with the technology to know how much you could localize it.
1219540	1226440	But you can store the information to tremendous amounts in the DNA of a human.
1226720	1227020	Whoa.
1227780	1229100	So it's just fascinating.
1229340	1231880	So it's almost like we're walking hard drives or something.
1233560	1235840	use of that? Do you have any examples?
1236200	1242780	So I wanted to get out all the schematics for and do the construction documents for
1242780	1248820	every classified project that's being done by Russia or China. I could then code all
1248820	1252240	of it probably on one or two humans and walk it out.
1253080	1255240	Whoa. That is true.
1255260	1260080	That's what I think is possible. I don't know that it's being done, but I think
1260080	1261040	it's possible technically.
1261340	1262640	Do you think you could remotely sense that?
1263660	1269000	No, no. You'd have to, in other words, it's like the human is a one-time pad.
1269340	1269640	Yeah.
1269780	1274000	You have to know the human's carrying it before you even know to read it.
1274140	1274260	Yeah.
1274580	1276840	It's like the equivalent of something.
1276860	1277340	So wild.
1277500	1280400	Something, the moral equivalent of a one-time pad.
1280740	1282100	How'd you get into UFOs?
1282880	1290420	Okay, so I had some interesting experiences growing up that are kind of inexplicable.
1290420	1296800	And then I woke up one day when I was very young, before I went to school, walked into
1296800	1303280	where my mother and her friend were visiting with each other, and they were drinking coffee.
1303400	1307940	And I went over to a bookcase, pulled a book out, opened it up, and started reading it
1307940	1308300	to them.
1308400	1311860	And I had never spent a day in school because I was three years old.
1312720	1314280	And so it was just wild.
1314280	1322200	And so, and I didn't really remember it until my mother and her best friend later reminded me of it.
1322300	1326180	I didn't remember it, but my mother, because I just knew I always could read.
1326340	1329500	And my mother and her friend told me this story repeatedly.
1329820	1332920	So it became kind of apocrypha, if you will.
1333240	1337020	You think maybe it was primordial knowledge or something?
1337020	1338060	I have no idea.
1338280	1338400	Yeah.
1338400	1339720	I'm not going to guess.
1340000	1344340	The gods or the aliens or whatever gave me a knowledge.
1344520	1348520	And so that kind of went on until I was 10 years old.
1348680	1352060	And I bloomed when I was 10 years old.
1352200	1355580	I built my own telescope from parts.
1355800	1359420	I became an amateur radio operator and built my own equipment.
1359800	1364080	I memorized Grey's Anatomy from cover to cover, knew the functions.
1364560	1365560	So you were tested.
1365560	1382700	I was tested by a doctor who didn't believe me and he came to a Thanksgiving dinner at my parents' home and told me to stand on the hearth of the fireplace and be grilled by this doctor and he couldn't stump me.
1382860	1385000	So he knew I knew Grey's Anatomy.
1385040	1387460	Do you have like a perfect eidetic memory?
1387540	1387980	I did.
1388080	1391040	So it's gotten worse with age.
1391260	1393160	But it's still good.
1393380	1394940	It's still very, very good.
1395560	1396600	But it's not perfect.
1396800	1397180	Uh-huh.
1397980	1401840	So, and everyone thought I was going to be a doctor.
1401960	1403760	That was just the going in assumption.
1404100	1407860	So I went off to college with my girlfriend from high school.
1407980	1409140	We went to the same place.
1409260	1411580	That was how I chose where to go is where she was going.
1412220	1413640	And so I picked her up.
1414020	1420660	The first month at school, I picked her up on a Friday to drive us home for the weekend.
1421540	1423760	And it was a two-and-a-half-hour drive.
1425560	1429560	hours into it, suddenly we found ourselves in the middle of nowhere.
1430640	1436180	Didn't know where we were, didn't know how we got there, and eventually looking
1436180	1441220	at our watch we figured out that somehow we had been asleep for an hour and a
1441220	1448660	half. So this was a classic example of missing time. I had no idea what to call
1448660	1453920	it. I had no idea what happened. I just knew her mother was gonna be upset. So I
1455560	1457360	and apologized to her mother saying,
1457440	1460540	we were talking so much, I took a wrong turn,
1460660	1462240	and, but we're here now and I apologize.
1462600	1464040	Have you gotten a hypnotic regression?
1464140	1467720	I have, I have, but not the kind you're talking about.
1467840	1468680	I want one.
1469060	1469520	Interesting.
1469820	1473860	So, but a month later, I left that college,
1474500	1476220	stopped wanting to be a doctor.
1476380	1478880	I became a mathematician and an engineer
1479400	1481060	and went to a technical school.
1481540	1484820	And that tased my whole life, whatever that experience was.
1485560	1488040	It's just I can't explain it.
1488120	1490880	I don't have a reason for it.
1490940	1495740	I'm just telling you the outcome because I don't know what actually happened during that time.
1495980	1499960	To the extent you can talk about it, what was your government experience?
1500700	1511940	I did work for NSA and the CIA and NRO, et cetera, depending on what was needed for nearly 30 years.
1512100	1513140	Mainly math and engineering?
1513140	1522020	Math and engineering and occasionally lots of computer science and embedded programming to do things they needed doing.
1522300	1531960	But it was always I had developed something that they needed and a need would arise and they would ask me to implement it and put it in the field.
1532200	1534940	Did you ever run into UFO stuff there?
1535240	1537280	No. I'm sorry. I'm sorry.
1537280	1541520	Later, when I decided to leave doing that work every day
1541520	1547420	and become a founding member of the Hume Center
1547420	1550860	for National Security and Technology at Virginia Tech,
1552560	1554940	rumors began to run around.
1555300	1557940	And I was still well-connected all through the community.
1558060	1562220	And people told me about this UFO stuff being floated around,
1562560	1564320	and I saw some of it, pictures.
1564600	1566680	Some that have not come out in the open.
1567440	1567840	Really?
1568200	1569840	Yeah, some that have not been shown.
1569860	1571660	And some of them are, like, wild.
1571920	1572240	Really?
1572300	1582200	Yeah, and I don't want to get anybody in trouble, so I just don't tell any details other than the one is a massive triangle above the water.
1582360	1583540	I mean, this thing is huge.
1584140	1584540	So.
1586560	1589580	Could we get in touch with the person with the photo and try to?
1589660	1591000	I don't know that we can.
1591000	1599460	Do you ever interface with the Office of Scientific Intelligence or with the Office of Global Access?
1599880	1607100	A director of the Office of Global Access was a member of the advisory board for the Hume Center
1607100	1615800	and later has done consulting with and advises Hawkeye 360, which is a company I founded.
1616300	1617400	Wow, that's amazing.
1617600	1618840	She's quite bright.
1618840	1621640	Right. I mean, Hawkeye, let me give you one example.
1621840	1622040	Yeah.
1622180	1628920	Hawkeye has on its advisory board Tish Long, which was the first female head of a three-letter agency.
1629160	1631620	She was a director of the NGA.
1632140	1632700	Wow.
1632900	1636580	And Hawkeye's big contracts are with NRO and NGA.
1636660	1638460	Can you explain what Hawkeye 360 does?
1638640	1638780	Yeah.
1639260	1645780	So Hawkeye is a geospatial sensor.
1646060	1647640	What do I mean by that?
1648840	1654880	inputs to geospatial intelligence is somebody is transmitting a signal on the ground.
1655100	1656140	Where is it?
1656640	1660580	After you figure out where it is, can you tell us about it?
1660960	1670220	So Hawkeye developed satellite sensors and got them lost first on SpaceX and now on rocket
1670220	1680780	at labs regularly from Wallops, and they orbit the Earth and using the received signal and
1680780	1689800	motion and time difference of arrival on multiple sensors, does some math using highly accurate
1689800	1694840	clocks and the position of the satellites over the Earth and other things to derive
1695700	1698300	the location on the Earth as they pass over.
1700220	1703220	is here's a signal, it's located right there,
1703440	1707200	and now we can look at the externals and say we think it's this,
1707380	1709860	and that's handed off to the intelligence community.
1709980	1714500	We don't know why they want it because they give us a tasking
1714500	1716460	and the equipment does it automatically.
1716640	1718180	So it's a multisensory analysis.
1718500	1723280	Oh, a multisensory analysis of where are things transmitting from on the ground,
1723360	1727300	and that is a very valuable input to intelligence.
1727300	1729160	I can only imagine. You founded that company.
1730220	1732660	And my name are on the patents that make it work.
1732880	1733520	That's incredible.
1733740	1736460	Is this a hosted payload on the vehicles that it goes on?
1736620	1736760	No.
1736920	1737960	It's just a software package.
1738120	1738340	No.
1739760	1741580	We build the satellites.
1741620	1742340	The whole bus.
1742380	1743140	The whole bus.
1743500	1744400	Satellite and bus.
1744520	1748160	And what's in it are things we developed at Hawkeye 360.
1748440	1757380	Now, the way I did Hawkeye 360 is I didn't want to give up my day job and go work at 105 hours a week.
1757380	1778820	So the deal we worked out with the VCs is we got a small percentage of stock and we helped them develop the ideas and help them get the patents, help them defend the patent process, which we did successfully, help them hire talent that we knew from all of our experience and from our teaching and other things.
1778820	1788060	So they got young talent and senior talent, brought it in, and they took the company after I ended my year and a half of consulting.
1788380	1790800	So I became a stockholder after that.
1790900	1794840	I never was involved in the day-to-day operations because I didn't want to be.
1795020	1797420	And have you guys ever detected UFOs?
1797560	1808680	I don't know whether we have or not, but as I told you earlier, I went to SCU in 2022 in Huntsville, the SCU meeting.
1808820	1810820	What does that CEE stand for?
1811000	1818800	It's the Society for Studying UAP phenomena, scientifically, and Scientific Coalition for the Study of UAP.
1819740	1830760	And the leadership is in Huntsville and other places, but the regular meetings have been, the in-person meetings have been held in Huntsville near Marshall Space Flight Center, etc.
1830760	1851580	So I went there in 2022 and people associated with Space Force from three-letter agencies came up to me and talked to me about applying Hawkeye abilities to just looking for UAP signals on the ground.
1851580	1856740	By then I had given up my security clearance so I couldn't help them directly.
1856960	1861940	So I pointed them to the right people inside of Hawkeye 360 that could help them.
1862000	1865160	I don't know what they did because I'm not pretty to it.
1865220	1869600	How would you guess you might detect UAP?
1869660	1881300	Okay, so let's suppose that the government knows that UAPs are using or emitting a certain transmitted frequency.
1881580	1886420	and they get some inkling that the thing is over there somewhere,
1887560	1892500	Hawkeye will figure out by looking for that frequency exactly where they are.
1892660	1895020	Like hypothetically 1.6 gigahertz?
1895200	1901520	1.6 gigahertz at interesting places I am certain has been looked at by Hawkeye 360.
1902360	1905020	That's fascinating. Very interesting.
1905820	1909220	But I don't know it for a fact because I'm not on the inside anymore.
1909220	1916820	Sure. Did you ever interface with any kind of centers that work on atomic stuff or, you know?
1916840	1926740	I worked at Sandia National Labs in 1976 into 77 after I got done with my initial mathematics degree.
1927620	1933760	It was fun. I learned a lot, but it became quickly clear, especially in the 70s,
1934280	1938580	if you wanted respect and to be a leader, you had to have a PhD.
1939220	1944520	So I left there and went and got my Ph.D. in applied mathematics from Brown University.
1944920	1946260	What was your Ph.D. thesis?
1946820	1962200	Non-linear filtering and how to solve the non-linear filtering problem by using approximations and perturbation theory to get nearby things to linear.
1962460	1966320	So you can use linear, but then you can perturb it and get non-linear looks at it.
1966320	1971060	So it allows you to figure out something about the nonlinear behavior.
1971620	1973640	It's the same thing as hidden Markov model.
1973960	1975300	It's the same thing.
1975340	1980700	It's the same thing, except it's dynamical systems where this might be a rocket emitting a signal
1980700	1984340	or a UFO emitting a signal, and you're trying to track it.
1984440	1986660	Or you're trying to demodulate a signal.
1986740	1987740	I'll give you an example.
1988060	1991540	This is a great—the first application I ever did,
1992700	2002560	A person that was very highly placed at the Jet Propulsion Laboratories figured out what I had done for my PhD thesis.
2003020	2013540	So he asked permission if I could be allowed to work on the computers that we had at the Institute,
2013840	2020020	which were provided to us by the intelligence community, to work on that signal.
2021540	2030000	The signal was the Russians and the French sent a probe to Halley's Comet.
2030860	2035680	The probe on its way did a gravitational assist flyby of Venus.
2036000	2042100	While it was near Venus, it dropped two balloon probes into the atmosphere of Venus.
2042900	2046220	Now, the Soviets, they did a great job with that,
2046280	2050600	but they made an assumption which turned out to be false.
2051540	2060180	They assumed how fast the temperature in the atmosphere would be conducted inside to where
2060180	2064700	the thermometer was, because what it does is if it got too hot, it figured it was getting
2064700	2068840	too low, so it would increase the helium in the balloon to lift it up.
2068980	2073480	So the probes did this in the atmosphere until the batteries ran out.
2073800	2077460	But the first entry, it went too deep.
2077460	2083680	and the temperature got really high and the winds were really rough and so the
2083680	2090940	signal was distorted by Doppler and other things but even though tracking a
2090940	2097220	signal is a nonlinear process people have linear capabilities my process does
2097220	2103360	nonlinear things so I coded it up on the supercomputer we demodulated the signal
2103360	2109520	and they got transmissions back from Venus that showed us the data,
2109620	2111460	so we knew we had gotten it right.
2111820	2120300	And we literally took a piece of paper and wrote down the zeros and ones,
2120540	2127700	typed it on a piece of paper, flew it out to the jet propulsion laboratories.
2127700	2131560	They took the paper from us, walked it into another room,
2131640	2133520	and gave it to the Soviet scientists.
2134380	2134860	Whoa.
2136060	2138620	And because it was interesting data from Venus.
2138760	2140220	And how do I know it was interesting?
2140460	2144660	Well, a few years later, I was called and told to come down
2144660	2147360	to the chief scientist's office at NSA.
2148040	2150620	And I went down there, and they told me it was about tech transfer.
2150700	2153540	This is during the Clinton era, when technology transfer
2153540	2156940	was mandated by executive order.
2157700	2161920	if it was no longer critical to the nation's security to keep it secret.
2162080	2166540	So this technique I'm telling you about was a thing they wanted me to come and talk about.
2166900	2170700	And I didn't understand why, but I went down.
2170820	2173400	I walked into the room, and I knew why.
2173940	2182760	Because in the room was maybe the most famous Venusian planet scientist that ever lived.
2183340	2187380	And he said that once this story was told,
2187660	2191300	billions and billions of people would think
2191300	2193660	it was a great thing the NSA had done it.
2193740	2195800	Carl Sagan was sitting in the room.
2196080	2196680	No way!
2196800	2197960	Yeah, Sagan was sitting in the...
2197960	2198880	Wait, this is crazy.
2199020	2199960	Sagan was sitting...
2199960	2200300	In the NSA office.
2200540	2201480	The NSA office.
2201660	2202920	So what did they figure out?
2203240	2209500	They figured out that the transmissions that they got
2209500	2220120	God gave them details on the clouds that were in the atmosphere that they never thought they were going to get because they never intended it to go that deep.
2220260	2232320	So the data frames coming back or telling them the data collected by the scientific fishermen on board and Sagan learned how it happened and how it was done and who did what in that meeting.
2232840	2233400	Wow.
2233660	2236960	So it's clear that Sagan was somehow like super deep.
2237060	2238740	I always thought he was deep on the inside.
2239500	2241160	I don't mind telling you.
2241160	2241740	He's passed.
2241900	2242280	I don't mind.
2242740	2246840	He had a contractor green badge with a picture on it.
2246920	2249160	You don't get that if you're casual.
2250560	2252760	He did not have a casual relationship.
2252820	2253620	You think he was intel?
2254400	2256820	He had to have to have that badge.
2256860	2257960	He was a consultant.
2258280	2267200	Well, he had a top-secret clearance for sure in the, I believe, early 70s, late 60s.
2267200	2272200	because he was, or you know, it was maybe a little before that, but he was working with the Air Force
2273600	2279020	and it was a project called A119 and they were considering nuking the moon as a show of force
2279020	2283300	against the Soviets. And he was like the main consultant on that. And it was interesting too,
2283340	2287960	he grew up very interested in UFOs. He would write about it in his diaries. He would debate his
2287960	2292420	mentor, an astronomer. He would constantly say, you know, I think this needs more credence and
2292420	2294440	and we should look into this.
2294680	2299340	And then, boom, he just flips into being this dogmatic anti-U.S. field person.
2299460	2302360	I believe, without knowing, it's a fact.
2302560	2303340	Here's my belief.
2303640	2307740	He bumped up against the program and was told he needed a change.
2307900	2308960	He must have.
2309280	2314200	He had a contractor badge for the National Security Agency.
2314460	2318180	He also goes on to write contact in pale blue dot,
2318180	2324940	and if you if you if you watch contact that you know and you're into ufos it's very disclos it's
2324940	2328160	just it's disclosure through fiction in a way that's palatable for for people
2328160	2336720	and then if you think about the book the demon haunted world which ironically is sort of i think
2336720	2341320	it's has a blurb by like you know richard dawkins or something and you know the demons are supposed
2341320	2347800	to be like you know um fundamentalist or like overly zealous thoughts that humans have but in
2348540	2352720	just you take the demon haunted world as this sort of like double entendre and
2352720	2356680	maybe that represents Sagan's worldview a lot more and even just believes in the
2356680	2363860	UFO thing yeah I I don't have direct knowledge but kind of nothing else makes
2363860	2368720	sense so you're probably you know I was talking with Jack earlier and one of the
2368720	2372720	reasons we were so excited to have you on is that you're probably one of the
2372720	2376860	deepest people when it comes to really trying to discover kind of ontological
2378180	2384720	UFO question. And so, yeah, do you have a working theory as to how these UFOs fly, where they're
2384720	2392900	from, that sort of thing? So I'm into the physics and I'm pursuing the physics. Yeah. But I did not
2392900	2402580	do physics all my life as my avocation. So I am relearning physics, consuming it rapidly,
2402580	2411280	learning from people who tweak my interest like Eric Weinstein and the
2412000	2419100	people are working at Wolfram etc and Pais and Sarfati and always but they
2419100	2426120	have one thing in common hmm every single one of them is trying to figure
2426120	2435160	out some manipulation of the stress energy tensor in Einstein's field
2435160	2440100	equations that when you fiddle this over here that goes into the machinery that
2440100	2444500	goes on this side of the equation and you get manipulation of gravity out of
2444500	2450360	it all of them are doing that that's amazing all of them it's all be that's
2450360	2453760	what they're doing so the question is how do you manipulate that's a good
2453760	2454480	That's a good question.
2454560	2456220	Because, can I just set it up for the audience?
2456300	2456400	Yeah.
2457420	2469220	It's prosaically understood, even in conventional physics, that the stress-energy tensor in Einstein's field equations, which govern, you know, general relativity, should theoretically affect gravity.
2469340	2479920	But you need, you know, energy so high that we just can't produce in, like, you know, normal prosaic means or whatever through electromagnetism or any other way.
2479920	2485940	And so do you think that there's an engineering mechanism to amplify energy to that extent?
2486100	2491320	Here is circumstantial evidence that it's been done.
2492040	2494560	Your recent interview was with Pais.
2494800	2495320	Yeah.
2495440	2497780	I didn't believe a word he said for a year.
2497920	2498240	Yeah.
2498420	2499920	Just didn't believe it at all.
2500020	2504880	So I haven't seen your interview, but I began to believe it when I figured out on my own
2504880	2508040	that all of these people were working on the same stuff.
2509920	2513660	exchange that Jack Scherfati conducts while he's doing his work every day.
2513880	2521280	And he keeps insisting that there's a low power version of manipulating the stress
2521280	2525320	energy tensor that will give you the necessary things on the output of the
2525320	2531760	equation. His idea is manipulating the speed of light so that it's much slower.
2531900	2534880	And so it's more easily attainable and other things.
2534880	2539600	So here's what I think is going on.
2540300	2546380	Pace says that if you can manipulate the quantum vacuum,
2547480	2551340	you can trap it between two metal plates and get some energy out,
2551400	2555840	or put a huge electromagnetic field in a tiny, tiny place,
2556000	2557760	so there's a huge gradient,
2557760	2570000	And the universe is constantly, constantly creating out of magical mathematics and the Heisenberg uncertainty principle, virtual particles.
2570260	2579380	So you care about, can I take that vacuum with its particles and do anything useful with it?
2579380	2600480	Pais has said, I can subject the vacuum to tremendous electromagnetic fields and in so doing, take virtual particles, pull them out and make them real particles and create exotic matter that will now be useful to bend space and time.
2600480	2605720	So you can take his little piece of magic back here,
2605820	2608160	which is using electromagnetism,
2608240	2612260	and make a warp drive out of it.
2612360	2616100	Now, what Pius does not do in his patents,
2616300	2619180	so now we're having to do inference
2619180	2623060	under the assumption that the patents are real and true,
2623240	2628000	that what's been done is figured out something
2628000	2636160	One thing about manipulation of the vacuum that we don't know a lot about yet, but Pais
2638960	2644580	has handed it with the Navy's bulldozer.
2644740	2647200	They ordered the patent office to have-
2647200	2651260	Do you have any ideas as to how you might engineer that sort of level of the
2651260	2651400	.
2651400	2654880	Yeah, I'll tell you what, I'm going to guess because I don't know.
2654880	2656540	I don't know, but I'm going to guess.
2657400	2663420	They gave him some crash material, and he figured out how to write down the equations for it.
2663520	2663920	Really?
2663920	2670840	And it's a strong case because there are three patents that are all really compelling on their own, but they don't work on them.
2670880	2671600	Until you glue them together.
2671800	2672800	They need each other.
2672840	2673680	They need each other.
2673780	2676700	This piece, this produces the input.
2676940	2679360	This takes the input and does something with it.
2679400	2679580	Right.
2679660	2681440	You need all of that for it to work.
2681440	2686780	The only thing that makes sense to me is the Navy wanted it worked on.
2686940	2692120	They took it into a lab where Pais worked, and he figured out how to make it work.
2692240	2693860	And why would the Navy care?
2694280	2696100	I'll tell you why the Navy would care.
2696720	2698400	I'll tell you exactly why.
2698620	2705740	Because the Chinese care, and the Navy is the military entity that will take on the Chinese
2705740	2708760	if they started acting ugly over Taiwan, etc.
2709460	2710820	They want an advantage.
2711440	2715940	over the Chinese PLA, People's Liberation Army,
2716760	2720260	and we know for a fact they are working on reverse engineering.
2720720	2722300	They have downed craft. We know it.
2723640	2726120	What's your smoking gun that the Chinese have programmed?
2726440	2729680	Because this is always something that you hear,
2729940	2731860	and I've heard it from a lot of very credible people,
2731960	2735760	but I don't hear a lot of first principles like this is where they're working on stuff.
2735840	2740940	There's a ton of evidence all over the place that they are inundated
2741440	2744680	by UAPs that's shutting down airports
2744680	2747400	and people are putting it up on Telegram.
2747640	2748520	You can see it.
2748520	2751940	And I guarantee you, the Chinese are shooting stuff down.
2752200	2754680	The Chinese famously, of course, appropriate IP
2754680	2756280	from other developed countries,
2756380	2757600	particularly in aerospace and defense.
2757860	2761240	What's your sense of whether they got their first start
2761240	2763100	by siphoning off of our program
2763100	2764700	versus their own crash retrieval?
2767640	2777180	My opinion is that in order to prevent accidental intercontinental ballistic missile exchange,
2777680	2783100	we revealed some things to both the former Soviet Union and China.
2783640	2790620	And you can see that we did this in the Nixon-Breshnev Treaty.
2791000	2791840	Yeah, 1971.
2791840	2798060	1971 it's written to be these written to read phone read phone was invented to stop
2798740	2799920	UFOs from starting
2800840	2801540	thermonuclear war
2802320	2808040	Yeah, yeah, it's Chris wild. It's just hidden in plain sight right literally in the 1971 salt talks
2808040	2811740	It's like we want to make sure that the Soviets don't
2812540	2820060	mistake these unknowns in their airspace for acts of American aggression and it would be a huge part of detente and it's literally
2821840	2824540	But we don't have a treaty with China.
2824660	2828360	But to think we would not want the same protections is foolish.
2828560	2836980	And we know for a fact, because of the balloon causing a disruption, that we have a red phone to China.
2837100	2847620	Because the Secretary of Defense and the Chairman of the Joint Chiefs of Staff, Milley, said that they pick up the phone, they call their equivalents in the People's Liberation Army.
2847620	2853220	And that's what the red phone was for from the beginning, to stop mistakes from being made.
2853260	2854200	Deconfliction line.
2854240	2855140	Deconfliction line.
2855500	2857140	We have deconfliction lines.
2857520	2861960	We've even seen deconfliction lines work in current events.
2862940	2871640	So the Russians, through their proxies, proxy militias, attacked a bunch of Americans in Syria.
2871880	2875200	And we called them on the deconfliction line.
2875200	2878680	And of course, they denied their existence or having anything to do with them.
2878740	2882300	So they fired some stuff at our Marines and other people that were with them.
2883000	2893160	And we called in the armada and we wasted all of them in hellfire for about 15 minutes until there was nothing left.
2893400	2895760	So we know the deconfliction still exists.
2895940	2901880	And we've seen America act on things, but only after deconfliction is done.
2901880	2908120	And if their people are being attacked and they go through the process of deconfliction
2908720	2914880	before they will defend their people, you know it has to be, it has to exist for protection
2915440	2917680	against inadvertent insanity.
2918180	2922460	It's still just this crazy black box as with all Chinese politics as to how much
2922460	2925000	progress they've made, where they're at, you know.
2925420	2931260	Well, the first thing you know is the government of the United States will constantly
2931880	2934780	to gain access through any means,
2935020	2937180	human, technical, whatever,
2937440	2939060	on what it is the Chinese are doing.
2939320	2942720	So let's suppose we get an inkling
2942720	2946520	through a leak or we get a break
2946520	2948400	and we get some kind of intelligence
2948400	2950440	that says they're doing this over here.
2950700	2953280	And so this can only be this.
2953440	2958280	And they inadvertently display a saucer
2958280	2960680	to our overhead satellite systems.
2961880	2967780	mistakes. Oh, yeah. The number one source of intelligence is human fallibility. Yep.
2968060	2974880	Holy, the number one source. 99% of intelligence is open source or human fallibility.
2975180	2980600	It's a really crazy sort of topic. You have all these figures pop up also when it comes to kind
2980600	2985520	of, you know, secret science that Jack and I have spoken about. So you have Townsend Brown, Tesla,
2985520	2992640	Tesla, Ning Li, Eugene Plokletnov, you know, I can name a ton of these people, Miguel Alcubierre.
2993240	3005820	Do you think once you take the governor, so to speak, off of physics, you end up with kind of like a plethora of like really exciting warp drive, faster than light, you know, EM drive options?
3005820	3022060	I think there will be a ton of work done, but I think the way, I think the government wants to protect both the people, their reputations, and the institutions that have done things that they don't want known.
3022260	3026760	And would harm the institutions and the people if it were to become known.
3026760	3034140	So the thing I would expect the government to do is as cold disclosure gets going and we learn that
3034140	3039800	anti-gravity and propulsion propulsion are being worked on that suddenly some people will be
3039800	3047200	Allowed to do it without being stomped on in in corporate meet a corporate star that have whatever that has to be the case because
3047920	3055600	Assuming that Russia and China have this stuff if the average talented stem student in America isn't aware of any of these frameworks
3056760	3057720	at a massive disadvantage.
3058300	3060480	Yeah, so let's close off what we started before.
3060660	3061760	I want to finish the thought.
3061980	3062100	Yeah.
3062300	3067220	The Navy would have Pais do it if they wanted exotic propulsion
3067220	3070480	so they'd have a massive advantage over the Chinese
3070480	3074800	because they're going to be fighting in the Chinese pond with their Navy.
3074980	3075140	Yeah.
3075160	3078860	And the Chinese are going to throw everything they can at the Navy.
3079000	3080420	Yeah, or the Pais thing.
3080420	3080960	And they want an advantage.
3080960	3083460	Or it's like a limited hangout where it's like we're going to give you,
3083460	3086120	you know, it's like the cicada thing where it's like we're going to give you
3087260	3091840	info if you're smart enough you can figure out the info and then you get initiated into the
3091840	3097460	the program yeah and i think that's probably what's going on here because you know i've become
3097460	3103000	this amateur historian of townsend brown he went to hyman rickover who was head of the nuclear navy
3103000	3108160	i think in the late 50s early 60s and he was like look i'm working on this these i'm getting all
3108160	3112380	these crazy gravitational effects and tons of brown had been in navy seaman actually you know
3112380	3118420	decades earlier. And Hyman Rickover goes, oh, don't waste your time. We're already on it.
3118500	3123380	Like we know all about this. And so, you know, it's pretty clear. And I'm, you know, in touch
3123380	3128180	with some Navy special warfare guys as well. And like, I think the Navy knows a lot about this
3128180	3133540	stuff. I think they're very on top of it. So it's like, how would you let the cat out of the bag
3133540	3138660	without, you know, tipping your hat off to your adversary? But how would you let certain STEM
3138660	3143160	students who are qualified in America know and you might come out with these
3143160	3146720	three disparate patents that you can piece together if you're qualified
3146720	3156360	enough. I think that the the changing milieu for educational institutions and
3156360	3161200	what people choose to go into has been changed dramatically by modern society.
3161620	3167680	People don't go into those fields in sufficient numbers for us to get the
3168660	3175920	We need to do this in a major way, given that it costs so much to go to university, that
3175920	3181860	people want to have a high income job when they get out, so they can pay back their loans
3181860	3182280	quickly.
3182720	3190420	It's just the system is biasing people away from doing what's necessary to make a big
3190420	3190980	shift.
3192600	3197620	We built the modern world because our university system was the best there is.
3198660	3200560	it by making people go on debt.
3200960	3201940	Yeah, it's horrible.
3202460	3204520	It feels like we're living in late stage
3204520	3206140	decadent capitalism
3206140	3208680	or something where the smartest
3208680	3210360	people are working on the dumbest things.
3210620	3212680	The very best mathematicians are working on finances.
3212900	3213640	Yeah. Yeah.
3213760	3216600	And I know all these young people
3216600	3218680	out here, they're awesome. They're really smart
3218680	3220460	and they're rationally
3220460	3222520	playing casino games with crypto.
3222700	3224340	They're like on Solana investing
3224340	3226420	in meme coins and I don't blame them
3226420	3230540	because that's the way you kind of leapfrog everybody else.
3230660	3231860	It's the way you get the huge bump.
3232100	3237400	And meanwhile, the world of atoms and engineering
3237400	3239660	has completely stagnated over the last 50 years,
3239720	3243400	and that's, as far as our national competitiveness,
3243580	3245020	that's a way more important vector.
3245340	3249460	So let's suppose I wanted to cover up gravity,
3250060	3253700	so I'd see all this unbelievable stuff that Wheeler got started
3253700	3257360	at Darnold down in North Carolina with two industrialists supporting him.
3257440	3262920	And all of these people came to Wheeler re-regenerating gravitational research.
3263180	3273460	And his first speaker was Richard Feynman doing an approximate quantization of gravitational as his talk.
3274940	3282520	It's a great model, so long as it's not super high-energy physics or super gravitational physics.
3283700	3288760	It simply works in the regime in which the approximation works.
3289260	3291120	Feynman did that for Wheeler.
3291240	3293560	And why would Feynman do it for Wheeler?
3294080	3296680	Wheeler was Feynman's graduate advisor.
3297060	3299640	He wrote his Ph.D. thesis for Wheeler.
3299780	3301600	Do you think both were associated with aerospace?
3302560	3303580	Four, yes.
3303860	3306520	Okay, so anyway, but all these aerospace people,
3306720	3310240	or people who were working on gravitation, et cetera,
3310340	3312560	would go to these conferences and interact.
3313700	3318560	including Townsend Brown and Lou Whitney and those others.
3318700	3323420	And they got someplace it looks like and didn't.
3323520	3325360	Just, they went dark.
3325760	3325960	Yeah.
3326800	3330080	Lewis Whitney didn't do anything else in gravitation
3330800	3333000	and T. Townsend Brown went to work
3333000	3334680	for the military industrial complex
3335200	3337600	and never published another thing about his work.
3337680	3342140	And somebody started grooming up string theory
3343700	3351820	threw money at it. So money is what causes research to happen. Why? Because it's publish or perish,
3352000	3356340	and you got to have money to do the research. How did the government throw money at string theory?
3356340	3361300	National Science Foundation funding, Department of Defense direct funding, DARPA funding, etc.
3361660	3365300	Do you think string theory itself is sort of a limited hangout for more real physics?
3365300	3382080	No, I think string theory is they know it's wrong and it's aiming them away by, quote, bribing all the people into doing what they have to do anyway, which is do interesting work to get promotions, have a lab.
3382120	3388280	If you want a vital core national security program, why would you deflect?
3388740	3394620	Why would you get all these secret topologists in a room at a blackboard in the basement of Lockheed somewhere or are they in no way?
3395300	3403740	I think we had enough stuff we've gotten from other things that we used it to recreate what could be done,
3403860	3413000	and we didn't care about all these stories about people working on anti-gravity stuff and getting stomped on and or their life ended.
3413980	3423200	I just think there are too many of these things telling us they don't want people to go down the route they were going in the 1950s.
3423200	3435560	Well, it's really fascinating history because the establishment of quantum gravity, which led to string theory, was in 1957 at the UNC North Carolina Chapel Hill Conference, headed up by Agnew Bonson.
3435740	3443940	You had Lewis Witten there from Martin Corporation, pre-Locke merger, from their anti-gravity division, RIAS.
3444020	3446440	The whole thing is sponsored by Wright Airfield.
3446440	3446720	Right.
3446860	3450500	And then Agnew-Bonson, simultaneous to doing this kind of top theoretical physics
3450500	3453400	conference is funding Townsend Brown.
3453680	3457140	And so there's this question of like, is Townsend Brown doing the vital stuff kind of in the
3457140	3461900	back room where they're doing the more kind of theoretical work and maybe, you know, getting
3461900	3463640	some things wrong or groping in the dark.
3463780	3467700	And the one thing that Eric Weinstein has pointed out about this conference, which I
3467700	3471400	find fascinating, is there's an Austrian mathematician named Hermann Bondi.
3471500	3472480	Yes, Bondi, yes.
3472480	3476960	Yes. Bondy asks this really interesting question about, he goes, but what about, what if you
3476960	3482100	remove the positivity conditions in Einstein's field equations? And don't you get all sorts of
3482100	3486140	weird anomalous effects in physics that involve negative mass or negative energy?
3486360	3491040	Which is all you need to manipulate the stress energy tensor so you can warp space time.
3491400	3496340	There you go. He kind of gets like laughed out of the room or marginalized, or maybe he asked
3496340	3500200	the wrong question that was a little too provocative for some of the sponsors of the
3500200	3507520	the conference. And then you end up with, you know, Al Kubiari, this, you know, Mexican physicist,
3507760	3513840	you know, University of Mexico PhD, who solves Einstein's equations for faster than light travel.
3514000	3520780	And then you get Sonny White, who is a, you know, propulsions engineer at NASA, who is working with
3520780	3526580	negative energy, negative mass when it comes to faster than light travel. And so you really have
3526580	3531600	to ask the question did it all start with this these positivity conditions this sort of governor
3531600	3537920	that was placed on einstein where if you take the governor off you get all sorts of really
3537920	3542720	anomalous interesting effects and maybe townsend brown was doing this in the back room here's
3542720	3549520	here's what i lots and lots of things in science are discovered serendipitously
3549520	3561920	And I think Townsend Brown and others accidentally excited the vacuum field and got weird stuff out of it and saw gravitational anomalies.
3562940	3567020	Once you see that, you can't go back.
3567920	3570340	Once I saw a UFO, I couldn't go back.
3570600	3579220	I believe these people saw it, and they were determined to spend their lives figuring it out.
3579520	3583560	Well, we talked about multiple tech trees in the physical phenomena, the non-physical
3583560	3584020	phenomena.
3584240	3590600	What for you is like the most convincing evidence that there are multiple ways of doing this?
3591260	3595000	Okay, so Alcubierre is one way, but that's not the only way.
3595120	3602160	The other way is because of the amount of negative energy required.
3602340	3606280	I believe that Sarfati is saying, no, no, no, no.
3606280	3609740	You can do fast-forward-the-light travel with a battery.
3609960	3612560	And his work is totally different.
3612600	3613440	It's low energy.
3614060	3619960	It has another scalar field involved in his equations,
3620100	3622960	as his modification to Einstein's field equations.
3623200	3627020	I don't yet know of an experiment that says Sarfati is correct,
3627220	3630740	except he's been on this problem for 50 years.
3630740	3636680	when he first claimed he had a UFO or non-human intelligence experience.
3636880	3638060	He's been on it forever.
3638320	3644180	And he was one of the great young physicists out in California
3644180	3649180	that wound up being amongst the hippies that saved physics.
3649560	3651440	He is one of those guys.
3651740	3656620	And his career has been very nontraditional,
3656620	3661600	but he was a student up at Cornell with some of the best.
3661920	3666100	He had a terrific education, and he is capable,
3666200	3672920	and he's irascible and hard to get him to explain stuff
3672920	3675600	for normal human beings to understand.
3676040	3678100	I posted an eight-hour interview with him,
3678140	3681080	and it was not enough time to get to the heart of the issue.
3681340	3681840	Right.
3682080	3684120	He doesn't like me very much.
3684120	3685640	I don't know why but...
3686420	3688520	You're not a PhD scientist.
3688540	3690440	That's what he said, he said you're not a physicist.
3690680	3692280	Yeah, he's saying you're not a PhD scientist.
3692580	3693400	He's a snob.
3694240	3695400	I'm not trying to be a physicist.
3695400	3698020	Jack is a hard-nosed scientific snob.
3698300	3705820	But he also feels he's been treated badly by those who are in the mainstream of physics.
3706140	3708100	He has some uniquely incisive ideas.
3708280	3708640	Yes.
3708980	3714100	It's kind of, you know, he's over here on the very low energy plonk side of things with Pius over here.
3714120	3716720	on the very high-energy Schwinger side of things.
3716760	3717180	Yes, yeah.
3717720	3720440	Schwinger's, a lot of people don't realize
3720440	3723200	that everybody knows that Feynman was involved
3723200	3725260	in quantum electrodynamics.
3725300	3727520	But Schwinger also won the Nobel Prize
3727520	3731080	at the same time as Feynman and Tominaga.
3731320	3736280	And Schwinger's version of quantum electrodynamics
3736280	3739060	is being used by Pais
3739060	3742960	in the implementation of stress-energy tension manipulation
3744120	3748120	to get the stuff we need to engineer through the next step,
3748220	3750900	next patent, into warping of space-time.
3751220	3752360	Schwinger is brilliant.
3752720	3753920	He was hard.
3754300	3757520	He was as hard to understand as Sarfati is.
3757740	3759560	Very hard to understand.
3759960	3767480	And the thing that changed everything for Domenaga, Feinman, and Schwinger,
3767640	3771860	and all the rest of physics, is Freeman Dyson existed.
3771860	3777800	He got in a car with Feynman and they drove across the country.
3777960	3786740	And so Feynman happened to be driving from Cleveland to Albuquerque and he offered to take me for a ride just to see the country.
3786960	3789880	And he talked about physics, of course, a great deal.
3790140	3796840	And there I argued with him a lot because I still had strong resistance to his way of doing things.
3796840	3805920	And Feynman had an inspiration and wrote down on two pages showing the equivalence of all three of their models.
3806240	3815260	And so quantum electrodynamics was born because Feynman wrote across the country with Freeman Dyson in his car.
3815640	3823960	How do you think when you look at quantum electrodynamics, you know, you have energy in the quantum vacuum, which is this fascinating concept.
3823960	3828820	except you have particles and antiparticles,
3829060	3831640	and it's just very kind of trippy,
3831760	3832760	kind of ontologically,
3833040	3835720	like when you learn a little bit more about it.
3836880	3839020	Do you think it comports at all with the UFO phenomena,
3839320	3840440	quantum electrodynamics?
3840600	3843560	Yes, because it's the application
3843560	3847640	of quantum electrodynamics to the vacuum
3847640	3851420	that is producing what's needed to make warp drive work.
3852180	3859360	work. One of many different paths, but it's got to be something like that. Otherwise,
3860160	3863620	it's magic that we don't even have the language to describe.
3864220	3867600	Do you think Einstein-Cartan is relevant in this big picture?
3867740	3869760	Yes, because I think…
3869760	3871660	Wait, real quick. What is Einstein-Cartan?
3871800	3871820	Yes.
3871820	3876600	Yeah, so about 15 years after general relativity, a French mathematician, Eli Cartan,
3876600	3882420	comes around and Einstein had had equated the the torsional tensor he said it's symmetric and free
3882420	3886560	space we're gonna zero it out and carton was like wait a second it's not it's not zero in matter you
3886560	3891840	could have spin density fields that are substantial enough to add meaningful contributions and so this
3891840	3896860	was pursued by a number of different uh there's Einstein-Carton-Caller Einstein-Carton-Evans
3897480	3902740	uh if it was like the Daphne Leigh's uh associates Dr Vargas, Dr. Fator were into this
3902740	3906760	and it allows you to get electromagnetic contributions to the spin density tensor,
3906940	3912400	which then builds essentially like, you know, curvature-based gravitation, warp space-time.
3912640	3914880	But here's the bottom line.
3915940	3922660	What this does, Cartan's modifications, is giving fertilizer to the following field.
3923040	3929760	I can put interesting materials in and around quantum electrodynamics,
3929760	3936560	things going on and I get gravitational effects out through this torsional tensor which inside
3936560	3942060	those materials does not zero out the way Einstein's assumed it would because he was
3942060	3947280	thinking of the vacuum so topological insulators which you're very deep on these totally totally
3947280	3953280	these materials it's there's a metamaterial involved topological insulators is the kind
3953280	3959140	of thing where you've got to do some weird constitution of it. So you get
3959140	3967540	you get weird squeezings. So you trap the right vacuum particles at the right frequencies,
3967580	3974300	and then you manipulate them out. But the material is what's doing the squeezing that allows the
3974300	3979420	quantum vacuum to give you something you can use. So you got to have the material. Otherwise,
3979420	3982200	Otherwise you don't have the torsion tensor being non-zero.
3982460	3985340	So what's an example of a topological insulator then?
3985420	3990340	One of these materials that seems to, you know, when you do weird quantum electrodynamics,
3990380	3993480	high energy physics around them, they seem to exhibit anomalous effects.
3993480	3995280	Let me tell you how you know a true scientist.
3995940	4001860	They say, I don't know because I'm not a material scientist, but I'm going to ask this guy over
4001860	4003560	here because he is.
4004280	4005740	Bismuth Antimony Telluride.
4006500	4014860	So this is what's so crazy is when you say bismuth, I think of the magnesium bismuth parts that Gary Nolan has in his lab.
4015120	4019600	And I think of the magnesium bismuth that Lewis Witten in front of a crash.
4019700	4022780	Lewis Witten is working at Martin Corporation's anti-gravity division.
4023080	4026580	He says he was contracted by Wright Airfield to work on gravity.
4026800	4033040	And he said that there was a guy named Townsend who had a weird isotope of bismuth that exhibited anti-gravity properties.
4033040	4044200	And Bismuth shows up in Townsend Brown's papers as, didn't use the word topological insulator, but as a high K dielectric in his capacitor experiments.
4044700	4048280	And so he's using high energy and applying it to this insulator.
4048520	4049940	And so that's fascinating.
4050080	4054180	Bismuth is an inherently topological dopant to different semiconductor materials.
4054180	4059220	materials. So when you have a lattice, which can be a metallic conductor or an insulator or a
4059220	4063540	semiconductor, it has this band gap between the valence electrons and the conduction electrons.
4063820	4068920	In a conductor, they overlap. There's no gap. In an insulator, they're quite far apart. They don't
4068920	4073160	jump on their own with thermal energy. In a semiconductor, they're very close. Topological
4073160	4078440	insulator is kind of a warping of the semiconductor definition in that that band gap can move and
4078440	4082540	change. If you apply a B field, if you warm it up, if you do different, pull it down, if you do
4084180	4086200	could be individual quantum states, the Van Gaal.
4086300	4088780	But the issue is you can apply an external field
4088780	4090520	and it stops being an insulator
4090520	4092140	and turns into something special.
4092960	4093880	And what's it?
4094220	4097120	Upturned into unobtainium by any other means.
4097300	4099440	And what is that something special involve
4099440	4100880	as far as its properties?
4101020	4102220	What can that something special do?
4102220	4103640	Well, for example, the right metamaterial
4103640	4105880	with an external magnetic field on it
4105880	4108780	might emit positive and negative matter
4108780	4111160	that you can drive the warp field with.
4111520	4112080	Wow.
4112080	4119620	Wow. And so with negative mass, you could theoretically affect kind of the quantum vacuum.
4119820	4120060	Yes.
4120060	4125240	And you could create a gradient that you could sort of surf. You could surf space-time itself. Is that right?
4125720	4133540	Yes. That's one of the notions. That's the Alcubierre notion. You can have a gradient that you can surf on across space.
4133540	4137860	Pais describes it as being sucked into space-time or into the vacuum,
4138120	4141460	like you're slitting open an envelope and it pulls you in.
4141520	4142080	It's kind of interesting.
4142480	4143700	So fascinating.
4144060	4146980	But we're at the beginning of the science
4146980	4149580	because it's been covered up and unfunded for so long.
4149800	4150360	It's amazing.
4150480	4154260	I think there's a convergence of that science and consciousness stuff.
4154480	4158180	The consciousness stuff is full of snake oil and woo-woo BS.
4158680	4161340	Except where Donald Hoffman is.
4161340	4166480	Well, except for Donald Hoffman and I think a lineage of what's called parapsychology
4166480	4172320	at elite universities mid-century where they're studying basically random or conventionally
4172320	4177080	thought of as random quantum mechanical effects like radioactive isotope decay and seeing
4177080	4182740	that there is an ability for the mind to affect in a statistically significant way, you know,
4182780	4185800	the output of ones or zeros on kind of a graphical interface.
4185800	4199460	And if people, people that need your reaction, that can't happen, need to go read the peer-reviewed hundred or so papers written by Dean Radin.
4201520	4205260	Demonstrating conclusively these effects are real.
4205580	4207180	I couldn't agree more.
4207340	4214440	One of my close mentors who couldn't be more credible as far as like what he does in the real world.
4215800	4221820	out with an interview soon uh was very involved in the princeton parapsychology lab and and their
4221820	4226480	random event generator experiments yes and i've hit him with every single skeptical you know
4227000	4232820	file drawer issue survivorship bias p hack you know whatever and like he has great answers for
4232820	4237160	all of it and at a certain point you have to be like well that can't exist because i don't want
4237160	4242740	it to exist and actually maybe there's something there yeah yeah i had to be converted to be
4242740	4245540	be convinced that there's something here, but there's definitely something there.
4245680	4250380	And I think the thing that is there, the physical possible model of consciousness would be
4250380	4255640	if the Penrose thing is right. So if there's something in the brain that can maintain
4255640	4261680	quantum coherence and then it kind of, you know, decoheres and then you see reality in this kind
4261680	4268180	of macroscopic relativistic way, then you are sort of rendering reality in real time.
4268260	4270760	As you live it, you render it.
4272740	4278400	comports fully with the wheeler observer theory of the universe model so if you are responsible
4278400	4284640	for the the rendering and it's but that decoherence is going on in your mind then
4285380	4291840	your ability to affect matter isn't like you're like shooting particles out at the material world
4291840	4297280	it's you're affecting the rendering of the material world if that makes sense like you
4297280	4299920	You are the interface that's going on inside the mind.
4300020	4301560	So distance is not a factor.
4302480	4305620	So distance is not a factor, which is all the quantum stuff.
4305780	4308120	Distance and time are not a factor.
4308220	4310060	You have temporal and spatial non-locality.
4310180	4313500	You almost kind of need something like this to get from here.
4313620	4319940	You need an effect that appears to take place in a realm where distance is not a limiting factor.
4320300	4320640	Yes.
4321060	4326820	Which, in all the random event generator experiments, time and distance don't matter.
4327280	4329140	And it's so it's really me
4329140	4333760	So how do you guys think if you have on the one side you have kind of consciousness stuff?
4333920	4341160	And then on the other side you have you know, exotic propulsion high-energy physics. Do you guys think they converge anywhere? Yeah, so
4341780	4343020	I've been into the
4345040	4352320	Work of Hoffman now for three years. Yeah, and he come up with this model of consciousness in
4352320	4360340	in a challenge from a famous physicist at Princeton
4360340	4364560	who told him, I need you to show me
4364560	4370340	that your model of consciousness might be able to be based upon
4370340	4374420	or utilize what's called decorated permutations
4374420	4380000	because they are involved in a physical object called amplizohedrons,
4380000	4384860	which are relevant to modern, current, ongoing quantum physics.
4385140	4385660	Okay.
4387660	4391920	So, this is a really interesting model
4391920	4395540	and often just brilliant at describing
4395540	4402080	how you get from this gigantic collection of conscious agents
4402080	4406220	that are implemented in these permutations
4406220	4408380	that are decorated with other information,
4410000	4418300	down to each of us individually to give us our space-time rendering that's our desktop
4418300	4420120	that we view the universe through.
4420340	4423080	But we all are derived from this up here.
4423180	4429640	So his theory from the outset requires a universal consciousness pool.
4430100	4431220	All right, so that's interesting.
4431440	4438220	So then over here, you've got Wolfram and his team with a brilliant physicist writing
4440000	4446980	who have taken hypergraphs, which are basically structures for programs and so forth, computational
4446980	4455860	structures, and they have now worked out in peer-reviewed papers how you can take one
4455860	4460960	of these hypergraphs and keep twiddling it and working on until you get down to, ooh,
4461240	4467200	what I've got here is I've built from code the general theory of relativity.
4467200	4472920	and you do it over here slightly differently and you get down to I've run
4472920	4477020	this code and done all this work and what came out of it is quantum field
4477020	4485660	theory so I asked the following question is it ever going to be possible to
4485660	4492220	connect the information field that's being manipulated by consciousness to
4492220	4493300	to all the stuff over here.
4493380	4496120	So I asked the following technical question,
4496280	4498600	is very technical answer.
4499980	4502040	Is there a mathematical connection
4502880	4506480	between decorated permutations and hypergraphs?
4507200	4512360	And I found a mapping through certain permutations
4512360	4516160	that directly map from the decorated permutations
4516160	4518760	onto the components in the hypergraph.
4518760	4521700	And that's my only result so far.
4521920	4531020	But it's the beginning of how you marry consciousness, if he has the right model, to physics, if they have the right model.
4531140	4534540	So for me, it might be string theory.
4534740	4537680	It might be something a goofy, crazy mathematician would do.
4537720	4539500	But it's really enticing.
4539680	4544140	And I have this mechanism written down, and I'm writing it up.
4544260	4545620	Because I just read it last week.
4545860	4546760	Wow, that's incredible.
4547040	4547240	Yeah.
4548760	4552600	described to me on the train over and I was kind of mind-bore actually we got to
4552600	4555320	get you and him in pines in the same room to go over the hypograph connection
4555320	4562540	because yeah I'll just I'll let you guys go soup to me yeah yeah yeah yeah yeah
4562540	4570140	Oh pines but met pines if you're see me you're amazing let's talk let's do it
4570140	4575460	let's do it we'll do it we'll do a part three yes that sounds like a blast yeah
4575460	4581620	Yeah, but what people are seeing is this kind of conversation and that kind of interaction
4581620	4585180	is how scientists work together.
4585560	4586740	They have ideas.
4586860	4588200	They bounce them off each other.
4588380	4589360	They write them down.
4589500	4590240	They make mistakes.
4590600	4591780	They correct each other.
4591940	4593300	They're hard on each other.
4593440	4594940	They're supportive of each other.
4595040	4596540	And in the end, we get somewhere.
4596900	4604000	I don't know that this is going to go anywhere, but when you're a scientist,
4605460	4611720	case a mathematician and you're working on something and you have this notion and you
4611720	4620100	sit down and all of a sudden this chill washes over you. You feel this surge of adrenaline
4620820	4626800	and you see your way through and you write it down and you go, I have figured out the
4626800	4633720	connection between this and this and here's how we do it. It's just this most unreal thing
4635460	4636460	the moment of discovery.
4636680	4637060	That's amazing.
4637620	4640720	So, what do you think is happening overall?
4641120	4645220	Because it feels like we were talking earlier when I first saw you, you were like, things
4645220	4645800	are happening.
4645940	4647780	I was like, no, things feel like they're speeding up.
4647900	4648440	They really do.
4648540	4653020	We just had hearings on the Hill, both in the Congress and then this week in the Senate,
4653720	4657180	you know, this revelation of this program called Immaculate Constellation.
4657420	4661340	We have a new director of the All Domain Anomalous Resolution Office.
4661920	4667880	but even more broadly it just feels like in the zeitgeist aliens that's for me that's to me the
4667880	4676940	important part yes he is the zeitgeist has changed sufficiently that it's okay to discuss this and
4676940	4681700	bandy about ideas about it without being afraid you're going to be called a moron or crazy well
4681700	4687500	the felt sense of it is like this is and i feel with the show too where i'm like i'm going hard
4687500	4692140	like traveling everywhere and like it feels like things are about to blow up
4692140	4696780	in this area like the next year is going to be extremely revelatory and that's
4696780	4701100	really like based on instinct like you know maybe I know it more than the
4701100	4704380	average person as far as possible things coming down the pike but it's really
4704380	4710620	like this kind of intimation that big things are happening and real
4710620	4714340	revelations are gonna happen you know when it comes to ontological truth maybe
4714340	4718320	Maybe again, that's supported somewhat by the new administration.
4718500	4720840	Say what you will about it, but it feels like there's some.
4720920	4731740	If the new administration will come in and release research funds to support the university faculty and the students,
4731880	4736700	we will build a cadre of people that can move us down this line faster.
4737760	4738960	How can they not?
4738960	4745500	It's like how if you're aware of the reality of this stuff and you're aware of the reality of
4746280	4752340	Science that's been totally suppressed that is important for the US to maintain its, you know national
4752340	4754360	You know international primacy
4755360	4762840	How could you in your right mind not you know, just keep going with this kind of Cold War secrecy where like nothing gets revealed
4762840	4768540	I did the most damaging thing to technological and intellectual progress
4768960	4773680	inside the United States, nearly hampered it into non-existence,
4773700	4778620	is while we were doing all this wild development of quantum mechanics
4778620	4782580	and general relativity, nuclear energy, and so forth and so on,
4782700	4784300	we were wide open.
4784480	4787420	We interacted with people all over the world.
4787520	4790540	Scientists got on boats and traveled to Europe.
4791040	4796720	People came from Asia to interact at conferences, and they shared stuff.
4796720	4800160	We've stopped doing, allowing that.
4800380	4804240	And people are trapped with the inability to travel
4804240	4806720	or interact because they don't have the funds
4806720	4808000	to do that operation.
4808460	4812400	So support for this is the only way
4812400	4813980	we will make major breakthroughs
4814540	4816220	because we don't know who, like,
4816280	4818560	people are going to look at this and they go,
4818680	4821100	who is this guy with a purple shirt on
4821100	4822240	for the Southern accent?
4822620	4823540	Why does he do this?
4823540	4831060	this because I was allowed to take time to think about it and listen to others who talked about it.
4831140	4838340	And so I had an idea. It may be useless, but I feel it's not. But if that's happening across
4838340	4845940	all sorts of places, who knows who will walk into the room as a young person about to learn
4845940	4851000	something and make a major contribution to this and just change our entire universe?
4851000	4856960	Well, it's a beautiful thing too, because I think the elite citadel of physicists or
4856960	4864900	even philosophers, academia itself is going to be proven to be kind of stale in this new
4864900	4866400	model where this stuff exists.
4866700	4870040	And so you're going to get these kind of amateur experimentalist people who just listen-
4870040	4870680	We don't have a choice.
4870840	4874740	... earnestly, and we have to let them in and we have to allow them to contribute because
4875200	4879300	it's a really interesting field where if you're just early on it, have good instincts and
4881000	4895100	I very much admire Eric Weinstein's public stance on the disastrous things we have done to intellectual development, science, education, etc. in the current environment.
4895280	4897340	I hope people listen to him.
4897340	4917000	I hope people listen to him too. And I hope we can maybe we can create some sort of institute outside of academia that allows for safe exfiltration of science that has been suppressed historically and stuck and lodged in these compartments in government and aerospace.
4917000	4921840	space and I think it's really important if there's a way to do that you don't
4921840	4924780	want to tip your hat to the adversary you know you don't want to allow
4924780	4930160	infinitely destructive tech out but the idea that science itself should be stat
4930160	4935420	you know snapshot whatever we had in 1957 is is the end of history when it
4935420	4939800	comes to science that's crazy and it's and it's not even good from a national
4939800	4945960	security stand good from basically any any stamp of look new physics new math
4947000	4950540	new chemistry, from that we're going to get new materials,
4950720	4954060	new medicines, new ideas, new ways of doing things,
4954160	4955720	and renew ourselves.
4956000	4961820	What we need, major ideas to figure out how to undo
4961820	4965400	the damage we're doing to our environment.
4965660	4967400	Overuse, overconsumption.
4967620	4968000	Agreed.
4968060	4975420	The recovery of materials in an energy efficient manner.
4977000	4978920	But you need serious research.
4979060	4983160	You need it to be sexy to get into the technical fields again.
4983640	4995780	But I got to tell you, the Hume Center was funded by a science and technology guy from CIA named Ted Hume and his wife.
4996880	5006100	Ted left CIA, started a company, did well, sold it to Kinetic, and plowed some of the money back into the center.
5007000	5014060	goal for the center was talk young people into doing technical science and engineering, etc.,
5014060	5020360	and be willing to think about doing it for the government in the intelligence community,
5020720	5028240	Department of Defense, etc. And he put his money where his mouth was. And so what we did was we
5028240	5039360	We got kids to work on problems the government wanted solved by carving off pieces that would
5039360	5043200	be attractive to them that were totally unclassified.
5043340	5048740	Could be used for PhD thesis, master thesis, senior projects, etc.
5049140	5055260	While at the same time introducing them to the other side of the equation.
5055260	5059880	And some of them would go all the way and they would get a security clearance.
5060120	5070720	They would get a summer job and they wound up leaving school, not with full 20 years of debt, but with money in their pocket.
5070880	5080560	And they went in and to a large extent stayed in because they did not need to worry about where the next bill was going to get paid from.
5080560	5088340	And so it's a concept which can be done over and over again if we just decide to do it.
5088420	5103580	And it's a timeless concept, whether it was the Institute of Advanced Studies, which was formed by Abraham Flexner, who wrote a great paper, which kind of was the auspice under which it operated, which was the usefulness of useless things.
5103820	5108780	You know, let's fund evergreen, kind of put tons of money into long time horizon.
5110560	5113220	There's a great book actually called Leisure as the Basis of Culture.
5113520	5119140	And I think, you know, it talks about the root of the word school is the Greek skole,
5119300	5121480	which actually it's a double meaning.
5121580	5122260	It means leisure.
5122480	5126360	And it's actually come to be associated with the Latin scala, which means ladder.
5126720	5131020	And so actually, like academia should be this leisurely contemplation of the world where
5131020	5133620	you shouldn't be worried about where your next paycheck is coming from.
5133980	5138940	And it's just turned into this kind of, you know, hyper rat race where we're scurrying
5138940	5139860	over one another.
5140560	5145800	or perish, you know, whatever. And so, yeah, something like this or a Bell Labs, which is,
5145860	5150420	you know, hybrid, you know, private, but also public funding, where you're putting tons of
5150420	5154940	money into new science and innovation seems like it would be necessary. And the return on investment,
5155400	5161820	how can it not be good? Because when we've unleashed the human intellectual capacity
5161820	5166960	to operate freely, we have never lost. Well, out of Bell Labs, you got the semiconductor
5166960	5172640	conductor. And that is responsible for like a third of our modern economy. And you could say,
5172660	5176440	oh, that could have been happened in a private venture capital context. Like, no, it couldn't.
5176440	5181280	Like you needed way too much money to make that thing work. And so the government funding thing
5181280	5187860	is incredibly important. And I hope that does get revitalized. Elon Musk is completely and utterly
5188780	5193580	destroying the old way of going to space and giving us a new way of going to space.
5193580	5199880	And he did it because he first bootstrapped his way to money, then he turned his ideas
5199880	5204660	and put his entire fortune at risk bringing us SpaceX.
5205020	5212200	So that isn't the only model that'll work, but the gist of it, freeing people to do what
5212200	5218780	they can do so that their minds are engaged and they're not worried all the time, and
5218780	5221360	we will see magic happen come out of it.
5221520	5222300	I agree.
5223580	5227860	you know Elon I think he's been walking back his dogmatism around you know
5229300	5233000	basically like chemical combustion being the only way when it comes to space
5233000	5237320	travel and so I hope he becomes open to this because he's obviously you know
5237320	5241040	America's chief industrialist he's incredibly important for anything we do
5241040	5244860	on the science and tech front and when he focuses on a thing it seems to just
5244860	5251020	happen and so I hope he shifts his focus towards you know more exotic science
5251020	5257340	science like this because it would seem to be right up his alley given his overall modus
5257340	5258600	operandi in life.
5258820	5262500	The old in-agile structures are not working for this problem set.
5262740	5268840	So he is pretty much the perfect example of wiping away the old structures with new agile
5268840	5269320	structures.
5269960	5270920	Couldn't agree more.
5270920	5275000	All because he got angry when the Russians wouldn't sell him a rocket.
5275580	5276180	Exactly.
5276700	5278400	He wanted to put a garden on Mars.
5279080	5283880	And then it's interesting, he and Mike Griffin, because they had really made more progress
5283880	5285560	in liquid fuel rocket engines.
5285800	5291440	So he and Mike Griffin go to Russia and they actually find the rocket engines.
5291700	5297320	Mike Griffin later he formed Space Force, but he became the NASA admin.
5297560	5300540	And then he formed SpaceX, Elon Musk.
5300680	5304320	And so it's this interesting sort of tech transfer or something that happened for that.
5304320	5311060	Yeah, they owned the engines for decades with the RD-180 and those things.
5311160	5312740	They're fantastic engines.
5313160	5315660	Musk has left them in the dust.
5316000	5320780	Why do you think Elon Musk, you know, it's been revealed that he's met with Putin a bunch of times.
5321060	5327000	I found that very interesting because I think, you know, it's like he's providing Starlink terminals to Ukraine.
5327300	5332660	And he's sort of like, you know, openly helping Ukraine right when the war starts and then he meets with Putin.
5334320	5337220	thing where maybe the actions don't reflect, you know, what you're...
5337220	5344680	So Elon is beyond important to the national security state and its needs for overhead
5345380	5351500	stuff by transporting their stuff to space. He's very important for his a bunch of national
5351500	5357200	security contracts. So what this means is, and he can't be above the law. So the following
5357200	5364900	is a fact. If he's interacting with the head of state of an adversary, he is required to do
5364900	5371900	reporting to his security officer. If he has not done security reporting of all of this to his
5371900	5378640	security officer, he is in violation of the terms of his security clearance. I'm not saying any of
5378640	5386080	this is true. I'm saying if it is true, it's a real problem. Well, I bet I'm sure he was
5387200	5388580	with his security officer.
5388800	5390660	And then that begs the question,
5391420	5394060	you know, maybe politics isn't what it seems or something.
5394140	5394680	You know, that's like,
5394740	5396240	it's just an interesting kind of question.
5396280	5399300	But okay, so we've gone into, you know.
5399400	5402060	But I don't know what impact,
5403080	5404720	and haven't been told by any,
5404780	5407980	what impact Musk having the interaction with Putin
5407980	5409160	has had on anything.
5409420	5410120	I don't either.
5410380	5413480	We got into some of the physics around UFOs and aliens.
5414120	5415540	Why do you think they're here?
5418820	5423480	So I know a lot of experiencers, and I've talked to a lot of experiencers.
5423700	5428660	And for whatever reason, even though I have an intelligence community background,
5428780	5434900	and I'm this egghead scientist, they still seem to talk to me.
5435060	5436580	And they have for a while.
5436640	5439800	So the following seems to be their story.
5439900	5441860	Not my story, but their story.
5442380	5446740	They're doing breeding experiments for reasons we don't know.
5447200	5454380	The government in secrecy knows, but the people who are being used for these experiments don't know why it's being done.
5455480	5456840	But it's interesting.
5457480	5471980	Some are coming because they're constantly telling the innocent and the young and the powerless to go out and tell everybody we're not treating our planet well.
5472280	5476480	So some are coming because this place is magical.
5477280	5483820	the ecology and the totally perfect conditions for life,
5483980	5486220	they can't be like this everywhere.
5486620	5488780	I believe life is in a lot of places.
5489000	5494620	I don't believe there are many places that are so suited to life as this is,
5495240	5497640	this planet is, and we need to take care of it.
5497740	5500640	And I think a bunch of them that care about all of this
5500640	5503820	are here sampling our life forms,
5504400	5507180	interacting, trying to figure out how it all worked,
5507260	5508340	how it was all put together,
5508520	5511600	and they have the time and capacity and resources
5512200	5514820	to study the problem for a long time.
5515000	5516960	Because I think they've been here for a long time.
5517120	5519600	Have you met an experiencer that has gotten an implant?
5520000	5520820	Oh Lord, yes.
5521340	5523360	And have you, so you've seen the implant?
5524140	5526800	My girlfriend has two implants.
5527200	5527440	Really?
5527640	5530440	One of them is in her leg right next to her femur,
5530460	5532380	and one of them is in her forehead.
5533820	5535680	gets these headaches, she said,
5535720	5537100	I think this thing is going off.
5537240	5538520	And it's inside her forehead.
5538720	5541380	So I take, so I guessed, I made a guess.
5541560	5544820	I said, all right, here's what I'm gonna do.
5544960	5548320	I'm gonna get a electromagnetic field sensor
5548320	5552820	and I'm gonna put it next to her head and see what happens.
5553080	5557460	And I have a video online of me moving this field meter
5557460	5561100	across her head and watching that implant.
5561380	5561720	No way.
5561920	5563480	Plus RF transmissions.
5563820	5566360	Human bodies don't pulse RF transmission.
5566560	5567160	That's terrifying.
5567600	5570220	And it was coming right out of her forehead.
5570380	5571000	Oh, my God.
5571000	5573380	I have a video which I will show you and share with you.
5576380	5576860	Left.
5579040	5579520	Right.
5580580	5581300	Oh, oh.
5581780	5583480	Right there, right there, right there.
5583560	5584200	We found it.
5584360	5585280	That is crazy.
5585560	5586040	Wow.
5586200	5590800	And so what does she think the implant might be being used for?
5590800	5595900	I think it's a geolocation and other information transfer mechanism.
5596300	5600060	Why else would they do a digital burst coming out of her forehead?
5600500	5604540	So they're saying, so look, I didn't believe these.
5604680	5606000	Can I tell you straight up?
5606060	5610780	I didn't believe these stories at all about these implants and them being near his trackie
5610780	5618060	until I rode the pat and formed the company that tells you how they do it.
5618280	5619060	What do you mean?
5620800	5625340	is how the aliens would find these beacons all over the planet.
5625520	5626000	Wait, what?
5626300	5628920	The technology, Batayan Hawkeye 360,
5629400	5632440	is how the aliens could track us across the planet.
5632580	5633180	Wait, wait, wait, explain.
5633320	5635260	So you're saying the sensor tech,
5635400	5636660	so you have a company, Hawkeye 360,
5636860	5641300	that does sensory analysis, satellites in space.
5641500	5644740	Yes, but it finds RF emitters on the ground.
5644800	5649020	So if they have a 1.6 gigahertz emitter in your skull,
5650800	5656660	Satellites flying over your head can locate that thing to a square meter.
5657360	5657880	Unbelievable.
5657900	5662520	So with Hawkeye 360, you could geolocate your girlfriend forever.
5662900	5663080	Yeah.
5663260	5667840	And so you're saying that presumably aliens have this tech.
5668140	5671120	Well, they're a thousand years or more ahead of us, so they have the tech.
5671360	5674660	Were you able to glean much from what the meter was saying about the...
5674660	5675300	It was a pulse.
5675380	5677820	Yeah, it was strobing, so it was pulsing.
5677820	5686480	So to me, as a communications engineer, that's what I did for Federated Wireless, it's a digital communication system.
5686740	5691760	I have not taken the time, I would already say, people are going to go, why haven't you?
5691800	5692620	Because I've been busy.
5692800	5701060	We're taking the time to figure out what the transmission is, how it's digitally modulated, what is the encoding of the data,
5701200	5703840	so I can try to figure out what it is they're transmitting.
5703840	5706820	But if they've done it right, they've got it encrypted,
5706980	5708300	and I'll never break the encryption.
5708680	5710480	What's... What's... That's crazy.
5711200	5714840	What's the most insane, mind-blowing,
5714960	5716920	ontologically shocking thing you've experienced
5716920	5720580	in all of your inquiries into UFOs and aliens?
5722240	5725700	Okay, so I've put up a bunch of sensors around my house,
5725820	5727920	especially after I visited...
5727920	5730720	Okay, the most ontologically upsetting,
5730720	5738940	setting, transformative event in my life was becoming curious about Chris Bledsoe and going
5738940	5747240	to visit him, spend days with him. And we had many experiences. Tell me about that because I just met
5747240	5753060	Chris Bledsoe in DC and I definitely felt like there's an interesting energy there for sure.
5753180	5758680	And for the audience, Chris Bledsoe wrote a book called UFO of God. And he was this very interesting
5758680	5763720	guy who he claimed to see the lady quote-unquote this like divine figure who
5763720	5768100	he speaks to once a year he gets prophecies from this woman all of this
5768100	5772580	you could easily write off as total quackery if the lady wasn't in all sorts
5772580	5778180	of you know it wasn't it all throughout NASA and other sort of you know
5778180	5783900	interesting agencies when it comes to you know her being depicted and then a
5783900	5795580	A very high up person at the CIA, Jim Semivan, visiting Chris Bledsoe right after he gets his sort of prophecies and taking a deep interest in him, along with Tim Taylor, who is a NASA mission controller.
5795780	5804840	It seems like there's a way in which the information that Chris Bledsoe is getting is comporting with sensitive information that the government actually has.
5805000	5808360	And so that's why people are so interested in what he's sort of saying.
5808520	5808780	So, yeah.
5808780	5809180	Yeah, what do you experience?
5809180	5814020	Okay, so I began to see all sorts of stuff that I told you about earlier, photos and
5814020	5817060	other things that said UAP are here.
5817260	5818600	So I grew curious.
5819640	5825720	And these are photos that you saw just through friends in the kind of classified intake world.
5825760	5826900	Yeah, they would say, have you seen this, Bob?
5827120	5828460	I went, no, I haven't seen it.
5828480	5828620	Wow.
5828920	5832020	Well, I don't know about this, so thank you for showing it to me.
5832180	5837140	But anyway, so because I don't have, they did not have the right to transfer it to me,
5838780	5845220	to see it as I was passing by and they might have said look. Anyway, so I became curious because
5845220	5851800	it heated up. Something was obviously happening inside the government and because there were,
5851840	5858400	I knew there were meetings going on but I was not privy to them. But I saw some drippies so I became
5858400	5867100	curious. So the person that I decided could teach me about all these UFO nuts was Richard Dolan who
5868880	5871380	on UFOs and the national security stake.
5871620	5875040	I am a denizen of the national security stake.
5875280	5877040	So I figured, okay, I'll go to this guy
5877040	5878000	and figure our stuff out.
5878200	5881840	So I built a working relationship with Richard,
5882640	5883400	read his books,
5883480	5886520	and then he interviewed Chris Fledsoe
5886520	5888280	in four one-hour segments.
5888600	5891620	And by the end of it, I was done.
5891860	5893060	I had to go visit.
5893300	5894720	I'm in Blacksburg, Virginia.
5895180	5896800	Chris is over in North Carolina.
5897100	5898320	He's two hours from me.
5898780	5901800	So I wrote him and said, Chris, I'm a scientist.
5902500	5906080	I also work for the government, doing work and so forth.
5906240	5909560	And I'm very interested in the things that are happening to you.
5909680	5914120	I might even be able to help you with some sensors that help you provide more evidence.
5914280	5915140	It's actually occurring.
5915880	5918140	So he was silent for three weeks.
5919240	5922680	And then he said, hey, Bob, thank you for your offer.
5923380	5925200	I've decided you can come over.
5925200	5929260	So I went over and I stayed four days.
5929720	5932160	Three days, it rained.
5932520	5935320	The fourth day, we had a clear night.
5935560	5940560	So for three days, he told me every secret thing
5940560	5941800	that's happened to him.
5942060	5943100	It's unreal.
5943500	5945740	All that stuff in the book and more,
5945920	5947700	he told me while I was in his home,
5947780	5949120	visiting with his family.
5949340	5952660	And so on the last night, it was clear.
5953040	5954840	He says, it's going to be clear tonight.
5955200	5965800	to sky observing and I saw this look come over his face. It was like he was in trance and
5965800	5972200	communicating with whatever his in trance state was and he says okay we should go outside. So we
5972200	5978980	went outside we stood for a minute and there were these little things that were going off like
5978980	5981720	like flashbulbs in the skies and in the trees.
5981880	5984320	And I goes, what in the heck is that?
5984520	5988220	Well, my brain was going, that's an electromagnetic pulse.
5988400	5989640	I bet I could detect that.
5989700	5990680	My mind was going.
5991540	5993520	But I was totally engaged in focus.
5993960	5999940	And then all of a sudden, right above the trees,
6000000	6006500	about 300 or 400 meters away, this thing flashed into existence.
6006500	6019680	It was a massive orb, very bright, and it waxed and waned in brightness, colors and royal, floated across the sky, was not moving linearly.
6019900	6026960	It was doing curved and zigzag and went over the sky, and it slowly faded out as it went over.
6027400	6028580	I went, whoa.
6030680	6035500	So he called in and told his son Ryan to come out, Ryan Bledsoe.
6036500	6044080	came out and as soon as Ryan got out there and boom another one right over our heads 40 feet
6044080	6052080	in diameter very bright floated across the sky and all of us enjoyed it until it was gone so Ryan was
6052080	6060520	so excited he got video of this thing flying over our head and ran in to show it to the the people
6060520	6065920	with me and with the Bledsoe family that he had seen one of these things with me and it was clearly
6066500	6068400	that I saw it, because I was a scientist
6068400	6070040	and I could say it was real.
6070780	6072520	That's really why they wanted me there,
6072660	6076320	is I could say, as a scientist, I saw this and it's real.
6076540	6079220	If I'm here to tell you, I saw it and it was real.
6079380	6086280	So we sat there and I began to notice this purple aura
6086920	6088900	that looked like purple, glowy smoke
6089620	6090900	right above the treetops.
6091040	6093980	And it just slowly but surely brightened.
6094520	6097240	and it finally got to this place where it was visible.
6097540	6099760	And I says, you know, Chris, I'm seeing something.
6099840	6101320	He says, yeah, I can kind of feel it.
6101600	6104160	And all of a sudden it disappeared.
6104340	6107640	Just all of a sudden, like somebody turned the light switch off.
6108240	6115360	And without missing a beat, Chris said, okay, they're gone now and we can go inside.
6116700	6121760	I went, whoa, that's telepathy or something.
6122080	6123500	It says, that's just wild.
6123980	6125340	So we went inside.
6126820	6128920	We finished our visit.
6130240	6133480	Pleasant trees, hugs, all that other stuff, and I went home.
6134220	6135880	And they followed me home.
6136200	6136740	Whoa.
6136920	6142820	Like almost everyone who has a serious experience with him, they follow you home.
6144000	6144560	Whoa.
6145040	6146800	I saw them regularly.
6147380	6149320	Things would show up in my yard.
6149320	6155880	I had this video of a triangle of orbs going up and down making sure my security camera
6156540	6158640	got it and I wondered if they were bugs.
6159020	6162660	Which is naturally what you'd think is an IR illuminating bugs.
6163140	6170740	So I decided to turn the security camera on, long record, go out to the carport and come
6170740	6171260	around and see.
6171600	6176180	And I went out to the carport, came around the corner and I could see them with my naked
6176180	6176480	eye.
6176480	6178520	It had nothing to do with the IR.
6179000	6181440	And they were just sitting there doing this on a triangle.
6181600	6183120	And as I turned around the corner,
6183600	6185280	they took off and went straight up.
6185860	6186340	Wow.
6186680	6193100	Okay, so you will find that I am the next to last incident
6193100	6194920	in his book, UFO of God.
6195560	6198240	Okay, and he told me while I was there
6200000	6201880	that Jim Semivan said,
6202000	6204340	oh, yeah, you should let Bob in.
6204440	6205740	This should be interesting.
6206480	6206620	Ah.
6207480	6210300	So Jim Semivan opened the door for me.
6210720	6211240	Interesting.
6212360	6213740	That's so wild.
6213880	6219280	So what do you think, why do you think somebody who's so high up at the CIA like Jim Semivan
6219280	6225020	seems like a really smart, awesome guy, like why would he be interested in Chris Bledsoe?
6225120	6227080	Because like, yeah, what do you think?
6228640	6235840	Jim has now talked publicly, so I don't mind saying he had experiences of entities
6236480	6241400	room with his wife, and they were not pleasant experiences.
6241840	6249300	So that traumatized him and his wife, and so he became interested in finding out answers.
6249680	6259760	And then he heard about Chris Bledsoe and knew enough traditional texts in Latin, Roman,
6259840	6264860	Greek, whatever, to show this lady stuff is real, it's in the church, and so forth.
6266480	6273400	lady stuff is because I believe part of the Chris Bledsoe prophecy is that Easter of because you see
6273400	6278840	he sees uh her every Easter he goes out to this one little place next to his property and talks
6278840	6285640	to her and I think it's something like Easter of 2026 we're going to have some important event
6285640	6294820	happen do you know about this so I have a real story to tell about that too okay he sees a
6296700	6300820	missiles being fired at the country of Iran
6301760	6304500	while he is observing the event,
6305240	6307060	including some astronomical events
6307060	6310620	that are in the sky over the top of the pyramids at Giza.
6311240	6313720	From the astronomical event,
6314900	6318020	astronomers have calculated that date.
6319620	6323140	Okay, so he doesn't know whether it was a vision
6323140	6325260	or he was transported in time,
6326920	6332180	the entities intervene to stop the bombs from landing.
6332620	6333220	Wow.
6333320	6334080	That's what he sees.
6334260	6338780	Now, how do I know that anyone takes any of this seriously?
6339800	6341020	Here's how I know.
6342680	6347880	Grant Cameron visited, who's a well-known UFO person.
6348020	6348240	Yep.
6348920	6352860	Written many books on the experience of the phenomenon and so forth.
6353020	6354300	He went and visited Chris.
6355000	6362180	Chris. And Chris shared a picture with him that Grant put up on his Facebook page. So I saw the
6362180	6371140	picture and everyone who had seen that picture missed the import of it. And what is the import
6371140	6378340	of that picture? It's a napkin and an envelope with a napkin partially obscuring the address
6378340	6383640	that's on the envelope. I knew the address because it was the address of Chris Bledsoe.
6384300	6390300	I knew the napkin because it was the presidential seal on a napkin from Camp David.
6390460	6398660	There's only one way you can have that napkin because it's a crime to copy the presidential seal.
6398920	6403140	There's only one person that can get you to Camp David.
6404280	6407720	And the picture was mailed to him by Tim Taylor.
6407900	6409560	By Tim Taylor.
6409560	6417480	And the only person that story can have been told to in that envelope was Barack Obama.
6418040	6420120	Oh, my God.
6420620	6429020	The letter to me is ironclad proof that Chris's story was taken all the way to Barack Obama.
6429320	6430920	Via Tim Taylor?
6431080	6431240	Yes.
6432560	6433280	What?
6433580	6434120	Yeah.
6434240	6435620	So this is crazy.
6435840	6438700	And you're sure that that seal and that...
6439560	6444600	it the Secret Service and others will come and get you oh my god and that
6444600	6448760	grant and others have not been slapped around for doing it so the napkin was
6448760	6454900	legit and whoa so this brings up all sorts of quite now you know why I'm a
6454900	6458120	good intelligence agent just from looking at the better really put that
6458120	6461320	entire narrative that's really impressive kind of stuff I used to do
6461320	6465840	well Tim Taylor to me is the like people I was like who's the number one person
6465840	6471420	you want to interview like elon musk i'm like i love elon but like i he'll never give an interview
6471420	6476300	tim taylor he'll never do i met him once briefly but i i he's kind of gone dark on me and i would
6476300	6482440	do anything he's my number one person who i want to speak with because he's so intriguing i got him
6482440	6487760	to talk to me for about 10 minutes yeah because says tim you know i have good friends with chris
6487760	6492600	bledsoe i went over to his house this and other and we interacted for 10 minutes and he quickly
6492600	6496200	moved on and from that on I was like I didn't exist.
6496500	6500120	So what's his deal? What is he trying to do?
6500320	6504360	Because just for context for the audience, this is a guy who
6504960	6508480	shows up in Diana Pasolka's life when she's connecting the dots
6508480	6512700	between Catholic concepts of divine interactions with modern
6512700	6516480	ufology and she shows Diana all sorts of interesting things.
6516580	6521020	They go to the Vatican together. At the Vatican Observatory they know who Tim Taylor is.
6522680	6527860	Vatican archives without her presence. Without her presence. Without an escort. Without an escort.
6528120	6533100	He's a guy who's, I guess she claims that he flashed all sorts of interesting, you know,
6533120	6537440	three-letter credentials, like all of them, as if he was sort of. And then Ryan Bledsoe,
6537480	6545840	Chris Bledsoe's son, says that Tim Taylor was part of, told them that he was part of a secret
6545840	6551520	time travel group in Nassau, in the Bahamas. And Townsend Brown was the president of that time
6552600	6557960	I would think all of this were to be totally insane. I'd write it off completely out of hand
6557960	6562120	but I know that Townsend Brown spent a lot of time in the Bahamas and
6562660	6569860	He experimented with gravity, but he was secretly extremely interested in time travel because time and gravity are really coupled in general relativity
6569860	6572200	So who is Tim Miller?
6572280	6579680	Why does he keep popping up in all these places your time axis is not my time axis because whatever gravitational differences are there are
6579680	6580660	between us
6582600	6586060	warp space-time so that your time is not my time.
6587160	6590440	Okay, but what does that have to do with Tim Taylor?
6590580	6595720	It's just so interesting that all this gravitation stuff shows,
6596040	6599100	and Gates, Gates is a famous physicist
6599100	6602280	who has shown how general relativity
6602280	6606240	allows for the transmission of information back in time.
6606940	6607860	GR does?
6608240	6608380	Yeah.
6609080	6609700	How does it?
6609700	6613280	Because isn't there the Hawking chronological conjecture or whatever?
6613660	6614800	Yeah, how can you send info back?
6615440	6619540	So I think that there's a certain censorship.
6619640	6623480	You can't do certain things if they violate certain conditions.
6623640	6633120	But sending something back that's just information doesn't necessarily violate any of those restrictions.
6633120	6639580	And so Gates has written down how you get time travel backwards out of a general relativity.
6639840	6640840	I don't think others have.
6641040	6653140	I think people have already worked out through numerical simulation how you could use black hole gravitational curvature to travel through time.
6654000	6655340	There's the traversable wormholes.
6655540	6659300	There's the idea that you can reverse qubit positions in quantum computation.
6659300	6662780	So it actually makes probably even more sense that you could send info back in time.
6663120	6664160	using quantum mechanics.
6664400	6666660	But all of this is interesting, but like,
6666760	6667560	what about Tim Taylor?
6667620	6669500	Tim Taylor is a NASA mission controller
6669500	6672820	who has access to the president of the United States.
6672960	6678020	And done miraculous work in orthopedic instruments.
6679360	6682420	Vivex biotechnology, it's the $100 million.
6682660	6684520	And made $100 million on it.
6684600	6686060	So who is he?
6686360	6687400	I don't know the answer.
6687720	6689580	Because how are you a NASA mission controller,
6689780	6692420	a biotech entrepreneur, you're telling Diana Pasulka
6693120	6699120	secret space program and you're getting sort of orders on high from places that like even your
6699120	6704280	your you know immediate superiors don't understand that you're part of a secret space program don't
6704280	6709920	have three letters yeah he's he he works for the hammer that's the story and no one that i know
6709920	6715960	those do the hammer is so the hammer is this like ineffable entity that i don't know i don't even
6715960	6720680	know if it's human i don't know if it's nhi i don't know what it is except he told bledsoe
6720680	6721900	So he works for the Hammer.
6722480	6724900	And does Bledsoe like Tim Taylor?
6725580	6731440	Yeah, I think that the relationship has grown more distant.
6731660	6736140	They're not really good friends that much anymore, but they were friendly.
6736300	6745580	And the story that I like most is Tim Taylor brought a piece of the Roswell crash, put it in Chris's hand and others in the family.
6745640	6749780	And Chris showed an enormous, unexpected reaction.
6750680	6759720	And Taylor's response to Chris being impacted so heavily by this UFO material was,
6761000	6763560	why you? I don't understand why you?
6764600	6767900	And they tell that story all the time.
6767980	6769800	Why you, like in a suspicious way?
6769960	6772520	Why you in a curious way.
6773380	6774900	Not negative, just curious.
6775320	6777760	And his son as well, right?
6777920	6779560	He's the connection there.
6782020	6788260	There are multiple members of that family that have really unique abilities.
6788700	6789740	I got to get out there.
6790280	6791960	Yeah, we had a good interaction.
6792240	6794280	Yeah, we should go down.
6794440	6797780	I'm supposed to go down and show him some new cameras.
6797980	6798460	When are you going?
6798620	6801600	I'll let you know, so we'll just go together and maybe even video it.
6801740	6802300	Field trip.
6802640	6803340	Field trip.
6803580	6804240	I love it.
6804760	6809740	Is there anything else we should cover that you think is worth bringing up?
6812800	6816820	I'm 70 years old and I have life full of experiences that are weird.
6816940	6824540	So I can't think of anything except I'm going to keep working on this UAP-based science.
6824860	6825120	Yeah.
6826680	6832480	I am having to learn and relearn stuff, but I'm making progress.
6834340	6836840	But it's not like I don't have any abilities.
6836840	6842940	I took quantum mechanics and differential geometry and relativity when I was in college
6843640	6844340	and did well.
6844660	6849940	And then when I went to Brown, I took quantum field theory from Leon Cooper, who gave us
6849940	6853300	the explanation for superconductivity and won the Nobel for it.
6853420	6855340	So I'm prepared.
6855660	6856060	I'm prepared.
6856860	6861500	I need to rejigger my abilities, relearn the current work.
6861840	6866320	Is there anything the audience can do to help you or just follow you on Twitter?
6866840	6867740	Follow me on Twitter.
6867980	6868920	What's your Twitter handle?
6871180	6875700	Bob McGuire, spelled M-C-G-W-I-E-R, underscore,
6876720	6879780	M-4-H-Y, well that's my amateur radio call sign.
6879940	6883600	So Bob McGuire, underscore, M-4-H-Y, is me on X.
6883980	6885860	Bob, it's been an honor and a pleasure.
6885920	6888620	It's been a lot of fun and excited to see what you do
6888620	6890080	in all your new scientific endeavors.
6890260	6894040	And hopefully we can go to the blood sows with you
6894040	6895540	and the journey continues.
6896820	6896820	
