start	end	text
0	1920	So you're going to create a wormhole on demand?
2340	3660	You should be able to.
3860	5420	That's what my research showed.
7000	10160	So walk me through, how do I get to Alpha Centauri
10160	13020	by engineering a traversable wormhole?
14460	15680	Well, you're going to create...
15680	19100	Eric Davis, you are kind of synonymous with UFO science.
19300	22360	You have an amazing background at Aerospace Corporation,
22960	24680	Earth Tech, you've worked with NASA Lewis.
24980	27860	Eric Weinstein, you are a math PhD from Harvard
27860	32180	who has dared to present a theory of everything in physics.
32500	35940	The alleged Roswell crash was real.
36080	37600	There was a there there, it really happened.
38220	40700	How is it possible that something this large
40700	41940	that involves this many people
41940	44860	has zero incontrovertible pieces of evidence?
45200	47340	Do you dispute the existence of atomic weapons
47340	48920	because you can't access it?
49400	50860	I can't access it.
51120	52320	Oh, you can access it.
52460	54280	I have no idea what we just did.
54480	57080	It is a crash retrieval, nine human intelligence,
57860	58700	human technology.
58840	61360	How many of those crash retrieval program people
61360	61960	have you met?
62100	63480	I think it's five total.
63720	65120	There's no physics in it.
65160	66340	It doesn't make any sense.
66720	67080	Say again?
67260	68820	It defies the laws of physics.
69060	70140	We haven't made progress.
70480	71460	We have no physicists.
72040	75060	How are they doing on this project decades in?
75560	77320	This thing is not a Manhattan Project.
77700	79540	And you know what the Manhattan Project was.
79740	81820	Not one of these proposals excites me.
81980	83280	They're boring as sin.
83980	85000	I don't like GR.
85420	87380	Why are you not tweaking it?
87860	91700	I don't have intuition on how I could tweak it.
92660	97120	Are there propulsion modalities that you're high conviction in
97120	99100	that transcend chemical combustion?
100140	102960	Yeah, it goes way beyond even advanced.
103720	108160	Are you aware of reports that we are being...
108160	108880	Monitored?
109020	111340	Made to know that we do not control our space.
111800	112180	Yes.
112360	114740	When you see smoke at this level, the question is,
114760	116140	what is the nature of the fire?
116260	116400	That's right.
116400	117160	There are different fires.
117860	118860	Or there's a smoke machine.
119140	120640	Or there's a smoke machine.
120640	120920	Right, right.
121300	123460	Epstein was running many different programs.
123640	125680	It wasn't even Epstein probably running.
126280	127900	Look, I believe we can leave.
128100	129720	And if you believe you can leave,
129960	131980	you have to imagine that you're being visited.
133620	135260	Ignition frequency 5.
137020	138420	How is this possible?
139540	141260	Nothing too emotional about that.
143160	146180	The existence cannot longer be denied.
147860	149140	Woo!
177880	183360	just clean, clear mental energy. The reason it works is pretty simple. It gives your brain's
183360	189700	ketones, which are almost by definition its most efficient fuel source. Instead of pushing your
189700	195560	system, it actually feeds it. In fact, your body endogenously produces ketones. So when you drink
195560	201700	this, it supports deep focus, long conversations, and sustained mental performance. It was originally
201700	206520	developed through a multi-million dollar military program designed for high stress environments
207860	212840	performance really matters. And today it's used by founders, researchers, podcasters like myself,
213040	217380	and people who need their mind to work when it counts. I always take a sip of one of these
217380	222100	things before long podcasts. This product is also really personal for me because I've known the
222100	226860	founders, Jeff and Michael, for over a decade. These guys are awesome, and for as long as I've
226860	231580	known them, they've tried every supplement, biohack, and nootropic under the sun. So it was
231580	237120	a pretty good signal to me that they decided to start a company around ketones. I use Ketone IQ
237860	243320	It's like a mental cheat code, and it's genuinely one of the cleanest energy sources I've ever found.
243480	250340	So before we get back into the episode, please visit ketone.com slash alchemy for 30% off your subscription order.
250480	252960	Plus receive a free gift with your second shipment.
253100	257620	Again, that's ketone.com slash alchemy for 30% off your order.
257740	262820	Or you can find Ketone IQ at Target stores nationwide and get your first shot free.
263120	264960	Seriously, this stuff works.
264960	268660	Thanks so much to Ketone IQ for sponsoring today's episode.
268900	270920	As you know, we have a new Starship.
271020	273280	Of course, we have a healthcare center on board.
273580	275680	Ask what my new favorite product in it is?
276180	278040	iRestore's Illumina Face Mask.
279200	282300	Some billionaires are rejuvenating in underground light pods.
282580	284860	I'm doing my own version in my living room.
285020	287400	This mask is like a med bed for your face.
287640	290000	It's lightweight, super convenient, cordless,
290000	294260	and runs red, blue, and infrared light therapy all at once.
294960	301360	type of technology NASA studied for skin healing in space. It's safe for your eyes too, so you don't
301360	306880	have to sit there like a statue. You can live your life. I wear it when I'm reading, meal prepping,
306920	312080	or investigating life's mysteries without feeling like I'm staring into the sun. 10 minutes of light
312080	317700	and my skin looks and feels so good. Finding red light therapy was a revelation for me. I've
317700	322920	definitely had a few late nights reading about magnetic pole shifts, but with this mask, I look
323740	351120	Did I? That's debatable. It's warm, wireless, convenient, and makes your skin feel super soft. And iRestore is kicking off their spring savings with some very big discounts. Right now, you can get the Elite Plus Illumina Face Mask Bundle at an exclusive deal when you use code JESSE at iRestore.com. That's JESSE, J-E-S-S-E, at iRestore.com. Please support our show and tell them we sent you.
352920	357940	Dr. Eric Davis. This is an absolute honor. I can't believe this is finally happening.
358400	364960	I think often in this space, when we're talking about UFOs, UFO legacy reverse engineering
364960	372160	programs, you have like a wave function that never sort of collapses. And you have, you know,
372160	379100	different sides saying things that are mutually exclusive and truth. It never collapses into true
379100	388400	True or false. And I'm really excited to do this because Eric Weinstein, you probably need no introduction when it comes to kind of a general audience.
388640	399920	You are a math Ph.D. from Harvard, premier cultural commentator of our generation who has dared to present a theory of everything in physics.
399920	401960	and then Eric Davis.
402020	404500	You definitely need no introduction in UFO space,
404840	406800	but to maybe a more general audience,
407600	409160	some of whom who might have seen you
409160	410960	in this recent Age of Disclosure movie,
411960	414860	you are kind of synonymous with UFO science.
415060	416800	You have an amazing background
416800	420460	at Aerospace Corporation, Earth Tech.
420880	422380	You've worked with NASA Lewis.
422780	424620	You've worked on various initiatives
424620	427900	in exotic propulsion, directed energy.
427900	431220	and so very excited to have you both today.
431420	433360	I want to make this kind of two parts.
433660	436380	One part is kind of establishing ground truth
436380	439780	on Eric Davis's claims
439780	442140	because he's formally investigated
442140	444600	this UFO legacy reverse engineering program.
444760	447440	So I want to figure out what those claims are
447440	448160	for the audience.
448240	449120	And then part two,
449860	452640	and this is why we have you here, Dr. Weinstein,
453300	455780	is I want to figure out,
455780	481340	And this is kind of actually a follow-up on this thing we did with Hal Puthoff last time. If there is a theoretical physics component to this UFO legacy reverse engineering program, is there physics hiding in private aerospace corporations? Physics you can think of as the rules of reality itself. That would be problematic, to say the least, if that were the case. And so I'm very excited to speak to you both.
481780	483440	Thank you. Thank you very much.
483480	483960	Thanks for having me.
485880	501000	So Eric Davis, I want to start with you. When did you become aware of this UFO Legacy Reverse Engineering program? And how did you become aware of it? And how are you so high confidence in it?
501000	522720	I was working at NIDS. It'd be 30 years this July. And I was the Director of Aerospace Physics and Astrophysics Research at NIDS. That's National Institute for Discovery Science that Bob Bigelow founded in 1995. And I was hired in July of 96 along with Colm Kelleher and George Onet.
522720	529720	and John Alexander was already there on the staff also served as a member of the science advisory
529720	535320	board so I worked for Air Force Research Lab after NIDS and before Hal Puthoff hired me at Air Tech
535320	541480	okay so then during my work at AFRL and then during my 15 years working with Hal Puthoff
541480	548020	we got involved with the OSAP slash AATIP and then later on the separate attempt called AATIP
548020	554880	and then the UAP task force that Jay Stratton led. And using my security clearances, my need to know,
555040	561380	my access, including my letter that I'm deputized by Jim Lukatsky as a representative of the Defense
561380	567420	Intelligence Agency, I used all that leverage and authority to get into the crash retrieval program.
567560	572080	I couldn't get access to see craft bodies or talk to the people, but I was able to get in
572080	577160	to the people who handled all of that at a programmatic level and got confirmation that
578020	578920	that all of it happened.
579140	582540	And what's your conviction level in, say, Roswell, for example,
582620	587300	like that being a real crash involving non-human biologics?
587360	588380	It's 100%.
588380	589220	100%.
589220	590040	It's 100%.
590040	592180	And it wasn't in Roswell, New Mexico.
592240	594380	It was on the Foster Ranch in Corona, New Mexico,
594600	596120	which is 30 miles from Roswell.
596260	598920	This landed at a ranch at Corona, New Mexico,
599120	601160	and the rancher turned it over to the airport.
601540	604560	Army officers say the missile, found sometime last week,
604720	606900	has been inspected at Roswell, New Mexico,
608020	613820	Wright Field, Ohio, for further inspection. I had my information I got from Ed Mitchell at a
613820	618860	Science Advisory Board meeting about the Greer briefings on the disclosure project at the
618860	624240	Pentagon and then Admiral Wilson coming back and verifying that the Roswell crash, well, the Corona
624240	630200	crash actually, really did happen. It wasn't a Mogul balloon. It wasn't a raw wind radar test
630200	634880	balloon project. It wasn't a weather balloon. It wasn't anything of that nature. It was a real
634880	642780	craft of unknown origin that was adjudicated to be not of human origin or construct. And it crashed
642780	648240	on the Foster Ranch in Corona, Mexico. And then there's my work with Dave Grush when I was at the
648240	652120	Aerospace Corporation. He was at the Aerospace Corporation building in Colorado Springs
652120	656960	because he worked for their government customer, which occupied one or two floors there.
657180	658980	What was David Grush doing in that capacity?
658980	667160	He was, I think, a security contractor or advisor to a program manager.
667360	671900	Dave was the NRO liaison officer to the UAP task force.
672140	675600	So he took direction from Jay Stratton.
675720	677440	Wasn't he National Geospatial Agency?
677860	680240	No, I said the NRO, the National Reconnaissance Office.
680240	682220	Yeah, you said that, but I thought he was National Geospatial.
682220	682920	No, that was later.
683000	683460	That was later.
683620	684340	That was later, yeah.
684340	686220	Okay, so he's the NRO liaison on the UAPTF.
686360	692120	So during the UAPTF, he was the liaison officer on behalf of the NRO to the task force.
692360	692600	Yep.
692620	693080	Got it.
693260	696400	So he worked with Travis Taylor, Jay Stratton.
697700	700100	There's some other folks that don't want to be named, I know.
700240	713840	So I just know that there's a core group of 40 people, but there was a peripheral body of 1,000 people that contributed some of their time and labor and resources.
713840	720380	and the other government agencies, DOD agencies, intelligence agencies, to feed information to the task force.
720380	748620	A lot of people ask about kind of circular reporting when it comes to UFO, you know, testimonies. David Grush is what a lot of people I think are hinged, hinging their belief on because he's just seems like a very kind of honest above board guy. He stumbled into a lot of this stuff. How many of his witnesses, his 40 witnesses are more of kind of the hapless engineer type that just worked on the vehicles versus people who have, you know, kind of secondhand or, you know, thirdhand?
750400	756400	But it's something that Eric and I had lots of hours and hours of conversations about two years ago.
756440	758240	Not a single of them were a physicist.
760760	762840	Not a single one of these guys were physicists.
762880	766500	They had some discipline in engineering in their profession.
766820	774620	They were either electrical engineers, material scientists, aerospace engineers, aeromechanical, aerothermal, thermal control, fluid mechanics.
775780	777120	Save that thought.
777120	778360	Who wasn't a real physicist there?
778360	783160	There's nobody at the PhD level who is either an applied physicist or a theoretical physicist.
783500	789640	Save that thought, please, because that is going to basically be the entire kind of premise for the second part of this.
790220	792860	Do you have any questions as I'm sort of, you know?
792980	806080	Well, you know, look, one of the things that I dislike very strongly about the UAP world is that you spend an inordinate amount of time if you're just trying to be an honest analytic person.
806080	810720	and with the, is there any actual tangible, incontrovertible proof?
811120	816000	And it always seems like there's somehow this tight-knit group of people
816000	819480	who, in general, themselves don't have direct proof,
819620	821680	but sort of have proof one thing away.
823320	830260	And people build entire theories about the names of crafts and who was where.
830600	835740	And I just have no idea as a civilian and a technical civilian
837440	842540	how to think about this because I don't want to spend our time in the is it real or not
843500	850000	mode because that basically wastes time. And it's also how conspirators get people not to work on
850000	856580	conspiracy theories that could work is that you demonize and stigmatize the behavior. So I usually
856580	862180	would prefer in this situation to just decamp and assume the nature of all of these. But just to be
862180	866020	be honest, and it just needs to be said once. I've been looking at this now, I don't know,
866040	872240	five years since Jesse first crammed it down my throat. And I would say, uh, I was clearly wrong
872240	877240	about it. It's an enormous area. There's so many people who claim to have had contact with this
877240	882980	program in one form or another. I can't believe that anyone could train an acting troop at Brando
882980	890060	levels of sincerity, uh, to lie to me like that. On the other hand, I've never seen anything
890060	895620	like it where I can't get a single shred of incontrovertible proof. And so many people
895620	901820	seem to have it, but they all seem to be under some kind of an NDA where they can't give something
901820	907480	real. So just the first frustrating question is, how is it possible that something this large that
907480	914280	involves this many people has zero scientifically incontrovertible pieces of evidence so that we
914280	919680	can actually, there's no way to predicate a discussion in a way that I know that's responsible.
920060	922120	just completely eludes the scientific community.
922420	924360	Yeah, it's because the incontrovertible evidence
924360	927200	is kept in the classified room for security reasons.
927460	927880	Well, but...
927880	928480	There you go.
928480	929580	And again, I don't want to...
929580	932300	Do you dispute the existence of atomic weapons
932300	933940	because you can't access it?
934800	935580	I can access.
936000	937360	Oh, you can access it.
937360	940200	Yes, if I look at the teller...
940200	940760	Have you actually been to pick up the plutonium core?
941040	943620	No, I never kept the demon core in my basement.
943980	944800	Oh, how about the...
945360	946620	But I appreciate the...
946620	949220	The lithium-6 fuel and the primary nuclear...
950060	950520	in high school.
950680	951840	Oh, no, no.
951900	952760	What I'm saying is
952760	954200	that the Teller-Ulan design
954200	955680	is released
955680	958420	as a highly redacted report, right?
958520	959600	And so I have an idea
959600	961900	from plenty of sources
962800	964180	that this program exists.
964360	964920	And what's more,
964960	967840	in the case of atomic weapons,
968960	972040	physicists are not perfectly locked down.
972180	973320	It's a high-trust community,
973640	974440	and in general,
974480	975740	people are willing to talk,
976780	977540	you know,
977540	979120	even if they shouldn't,
980060	987060	role of physics in atomic weapons. I have never heard a colleague, not once, at a high level in
987060	992140	physics give any credence to this world. In other words... Well, that's because they didn't have
992140	996280	access. They didn't have need to know. They didn't have a contract where they had to have access.
996440	1000620	Which, again, it's not a challenge in that sense. Assume that there is a dividing line. But
1000620	1017680	But it means that in the Manhattan Project, right, we called in Feynman and Bohr and Fermi and von Neumann and put them under Robert Oppenheimer and Teller and all these cats.
1017940	1019660	And Bette and…
1019660	1020520	And Bette, right?
1020520	1027620	Right. And so, but in so doing, I would say, okay, I would imagine that if this is an existential
1027620	1033400	threat, that there's stuff from someplace we can't understand that moves and breaks the laws
1033400	1037560	of physics and all this, we would call that in. Now, one of the great things that came out of our
1037560	1041960	discussions before is you said this thing, which I repeated on Rogan because I didn't think it was
1041960	1046120	classified. You said, when it comes to being technical, just at this point, that they don't
1046120	1054840	invited fizzes you said uh you you said that uh eric you me and hal put off are the three most
1054840	1060680	technical people on this and i said i'm not on this yeah that's that's the problem you should
1060680	1067740	be in it okay but that makes you oppenheimer and von neumann and feinman and beta and fermi
1067740	1075240	is how or something like that in other words or the reverse but are you and how our manhattan
1077620	1084560	No, we're not directly involved. We've been exposed to it officially for the purpose of the OSAP's goals.
1084920	1088540	What is the question that I wish to ask? Can you figure out?
1088540	1096940	Well, I think what Eric's trying to ask, and I do want to actually continue along the former lines of just asking about kind of core evidence with Dr. Davis.
1097060	1111100	But I think the question that Eric is trying to ask is, you just mentioned that none of Grush's 40 witnesses that he handed over to the Intelligence Community Inspector General are theoretical physicists.
1111540	1111700	Right.
1111800	1116360	And so you have your physics PhD, Hal is an electrical engineer.
1117020	1125840	Well, his PhD was in laser physics, because when you go to Stanford in the 1960s, you can't get a PhD in physics or a master's.
1125860	1135780	So it's you two and then Eric, who is a math PhD at the highest level, who can keep up with any physicist in the country and has his own physics theory of everything.
1135820	1136120	Oh, I know.
1136260	1140260	And so it's all three of you guys, but all three of you are outsiders.
1140780	1141820	He's a real outsider.
1141820	1148600	You two have officially investigated this stuff, and you're saying there are no theoretical physicists on the core program.
1148840	1149660	I've never seen one.
1149720	1157240	I've never gotten evidence from the people, from the leadership at the two aerospace companies I personally interviewed with.
1157320	1157920	That's so wild.
1157920	1164780	I don't mean interviewed with, but who I investigated and interviewed leadership and a few of the worker bees involved.
1165120	1171440	Are there propulsion modalities that you're high conviction in that transcend chemical combustion?
1172240	1190960	Yeah, it goes way beyond even advanced nuclear and nuclear in aerospace industry is fission, fusion and matter, antimatter annihilation. Way beyond that. I don't think we have a grasp of it. I haven't heard anybody that I've interviewed say that they have a grasp of it.
1190960	1211940	And even as recently, unfortunately, the one technical person who ended up becoming a senior VP decades later at the biggest of the legacy aerospace companies, he was a material scientist working on the crash retrieval program after getting his doctorate, after earning his doctorate.
1211940	1216520	And he got hired straight away to work on it for about roughly two decades.
1216560	1217140	Who is this?
1217860	1218860	Who is that?
1219080	1219780	I'm not going to.
1219920	1220040	Okay.
1220040	1220460	Yeah, no worries.
1222580	1224760	So basically, he's a material scientist.
1224820	1227240	We've had a lot of classified and unclassified discussions.
1228400	1230480	And I brought these questions up.
1230520	1231560	I asked his questions.
1231720	1232020	Yeah.
1232060	1233920	And the answer is no.
1234080	1238440	We didn't have theoretical physicists that we could put on this.
1238500	1241780	We're strictly limited in the number of people on the bigot list.
1241900	1246480	The bigot list is the list of people who need to know and access to a particular classified program.
1246920	1249460	And if you're not on that list, you don't get admitted.
1249580	1250500	You don't get invited.
1250960	1255140	Is an unacknowledged, waived and bigoted self, uh, special access.
1255780	1258200	It's a waived, unacknowledged special access program.
1258320	1258640	Right.
1258660	1261900	And so, uh, I said, so where are your physicists?
1262040	1264840	What are your theoretical and applied physicists telling you?
1264860	1266460	You said, well, we don't have any, we never did.
1266560	1272180	We only were allowed to keep it down to roughly a handful of people in the company to work on this.
1272200	1272860	And that's it.
1272900	1274080	And it's limited to engineering.
1274280	1275600	There's no physics in it.
1275660	1276880	It doesn't make any sense.
1277120	1277580	Say again.
1278960	1284800	i'm just trying to logically think about this okay and you know it's it's like saying we're
1284800	1291380	having trouble performing uh beethoven's fifth and we have the finest accountants optometrists
1291380	1298740	boxers uh and cardio trainers and you're like well what about violinists and violists and
1298740	1304400	anybody playing the french horn and it's like oh well we don't we don't do that so of course
1304400	1306200	Of course you're not going to play Beethoven's Fifth.
1306400	1309600	I mean, because you can't engineer your way out of a science problem.
1310060	1310500	Yeah.
1310580	1314820	Well, let me tell you, I think you've got a great point about talking about the Manhattan Project.
1316660	1318820	This thing is not a Manhattan Project.
1319040	1321080	And you know what the Manhattan Project was.
1321140	1321560	We both do.
1321620	1322160	We read the books.
1323120	1324500	It was multi-discipline.
1324540	1325440	How many people?
1325580	1326340	Thousands of people?
1326520	1327340	Multi-disciplinary people.
1327340	1331140	The White Badges was the very small core, but the whole thing was enormous.
1331560	1331740	Yeah.
1331740	1343080	No, you had industrial engineers, computational engineers, electrical engineers, mechanical engineers, explosives experts, nuclear physicists and nuclear engineers.
1343200	1346200	You had everybody of all the STEM disciplines there.
1346240	1347560	You had to have mathematicians.
1348400	1355740	And they were involved with that program to build up the fuel design, characterization and manufacture.
1355860	1357220	But this program doesn't.
1357220	1358660	These programs don't have that.
1358660	1364360	They deliberately keep it divided up among different companies to maintain plausible deniability in case there's a leak.
1364460	1367160	And they keep it very small for the reason—
1367160	1368700	Okay, but it has to be centralized somewhere.
1368940	1379640	The compartmentalized nature of Los Alamos and the Manhattan Project more broadly was still overseen by a small group who had universal access.
1379820	1380140	That's right.
1380220	1386300	And also note that the Manhattan Project people had their families living with them, too, in a closed city.
1386420	1386860	That's right.
1386960	1387380	That's right.
1388660	1396860	have an equivalent for this in the crash retrieval program. So there's disjointed groups of people,
1396940	1402720	small numbers of people. They're not allowed to know about the other people and what they're
1402720	1407500	doing. Those are the people who are in the stovepiped architecture. Right. And the central
1410260	1415480	portfolio owner is a three-letter intelligence agency. So that's who's centrally in charge.
1415480	1423080	It was Leslie Grove in the United States. Was Leslie the general of the Army Corps of Engineers, or was he in a different?
1423180	1424720	I don't remember where he was.
1424760	1432960	Okay. But he was in charge on behalf of the Army. He ran it. He was the military boss, and Oppenheimer was the civilian boss of the Manhattan Project.
1432960	1441400	Do you take David Grush at face value that Dick Cheney was the last head honcho of this sort of program?
1441400	1462120	And there's not really a mob boss. The closest person we got that I was aware of was unfortunately now deceased Vice President Dick Cheney, Darth Vader himself. Not shocking that he was involved in this. And essentially when he left in 2009, that was the last time that these activities really had central leadership.
1462400	1470640	I never heard that before. So that never came up in our classified and unclassified conversations. I'm not aware that Dick Cheney had any role.
1471400	1476500	to this three letter, the head, the head, you cited a three letter in our discussion at Seoul
1476500	1483660	in San Francisco, you directly said CIA, DS and T at one time, Glenn Gaffney, et cetera. So was the
1483660	1490080	UFO program portfolio owner. So to Dr. Weinstein's question about technical rigor physicists,
1490520	1495600	did you ever have the opportunity to ask anybody near the head of this apparatus,
1495600	1501140	gratis why there wasn't a stronger motivation to have physicists on staff. I mean, from an early
1501140	1506520	era, why was there not that prioritization? Well, I would love to talk to the head of the
1506520	1509840	crash retrieval program during that era, but he refused to talk to us.
1510040	1512720	And that was Glenn Gaffney? Yeah.
1512860	1515400	Okay. And who is Jim Ryder?
1517340	1522720	OSAP was originally intended to skip out Bigelow Aerospace Facilities in Las Vegas
1522720	1536900	is due to a UAP material divestment plan proposal to OSAP leadership by Lockheed Martin Space Systems Vice President, Dr. James Ryder, now deceased.
1538360	1541200	He's this Lockheed Martin Space Systems guy.
1541200	1550920	He was the senior vice president of Lockheed Martin Space and Missiles Company, which is also the space systems company.
1551200	1557540	And his dual hat job was director of the company's Advanced Technology Center.
1558100	1561080	Did he also work on UFO crash retrieval initiatives?
1561720	1567040	Well, I don't want to say that or confirm or deny that because of the consequence to his family.
1567100	1570000	One of his daughters works there.
1570220	1570900	Okay, got it.
1571200	1572060	It could cause her issues.
1572300	1575320	So I can't get into that particular detail.
1575640	1576040	Okay.
1576060	1576380	Yeah.
1576440	1577240	No problem.
1577440	1578400	I'm so sorry.
1578440	1578840	No, go for it.
1578920	1582740	Through your investigations, did you ever encounter technical intelligence that you
1582740	1588500	considered high credibility that seemed like it would have had to have come from direct
1588500	1589980	communication with NHI?
1590060	1593120	Or did it all seem like it could have been through passive investigation?
1593200	1595300	I couldn't get to that.
1595380	1598760	There's two things I couldn't get into because I didn't have access.
1598900	1600220	I didn't have the right clearances.
1601200	1618620	I wasn't allowed to, let's put it this way, there were people I was working with who knew who to contact, but they wouldn't give me the contact because they were not allowed to give out the name and organizational office or program that the individual worked at.
1618740	1620960	And so they were not allowed to share that with me.
1621020	1623020	So I couldn't get into the NHI issue.
1623160	1626480	I couldn't get into the alien or NHI contact issue.
1626480	1640340	The fact that Ryder essentially said, we'd have no idea how this works, does that imply to you they never had direct, they never had the ability to ask questions of someone with full knowledge of the technology? Did you ever make that connection?
1641880	1645000	No, I think Dave Groeschel was able to make that connection. I couldn't.
1645100	1656200	When you're on Age of Disclosure and you are saying sort of confidently that Roswell had, you know, a certain number of beings, one of the beings probably survived, is...
1656480	1662620	I don't know. You know, I, that's, that's a point of information I have never gotten in any of my
1662620	1668540	official government interviews, uh, or even unofficial off the record interviews, um,
1668800	1674960	is that any of these aliens ever lived. Uh, this is coming from a different avenue and, um, I don't
1674960	1680640	recall Dave brush telling me that that was the case, but I won't dismiss it offhand. It's just
1680640	1685300	that it's not a piece of data that ever came my way after 30 years. As part of your official
1686480	1692780	in OSAP, you were making sure that your sources were completely uncorrelated, right? They weren't
1692780	1698220	speaking to each other. Oh, yeah. They wouldn't be able to because they were in compartmentalized
1698220	1703320	programs. And we had compartmentalized clearances ourselves. So we could only talk to them at a
1703320	1711540	certain level. And even we could not get special access program clearance because the VP of Lockheed
1711540	1720060	Martin. There was a VP of TRW before it got bought out by Northrop Grumman. These guys,
1721460	1726640	they may know about each other, but they're not read in on each other's programs because that's
1726640	1732100	what compartmentalization meant. It meant that they may know about each other through the
1732100	1737400	portfolio owner, but they're not allowed to communicate because of that compartmentalization.
1737400	1741740	conversation. And so where was I going? I think I lost my train of thought.
1741800	1745380	Well, tell me about George H.W. Bush, Bush 41.
1745700	1746540	Well, that's separate. That's separate.
1746640	1751060	Yeah, totally separate. But yeah, just wanted to ask you about your interactions with him because
1751060	1758000	it seemed like from your accounting, he wasn't fully aware of the UFO crash retrieval program,
1758180	1760440	but he became aware of it through some interesting means.
1760440	1766900	Well, he became Gerald Ford's CIA director. So Gerald Ford became president. He nominated
1767400	1772180	Bush and Bush got confirmed and he became the CIA director. So he goes into this for his first
1772180	1777420	briefing as director of the CIA. The first thing that came out of this briefer's mouth was the
1777420	1783580	Holloman landing in April 1964 at Holloman Air Force Base in New Mexico. So he started briefing
1783580	1787580	Bush on that and Bush said, what are you talking about? I've never heard of this before.
1787860	1789800	Describe what this is for the audience.
1789940	1797200	So to make a long story short, three craft, UAP craft, UFO craft came in. One of them
1797400	1804200	landed not on the runway, but on the tarmac close to a hangar. The other two took off and a gangway
1804200	1815020	came down, extended down and down comes a humanoid looking, very tall NHI being. He looked
1815020	1819760	of Northern European descent. So he goes and meets with them and they go into that hangar.
1819780	1824080	And that hangar turns out to be the equivalent back in those days of a special access program
1824080	1827880	program hangar. It's all secured. They've got guards around it. That's the end of the story.
1828180	1833040	So this film was made of it. And this story has circulated at various times.
1833640	1841220	The Defense Audiovisual Agency, under the command of two retired generals, I think Jerry Miller was
1841220	1845280	the name of one of them. I don't remember the name of the other. Jacques Vallee talks about them
1845280	1853460	in his book Revelations, I think it is. And he and Alan Hynek were invited to go to the DAVA.
1854080	1857200	and see that film, get access to the film and see it.
1857260	1860960	So they got there and apparently they were not allowed to see that video
1860960	1865540	because one of those two generals said that they got intercepted
1865540	1869520	or somebody got in the middle of that
1869520	1875980	and convinced them not to allow Belay and Hynek to see that film.
1876280	1878460	You do have this fact pattern over decades
1878460	1885200	decades of, you know, this sort of luring in of various, you know, UFO researchers and
1885200	1891240	presentation of passage material, which is, you know, material that might have some truth
1891240	1895560	in it, but it's also sprinkled with falsities so that, you know, the researchers can be
1895560	1896140	discredited.
1896360	1902680	So why now is there this line in the sand where we should trust that there is this real
1902680	1905680	UFO legacy crash retrieval program going on?
1905680	1914320	You know, I'm kind of thinking maybe it all began with Kelleher Knapp and Likatsky's first book, Skinwalkers at the Pentagon.
1914480	1915700	I think that started it off.
1916000	1920860	And then Likatsky did his first book and then second book last year.
1920900	1922320	And I think he's got a third one coming out.
1922400	1924380	And then Lou Elizondo's book came out.
1924600	1931120	And so I think this is a crescendo of things that have come together in the right time, the right place, the right people.
1931300	1933080	And that's why this is happening.
1933080	1939500	And if you're Stratton and you're hosting, because he was the guy who ran the UAPTF, the UAP task force.
1939500	1939740	That's right.
1939840	1945400	But he also was working with Jim Lukatsky on the OSAP.
1945480	1947280	He was at DIA at the time.
1947360	1948540	I don't know if you knew that.
1948900	1949920	I didn't know that.
1949960	1953600	He and Lukatsky are the ones that built the OSAP program together.
1953860	1956140	So it wasn't just Jim Lukatsky alone.
1956260	1959540	It was Jim and Jay and their support staff.
1959540	1965380	staff, there's, you know, the DIA and contractor staff that supported them. So Jay was involved
1965380	1971600	with the OSAP from the very beginning. And then we talk about OSAP, AATIP, these sorts of programs
1971600	1977160	that are, you know, very small dollar amounts, you know, vis-a-vis. $22 million, but... The
1977160	1983320	inflation-adjusted Manhattan Project. Yeah, Harry Reid had an intention on turning it into a
1983320	1990940	Manhattan Project. This was just to get it started. And then the subsequent fiscal years
1990940	1996940	that would follow, he was intending this to go maybe a decade with worth a billion dollars,
1997000	2002280	maybe $2 billion worth of programmatics. But you were simultaneously saying there is an underlying
2002280	2009900	program that is a legacy reverse engineering program. This came after the fact. We were
2009900	2027900	We were trying to get into the crash retrieval program. Our goal was to get after it and co-opt it into the OSAP so we could do what the goals of the OSAP wanted us to do. And I don't think that was necessarily to bring it out in the public domain. That was to keep it classified anyway.
2027900	2050460	But our job was to get access to it because we were not convinced that there was any progress made. And as a matter of fact, the senior VP at one of the aerospace corporations who I had years worth of interviews with before and after he retired confirmed that there was no success in the reverse engineering program after eight decades.
2050460	2052060	and it just didn't go anywhere.
2052140	2053180	They had modest success.
2053360	2054680	Like they understood the materials
2054680	2056260	that craft were made from.
2056320	2058200	They figured out how they were constructed,
2058340	2059860	but we couldn't reproduce any of it.
2059900	2064200	We had no fabrication or manufacturing technology
2064200	2067100	at the time of the crash retrieval programs
2067100	2068780	when they were fully funded and fully operating
2069640	2071160	to figure that out.
2071200	2075440	We could just use our SEM and transmission SEM microscopes
2075440	2082220	and other advanced condensed matter state diagnostic tools
2082220	2084420	and evaluate it, look at it,
2084440	2087860	look at it down into the, you know, almost nanoscale.
2087860	2090780	And we could see how the materials were assembled,
2090940	2093980	but we could not figure out how to reproduce that process.
2094400	2096080	If we have made no progress,
2096260	2099600	why aren't we more open with the scientific community?
2099620	2101720	Oh, that's the security aspect of it.
2101760	2104300	I'm not involved with that policy aspect.
2106440	2110900	make the policy on that. So I can't answer that. But you are. It's not that I don't want to. I
2110900	2115760	just don't. No, no, no. I get it. And you're saying confidently that there are billion dollar
2115760	2120920	budgets involved in the actual core UFO legacy. I don't know. I don't know that it's that much.
2120960	2130120	It was on that order from my interviews with TRW and Lockheed Martin people that that was the
2130120	2136300	order of magnitude of the budget expenditures that were given, not on an annual basis,
2136440	2143520	but it was more like maybe over a five to 10 year period. But then the budget would go up and down,
2143580	2147500	just like NASA's budget would go up and down. So the budgets would go up and they'd be flush
2147500	2154100	with money, get a few more people in, get some better equipment in the lab. And then the budget
2154100	2159600	gets cut and they got to go to bare minimum operation. People get laid off and whatever.
2160120	2163740	I wanted to ask you, you know, there's this sort of not even lore.
2163880	2166280	There is a document called the Wilson Davis Memo.
2166300	2167820	You get asked about it all the time.
2167920	2174440	It's kind of apocryphal meeting that occurred between you and Admiral Thomas Wilson.
2174780	2175520	UFOs or something.
2175720	2176080	That's right.
2176280	2177840	The last gospel of the Bible.
2177840	2180140	You are famous for your meticulous note taking.
2180540	2185140	And apparently this meeting took place in the EG&G parking lot.
2185280	2189920	And it is this, you know, Admiral who is head of J2 Joint Chiefs.
2191120	2210200	He got called back into active duty for a short period of time because he had to close out a project at Area 51 that he was responsible for under his office at the DIA that he initiated. And it was a complicated project. He couldn't tell me because I didn't have that kind of level of access or anything like that.
2210200	2231720	So all I know is he said, I'm back because I've got to go back up into that. He wouldn't say Area 51. I knew what he was talking about. He was saying he used the word back in those days, the undeclared or unacknowledged facility near the Nevada test site. And you have to go back there because they need to close out a major project he initiated when he was active duty DIA director.
2231720	2236720	director. And so he was willing to meet with me at the behest of two guys at the National Nuclear
2236720	2241840	Security Agency that I personally knew, John Alexander and I knew them. We were all members
2241840	2247460	of the Association of Former Intelligence Officers. We were forming a Las Vegas chapter in 2002.
2247940	2252400	So these guys were in Las Vegas because one of them is the director of intelligence
2252400	2258320	at the NNSA site in Nevada, and the other one was the director of counterintelligence
2258320	2261480	at the NNSA site as well.
2261600	2262660	And so at least formerly,
2262860	2265360	Wilson was supposed to have all military tech
2265360	2267360	under his purview, under his scope.
2267520	2270200	And he's expressing a lot of frustration to you, right?
2270280	2273060	That he's just met with this private corporation.
2273400	2274440	And this is back in 97.
2274580	2275340	This is in 97.
2275380	2276540	The summer of 97.
2276540	2280920	And he's saying there's this team of people
2280920	2282580	in the hundreds of people,
2282700	2284540	and they have this material
2285300	2287420	that doesn't seem to be of human origin
2288320	2294240	progress is sort of slow and cumbersome, but that he, for whatever reason, wasn't supervising or
2294240	2299560	overseeing it, even though he should have been. It's that he, they claim he didn't have need to
2299560	2305500	know. And that's possible. Their budget came from his. In other words, their funding, I'm sorry,
2305620	2312080	their funding came from his director's budget, the budget he gets as a director. This was DIA money
2312080	2318580	money that he wasn't aware of. He wasn't aware because this is a WUSAP. He hadn't been read in
2318580	2325340	on it. And so when you deal with budget line items for these things, they're just innocuous budget
2325340	2331320	codes that a comptroller general of the Defense Department or the military services or the U.S.
2331320	2337460	government understands how to read a budget code. And then a standard plain English description
2337460	2341200	is deliberately meant to be vague, so you can't identify it.
2341200	2345500	That way, if the budget document gets captured by espionage assets
2345500	2348380	from foreign nations, foreign adversaries,
2348480	2350180	they won't understand what the hell it is.
2350300	2354080	So are they going to see something they may or may not even know how to interpret
2354080	2355920	and some innocuous words?
2356040	2361620	And this could be as innocuous as Aerospace Technology Review
2361620	2368080	you. Or, well, let's look at the OSAP, Advanced Aerospace Weapons Systems Application Program.
2368360	2372160	It could be something similar to that or that nature. You'll see something of that nature.
2372320	2379060	It doesn't say UFO, alien, off-world. It doesn't give you any clue or indication as to what it is.
2379140	2385160	It's meant for that reason, is to keep our enemies off the track, to be able to figure out what we're
2385160	2389320	spending our money on and where. Wilson didn't know that because he didn't have any to know.
2389320	2397480	Just like a president in the United States really doesn't have any know about the crash retrieval program because mostly they have to know to ask about it.
2397540	2401920	And when they ask, that's an order from him that somebody lower down needs to give him a briefing.
2402060	2404340	But if he already doesn't know, he doesn't know to ask.
2404500	2406460	What happened when Jimmy Carter got briefed?
2407440	2421180	I don't know what the aftermath is, but I know that Alonzo McDonald confirmed to several of us that in our group during that era, the OSAP era, that he talked to the staff that attended that briefing.
2421380	2423220	He talked to Carter and it happened.
2423300	2425380	He even sent us the June.
2425480	2428120	I don't remember the date in June, but I've got the document.
2428140	2430740	But it's June 1970, 1977.
2431520	2437980	It was an economic meeting in the National Security Council meeting room.
2438340	2445300	But then when it came time for this classified UAP or UFO program briefing, they moved it to the Oval Office.
2445520	2446940	Do you know what the nature of the meeting was?
2447320	2450500	Well, what we popularly known as Project Aquarius.
2451180	2457800	And so I know that Alonzo did not dispute that that was the code name.
2457800	2476280	It might not have been, but it might have been. But he said, this was it. This is the real deal. This really happened. And by the way, I got from the Carter Library the attendee list for that date. And it shows the name of the regular meeting for the Economic Something Council, because that's what Alonzo McDonald's job is at the White House.
2477380	2478940	Is that public information?
2478940	2487280	The names of the people that attended were there. The only thing is two names and organizations were redacted. Out of all the lists on two pages, only two got redacted.
2487280	2488020	Can you send me that?
2488340	2488920	Say again?
2489080	2491000	Can you send me that with the redactions, obviously?
2491280	2491480	Oh, I can send that.
2491560	2492120	That would be amazing.
2493280	2504240	So basically, Alonzo confirmed that it happened. He was then the principal staff director of the White House staff. I think that was the title back then.
2504240	2510420	before that he was jimmy carter's special representative for trade i think to the united
2510420	2516660	nations so he had something like a an ambassador or an ambassador level title do you know anything
2516660	2522160	that transpired in the meeting itself as far as well he talked to carter and and the and the guys
2522160	2526360	that are list named on that list and he asked him what went what transpired carter told him and the
2526360	2531500	guys who attended told him and they said we learned that the united states government has
2531500	2535320	has been in contact with aliens, UFO beings.
2536140	2539960	Danny Sheehan says Carter's head was, oh, continue, sorry.
2540080	2543780	What he does is when he's in a moment of stress or something that's really critical,
2545000	2551240	Alonzo told us that Jimmy or President Carter has a habit of putting his head down on his
2551240	2552640	table like this and praying.
2553220	2558640	This is how he prays on his desk or at a table, on a briefing table.
2558840	2559860	So that's what he was doing.
2559880	2560520	He was just praying.
2561500	2569720	praying about the consequence of this information that he just now learned, what its consequence
2569720	2573700	to American society is, and maybe to the United States government, and our defense of our
2573700	2580240	country against an unknown potential hostile, we don't know, force that we don't have in
2580240	2581540	technology to overwhelm.
2581680	2586160	Did he learn about, have we had treaties or agreements with any of these beings?
2586240	2587200	That I've never heard about.
2587280	2588240	No, that never came up.
2588420	2588840	Okay.
2588840	2616320	I don't recall. I've seen the Aquarius document. Alonzo said it was real. People have been saying for years that that was fabricated by Bill Moore and Rick Doty. And it turns out, no, Alonzo said those guys had nothing to do with anything. That document, and by the way, I don't think you can find that document on the internet unless you use the Wayback Machine nowadays. It used to be available as late as 2010 or 11, and then it's just gone.
2616320	2622520	on. So, um, Alonzo read every word of the Aquarius briefing and he said, oh yeah, that's what these
2622520	2629480	guys told me that they did. They, the guys in the briefing got together afterwards, went to a motel
2629480	2636680	and they basically wrote down from memory, uh, what they recalled about the briefing. Cause they
2636680	2640700	each got briefing documents. When the briefing is orally given, they're reading through it. Then
2640700	2644340	when the briefing's over, they got to give the document back to the CIA guy at the door that
2646080	2649700	Right. Where's what they wrote down from memory? Where are those documents?
2650080	2653300	Well, that's the thing. Those are gone. I'll get to that.
2653460	2655220	So how do you know they're going?
2655260	2665800	The White House gets a copy, a permanent copy for their records. So that's in a really heavily classified part of the Carter Library, I believe, maybe. And then the CIA keeps a copy because that's their program.
2665800	2673600	Brown. Okay. So these guys had eight by 14 inch, you know, legal pads and they all meet up in a
2673600	2681440	hotel and they all start downpouring from memory what they think, what they recall of the briefing
2681440	2688020	document. So they did it round robin. So everybody passes their document to the next guy, so forth
2688020	2692880	and so on all the way around. And so they're going to cross-check what they remember against the
2692880	2697740	the other guy's notes. And they're going to keep doing this until they find, you know,
2697740	2701900	they're going to disagree on what was said on this little point of this language and this
2701900	2705700	terminology and whatnot. They're going to keep doing that until they finally converge on a
2705700	2712820	document that strongly resembles the briefing document that they all read. And they all agree
2712820	2719400	on it. And they said, yeah, this is more close to what we read. And we collectively, you know,
2719400	2722160	came to this convergent final version.
2722400	2726600	So somebody typed that up on an old-fashioned
2728920	2729880	electrothermal printer.
2730080	2732520	And that's what you see in the photographs
2732520	2734760	that Bill Moore took of that document.
2735000	2737260	And it was said that the senior falcon,
2737280	2738760	senior falcon was somebody else.
2738800	2739700	I know his name.
2739760	2740680	I just can't think of it.
2740720	2744440	But it's in one of my investigations.
2744800	2746660	Why do all these guys have bird names?
2746660	2754420	names i don't know that's just the choice of an admiral at the dia okay nothing to do with the
2754420	2760660	aviary aviary is more in the 1990s conspiracy era or maybe the late 80s even okay is that
2760660	2769440	you know this is senior falcon was a dia uh officer who was sent to communicate with jamie
2769440	2774500	chandler and bill moore he's the one that passed undeveloped 35 millimeter film of the so-called
2774500	2779940	MJ-12 documents. These are the first generation documents that were created by James Jesus
2779940	2788880	Angleton's Chop Shop, his mole hunting document production factory. So that's the connection
2788880	2794520	there is that these documents came from the Defense Intelligence Agency. It was the
2794520	2802640	Directorate of Human Intelligence Collection. And Admiral E.A. Burkholder, Edward Burkholder,
2805000	2808780	and Air Force Colonel Roy Junkers was his chief of staff.
2809000	2810980	So those documents came out of there.
2811140	2812800	Well, this whole thing about the films,
2812940	2816080	the undeveloped rolls of 35 millimeter film
2816080	2819220	that would go to Bill Moore and Jamie Shander,
2819340	2820760	that was what that was about.
2821200	2824280	Rick Doty was considered to be the junior Falcon,
2824520	2827880	but he was not a legitimate mediator of information
2827880	2831200	from the DIA to Bill Moore.
2831380	2833420	He was more coming out of AFOSI
2834500	2838920	intelligence agent trying to throw him off the track. Let's just keep it high level, I guess.
2838980	2846620	So you have Roswell in 47, you have Magenta before that in Italy, but then this craft
2846620	2853320	crashes there and that gets transferred to U.S. possession. And then how many other crashes
2853320	2859620	between the 30s and today? I can't give you the official number because I know that number
2859620	2865500	of on a classified basis i could say it's less than 40. okay less than 40. i think hal put off
2865500	2873240	said on the joe rogan experience somewhere like we have between 10 and 15 crash crafts in our
2873240	2878040	possession 15 i think he said more than 10 but that's still more than 10 okay got it more than
2878040	2883940	10 i'll just say less than 40 would you okay would you describe the majority as wreckage or intact
2883940	2892960	hacked a mix an even mix okay okay and not all of them involve recovery of and and hi bodies
2892960	2899600	dr davis uh what gives you confidence that we haven't made progress with any of this material
2899600	2904640	uh i can't speak of my confidence level after
2906240	2916060	After my senior VP source died, because before then, I'm highly confident because he was still connected in.
2916500	2922600	He was still on active duty work up until he got retired in the early 2010s.
2922620	2924100	Then he's retired after that.
2924160	2928100	So he's sharing with me the information that he had all the way up until he retired.
2928560	2933740	And so I'm highly confident on 100% level that what he told me is right.
2934640	2940560	In fact, he arranged for me to meet one of his coworkers on the crash retrieval program back in the 70s and 80s.
2940560	2941020	Did you meet them?
2941440	2942040	Oh, yeah.
2942100	2942480	It was a woman.
2942580	2943040	I met her.
2944120	2948660	He, my source, his wife, took me to her home, picked her up.
2948680	2951180	We went into San Jose to have dinner at a German restaurant.
2951400	2955580	How many of those people, crash retrieval program people, have you met total?
2957120	2957520	Okay.
2957680	2959380	So I think it's five total.
2959720	2960120	Okay.
2960220	2962740	Five total at that one, at that particular company.
2964640	2971900	your life it was just those two from that company and one from trw okay wow did you meet many of the
2971900	2977900	40 uh of dave grush's firsthand witnesses say again did you meet many of the 40 i don't even
2977900	2982800	know who they are really he never shared that with me i see i have a rough guess but believe me don't
2982800	2989740	confuse that 40 yeah with the 40 core people on the task force on uap task force they're they're
2989740	2993680	not totally different yeah yeah they're totally different there's no overlap no that that that
2995140	3002300	Yeah, I don't think Dave was allowed to tell me the names of those people or their organizations and where they're located, because that was a WUSA level.
3002560	3022580	Yeah. Final question before I want to get into the second section of this discussion where I want you to drive mostly. But how did Admiral Thomas Wilson react when you when you met him in 1997? And why, I guess, why did people direct him to you? And then what transpired in the meeting?
3022580	3047780	I can't get into that. I can't confirm or deny that we met for the security reasons. There are legal issues still involved that are active. So, because I can't reveal that in public. That wasn't meant for public consumption. And that was released from Mitchell's estate. And that was supposed to be destroyed one year after Mitchell got a copy of it as a courtesy from who generated it.
3047780	3051600	and unfortunate that his kids were sloppy.
3051780	3055080	And I guess Ed was sloppy in that
3055080	3055940	he didn't give any instructions
3055940	3057360	on what to do with that document,
3057380	3058720	if he should die,
3058840	3060120	but he was supposed to destroy that
3060120	3060980	as far as I understand.
3061260	3063400	I would be remiss if I didn't.
3063720	3066020	This can be cut if it's not okay to air,
3066140	3069020	but during our discussion in San Francisco,
3069060	3071780	you did confirm that you wrote
3071780	3072720	the Wilson Davis notes
3072720	3074280	by way of a conversation about-
3074280	3075300	Oh, I can confirm-
3075300	3076540	Seeking legal counsel.
3077780	3083680	legit they're 100 accurate okay thank you but that's the typewritten version um that there's
3083680	3089500	a handwritten version but that's all i can say about it um uh so have you have you ever seen a
3089500	3095620	ufo oh yeah my wife and i did in tucson arizona broad daylight a boomerang shaped craft below
3095620	3103740	traffic pattern altitude uh looked kind of like halfway boomer boomerang halfway heel boot heel
3103740	3109120	type shape and it was close have you ever seen a craft in a hangar no have you ever
3109120	3115380	have you ever seen any one-of-one material so idiosyncratic never seen before material
3115380	3120940	okay yeah and the arts parts don't qualify okay we don't know what the providence of that is
3120940	3127180	and hal and i were involved in the tts uh meeting at the pentagon conference room in august of
3127180	3138020	of 2024 where we read the full 90-page ORNL. That's the Oak Ridge National Laboratory.
3139140	3144760	Their 90-page materials analysis report on the arts parts. And there was nothing there. There
3144760	3148700	was no there, there. There's a little bit of ambiguity because here's the ambiguity.
3149520	3155120	The way that material was assembled is not consistent with what we were doing in the
3155120	3163400	the 1940s era when magnesium became a major alloy of interest for the aerospace community.
3164200	3169980	And so that's the ambiguity. But the isotope ratios and the materials it contains are Earth.
3170080	3170900	They're manufactured.
3171340	3176020	Part of what I love about you is you are a walking compendium of all these exotic,
3176160	3181960	you know, experiments, physics experiments. And whenever, you know, anybody gets some sort of
3181960	3188260	anomalous result. You are a great evaluator of that. And you've written a book that I will
3188260	3194800	plug here called Frontiers of Propulsion Science, where you've comprehensively reviewed a lot of
3194800	3199540	these sort of more exotic, you know, propellant-less propulsion sort of, you know, modalities.
3199700	3205760	Have you ever seen an exotic experimental result or an experimental result that's anomalous, rather,
3205760	3212320	rather, that you believe is real and replicable and not?
3212520	3214680	No, I wish I did. I haven't.
3214700	3218380	Nothing that's ever, you know, breaks the sort of standard model or, you know, anything?
3218880	3219360	No, certainly not.
3219480	3219780	Okay.
3219840	3224240	I just think that the standard model has done an outstanding job through the avenue of condensed
3224240	3228720	matter theory to come up with some pretty exotic condensed matter states, which have been
3231000	3235560	theoretical curiosities decades ago. And now we've advanced our laboratory technology in
3235760	3240040	dense matter physics so well that they're discovered. They're being discovered right now.
3240380	3246100	So they're really wonderful, wonderful exotic states, insulator, topological insulators,
3246200	3251980	metamaterials, all kinds of other stuff like Majorana particles that are supposed to be,
3252100	3257380	I think they're massless, aren't they, Eric? The Majorana particles.
3257720	3263420	If you have a Majorana mass mechanism different from a Dirac mass mechanism,
3263420	3266600	That's only possible if a particle is its own antiparticle.
3266720	3267180	Yeah, that's right.
3267280	3267440	Correct.
3267660	3268040	That's right.
3268120	3270180	But these are not free particles.
3270280	3281440	These are quasi-particles because they are quasi-particles because they're created by the collective action of the electrons in the semiconductor or condensed matter system.
3281640	3285880	I want to cede the floor to my former colleague, Eric Weinstein.
3286820	3290160	I appreciate you indulging all my crazy UFO questions.
3290160	3303880	Just wanted to kind of establish a ground truth around Eric Davis's past experience. One of my favorite comments on our last discussion with Hal Puthoff was, now I know what a dog feels like when it watches TV.
3303880	3330060	And so if, you know, this is not for the faint of mind, just so you're aware from, you know, for the audience, this will be a really fun discussion. But, you know, I want to get into what we touched on, which is why are there no theoretical physicists on the program? And what do you think is going on? How do you think maybe what we've talked about with the observables of UFOs might dovetail with some of your theories?
3331440	3345300	Okay. Well, I don't even know how to begin this. I mean, look, the first thing is that in general, I can produce too many explanations through a creative, sometimes undisciplined mind for a certain set of facts.
3345300	3351160	and this is one of the only times and perhaps the only time i've ever seen a situation where i
3351160	3357180	cannot come up with a single theory of what's going on that explains all of the bizarre behavior
3357180	3364340	in ufo uap land too many people who seem relatively reasonable with nearly eidetic
3364340	3370620	memories talking about particular names dates it is impossible to me that we have a theater
3370620	3376180	company that has figured out how to create this space opera. And on the other hand,
3376900	3384960	the lack of anything tangible. I don't believe in something this old, this long, this many events
3385760	3391820	that we have absolutely nothing to go on. So let me just say from the beginning that
3391820	3396940	this is the odd situation. One of the reasons nobody from my world wants to get involved with
3396940	3402960	it is that, um, it just makes you look foolish from the point of view of a scientist.
3403260	3407020	Well, they can't get involved unless they're working on a contract.
3407140	3411040	Well, the sky is a big place.
3411860	3413940	And I disagree.
3414160	3415420	You said that you've.
3415900	3418900	One of the top government scientists, I can't think of his name.
3418960	3420060	You would know who it is.
3420320	3425680	Uh, gosh, he was a physicist and I just, Hal Puthoff knew him.
3426940	3436240	He had a lot of clearances into the Manhattan Project, the post-Manhattan Project, a lot of other high technology projects throughout areas of the DOD.
3439160	3444540	And so he was an academician, and he had clearances.
3444540	3454320	A colleague of mine up at Baylor also has DOD classifications, and he's working on classified stuff that you're not familiar with, you've never heard of, you won't get access to it.
3454320	3461440	If you have a contract that requires a clearance, you will get access to something you don't know about in the public domain.
3461440	3478120	Okay. I understand that there's a lot of stuff that's classified. We have an entire system of national labs. There's no question about that. I'm talking about, like, at the level of ground truth, right? Our two primary theories are the standard model and general relativity.
3478120	3486800	both of them are relevant here as limitations on what we can understand of the world we see
3486800	3492860	and if somebody has access to theories beyond those two uh and they predicate manufacturing
3492860	3496800	on it and then we get the gifts of that manufacturing just assuming that that story
3496800	3504260	is correct um we should be seeing some very weird stuff that is not explicable as if newton was
3504260	3513760	was looking at Lorenz contraction. I would say, what the heck is that? And, um, so I'm just going
3513760	3519420	to begin with things that make me hugely uncomfortable. And again, it's not as a digger.
3519420	3526460	It's like, I just can't figure this out. So we toss off these humanoid aliens, like aliens that
3526460	3532720	are tetrapods, literally tetrapod body, body plans. We have arachnids, we have insects,
3534460	3540880	We have all sorts of intelligent life that doesn't follow a tetrapod body plan.
3541180	3553160	The odd of a humanoid evolving through convergent evolution somewhere else of a humanoid is vanishingly small.
3553460	3554440	But it's not zero.
3556000	3558440	Yeah, but it's preposterous.
3558500	3561820	But Occam's razor wouldn't be that these beings would be from elsewhere.
3561820	3564300	where they would be that they'd be derivative of humans.
3564400	3567480	Or, look, you can tell me some other story,
3567760	3570100	like these things aren't even really the beings,
3570240	3572880	that the real beings have constructed these things
3572880	3575980	to interact with us, not to make us uncomfortable.
3576220	3577320	Okay, I understand that.
3577320	3577860	Do you believe that?
3578740	3579540	That's possible.
3579760	3580220	Okay.
3580320	3583420	All right, but any biologist hearing this story
3584120	3586360	is just going to have the same reaction,
3586440	3587800	like tetrapods?
3587800	3600100	That's, this sounds like it came out of a, you know, a Buck Rogers thing where you had to, it was too hard to hire an actor to behave as if they had a completely different body plan.
3600160	3607260	So all aliens from the golden age of cinema or silent movies, whatever, were going to be tetrapods if they were playing an alien.
3607860	3623840	So that, first of all, really bugs me is that I don't want to hear about that with no mention of it is stunning that there are two eyes, a mouth, a head, and it walks the same way we do.
3623940	3632140	I mean, even if you look at like a, I don't know, a camel's legs, you know, where we have a knee, it has an ankle or, you know, something like that.
3632140	3637180	So that's the first part, and that's just the biological.
3638140	3645160	The next part is, I was very interested looking through some of your physics papers.
3645680	3653480	You seem to live in a world that I really honestly didn't know existed, so I learned something from that.
3653720	3656120	It's sort of like national security physics.
3657920	3659380	National security physics?
3659380	3678340	Yeah, that's not like a real thing. But if I look at a lot of your papers, they're focused on bizarre, how would I put it? Bizarre physics that accepts the standard model in general relativity as ground truth predicated on some sort of engineering desire.
3678340	3689280	Now, I'm just looking at, per my book, I was looking at the physics of what's possible with anti-gravity, gravitational wave propulsion, or rockets.
3689480	3691040	Within what? Within what framework?
3691340	3691660	Say again?
3692060	3692980	Within GR.
3693740	3693760	Yeah.
3693900	3702300	So, GR with or without positivity constraints, or how are you, how are you, let's slow it down.
3702700	3704620	First of all, I don't understand.
3704620	3710120	end, if these things are here from out of town, if they're not co-resident with us here on earth,
3711800	3716300	they're not here using the standard model in general relativity, I don't think.
3716480	3721180	I mean, it's not impossible, but- But I'm not doing UFO physics. I'm doing
3721180	3726020	propulsion physics for interstellar flight. I'm not looking at this from a UFO perspective. I'm
3726020	3728200	doing this as part of another part of my work. So maybe you can make this-
3728940	3731320	Or drives, wormholes, things like that.
3731680	3732120	Okay.
3733260	3756620	Yeah, I'm not doing this because of UFOs. I'm just saying, hey, if this is valid to any degree and we could expect maybe or pray maybe that in the future we can engineer these things, this could be how UFOs move because we're trying to develop this physics for exploitation as a technology for future interstellar and interstellar missions.
3756620	3773620	So this is hugely important for me just to understand the context. If I understand it, and please correct me if I'm wrong, because I don't want to push anything that isn't true. I think what you're saying is, assume a proof of concept that something can voyage at an interstellar level with intention.
3773960	3774440	Mm-hmm.
3774520	3785400	Okay. Assuming that one piece of information, attempt to figure out how that could be done as best you can with the tools we have.
3786520	3805460	Yes. Okay. So then you and I completely polarize, I think, and again, I could be wrong on one issue. I would not be wasting my time. And again, that's judgmental. I would feel that I was wasting my time if I was trying to do this with GR, with general relativity.
3806120	3806600	Okay.
3806600	3812520	I might have an Alcubierre warp drive, but I'd think, how much energy do I need to warp space in this particular way?
3812920	3813320	Right?
3813580	3816440	Or, well, I could fall into a spinning black hole.
3817380	3822520	And, you know, maybe I could try to figure out how this would be traversable and non-catastrophic.
3823000	3827540	And I could imagine using all of the exotica of GR.
3828080	3831100	Well, I'll just, I'll bet everything on time dilation.
3831800	3834620	and it'll be really expensive to go there and home,
3834860	3840680	but I can still get there using Lawrence conversion factors.
3842600	3844420	None of that has any appeal to me.
3844820	3847720	Clearly it's had a great appeal to you, which is fine.
3847820	3849900	We can polarize that.
3851360	3857200	Surely you don't think, isn't it much more plausible
3857740	3864000	that if Kraft were true, and we accept that as our premise, that it's basically proof that GR
3864000	3868960	isn't the last world, that general relativity is a constricting framework, and that there's
3868960	3872020	something beyond it that has general relativity as an effective theory.
3872280	3873220	I agree with that.
3873380	3874400	And they're using that.
3874760	3875420	I agree with that.
3875680	3880180	Okay. So that makes this mysterious, which is why are you using GR?
3880760	3886680	Because that's the only tool I have that I know of from my graduate education and my research
3887460	3891200	And so I don't have the liberty to...
3891200	3893160	I'm not a pure theoretical physicist.
3893380	3895940	I'm more of like one-foot theory, one-foot applied.
3896240	3897360	Okay, so let's take that.
3899680	3902380	If I had access to anything
3902380	3905980	that seemingly was breaking GR, general relativity,
3908260	3912460	I'd be dreaming about things related to general relativity
3912460	3914900	because we know that we don't like general relativity
3914900	3915800	at a deep level.
3915900	3916760	It's got a terrible...
3917500	3922580	variable in it, which is called the metric, where it's easy to fall into things that are not metrics
3922580	3929520	from the space of metrics. It just doesn't behave well in terms of quantization. We know that we
3929520	3935140	have got these two kinks in space-time called the initial singularity, which we associate with the
3935140	3940200	Big Bang, and the Schwarzschild or black hole singularity that we associate with collapsed stars.
3940540	3940640	Yeah.
3940640	3940720	Yeah.
3942500	3945560	And I don't like GR.
3946600	3953840	I mean, I love it from the point of view of Einstein having pulled it off, but it's 110 years past its sell-by date.
3955460	3960120	And why are you not tweaking it?
3961400	3965580	I don't have intuition on how I could tweak it.
3965720	3966120	Okay.
3966140	3969240	And I would rather somebody smarter than me do that.
3971100	3988240	I would like to have somebody who tweaks it and I could look at it and say, hey, it either does or does not predict a potential propulsion mode that could get us to where we want to go across interstellar distances without the consequence of G over C to the fourth.
3990400	3990920	So.
3993760	3995360	How do I interpret.
4000140	4002240	There are a lot of people who are interested in gravity.
4003500	4003900	Yeah.
4004000	4005300	And there are none of them on this program?
4006600	4007380	Say that again.
4007620	4008980	Other people are interested in gravity.
4008980	4010400	Let me start from a different place.
4010620	4020200	There is this 1971 Australian document that I became aware of where the Australian intelligence officer, Harry, do you remember his last name?
4020200	4022100	Harry Turner, who was head of their nuclear division.
4023360	4028420	Starts writing down, here's what we surmise about our friends the Yanks.
4030400	4031800	efforts in this area.
4032000	4032340	Okay.
4032460	4035500	And he names, I don't know, six universities
4035500	4038120	and the Institute for Advanced Study, MIT,
4039180	4040160	Purdue, Indiana.
4041360	4044000	I forget what the complete list is.
4044160	4046380	And he names like Arnowitt, Dessert,
4047860	4049220	Dyson, Oppenheimer.
4049660	4052780	And it sounds like the Manhattan Project for Gravity.
4055900	4059860	And this is broadly consistent with this story
4060060	4067960	that I've been, I think I first did it on Rogan in episode 1945, which they gave me the Trinity
4067960	4074820	date. I love that. Which is that we have this bizarre thing called the golden age of general
4074820	4084000	relativity, which makes absolutely no sense. And it's a story about two people, Agnew Bainson and
4084000	4089160	Roger Babson, who appear to be in the language of the intelligence. Again, I'm not a guy who
4090060	4094520	seen a bunch of Jason Bourne movies so he can talk the lingo, but they appear to be what I've
4094520	4100320	been told are cutouts. And they're both fitted with stories, it seems, about why they need to
4100320	4107140	contribute to anti-gravity. And they find two physicists to work through, one named Bryce
4107140	4112680	DeWitt. So Agnew Bainson and John Wheeler find Bryce DeWitt and set him up at the University
4112680	4118320	of North Carolina Chapel Hill at the Institute of Field Physics. And then the other one, Roger
4120060	4127320	of New Boston, New Hampshire, seems to be somehow linked up with a guy named Lewis Witten,
4127440	4134600	who's a gravitational physicist out of Johns Hopkins for his PhD, and found something that
4134600	4140440	sounds like Bell Labs that nobody's ever heard of called the Research Institute of Advanced Study,
4140560	4148000	or RIAS, and it has Sheldon Glashow within it, it has Rudolf Kallman within it. It has Solomon
4148000	4154940	Roman Lefschetz, the topologist, comes out of retirement to work inside of the Martin.
4155120	4162100	And we always talk about Lockheed, but we don't talk about Glenn L. Martin that became Martin Marietta that became Lockheed Martin.
4162220	4163740	So it's the Martin that really matters.
4164040	4164480	Correct.
4165380	4165820	And.
4166520	4168600	And you and I talked about that years past.
4168760	4168980	Yeah.
4168980	4173260	I've read the documents or the websites you sent to me, and I'm already familiar with elements of that.
4173640	4175080	I've got old newspaper clips.
4175140	4175300	All right.
4175300	4177320	So we've got 18 talent.
4178000	4184720	We've got Sheldon Glasha, Rudolf Kallmann, Solomon Lefschetz, Desser Arnott Dyson.
4185020	4188560	This begins to feel like, you know, the boys are back in town.
4188680	4190080	Yeah, this is physics firepower.
4190220	4191060	Yeah, right.
4193040	4200280	And then the trail just seems to go cold in the beginning of the 1970s.
4201140	4201420	Correct.
4202080	4204580	And I could never reconcile that.
4204580	4209500	that I noticed that back in graduate school during the 80s.
4209740	4212860	And I went to an APS meeting.
4212900	4214300	That's the American Physical Society.
4214740	4217940	So I went to an APS meeting with my dissertation supervisor.
4218280	4222400	And I ran into, they have like a booth for the APS,
4222400	4223700	you know, all the books they sell,
4226280	4228040	the Physics Today magazine.
4228140	4230140	Well, that was published by somebody else, actually.
4230260	4232400	But they have all that for members,
4232460	4234280	for membership services and benefits.
4234580	4260920	And so they got this advertising booth in the commercial exhibit part of the conference, and they had the APS historian. And I brought that up with the historian, like, what, 1984? And Bob Forward was still at the Hughes Research Labs in Malibu. He's the one that motivated me to ask that question, because he had been looking at antigravity when he was at Hughes.
4260920	4270880	And this is before he got his PhD in general relativity under Joseph Weber at University of Maryland in the late 50s.
4272100	4282240	And the APS historian had no answer for me as to where this disconnect between the, yeah, what happened to anti-gravity research?
4282420	4284860	What happened to this golden age of GR?
4285940	4289340	He said something effective, similar to what you said.
4290920	4296460	but he never saw what happened. All of a sudden, roughly the early 80s, now we have super string
4296460	4304280	theory coming up. No, there's an interregnum. So we have this golden age of general relativity.
4305840	4313840	Things culminate in the standard model, 73, 74 in particle theory. There is a period where there
4313840	4320340	are two great ideas in physics, supersymmetry and grand unification, which dominate during
4320920	4327560	these then there's a pre-string-like craze for something called n equals eight super gravity
4328280	4333980	and n equals eight super gravity was the candidate theory it's too unique to be wrong
4334760	4341480	theory of everything and then right up until 1984 where we get the green shorts anomaly cancellation
4341480	4349520	at ed witton lewis whitton's son directs the entire field uh to put its energies on one bet
4350920	4357580	And this is where the phrase, the only game in town, which is TOGIT, T-O-G-I-T, the only game in town.
4357980	4367940	And TOGIT takes over physics, where if you say anything that isn't string during this period right after 1984, it's a bloodbath.
4368740	4371060	And basically, Feynman is upset about it.
4371080	4372600	Glashow is upset about it.
4372600	4377480	But Weinberg basically pleads no contest and says, I'm voting with my feet.
4377560	4380740	I'm going to go do this cosmology in Texas.
4383040	4392600	And years later, we get this very weird meeting about AI, not related to physics, between Mark Andreessen and Ben Horowitz.
4393560	4399300	And they're sat down and told, do not invest in AI startups.
4399300	4421080	AI startups are not going to be allowed to be a thing. We're going to have two or three AI companies, and we're going to cocoon them as part of the federal government. And Andreessen and Horowitz are sitting there, and Horowitz says, I think they say, well, how are you going to restrict this? You can't do it at the technology level because it's just math and you can't classify math.
4421080	4426540	Yeah, so so Ben basically said look it doesn't make sense because to regulate AI at the technology level you're regulating math
4426540	4429020	And of course, we're not gonna do that like that doesn't make any sense
4429020	4433800	And you'll recall that what they said was no actually we can classify man
4433800	4437320	We can classify math and literally this was this is verbatim. This is verbatim
4437320	4443060	This is this is we did we clap we classified a whole entire areas of physics within the nuclear era and
4443800	4447800	Made them state secrets like the like theoretical physics
4447800	4449460	Science of physics.
4449720	4477380	Okay. Now, quantum gravity, if you look and you do a Google Ngram search, there's basically no hits on quantum gravity until around 1972. And it comes out of nowhere. And we're backfitted with a story where I can get almost any physicist of today to repeat the phrase that quantum gravity is the holy grail of theoretical physics.
4477800	4478960	It's a fictitious history.
4479260	4490480	I remember that's when Fuling, Davies, Ford, and that group started publishing their papers on semi-classical quantum gravity.
4491140	4496000	Well, but my point is the physicists do not know their own history.
4496120	4501140	Just the way most academicians believe that peer review goes back to the founding of the Royal Society.
4501800	4505560	And it's very clear that it comes from about 1965 to 1975.
4507240	4529500	So, what we've done is we've erased institutional memory of the physicist's origin story from the physics community. And this issue of quantum gravity looks like a cock-blocking mechanism, that it basically binds to the receptor of a physicist's mind, and it causes them not to make progress.
4529500	4533020	and so we're 42 years into an unquestionable,
4535440	4537420	it feels like a mass psychosis.
4537700	4539760	Yeah, we've had all these different approaches
4539760	4541780	that never work to quantize gravity.
4542060	4544920	Right, so you have what appears to be a mass delusion,
4544960	4546320	not that it wouldn't be a good theory.
4546480	4549760	I believe that gravity has to be harmonized with the quantum.
4549840	4551740	I'm not disputing the quantum.
4551940	4552640	Yeah, there's no question.
4552740	4555660	But the idea that Einstein must be beaten,
4555660	4561340	taken to the ground and forced to submit to the quantum has not been productive.
4561700	4562940	Correct. I agree.
4563180	4569480	Okay. But after 42 years of failure, you would imagine we would hold at least one,
4569580	4574240	two, or 10 conferences saying, what do we have wrong? Why are we not trying to make progress?
4574240	4575020	And you don't see that.
4575380	4579400	Well, that's the mirror to your thing that there are no physicists on the program.
4579400	4589540	In other words, this is an effect that is so dumb, it is so pathologically stupid, so unfathomably wasteful.
4590160	4593280	Why would you not question your own lack of progress?
4593640	4603540	You know, in fact, Leonard Susskind, one of the fathers of modern string theory, was on a show of a sister podcast, Kurt Scheimungel's Theories of Everything.
4604760	4606720	Or maybe it was with Lawrence Krauss.
4606720	4610280	And he says, we have to go back to the beginning.
4610460	4611580	We have to question.
4612400	4612800	Absolutely.
4612960	4614040	We've got this wrong.
4614820	4619880	If we don't go back to the foundations, I'm just thinking like, finally, it's breaking.
4620080	4622560	He says the foundations of string theory.
4623680	4625900	I said, oh, string theory has failed.
4626080	4629700	So what we need to do is not question the string assumption, but we have to go back
4629700	4632120	to the foundations of string theory and fixed string theory.
4632220	4633660	I mean, it's an infinite sequence.
4633660	4640480	So one of the questions that I have is, is physics just, are we not getting the obvious?
4640880	4646220	Somebody figured out that physics is just too dangerous to do in a university setting.
4648440	4650240	It seems that way to me.
4650940	4652540	It seems that way to me.
4652780	4654500	Because you see, now we're a joke.
4654920	4655680	That's right.
4655680	4666620	Right. But in 1979, 77, you had these two Streisand effect problems. You had a guy
4666620	4672560	named John Aristotle Phillips, who was a junior at Princeton, who chose Freeman Dyson for his advisor
4673120	4679020	for his junior thesis. And he said, look, I'm the Princeton mascot. I'm not really very good
4679020	4682600	at physics. Can we use the fact that I'm not really good at physics to do something novel?
4682600	4684180	And Dyson said, like what?
4684300	4687960	He said, well, I want to design an atomic weapon, and I want you to tell me whether
4687960	4691560	my design would work using my limited understanding of physics.
4692120	4696520	And Dyson said, as long as I give you no information, I simply tell you whether it would work or
4696520	4697960	not, you do it all 100%, you're on.
4700180	4703080	So he submitted his junior thesis.
4703600	4705900	Dyson took one look at it and said, yeah, this will work.
4705900	4714140	they removed page 20 uh and i believe it is not found in the princeton library with all
4714140	4721780	of the other junior theses oh really you never heard this story i've not heard that story before
4721780	4728620	that's news okay well that's very interesting very very john aristotle phillips is the guy
4728620	4732140	who is in the center of that there's another guy named howard moreland
4732140	4735420	who worked for the Progressive magazine.
4736660	4738060	And he had the assignment,
4739020	4741180	see if you can figure out with no knowledge of physics
4741180	4744500	the Teller-Ulam design for the hydrogen bomb.
4746040	4747660	And he did it.
4747680	4752720	And he did it because all of the information
4752720	4758080	had been sharded and discarded and declassified.
4758160	4761400	He basically put the pieces of the broken coffee cup
4762140	4763340	by being meticulous.
4763400	4766360	So it was an archaeology and reassembly.
4766420	4767760	It was a reverse engineering program
4767760	4770120	from the shredder of theoretical physics.
4770400	4771320	Yeah, I agree with that.
4771360	4772080	That sounds like it.
4772160	4774960	Okay, well, that violates restricted data,
4775140	4776900	which is this bizarre doctrine
4776900	4783300	that comes from the 54 and 46 Atomic Energy Acts.
4785460	4789840	And the government wanted to use prior injunction
4789840	4796540	against him because he had no right to free speech in this area. And I think what they found was we
4796540	4802760	can't stop him because we declassified all the information he used. So that gave the government
4802760	4807820	a huge problem, which is that it was creating a Streisand effect and calling attention to the
4807820	4812820	fact that there are no nuclear secrets. I mean, there are probably many, but the core ideas
4813600	4815520	are not the gating function.
4815540	4816000	Yeah, that's right.
4816000	4822180	Right. Okay. Shortly after that, we get string theory and we become kind of incapable,
4823300	4828460	right? It's like the glass bead game or something that amuses people at a very high level. Like
4828460	4833340	we're turning the best physicists into chess players because nobody ever blew something up
4833340	4842680	with a rook, right? And I guess my question to you is, are these two sides of the same coin,
4842680	4845800	that we don't make progress beyond the standard model in general relativity
4845800	4850340	and we don't have any physicists on the UFO UAP claimed crash retrieval program?
4852060	4855160	I've always thought that the answer is yes to that question.
4856900	4859060	Do you have any interaction with the Jasons?
4859340	4860200	No, never.
4860740	4861780	You know who they are?
4862320	4863220	They change.
4863960	4865560	They're not always the same group.
4865740	4867620	No, I've never met any of them.
4868400	4869000	I know who...
4869000	4872300	At the time I knew who was in the Jasons,
4872680	4874640	I didn't know any of the people on the committee.
4876200	4878280	Do you want to describe what they're supposed to be?
4878920	4881760	They're supposed to solve problems that the DOD gives to them.
4882740	4887040	And it's supposed to be comprised of high-level physicists, mathematicians, and the like.
4887140	4888200	Yeah, engineers too, yeah.
4888300	4888800	Yeah, yeah, yeah.
4888880	4893960	So there's specific government problems, problems they need a solution for,
4894020	4898640	so they give a contract to the Jasons to study a particular thread of problems over summer.
4898940	4901880	These are academicians, so they're off from school for the summer.
4902680	4908220	They devote their time and energy to solving this problem, produce a report, turn it in, they collect the money, they're done.
4911680	4923160	One of the things that I think is really interesting is that there are a tiny number of people at a very high level in theoretical, in the foundations of theoretical physics.
4923600	4929060	And I think most people don't understand what some of these people are.
4929060	4939740	If I show you a violinist who's a soloist, there's no possibility you can convince yourself that that guy knows nothing or that anybody could do that.
4939920	4944460	You see something that's so astounding, only a tiny few can do it.
4945380	4951860	I believe that the same thing is true about theoretical physics and pure mathematics,
4952120	4958440	that once you're in the game, you realize what a tiny number of people are at the highest level
4958440	4961760	in this game. And it's just very vertical and there's no mercy.
4961940	4968200	Oh, that's true. I've known that all the way since I was in middle school. I read enough of
4968200	4971020	physics literature when I was a kid, I realized that.
4971020	4987720	So here's my question. If I look at those people, there's so few in number, I could track all of them. And you pretty much know, not exactly, but by their PhD, you have a 75% chance that you've identified deep talent.
4988700	4989220	Yeah.
4989220	4989300	Yeah.
4989440	4997160	So, you know, one of the things I've said to Jesse is if you wanted to figure out that the NSA was there while there was still no such agency,
4997800	5006880	you'd look at number theory PhDs and you'd ask, what zip codes do number theory PhDs live in when they don't get an academic job that's visible?
5007080	5009280	And you find that they're clustered around Fort Meade.
5010540	5010980	Yeah.
5011820	5013700	Okay, do the same thing for this.
5013700	5016900	imagine that what you need is you need general relativity,
5017280	5020040	the differential geometry that goes underneath it.
5020200	5022140	So let's call that Riemannian geometry.
5022560	5026160	The standard model, the differential geometry that goes underneath that,
5026260	5027940	we'll call Erismanian geometry.
5028700	5032680	And what modern geometric field theory,
5032880	5036400	you know, TQFTs, conformal field theories on up.
5037960	5041260	Shouldn't we be able to figure out if there is a program
5041260	5042980	that's actually working on this?
5043780	5048520	where it's located by virtue of the fact that there's almost nobody in this game,
5048580	5050520	and we can track their physical movements.
5050640	5054620	In other words, we would have figured out that there was an awful lot of physics firepower
5054620	5056720	at a boys' school in New Mexico.
5057700	5058800	That's very interesting.
5059720	5062300	So like a little detective search.
5062660	5066320	I mean, my point is that this is the bottleneck.
5066740	5072020	And in the current vogue of saying, you know, the lone genius theory is wrong,
5073740	5075300	then that wouldn't work.
5075400	5077640	But the lone genius theory is clearly right.
5077880	5079480	I mean, it's just obviously right.
5079560	5081720	It's a psyop to say it isn't.
5082080	5083540	So my claim is,
5083600	5086720	I know a great deal of those people,
5086800	5087460	like personally.
5087720	5090360	I see no indication
5091360	5093680	that they know about any such program.
5094240	5096380	And the only exception I can find
5096380	5099280	is that there's one black hole
5099280	5101140	that you go into and you don't come out of
5101140	5102360	called Renaissance Technologies
5103700	5105100	in these exact specialties.
5107740	5109880	It's got a level of profitability
5109880	5111380	that doesn't really make sense
5111380	5113140	based on what I know about markets.
5115080	5117200	And it's got a secure campus.
5117260	5119640	It's right next to Brookhaven National Laboratory.
5120000	5123480	And it has the resources of SUNY Stony Brook.
5123720	5128600	And SUNY Stony Brook has a math and a physics presence
5128600	5130580	that is far above its rating
5130580	5134460	as a State University of New York campus,
5134640	5136080	even as a flagship.
5136500	5137660	I wasn't aware of that.
5138020	5140980	That's in Long Island, correct?
5141360	5141660	Correct.
5142160	5144040	I mean, I think most people didn't realize
5144780	5146300	that C.N. Yang
5147760	5150880	was the world's greatest living theoretical physicist
5150880	5152020	until very recently.
5152140	5153080	I mean, he was like 104.
5153860	5155080	But that's where he was.
5155140	5157180	He was at the State University of New York at Stony Brook.
5157400	5158500	I didn't know that. Wow.
5158500	5167220	Um, so my, my question is, can we figure out whether or not there's a grownup effort?
5167320	5174540	Because I don't think it's really easily possible to reverse engineer these things when your science is lagging.
5176800	5178540	Like GR is the problem.
5178620	5179880	The standard model is the problem.
5179880	5180340	Oh, I agree with that.
5180480	5180960	Absolutely.
5181300	5182660	And yet your papers.
5182940	5185140	Well, my papers are separate from that.
5185180	5185920	That's the whole point.
5186020	5188140	It has nothing to do with UFOs.
5188500	5194120	do with propulsion physics program i'm just contributing my knowledge those those designs
5194120	5201300	aren't going to work well i didn't know that then but i'm at a point where i know that it's
5201300	5205740	difficult well it's going to be beyond difficult to engineer warp drives and wormholes well this
5205740	5210760	is what regardless i'm very glad we're having this configuration i took one look at this stuff
5210760	5217000	and i just said why is he why is he wasting his time you know it's it's it's it's interest me it's
5218500	5230260	I haven't been able to figure out any way to jump off that track and get on a track to an alternative version that could lead to something as revolutionary as transmedium propulsion that UAP demonstrate.
5231800	5232320	Okay.
5232740	5243040	So at a bare minimum, bare minimum, we would say GR and the standard model, but I already know that even at the bare minimum, that's probably not even touching the truth.
5243900	5244420	Right.
5244420	5256200	Right. I think what's happening is, is I think the UAP craft are manipulating the information domain because I think that there's a sub-quantum domain of information.
5256880	5268680	People talk about Shannon. I'm talking about Fisher information that Roy Frieden at the University of Arizona did a lot of research for 25 years on, published two books through Cambridge University Press on Fisher information.
5268680	5273860	was able to use that to derive all of the major theories and principles of physics,
5274020	5281020	including the Wheeler-DeWitt equation, from that being observed and the observer. So it's all based
5281020	5287540	on the observer, which is quite a quantum statement. So I'd have to dig it up out of my
5287540	5294780	phone to be able to read to you the two key terms of Fisher information from which physics derives.
5295640	5298260	New Scientist did an article on it, which was just brilliant.
5298380	5302660	It was in the late 60s, but late 90s, sorry.
5303040	5312000	So, look, right now there's a vogue for, if physics doesn't work, we can talk about quantum information and information theory because computers have money.
5312200	5320880	And so it's a way for us to try to get money from people who know computers by making physics, like information is the basic layer of the world.
5320880	5329660	So I've watched that push for a change of variables, just like let's make black holes the new harmonic oscillator, the test object that we push everything onto.
5330860	5333380	I really don't find that highly compelling.
5333560	5338980	We basically have quarks, leptons, force particles, Higgs.
5339800	5341840	We have this arena called space-time.
5341980	5343240	It's all a model.
5343640	5347080	The model is extremely good, but we don't live there.
5347120	5348540	We don't live in space-time.
5348860	5349860	No, I know that.
5350020	5350400	Okay.
5350880	5354620	lines, curves, points, and manifolds. It's a physical space.
5355100	5359520	No, but it may be a manifold. I'm not saying that it isn't. I'm saying that
5360180	5367660	you know because of the defects in these theories that you're looking at an effective theory and
5367660	5372120	you're trying to figure out what the parent theory is. Do you have any guesses about that?
5373440	5379580	That goes back to some ruminations I've had based on quantum entanglement networks.
5380880	5385740	in Quantum Magazine had talked about the work they were doing on quantum entanglements and
5385740	5393100	tensor networks, where they were able to show in a model how the Big Bang is actually an unfolding
5393100	5398020	or an emerging of space-time and elementary particles in the interaction forces from
5398020	5406660	entanglement networks. And I just don't know how far that has gotten as a theoretical development,
5406660	5420440	But I know that the initial stage of work that was done in the mid-2010s was pretty promising. I just haven't found any publications to show or inform me on where they've gotten with it.
5420440	5444540	Let's talk about getting a craft across interstellar distances. You've got some kind of, and I want to be clear that I think propulsion may even be misleading, but there's something like, is there a method of conveyance? Let's call it conveyance. Second of all, there's an energy requirement.
5444540	5453720	Of course. And what I'm looking at, I hate to interrupt you, but what I'm looking at is something that bypasses GR because GR is difficult to use.
5453800	5455660	Well, let's talk about that in one second.
5455780	5466360	Where we can get around that whole energy requirement that shuts down the ability to engineer and build wormholes or warp drives. We've got to come up with something that gets out of that whole GR.
5466360	5471120	You're grooved towards this toolkit that's pushed in front of us, right?
5471220	5477840	Like entanglement is a real thing, but we talk about it, in my opinion, sometimes too much.
5479440	5482740	I think another thing like that is black holes, wormholes.
5483860	5490500	Again, real things, but at some level, we don't know whether the black hole in the sky and the black hole in the model are the same black hole.
5492460	5498440	and all of these things that we can do lead nowhere right we've been around the traffic
5498440	5502820	circle a million times and by the third time you've seen the same 7-eleven you're starting
5502820	5512360	to think something's wrong let's talk about gr as a problem so in the standard equation in gr we've
5512360	5518580	got really three terms we've got the einstein curvature term we've got the dark energy
5520560	5521940	Lambda, lambda G.
5522120	5524440	Well, lambda times the metric G mu nu.
5524820	5529340	And this constant times the stress energy tensor for everything else.
5529400	5530580	Right, the coupling constant, yeah.
5533180	5544620	Desi in Arizona has thrown some cold water on the idea that lambda is a good model for dark energy because it appears that it's not constant.
5545060	5546700	I've heard that, yeah.
5546820	5549560	I've seen some news about that coming out.
5550500	5554680	Was it just theoretical or was there hints of it from observations?
5554680	5555460	That's what I'm saying.
5555620	5561180	Dark energy spectroscopic instrument or DESI seems to be recording.
5561440	5563720	It's showing that it's more, it's actually not.
5563800	5564180	Variable.
5564480	5564680	Yeah.
5564720	5565980	It's time dependent.
5566500	5569760	So it's dynamical as opposed to static being a constant.
5569840	5572700	Which sounds like a VEV, a vacuum expectation value.
5572900	5575560	So that people always make this mistake.
5575780	5577400	You know, what is the temperature of the room?
5577560	5578940	And they say 71 degrees.
5580500	5586100	corner and then the person thinks oh well i'm sure it varies between the the floor and the ceiling
5586100	5591740	where you are close to the window and that idea that a thing is mostly constant but with
5591740	5599620	fluctuations is the promotion of a simple number like lambdom to field content something that can
5599620	5607280	vary now there's a thing called love locks theorem oh i'm familiar with that he was a mathematician
5607280	5608680	at the University of Arizona.
5608880	5609220	Yeah.
5609280	5610000	I went to school
5610000	5610780	until I knew him.
5611120	5612540	So tell me about
5612540	5613400	Lovelock's theorem
5613400	5616720	and variable dark energy.
5617000	5617520	Oh, gosh.
5617560	5618520	I can't even think
5618520	5619320	of Lovelock's theorem,
5619380	5619760	but I know what
5619760	5620420	you're talking about.
5620660	5621280	Why don't you go ahead?
5621460	5622280	Well, so the way
5622280	5623020	I remember it,
5623020	5623800	again, this is,
5623920	5624840	I wasn't preparing
5624840	5625600	to do this, but.
5625740	5626480	Because keep in mind,
5626500	5627340	it's been 40 years
5627340	5629120	since I had tensor calculus
5630460	5632020	using Lovelock's manuscript
5632020	5632720	for his second book.
5632720	5633380	Would vodka help?
5634000	5634400	Yeah.
5637280	5637840	Yes.
5639980	5657340	I think what it says is that when it comes to geometry, there are only two tensors you can make that have this property of being divergence-free that are not dependent on anything else.
5657380	5659080	In other words, it's a two-dimensional space.
5659080	5670900	And one of them is the Einstein curvature tensor, which is divergence-free by property of taking an automatic equation that has to be satisfied called the Bianchi identity.
5671000	5680680	And turning it into a different equation that says that the theory is not bothered by how you put coordinates on a system.
5680820	5682740	Correct. That sounds familiar.
5682740	5689880	So that's the idea of the R mu nu minus one half scalar times G mu nu.
5689960	5695440	The Einstein curvature tensor is perpendicular to the space of transformations of coordinates.
5695900	5696120	Yeah.
5696140	5698360	It's like, what, the intrinsic curvature?
5698920	5700920	It looks like intrinsic curvature, right?
5700960	5712180	Well, it's the Riemann curvature with the Weyl curvature thrown away and a trace reversal of this one piece of the, you've got 10 components of Ricci curvature.
5712740	5716620	and one component can be broken out and had a minus sign put in front of it.
5717600	5720420	That object has an automatic differential equation.
5720640	5725660	The other one that has the same automatic differential equation is lambda times the metric,
5725800	5735900	because if you try to differentiate the metric, that's always going to be zero by virtue of the fact that the metric is constant in its own Levy-Civita connection.
5735900	5743160	action. But by the product rule, if you put a lambda in front of it, then the derivative of
5743160	5749740	lambda is zero times the metric plus lambda times the derivative of the metric, which is zero for
5749740	5756880	that same reason. Those are the only two simple tensors that have this property. So if you lose
5756880	5761360	Lovelock's theorem, I'm sorry, if you have Lovelock's theorem and you lose the constancy
5761360	5764980	of dark energy, you're starting to actually put general relativity
5764980	5766200	into some peril.
5766740	5768080	That's very interesting.
5769120	5770180	I hadn't thought about that.
5770300	5770560	Okay.
5771860	5773840	Depends how you conceive of general relativity.
5773980	5785020	But to continue with this, I don't believe that you can engineer
5785020	5791220	these craft within general relativity or standard model in any way
5791360	5792340	other than formally.
5792580	5798220	So the Alcubierre warp drive is a formal solution to the problem
5798220	5803120	because it leaves unaddressed how the weakest possible of all forces, gravity,
5803880	5807200	could be employed at this completely different level
5807200	5811680	to sandwich FaceTime on top of itself.
5813380	5816480	I don't think the generation ships make any sense.
5816860	5818040	800 years.
5818240	5819040	Oh, I agree with you.
5819160	5819500	Okay.
5821420	5828200	believe that um the time dilation makes any sense it's too expensive because everybody's dead when
5828200	5836400	you get back it's the planet of the apes scenario yeah i don't i don't believe in in traversable
5836400	5841420	black holes wormholes and black holes and all this kind of black holes aren't traversable but
5841420	5845660	there are wormholes with no singularities and event horizons that are traversable okay
5845660	5854820	Yes, but I've also heard weirder stuff involving somebody trying to use the black hole information paradox to get...
5854820	5859620	Oh, I think that's just people have stretched an analogy too far.
5859980	5866120	My claim is there's a huge suite of not really that inventive ideas.
5867220	5873320	In other words, we're going to accept the science that we have as if we can't do better science.
5873840	5877440	and then we're going to come up with completely implausible ways of using it.
5877480	5879560	And we're going to say those are the leading candidates.
5880320	5884180	Dr. Davis, you should push back if you think traversable wormholes
5884180	5889040	that biological material can go through is a real feasible thing.
5890060	5892260	You mean biological materials going through a wormhole?
5892260	5892620	Yeah.
5892740	5894960	I don't see anything that prevents it.
5895380	5895860	Okay.
5896900	5901140	So you're going to create a wormhole on demand to get where you need to go?
5903320	5904800	You should be able to.
5905600	5907220	That's what my research showed.
5907640	5914340	There's nothing that I would think that could stop you other than that G over C to the fourth power issue.
5915100	5920540	That really gets inverted when you put it over to the curvature side of the equation.
5920680	5921120	All right.
5921180	5924320	Then the properties of the matter, it's going to be C to the fourth over G.
5924440	5930800	So it's going to be a gigantic number multiplying the curvature of space-time that that matter source creates.
5931460	5938060	So walk me through, how do I get to Alpha Centauri by engineering a traversable wormhole?
5938260	5941080	Well, you're going to create the mouth or the throat.
5941180	5945340	Well, that's a good point because even Kip Thorne couldn't describe it.
5945380	5950900	But the best idea is, and this is Thorne's idea, not mine, and I don't endorse it.
5951280	5955440	You create a mouth right at your departure point in space.
5955440	5961340	and you're going to need another spaceship to carry the throat to the destination point.
5962820	5966060	And that's what Kip Thorne came up with.
5966180	5970160	I'm thinking when you're creating the throat, that's where all the physics occurs anyway.
5970300	5973760	It's not at the mouth, the exit entrance mouth, it's in the throat.
5973920	5982340	So when you're creating that throat, that should automatically do the connection,
5982340	5988560	the hyperspace tunnel connection between two points, two distant points, Earth and Sirius,
5989300	5994800	or our star Sol and Sirius as examples, or Earth and Alpha Centauri, one of the planets over there.
5995640	6002580	I just know that it does not give you recipe for navigating, for being able to target your
6002580	6008580	destination. There are no navigational control laws built into general relativity. All you could
6008580	6013880	do is built the wormhole and you know you could do the studies of a geodesic that goes through it
6013880	6019280	representing either a photon or a piece of matter and you can represent that you know it's going to
6019280	6024080	come out the other side but how you aim it and navigate to another star using it that's not in
6024080	6029460	general activity you can't pull that out you can't pull that information out unless there's more work
6029460	6037160	that needs to be done that nobody has thought of doing so again but i think you can make a wormhole
6038680	6043800	assuming you have the negative energy density available to shape it.
6046260	6048880	Not one of these proposals excites me.
6049760	6051700	They're boring as sin.
6051840	6053080	I'm sorry to say it.
6053680	6059340	You're talking about people raised on sci-fi who want to be scientific.
6059920	6061600	And by wanting to be scientific,
6061840	6065740	they don't want to go beyond the two frontier theories that we have.
6066680	6071500	and they've also said i don't want to be uncreative so the idea is how do we come up
6071500	6076460	with a wildly implausible story based on stuff that is solid and
6079340	6084000	at least with some of the other crazy stuff i have a feeling at least they're trying to do
6084000	6090140	new physics so that the implausibility goes down but the speculative nature of the physics goes up
6090140	6094420	i think it would be much better to balance those two can we talk about one of these weird things
6095740	6102600	at this extended electrodynamics that no one in my world has ever heard of i've seen elements of
6102600	6107580	it i've seen a paper here and there on that on extended electrodynamics what do you see that
6107580	6114560	as being i don't know what they're trying to get out with it that's my conclusion i don't know what
6114560	6120580	they're trying to extend where it's going a little context for the audience this is um a term that
6120580	6123120	that gets thrown around constantly in UFO discussions.
6123560	6126700	You have, even going back to the 90s, Ben Rich saying,
6126920	6130680	there was some math in Maxwell's equations that was a little off.
6130880	6133620	You know, that sort of thing is this recurring sort of theme.
6134080	6139540	And then you have people now saying that it's a more faithful adherence
6139540	6142900	to the, you know, more expanded Maxwell equations
6142900	6146180	versus the Heaviside kind of simplification of vector calculus
6146180	6149100	that is extended electrodynamics.
6150580	6156060	side is the update that makes the extended electrodynamics. No one seems to come up with
6156060	6161460	some sort of Lagrangian. You've pointed out some real inconsistencies with the, you know,
6161460	6166800	gauge invariance. But I believe Hal Puthoff, who you have a long work history with and, you know,
6166820	6170700	is a long colleague, he has some interesting work in extended electrodynamics, right?
6170820	6176000	Never worked on it. I don't know that Hal has. The only extended electrodynamics I know of is
6176000	6179960	the Lagrangian that you're going to have for high energy electromagnetic systems,
6180580	6187580	be the Born-Enfeld Lagrangian, I believe it is. Okay. Well, you're going back to Yang-Mills
6187580	6191620	theory and the Abelian case. It's just the nonlinear version of Maxwell's equations that
6191620	6195920	you're going to get out of a Lagrangian that you can formulate, and it will reduce to Maxwell's
6195920	6200300	equations in the low energy regime. So extended, I don't know what they're extending. That's the
6200300	6203300	thing. I've looked at these and I'm trying to figure out what's the extension. Here's one thing
6203300	6212280	that I've seen. The Faraday tensor made up of the electric and magnetic fields is naturally a degree
6212280	6218700	two object. It's not naturally about vector fields. That only works if you take a particular
6218700	6225320	slice of space in space-time where you shouldn't do that because that breaks Lorentz invariance.
6225420	6231940	And then you say, okay, in a three-dimensional world, every two tensor is dual to a three minus
6233300	6240360	tensor or a vector field, and then you plot out these lines in the E and B fields as if
6240360	6240940	they're vector fields.
6240980	6242720	It's naturally a degree two object.
6244880	6250740	So Maxwell's equations reduce to two sets of equations, one of which is just true automatically
6250740	6252460	when it's phrased geometrically.
6252620	6261160	So if you take dA star, some operator, based on A, the gauge potential, the connection,
6261160	6264520	connection, it's really the vector and scalar, the four potential.
6266380	6272220	DA star, that is the adjoint of that derivative, which is itself a derivative, applied to the
6272220	6275360	Faraday tensor, brings it down a degree from two to one.
6275460	6275780	Right.
6275980	6282500	And you say that thing is equal to the current J, which is a degree one object.
6282760	6282980	Yeah.
6283180	6290360	But DA of FA, which takes a degree two object one degree up to a degree three object,
6291160	6298280	Guaranteed to be zero for the same thing that makes the Einstein tensor divergence free.
6298340	6305040	The Bianchi identity is an abstract guaranteed differential equation that comes out of the geometric construction of curvature.
6306000	6315160	So you throw one of these two equations away because it's guaranteed by geometry.
6316460	6317980	The boundary of the boundary is zero.
6317980	6327060	In essence. So dA of FA equals zero represents two of the four Maxwell equations, and you throw
6327060	6332660	it away, and then you're left with the inhomogeneous ones. And that's just dA star of FA equals J.
6334580	6343620	One of the things I've seen in this world looks to me like dA star equals A. The idea is that
6343620	6346040	that the gauge potential is a degree one object.
6346360	6349660	And so you take DA star of a degree two object,
6349800	6352620	and that's set equal to a degree one object A.
6353840	6358760	And that doesn't work to somebody who thinks in physics terms,
6358860	6363440	because on one side of the equation is what we would call a gauge invariant object,
6363640	6364380	something with symmetry.
6364700	6369400	And on the other side, there's an object that picks up an affine shift,
6369660	6372020	meaning it isn't gauge invariant.
6372140	6372740	Yeah.
6373620	6375180	Okay. Yeah, I see what you're talking about.
6375200	6379780	So you can't rotate both sides of the equation in the same way at once.
6379980	6383560	Therefore, it's not a legitimate equation, even though they're both degree one.
6383560	6386020	So is this what extended electrodynamics is attempting to do?
6386020	6389980	Well, I don't know, because to be entirely honest, the extended...
6389980	6397260	Look, I have had to wrap my head around the fact that we have three bizarre groups of people trying to do physics, at least.
6397260	6406260	There's a crackpot group, which writes in red crayon, and they're nowhere close to the target.
6407300	6424640	There's a professional community, which has gone somewhat insane, but still remembers how to do physics from first and second year graduate intro classes, even if they're researching toy models and they've never seen a quark or a lepton in their research in the last decade.
6425180	6445120	And then there's this intermediate group, which I just didn't know existed, which I will call fringe physics. And fringe physics is, in general, people with sort of like an electrical engineering background, they know calculus, they know integrals, they're often technically quite good.
6446040	6448240	and they get an idea that, you know,
6448260	6450480	gravitation looks a lot like a lagrimonism.
6450760	6452680	I wonder if I can contribute something.
6453260	6455280	But they don't have a sense of, like,
6455280	6456900	all the things that can go wrong.
6457120	6459040	Yes. I think I know about that.
6459100	6462000	So they tinker, but sometimes a tinkerer
6463420	6465000	can stumble on something.
6465260	6467380	So, for example, you could easily imagine
6467380	6471480	somebody stumbling on the Aronoff-Bohm effect,
6471480	6479180	which is one of these hidden features of the world. So our colleague Sabina Hassenfelder
6479180	6483600	has a video not too long ago where she took something that I've only thought about and
6483600	6488480	heard about as physics folklore. So there's only three ways to hide new physics. It's kind of an
6488480	6493740	interesting idea. The first way is that that can be so energetic that you can't afford to see it.
6494220	6498060	So maybe there are particles out there when we can't create enough energy to get one of
6498060	6499560	of these particles to pop out of the vacuum.
6500320	6504740	Second thing is, is that something is so weakly coupled, you can barely detect it.
6504800	6506500	So there are lots of neutrinos everywhere.
6507000	6511160	But they're so hard to get to interact with anything that you don't know that they're
6511160	6511380	there.
6511540	6515180	And then the third thing is the really interesting one for UFO land.
6516700	6521520	Sometimes there's a configuration that you would never think to put things in.
6521580	6523500	Let's get the current up to this.
6523600	6524820	We'll spin something around.
6525020	6526260	We'll evacuate a tube.
6528100	6532920	compounds that have these particular things. And maybe we'll see an effect that is normally hidden
6532920	6538440	amplified to the point where it becomes absolutely clear. You know, like the Casimir effect,
6538620	6542840	you needed to know that you had to put two plates very close together for something to happen.
6544860	6550640	So that's sort of what we're looking for. We're looking for, is there any new thing
6551940	6556180	that we could do that doesn't require too much energy? There's not so weakly coupled that we
6558060	6562700	that can be coaxed to show itself the way the Aronoff-Bohm effect could have been discovered
6562700	6570660	by an experimenter passing a beam of electrons around an insulated solenoid and noticing,
6570800	6573900	oh my God, it seems to be able to detect the current.
6574120	6581600	I believe in a podcast with Anna Brady Estevez, Hal Puthoff openly discussed this idea of
6581600	6589020	extended electrodynamics and him even working with Josephson junctions and this idea of vector
6589020	6593020	and scalar potential. So this idea of extended electrodynamics is that the, you know, Lorentz
6593760	6599040	gauge is, you know, kind of arbitrarily set to zero and the derivatives of the, you know,
6599040	6604520	vector and scalar potentials, you know, should not, you know, necessarily equal zero. And so
6604520	6609040	theoretically, in terms of implications for the audience, instead of having this transverse
6609040	6613960	hertzian wave which is going to you know propagate at one over r squared you're going to get electrons
6613960	6617680	pairing off in all sorts of situations you're going to get this kind of rapid attenuation of
6617680	6625020	the signal uh you might have other sort of more exotic configurations of you know parallel like
6625020	6631300	you know uh uh wave propagation in a magnetic field or not even the existence of an electric
6631300	6636520	of an you know an e field or whatever with a with a an electromagnetic wave and i believe hal has
6636520	6639660	has openly discussed this with Anna Brady Estevez on this, you know,
6639660	6642460	former National Science Foundation director on her podcast.
6642780	6644080	I didn't see the video of that.
6644260	6644820	Okay. Okay.
6645000	6651400	I've never, I never knew there was a video until I think she mentioned it to me last year or so.
6651700	6655360	So you hear, you hear a lot of this stuff in UFO world, like, you know,
6655380	6659200	extended electrodynamics and then even possible experimental inroads towards that.
6659320	6663680	And do you know anything about that sort of thing or no? Okay.
6663680	6671760	There are a couple of names that came out of that podcast, Dr. Louis DeSharo and Dr. Larry Forsley, that would be of interest to Dr.
6671780	6672460	And I know Larry.
6672640	6673080	Yeah.
6673600	6674080	Yeah.
6674760	6686740	Well, so one of the things that comes out of my work is that we may have the gauge potential that you would put into such an equation wrong.
6687100	6688840	And the thought is the following.
6688840	6697740	following every gauge potential every every connection um has a disease when you gauge
6697740	6705100	uh transform it and this disease uh if the gauge transformation is called g it would look like g
6705100	6711380	inverse dg where d attacks g so you differentiate the transformation and then you use the g inverse
6711380	6713940	to pull it back to the origin of the leak.
6714340	6714820	Okay.
6715700	6721120	That term has no reference to the connection
6721120	6723040	or the gauge potential A.
6723860	6725900	In other words, it's G inverse DG.
6726140	6726600	Yeah.
6726760	6731740	But G inverse AG is perfectly gauge invariant
6731740	6733440	if you put it into a Lagrangian.
6733600	6737060	So in other words, there's a part that works beautifully
6737060	6739460	and there's the part that spoils the party.
6741380	6743540	has no dependence on A whatsoever.
6744140	6747420	So if you had two separate potentials, A and B,
6748800	6754740	you'd get G inverse AG plus G inverse DG
6754740	6761020	and G inverse BG plus G inverse DG.
6761540	6763640	So the diseases are the same.
6763820	6765660	You take a difference between them
6765660	6768300	and the two diseases kill each other and go away
6768300	6770780	and you have two terms left over,
6771380	6778320	inverse AG and G inverse BG added together. So one possibility is that even though this
6778320	6785300	community says a bunch of stuff that makes me very uncomfortable, is that you could have a
6785300	6791400	tinkering community that is actually stumbling to things that everyone else is too sophisticated to
6791400	6797160	look for, just the way when we thought it was the E and the B fields, nobody was looking for the
6797160	6802540	a holonomy effect, which is a classical effect that's discovered quantum mechanically. So the
6802540	6808320	embarrassment of finding the Aronoff-Bohm effect in the late 50s, when we thought we knew everything
6808320	6816380	there was to know about electromagnetism, is the greatest proof we have that a theory that is
6816380	6825080	supposedly completely picked over and totally explored may have basic things that we have
6825080	6832040	wrong about it well into our sophisticated old age. Yeah. Basically, up until that point,
6832220	6837560	nobody realized or even gave thought that the four-vector potential was a physical field.
6838600	6845000	Well, it isn't in a certain sense. So I give this example that if you know a professional model,
6845320	6850640	they're expected to have a set of things that are called polaroids. They're just shots of that model
6850640	6857680	model in various standard poses so that somebody who wants to hire that model can say, this is what
6857680	6863660	this person looks like without makeup and without fancy clothes, right? Those different Polaroids
6863660	6870740	are what we would call, I don't know, they're sort of avatars of the same underlying human.
6870920	6875800	And so if somebody says, I want to hire that person in three-quarter profile, you say, well,
6875800	6878120	Well, no, you hire the person.
6878160	6880460	That's just the particular shot of the person.
6881140	6889960	The electromagnetic potential is an equivalence class, equivalent to give me all of the Polaroids to represent the one model.
6890180	6890540	Okay.
6891240	6895180	So the big problem comes out when you single out one Polaroid.
6895180	6896560	You say, no, no, that's the field.
6897440	6901720	Because what that is, is that's a particular representation of that field.
6901820	6904860	But they're all representations of the same underlying field.
6906060	6908360	So that's the problem that needed to get solved.
6908840	6913720	We don't have anybody in academia that's pursuing extended electrodynamics?
6913860	6915280	I don't know.
6916020	6916980	No, we do.
6918000	6926840	There's a guy named Lee Hively in Colorado Springs, and he has a colleague named Woodside, who I believe is in Australia.
6927380	6931480	And then there's another guy, I think Strobel or Lobel or something.
6931480	6936160	So there are a few of these guys, and they've written a paper about extended electrodynamics.
6936920	6951480	So another thing that really confuses me is I saw a bizarre video from 1991, which Joe Rogan pointed me to, with this guy Bob Lazar seemingly talking nonsense.
6951960	6952360	Yes.
6953020	6961740	Do you recall what he says about the fact that you do this engineering with Gravity Wave A and Gravity Wave B?
6963460	6989520	He, no, not entirely. It's been so long. He doesn't know what he's talking about because he was a radiation health monitor for Kimber Meyer Company. And they were a logistic service company servicing Los Alamos National Lab in Area 51. He never had security clearances. He never graduated, never, he dropped out of his first year of college, et cetera, et cetera. He's not a physicist.
6989520	6990420	Well, I know that.
6990460	6990740	Yeah.
6990880	7003320	So I don't remember, but all I know is he claims Element 115 created antimatter, which somehow had something to do with creating gravitational waves in the propulsion system.
7003620	7006040	Did you hear the Jeffrey Epstein tape with Steve Bannon?
7007240	7007720	No.
7008200	7010380	Jeffrey Epstein didn't know what he was talking about either.
7010580	7011660	No, I'm not familiar.
7011660	7030700	But you can tell that Jeffrey Epstein was talking to people who knew what they were talking about, and he's this garbled version of this. Let's assume the same thing for Bob Lazar. Let's assume that he was janitorial staff and that he just happened to be in a sensitive location and that he's saying something, because it sounds to me like total garbage.
7030700	7037700	okay yeah yeah okay he says this thing which is crazy he says there's gravity wave a and gravity
7037700	7044500	wave b and you most likely think of gravity as as gravity wave b that's the long range stuff with
7044500	7049760	stars and planets he says but gravity wave a is different and you associate it with the strong
7049760	7058440	nuclear force so of course like i'm just i want to throw up in my mouth right and he says this thing
7058440	7066600	about QCD, quantum chromodynamics of the strong nuclear force, is what gravity wave A is all about.
7066880	7071860	And so the idea is going to be that somehow, if you could actually understand that what was going
7071860	7076580	on in QCD had to do with gravity, you would understand that that's the source of strength
7076580	7081880	with the ability to actually do something with space and time. So it seems totally stupid,
7081880	7090520	but let me just point out the following thing. There are only two Lagrangians or actions that
7090520	7099100	I know of that give an Euler-Lagrange equation with the curvature appearing without a derivative
7099100	7104540	in front of it. One of them is the Einstein-Hilbert action, which when differentiated
7104540	7110360	gives you the Ricci curvature minus the scalar curvature over two times the metric.
7111880	7114240	is a thing called the Chern-Simons function.
7114600	7115840	Yeah, it's been here.
7115880	7116740	Chern-Simons action.
7116960	7117080	Yeah.
7117640	7121400	The Chern-Simons action comes from something called
7121400	7124340	the transgression of the Pontryagin class
7124340	7125720	in the Chern-Weh representation.
7125940	7126300	Yeah.
7127400	7129360	That is part of QCD.
7130040	7134900	In other words, the normal Yang-Mills Lagrangian
7134900	7140440	we would represent as F inner product F.
7141880	7143660	Where F is the field strength.
7143860	7148800	From the topology of, what is geometry and topology for physics,
7148900	7151500	and I can't remember who the author of that book was, but I've seen that.
7152280	7156680	But only in dimension four, you can form a different quantity,
7156800	7161620	where you take F inner product star F,
7162360	7165600	where star is the Hodge star or complementarity operator.
7166360	7170880	And that thing generates the Pontryagin class,
7171880	7176860	Grest gives you the Chern-Simons, which gives you the Lagrangian that is closest to general
7176860	7182440	relativity. Interesting. I haven't seen that. Well, because nobody's talked about it ever.
7182660	7190100	Okay. So I think this is the first time I'm ever mentioning it in public. So the thought that I
7190100	7195660	had is assume that Bob Lazar is an unreliable narrator and that he was hanging around water
7195660	7199800	coolers and he was hearing crazy stuff and that it's a mix of bullshit and something.
7200740	7216220	Is it possible, Eric, that what he's talking about is that the theta term from QCD is what he's calling stupidly gravity wave A, which no person I've ever heard of has ever used that terminology?
7217000	7219940	I wouldn't think he'd be consciously aware of that.
7221600	7223340	I don't know if it's possible.
7223520	7227300	It's too, I can't rely on anything he says because of his history.
7228700	7247260	Dr. Davis, just to play devil's advocate with Bob Lazar, you were saying there's this longstanding UFO legacy crash retrieval program. You have one guy who's come out publicly and has not changed his story since 89. We didn't really know too much about the existence of Area 51. Definitely not S4.
7247520	7248080	He's never been there.
7248720	7251380	But how would he know about, you know, Janet Airlines, a flight there?
7251380	7263860	Well, he worked at Los Alamos, and he worked at the unclassified logistic support facility over on McCarran, over on Sunset Boulevard, next to, not Sunset Boulevard, Sunset Drive next to McCarran Airport.
7264140	7268920	There's a row of light industrial buildings along Sunset Road.
7269140	7271840	And McCarran is right across the street.
7271960	7274420	So Kimber Meyer was there.
7274600	7276880	EG&G Special Projects was like next door.
7277120	7280340	So he didn't go because he didn't have clearances.
7281380	7283240	was just a radiation health badge monitor.
7283440	7286560	So people that get on the Janet flight to go to Area 51,
7287120	7289220	he gives them their radiation badges.
7289460	7292280	When they come home from work, they get off that Janet flight,
7292400	7294580	they got to give those badges back to him.
7294660	7297040	And his job is to check those badges every day
7297040	7297960	to make sure that they're working.
7297960	7299460	Okay, but he's not a theoretical physicist,
7299680	7301280	but he does have engineering chops.
7301500	7304280	Like he runs currently United Nuclear.
7304460	7307280	He literally put a jet engine on the tobacco condom.
7307280	7309040	Yeah, I know, but that's just a tinkerer.
7309080	7309880	He's a hobbyist.
7311380	7313180	convicted of felonies, including...
7313760	7314200	This isn't...
7314200	7314920	Guys...
7314920	7315600	He's a nutcase.
7315660	7317900	I have no interest in Bob Lazar, the person.
7318120	7323780	The key question is, if he was proximate to information that he garbled, is it possible...
7323780	7324680	Could it be possible that...
7324680	7330720	...to take the garbled message and associate QCD with two sectors, a Yang-Mills sector
7330720	7336560	and a Pontryagin sector, and that the Chernvay representation of the Pontryagin sector inside
7336560	7342320	side of QCD with associated with the theta term can lead to something which has Einstein-like
7342320	7345540	properties, which is that the differentiation. That would be remarkable. That would be remarkable.
7345620	7349320	That would be absolutely remarkable. The vacuum energy of QCD is an appendice.
7349480	7354060	So the thing that I'm, so let's get into vacuum energy and zero point and what the source of
7354060	7361280	energy is for all of these things. I'm very turned off by certain attempts to mine.
7362100	7368220	like if you look at the heisenberg uncertainty relations one of the great innovations in our time
7368220	7375680	is that they've been associated to the symplectic form on phase space in ordinarily classical
7376560	7383240	hamiltonian dynamics in other words you take the space of configurations of a mug on a table then
7383240	7393820	Then you add the momenta, so that doubles the space, its size, to go from configuration space to phase space, position to position and momentum.
7394360	7400800	On that space, there's a guaranteed object called the symplectic form that comes just out of the math.
7401420	7411760	The big innovation was to say, you know, that thing is actually at the base of a different structure called a line bundle.
7413400	7420400	for this line bundle with a connection whose sections form the Hilbert space in quantization.
7420640	7422780	Effectively, in a certain sense...
7422780	7423560	Do you mean fiber bundle?
7423780	7425880	Well, yeah, it's a line bundle, exactly.
7426280	7432420	That that line bundle, its L2 sections properly taken, polarized, there's a whole rigmarole.
7432640	7433040	Right.
7433140	7436000	Sort of self-quantize the manifold.
7436000	7452100	In other words, that the classical mechanics leads naturally to the quantum theory when you realize it's not an isolated degree two object, but a degree two object that comes as the curvature of something else that we had not thought to study.
7452880	7459200	If you try to, if that's the source of the Heisenberg uncertainty relations, that's a curvature you can't get rid of.
7460440	7464920	So if you try to mine it, I don't really see how you extract that.
7466600	7469100	from something that can't be lessened.
7469120	7473280	On the other hand, were you to try to tap into the dark energy,
7473480	7476980	if that is in fact a VEV, a vacuum expectation value,
7477160	7478660	rather than a hard constant,
7479740	7483700	could that be used as a on-demand power source?
7484080	7484640	Sure could be.
7485240	7486720	Do you work on that at all?
7487220	7492440	No, but I looked at people who've sent me their ruminations on that idea,
7492840	7494400	and it looked pretty intelligent,
7494500	7496600	but it wasn't very well developed in my opinion.
7496700	7500200	So I think that would be a great direction to go.
7500320	7501480	And I like where you're going here.
7501780	7503020	I'm just trying to be constructive.
7503260	7504500	Let me try another one on you.
7504700	7504840	I like where you're going.
7504900	7506960	I think you pointed out some stuff I'm not aware of
7506960	7509000	other than the dark energy aspect,
7509160	7510380	which I'm already aware of,
7510400	7512360	which need to be followed up on.
7513620	7515800	Imagine for the moment that you embed
7515800	7518160	what we currently call space-time
7518780	7521900	in its space of all point-wise Lorentzian metrics.
7522440	7528420	every way you could possibly have of measuring length and angle through a series of three rulers,
7528560	7536600	one watch, and six protractors. That's a 14-dimensional object that I work with on a
7536600	7540380	daily basis that I call the observer's. We don't have to get too far into this.
7540500	7546200	The point that I want to make is the following. There are ways of traveling through time and
7546200	7551640	space. And I want to say also that time really should always be times because the number of
7552580	7556060	dimensions we currently think is one, but it doesn't need to be one.
7556360	7557080	I agree.
7557360	7557600	Okay.
7560540	7562320	We talk a lot about entanglement.
7562400	7564800	We talk a lot about wormholes.
7565360	7567400	We don't talk about pinch to zoom.
7567640	7568840	We don't talk about what?
7568960	7570360	Pinch to zoom.
7571100	7575280	Imagine that you pointed at a star that you wanted to visit.
7576120	7580840	And imagine that you could find some way of traveling in 10 transverse dimensions.
7582440	7582620	Okay.
7583420	7588700	Where what you're doing is growing the ruler in the direction between you and that star.
7590640	7596380	Now, once the ruler says one foot, you need the energy to walk one foot.
7596500	7596900	Right.
7597080	7599160	Not the energy to walk four light years.
7599380	7599760	Right.
7600600	7605200	And then you have to put the ruler back, so you have to shrink the ruler to grow the distance
7605200	7607480	after you've grown the ruler to shrink the distance.
7607600	7607860	Okay.
7607860	7618620	So the idea is that this is something like pinch-to-zoom, which doesn't work on an ordinary table, but if this was a smart table, it would be what's called a multi-touch gesture.
7619940	7629560	Have you thought about whether multi-touch gestures like pinch-to-zoom or another one that I call shear-to-tilt might be built into the object that we confuse for spacetime?
7630200	7632120	It sounds plausible. I like that.
7632120	7638220	that I've seen hints of something like that in some books I've read back in the 90s,
7638900	7640220	very small hints of it.
7640320	7644760	And I thought there was something to it that I just didn't follow up on.
7645840	7648100	Yeah, I would say that makes sense.
7648240	7649420	That makes sense to me.
7652500	7654460	Yeah, that's a very interesting idea.
7655900	7659100	Do you think much about dark chemistry?
7659900	7660700	About which?
7662120	7663040	Dark chemistry.
7663260	7664740	Like chemistry with dark matter.
7665040	7665800	No, I don't.
7668580	7669700	I see.
7669920	7674060	I haven't seen anybody use that phrase before.
7675620	7682600	Supposedly, dark matter doesn't interact with regular matter, especially at the electromagnetic force level.
7682900	7686100	Well, that's what we mean largely by dark, right?
7686240	7687680	Yeah, because you can't see it.
7687760	7689740	There's no luminosity involved.
7689740	7695160	involved. No exchange of photons that we can visibly see and collect a spectrum for.
7695380	7699740	Well, we sort of have three long range carriers. We have light, we have gravity,
7699840	7706460	and we have neutrinos that we know about. But let me ask you about a weird phrase that I keep
7706460	7710860	hearing that I don't understand. I keep hearing about interdimensional beings, which causes me
7710860	7714680	to want to throw up in my mouth. People, I think that's colloquial.
7715040	7715980	Do you know what they-
7715980	7718140	Interdimensional means you're going between dimensions.
7718240	7721980	So I don't understand the word interdimensional beings.
7722040	7728440	I think it's really beings that could transverse other dimensions or traverse other dimensions.
7728720	7731940	Does it mean something technical that's being that interdimensional?
7732100	7733560	Again, let's...
7733560	7736020	We move through three spatial dimensions.
7736160	7737940	So that makes us interdimensional already.
7738120	7738560	Okay.
7738580	7741160	And we move through time allegedly in one direction.
7741160	7744740	So David Grush, I believe, used this phrase in a hearing.
7746240	7746960	That holography.
7747020	7748500	Yeah, Dave's not a physicist.
7748920	7750040	I understand that.
7750140	7751680	So what I'm trying to, look, again,
7751860	7754260	the point isn't to say whether somebody knows
7754260	7755220	what they're talking about,
7756380	7758500	but to say, assume that somebody does,
7759400	7762160	assume that the plumber comes to you and says,
7762280	7764080	wow, I was just at some crazy base
7764860	7766600	and I don't even know what these words mean,
7766680	7768340	but here's what I heard, right?
7768400	7770380	So very often I'm just trying to, I'm not,
7770400	7771020	I don't care.
7771060	7774640	Yeah, I think he's heard that from his briefings
7775980	7781500	given to him on the crash retrieval program i just you know he can't tell me that level of
7781500	7785660	information at the classified level because i'm not cleared for it so are you he can verbally
7785660	7793140	on a superficial level discuss it in the open but i don't know what he if he's it sounds like
7793140	7799520	he's gargling stuff at times so and if we had an adversary that was aware of multiple temporal
7799520	7805220	dimensions where we're only aware of one so we have an arrow of time and they would have
7805980	7812860	Like a right-hand rule of time. Have you thought much about the threat assessment as to what
7812860	7814680	capabilities a...
7816260	7821360	No, nobody does threat assessments like that, but I would say that is something worth having
7821360	7822960	a threat assessment done on.
7825140	7835020	And have you, are you aware of reports that we are being, I wouldn't say menaced, but
7836920	7837400	monitored?
7838080	7840640	Made to know that we do not control our space.
7841120	7841560	Yes.
7841980	7843420	Do you find that highly credible?
7843780	7844160	Yes.
7845300	7846260	What percentage?
7846740	7848280	Because it was definitive.
7848500	7852560	That was told to me definitively, not speculatively.
7852760	7854520	It was, we know this to be true.
7854800	7858580	So I've been told the same thing by multiple parties who are not related,
7858700	7860480	all of whom seem like credible people.
7861380	7865780	yet nobody seems to have direct firsthand.
7866320	7866760	Yeah.
7867380	7869180	Even I can't get into that level.
7869300	7871780	I mean, Harry Reid tried to get a special access program
7871780	7874760	and he failed because Deputy Secretary of Defense
7874760	7876360	William Lynn denied it.
7876500	7879120	And that was because Harry Reid did it the wrong way.
7879260	7881500	He did it the wrong way and that's why it got denied.
7881580	7882880	If we did it the proper way,
7883060	7886340	which I'm trained on in the security apparatus,
7887120	7888660	we would have been more successful.
7890620	7892800	Dick Fineman's book of stories like
7892800	7894920	Surely You're Joking and What Do You Care
7894920	7896300	What Other People Think? Oh, yeah.
7896440	7898780	It's been a long time since I've read it. Do you remember a story
7898780	7900180	called Any Questions
7900180	7902700	in which he goes to Buffalo, New York
7902700	7904640	because as a physics
7904640	7906780	professor at Cornell, he has
7906780	7908880	to teach in an aerospace company?
7909940	7910980	Yeah, vaguely.
7911380	7913040	So he gets beat up or something
7913040	7915280	in a washroom
7915280	7917040	over a girl, I forget
7917040	7919280	what. Do you have a sense
7920480	7926040	Feynman was doing with all of this, because he also has another weird story where he's got
7926040	7931840	patents for nuclear submarines, nuclear planes, nuclear shopping. I don't know what.
7933180	7938640	Are aerospace companies something that we don't understand where people actually did basic
7938640	7946240	physics research, not material science, not something that's plane or rocket or drone
7946240	7954060	adjacent, but where people were doing actual frontier research in fundamental physics?
7954780	7958700	No, they wouldn't do that. Not in that industry.
7958700	7960460	So they wouldn't use it as a shell?
7960740	7967140	No, they do applied physics research. They're developing technical solutions to the government
7967140	7973160	customer's request to answer the government customer's need for a solution to some problem.
7973160	7989360	So it doesn't go to fundamental physics like, should we worry about these type of quarks versus those type of quarks? No, no, no. They're looking at a physics that could be applied to the engineering of a technological solution for the government customer. That's what the aerospace industry does.
7989900	8010640	Oh, I understand what it's supposed to do. What I'm trying to say is, is it a system of containers and you can put anything in a container? I mean, in other words, you could imagine that if a container was secure, you could put a drug laundering, you know, money laundering drug operation inside of it. We wouldn't think, oh, that's what you'd expect to find it.
8010640	8011220	That's right. Yeah.
8011220	8013600	That it's like something crawled into that shell.
8013780	8022800	My question is, is it possible that theoretical physics was sort of relocated into aerospace companies?
8024540	8026240	I wouldn't say no to that.
8026320	8027020	That's possible.
8028120	8029000	That's possible.
8029220	8037340	When we spoke to Hal Puthoff, he said, definitively, he said, you know, I'm not sure about fundamental physics being tied up in aerospace corporations.
8037420	8040640	But he goes, topological physics, like, probably.
8041220	8047300	And he said, it would seem to me that physics generally is held in these aerospace companies.
8047440	8050440	And, you know, that was very major sort of blood boil.
8050840	8054380	Well, I worked for the Aerospace Corporation for four and a half years.
8054480	8062800	I was one of only a dozen or so physicists with PhDs in the company.
8062860	8063480	In El Segundo?
8063780	8064400	I have 4,000 employees.
8065820	8066940	Which location?
8067460	8069120	I was at Huntsville, Alabama.
8069460	8069840	Okay.
8071220	8073740	the NASA Space Nuclear Propulsion Program office.
8074060	8077480	So I was only one of maybe a dozen, maybe two.
8077760	8079180	I don't think it was more than two,
8079260	8082420	but definitely within two dozen PhD physicists
8082420	8084420	in the whole country, in the whole company.
8084560	8086960	And I'll have to tell you that not a single one,
8087000	8089640	few of us were doing any physics.
8089820	8091580	We were doing engineering work.
8091620	8094600	And how many of you were trained in frontier theory?
8095800	8097900	Frontier theory? What do you mean?
8097960	8099100	Standard model in GR.
8099100	8099800	Oh.
8100560	8102700	How far back from the front lines were you guys?
8102940	8105500	I knew those guys, and none of them were.
8105680	8108280	Some of them were trained in astrodynamics,
8108280	8110740	so they know general relativity and Newtonian mechanics.
8112380	8116020	I'm the only one I know of who's been trained on the standard model in GR.
8116080	8118460	I didn't know any of those other guys that were.
8118540	8122200	There's one guy at Blue Origin who went to my university,
8122420	8124680	got his PhD in general relativity theory.
8124800	8126660	The University of Arizona at Tucson?
8126660	8128980	Two years after I got my doctorate.
8128980	8129320	Okay.
8129400	8132100	And he's working as an engineer at Blue Origin.
8132260	8132580	Okay.
8133320	8134240	Last question.
8134700	8136880	I can't wrap my head around this.
8137020	8143480	If I was facing an incursion in my airspace claiming craft that defy the laws of physics,
8143600	8151280	and I didn't have a single top physicist on my team, I would expect to be fired instantly.
8151700	8152140	Oh, sure.
8152260	8153540	But that's not how they think.
8153660	8155420	They don't think in terms of that.
8156660	8163680	bottom line and their bottom line will not involve a theoretical physicist they might have sorry
8164700	8170440	what you have craft the claim is you have i know they're engineers okay but if you they're not
8170440	8174900	thinking in terms of fundamental physics or something beyond the standard model or something
8174900	8180420	beyond generalist if you third thinking how are they doing on this project decades in the supposed
8180420	8185220	project how are they doing on it what's their level of success all i know is as of my knowledge
8186660	8193140	thing that requires new physics. You say defy the laws of physics. We can't make progress and we
8193140	8200040	have no physicists. David, this can't, Eric, this can't add up. It's a two-line proof.
8200580	8205780	It defies the laws of physics. We haven't made progress. We have no physicists.
8207160	8214380	If something defies the laws of physics, who do you call? I know you ask any of us,
8214380	8219860	any of us write down 15 names of who you call if you had a craft that defied the laws of physics
8219860	8225680	wait a second 12 of those names 10 of those names would be the same on everybody's list okay
8227440	8233820	the the final thing i would say is if hal putoff was telling us that some physics is held
8233820	8238420	whether it's even if it's just experimental physics you have a bunch of people over the
8238420	8244980	the last 70 years, the foremost in my mind, Townsend Brown and, you know, this Ning Li at
8244980	8249040	University of Alabama Huntsville saying that they're getting little weight reduction effects,
8249300	8252860	gravitational shielding. That's wrong. They didn't. They were they were incompetent.
8252920	8258760	There is no weight reduction. So simultaneously, Hal's thing of there being two chapters in my
8258760	8263820	book on the Townsend Brown effect. But there's the lead electrostatic scientist from NASA at
8263820	8267760	at Cape Kennedy just left to start a private propellantless propulsion company.
8267880	8270960	And he says it's derivative of Townsend Brown's effect.
8271260	8276320	Those older papers and that older subject matter is probably valid for most of the point.
8277640	8279080	It's unfair to say that it's not.
8280480	8285280	However, without a theory back then to describe it, it was hard for them to miniaturize it,
8285360	8289580	to optimize it, all of those things you want to do to make it a useful force.
8289820	8290940	His name's Charles Bueller.
8291240	8292260	Talking junk science.
8294060	8301540	And then the physics chair, who is the lead of Ning Li's department, left to join her company, Larry Smalley.
8301640	8303800	Yeah, but she was wrong and so was he.
8304160	8304640	Okay.
8304800	8310540	Okay, and they made off with $400,000 in Army research lab money and didn't produce a producible for it.
8310580	8312220	They didn't deliver anything for that money.
8312640	8314500	So the topological physics effects...
8314500	8317200	Have you talked to Travis Taylor? He knew all of it. He knew Ning Li.
8317400	8319040	So the topological...
8319040	8320440	She's a rotten, terrible physicist.
8320440	8337320	So the physics that are held in private aerospace, we just have to sort of guess. There's no sense of what any of this stuff is, but they're also not putting any theoretical physicists like Eric's colleagues on any of this stuff. It just feels sort of...
8337320	8361300	Here's the thing. The government is going to tell the aerospace company, okay, this is hypothetical, but this is how it works according to my two industry sources. Okay, the government says, here's a craft. We want to know how it works. The industry contractors say, okay, and they think in terms of engineering.
8361880	8364420	They're not going to do fundamental physics.
8364580	8366600	They might have experimental physics.
8366680	8369660	It's not out of the realm to have an experimental physicist working there,
8369760	8371200	but they're not theoretical guys.
8371540	8374500	So they'll have to know some theory, but they're mostly experimental.
8374600	8375160	You've given no...
8375160	8375620	Hang on, hang on.
8375700	8380100	So they get the tasking that they've got to take apart a craft
8380100	8383460	and they've got to figure out how it's made and how it works.
8383700	8385680	That's it.
8386000	8387160	That's the tasking.
8387160	8393180	So that leaves out any need for a theoretical physicist. They don't know that they would agree.
8393360	8397360	Wait, wait, that made absolutely zero sense.
8397540	8398560	That's how they operate.
8398760	8404580	No, no, no, no. You said, but because of that, that's why they don't know. You absolutely need
8404580	8407100	a theoretical physicist if you're going to take apart a device.
8407460	8411620	I don't disagree, but that's how they operate. That's what the program manager and the government
8411620	8416340	says. So the program manager and the company is going to say, okay, here's our solution to that
8417160	8418500	So here's our bid.
8418760	8420360	They get a sole source contract.
8420920	8421940	No, there's no bid.
8422060	8423080	It's the sole source contract.
8423300	8428100	So they get the sole source contract and they've already laid out what the tasking is to be
8428100	8429200	done on that contract.
8429600	8434440	And the tasking is to be done, that needs to be done, is the engineering to take this
8434440	8439120	thing apart piece by piece, reverse engineer it, put it back together again and try to
8439120	8442500	figure out if they can make it work or not and understand how that happens.
8442800	8444840	And that's all they do.
8444840	8453580	Dude, they don't have tasking to hire a theoretical physicist to sit there and start thinking about the standard model beyond the standard model.
8453700	8454880	They don't go there.
8455020	8456200	They don't go there.
8456260	8457260	These are engineering companies.
8457340	8458380	They're not universities.
8458640	8465520	And they aren't even allowed to talk to universities about this because the compartmentalization is horrible.
8465520	8484320	Sorry, if an iPhone fell into the hands of a villager in some far-flung developing country, the odds of a cobbler or a carpenter figuring out how an iPhone worked is negligible.
8484480	8484920	Exactly.
8485060	8485360	Okay.
8485520	8486040	Exactly.
8486060	8488440	So the same thing is true on your engineering.
8488700	8492440	I mean, look, the Manhattan Project was an engineering project.
8492660	8493200	There was a deliverable.
8493800	8494620	It was a device.
8496000	8497500	But they had to have physicists.
8498300	8499620	For both projects.
8499760	8504240	You're not giving me any understanding of why there were physicists in one and not the other.
8504260	8507700	Wouldn't the same, even if you had a wrong, sorry.
8507760	8509620	It just doesn't make sense to Eric.
8510320	8515960	That's just what all the evidence goes down to, comes down to, I should say.
8517460	8522680	I haven't met, well, I asked my senior VP, he said, oh, we didn't have any physicists.
8523020	8525340	They had Bernie Heisch working in that company.
8525520	8536320	He is a physicist. He's an astrophysicist. He was a Max Planck Institute fellow. He was a fellow of that company. And he did astrophysics work because that company built spacecraft for NASA.
8536320	8543320	But an alternate hypothesis is that this is a dummy program masking something.
8543440	8548020	And the last thing that you would want ever on such a program is a physicist.
8548280	8555400	Because the physicist is going to tear right through this thing and say, there is no Bifield-Brown effect here.
8555480	8556980	Let me show you, you know, whatever.
8556980	8573740	So my claim is that avoidance of physicists might be necessary to keep a dummy program going just the way the presence of physicists was necessary to get a deliverable for Hiroshima and Nagasaki.
8574220	8574960	Interesting.
8575080	8575460	Okay.
8575460	8587340	Okay. I just done another note, the five people I knew of at that one legacy company, two of whom I met with and dined with and met and one of whom I met with routinely through the OSAP and after.
8589660	8601300	So the woman was a mathematician, but she worked as a chief of security. There we go. The other one was a material scientist. Okay. And that's a discipline in engineering.
8601300	8606820	engineering the other three were engineers one of them was involved with the development of the
8606820	8613020	f-117 fighter and i don't know what the other guys roles were but they were all engineers that's what
8613020	8618260	they were described to me and i said no physicist he said no not really it's insane both you guys
8618260	8623200	what do you hope for the next year or two of disclosure i mean i think it's clear that you
8623200	8627820	think the the brain dead way in which this is run without theoretical physics i would like i would
8627820	8637700	I would like to meet adults on this project who are not grooved into thinking that we can just repeat things that never made any sense into the future as if they make sense.
8637840	8654080	The idea that we are being visited by crafts that dominate our airspace that we cannot understand, do not know their origin, defy the laws of physics, and we avoid the one specialty that could help us at all costs and that this makes sense to anyone,
8654080	8657700	is a fairy tale that should not be,
8657880	8660800	I think that a mentally retarded golden retriever
8660800	8662220	should not repeat this fairy tale.
8662800	8666980	Dr. Davis, what do you hope for over the next few years?
8667020	8670140	Well, I'm actually, what's the word?
8671300	8673120	I don't want to say I'm,
8674820	8676660	I'm looking for a negative term here,
8676700	8680460	and it's, I'm not enthusiastic.
8680580	8681640	Well, it's not enthusiastic.
8682180	8682820	That's not the word.
8684080	8690520	Presidential emergency action directives are so strict. They were instituted in the Eisenhower
8690520	8695760	White House administration. So Eisenhower instituted that, and that's been carried forward
8695760	8700580	on many different topics, but specifically Jim Semivan and I know that they were instituted for
8700580	8707240	this topic that we've been discussing. So I am not hopeful. I guess that's the word I'm looking
8707240	8713760	for. I'm not hopeful that there will be meaningful disclosure because of the presidential emergency
8714080	8718700	action directives. And I'm also not hopeful because I don't think that this topic has risen
8718700	8726940	to a level of urgency in the White House as the Epstein files have. And the retribution that Trump
8726940	8733900	wants to execute against his political enemies, those are at the top. He's got his economic agenda,
8734100	8740220	he's got his foreign policy agenda, tariffs and all that. Disclosure of UAPs at this level,
8740220	8742500	It's just not rising to the top.
8742660	8743480	That's your prognosis.
8743560	8750000	But your hope is that we get full transparency on this issue outside of national security trade secrets.
8750180	8753140	I'm hoping that he and I could get the keys to the door with Hal.
8753360	8753660	There you go.
8753660	8757000	And we can walk in and we can talk to people and say, where the fuck are your physicists?
8757460	8757600	Yeah.
8757740	8761360	Or we can say, we're going to volunteer our time.
8761420	8763280	Or you can pass to work for you.
8764160	8769760	I would love for both of us with Hal and some others to be able to go in and take a look at the hardware.
8770220	8776220	it ourselves. I've heard physical descriptions from Jim Lekatsky. Who said that he breached
8776220	8781560	the hull and walked inside of a UFO. Yeah. And you believe him. Yeah, because there's no reason
8781560	8786720	not to. You told us because you were allowed to tell us that our government has a UFO in its
8786720	8793620	possession and has been able to access the inside of it, right? Yes. I mean, when you work with
8793620	8798960	people like that, we know that we're not trained to lie and make up bullshit just for the sake of
8800880	8802760	No, we are people with clearances.
8802780	8804120	We are responsible people.
8804300	8807700	Jim Lekaski was a missiles engineer, I believe he was.
8808500	8814620	So, and there are other missiles engineers I knew who worked at the DIA back in the 80s
8814620	8818700	and, no, back in, yeah, 80s, 90s, and 2000s until they retired.
8818920	8823100	So there's a lot of engineers in the DIA, not too many physicists that I ever ran across.
8823460	8824980	So anyway, it'd be nice.
8824980	8831020	So my point is, Jim Lukaski wouldn't say that just to pull it out of the air and throw people off.
8831080	8831880	He's telling you the truth.
8832000	8832740	That was during his time.
8832740	8833740	This is exactly the truth.
8833820	8836380	And this is exactly what he experienced working at the DIA.
8836700	8843080	At some point, I don't know whether this happened during the OSAP because he certainly didn't tell us.
8843280	8850280	All of us in the OSAP, Kelleher, Bigelow, Pura, Vallee, myself, we never heard this come from Lukaski before.
8850320	8853360	Was this at Lockheed or when he stuck inside the crack?
8853360	8854400	No, no. I don't know where it was.
8854980	8856400	You don't know where he stepped inside the car.
8856400	8857560	He didn't say in his book.
8857640	8858800	I don't know if you read the book or not.
8858940	8859880	I haven't read the book.
8859940	8860100	Okay.
8860120	8866280	So he didn't say where he went into that craft or who had it, but I have a general idea based
8866280	8868240	on conversations I've had with Jay Stratton.
8868300	8871980	But the point being is that he was able to get it, touch it.
8872040	8876520	I also know a four-star general from the Clinton administration who was able to go there, use
8876520	8883180	his authority, his power to go see the program and get inside, talk to the program employees
8883180	8885420	and leadership, touch the craft.
8886400	8891820	the crowd. So that's two. And then there's Admiral Wilson who said, I tried to get in the program.
8892020	8898240	I met the program manager, the corporate security chief, the legal counsel, and the chief scientist.
8898380	8902620	And they told me after a lot of resistance and arguing, they finally said, this is what you're
8902620	8908420	looking for. It is a crash retrieval, non-human intelligence, non-human technology, off world,
8908560	8914200	but we can't let you in because you don't have a need to know beyond that. You know, it's like,
8914200	8915860	Like, oh, but that's how it works.
8915920	8917340	I mean, that really does work that way.
8917420	8921000	The head of the NRO doesn't know what the hell a lot of the stuff that's going on beneath
8921000	8923940	them because they're WUSAPs or SAPs or hidden SCIs.
8924180	8929760	He doesn't have a need to know unless there's a reason that he has to.
8929820	8930860	And then they have to brief him.
8931540	8937820	On that mind-blowing but also baffling note, and I'm glad we ended in a sort of a collegial
8937820	8942400	way where we share mutual hope that we can bash down the doors of this program.
8942680	8943320	And I love this guy's mind.
8944200	8951420	going in the last hour or so. This has really opened my mind a lot more, my eyes on some things
8951420	8954420	I want to start looking at now. Thank you for that. Thanks, Doc. Thank you, sir.
8955980	8963160	That was an interesting conversation. Wasn't it? Yeah. What's your, I don't know, do you have kind
8963160	8969540	of a gestalt sense coming away from that as far as an update, where you were before the conversation,
8969540	8971400	where you are now?
8971880	8974880	So first of all, it's interesting to see somebody
8974880	8979960	who believes in aliens and craft at some deep level
8979960	8984420	and doesn't believe in going beyond the theories
8984420	8989500	that are blessed with holy water by the physics community.
8990040	8993860	And so, you know, I take general relativity
8993860	8995400	and standard model quite seriously,
8995620	8998900	but he takes it almost as a constraint.
8999780	9007440	So I think one of the things I didn't understand is that the physics output seems almost recreational.
9007520	9014040	And it seems like, what is the closest you could get to science fiction using known science?
9015720	9016360	Right?
9016620	9023700	And the idea is that it's all extremely implausible, vague scenario.
9023700	9052400	Like if we could come up with huge amounts of matter and energy, then we could do this, uh, Alcubierre space-time solution, or, um, you know, maybe we could engineer an Einstein-Rosen bridge, you know, and like, again, I heard somebody say this thing about, um, maybe the black hole information paradox is a key that because it doesn't fully make sense that that's where the technology is.
9053700	9059660	as a guide. Maybe you go into a black hole and you somehow get shot out someplace at a speed
9059660	9066160	that you couldn't imagine otherwise. Whatever these things are, this is garbage. I hate to
9066160	9073100	say it that way, but it's not that he's, maybe he's doing the best that you can do, assuming
9073100	9078040	general relativity in the standard model, trying to reproduce something that clearly goes beyond
9078040	9084580	it if it exists at all another thing is is that i was sort of surprised that he wasn't nearly as
9084580	9095000	read in at a primary level um so that he's able to talk because he didn't actually make primary
9095000	9100100	contact with this well that's the thing we were just commenting on off camera which is like this
9100100	9106500	funny dynamic of everybody seems to be circling around this program and nobody seems to be in the
9108040	9112920	little like the Epstein list or something, which is not at all, you know, we'll stop the analogy
9112920	9118360	there, but it is this weird thing where it's like, you know, uh, no, no one, no one's gone to the
9118360	9122680	island, but like, you know, or not me rather, but everybody else has or whatever. And these are
9122680	9128020	everybody's demonic or whatever. And in this case, it's this weird thing where everybody's this Mr.
9128100	9133620	Smith goes to Washington character who stumbled into this in this sort of hapless way. Uh, and
9133620	9138980	they have no idea how the thing actually sort of functions and works and that allows them to talk
9138980	9145880	about or even if there's a thing as described at all i mean i'm convinced that there's a thing
9145880	9153540	and it has a boundary and it has some structure and there's some money in it whatever but i don't
9153540	9162040	know that what's inside that container is what is indicated on its surface to the extent that
9163620	9188980	Yeah, well, that's a question is like, you know, does the tip of the iceberg look like is it actually an iceberg? And are we looking at a tip of the iceberg where you can say we have a crash retrieval reverse engineering program, but that's actually some sort of intelligence sleight of hand. And in fact, the body or a structure that is underneath, you know, submerged in the water is obfuscated and that changes everything.
9189840	9193900	Yeah, it's like you have a kelp forest which has a top which looks like an iceberg.
9195640	9197040	You know, something like that.
9197260	9199660	I was just trying to figure out the right analogy.
9199700	9200640	Well, there isn't a good one.
9200640	9201460	There isn't a good one.
9201560	9201880	Yeah.
9201920	9202160	Yeah.
9202240	9205220	And you have unreliable narrators to contend with as well.
9205400	9208720	And you have unprepared ontologies to contend with as well.
9208840	9211300	So you have these voices giving you information.
9211980	9213980	You are Eric Davis in this situation.
9214280	9217020	You have these witnesses or these sources giving you information.
9218980	9224820	themselves. They're an ontology filter and they're a reliability filter. How much can you totally
9224820	9229220	bank on what they're saying and use it to build a model for whatever is hiding in this boundary?
9230660	9237140	So one of the questions that we were discussing is if you believe in the legacy program,
9237360	9244640	and I think all three of us are in a position where we've talked to too many different people
9244640	9249480	with different backgrounds that are talking about a something in common.
9250420	9255460	And, you know, in my worst fear, it's the jackalope where everybody sort of believes
9255460	9259660	the jackalopes are real, um, because there's an industry around a myth.
9261920	9266340	Um, but assuming this thing is real, because I can't imagine how you would fake it.
9266700	9269600	What is real is a program with a boundary.
9270420	9273960	So there's something where you're inside the program and there's something where you're
9274640	9279080	program and people have to go back in and out unless you imagine that there's a secret facility
9279080	9283060	which you enter once and you never leave just physically
9286280	9291420	this means almost certainly this thing is hidden in plain sight i don't mean to say that there may
9291420	9297720	not be deep underground facilities on our bases i don't mean to say that but people have to go home
9297720	9298700	Right.
9298800	9299520	Right?
9299840	9303720	And you have to have plumbers.
9304540	9306640	And you have to have housekeeping staff.
9309820	9316060	I don't understand how this thing exists.
9316580	9322600	Well, on that note, you attempted at some instantiation of at least the theoretical
9322600	9330200	physics component of the whatever we're calling this UAP legacy program at Renaissance Technologies.
9330600	9338400	And I thought it was interesting that in 2022, NASA had this UFO review panel.
9338880	9343840	Sixteen researchers will spend the next nine months studying the UFOs.
9343860	9349240	They will use unclassified data in their research and release a report to the public next year.
9349240	9357020	And this follows the Pentagon's announcement in July that it would create an office to track reports of UAPs or UFOs.
9357140	9360880	And they were seeing, you know, if there's anything to all this stuff.
9361100	9363060	And they were looking into it in an official capacity.
9363520	9367180	And the person overseeing that panel is this guy, David Spergel.
9367360	9371800	Of course, Jim Simons started Renaissance Technologies and Spergel was head of his foundation.
9372480	9374720	So I find that to be very interesting overlap.
9375080	9377980	So there's this concept in Washington of steady hands.
9380060	9386380	and steady hands, I never really found all the different meanings for it, but one meaning for
9386380	9395420	it was, who can we trust when the pressure gets insanely high to do what we expect needs to be
9395420	9402460	done, which may involve obfuscating, lying, evading, prettifying, all of the things that
9402460	9403880	that don't have to do with disclosure.
9405440	9409360	The world of steady hands is often a very small world,
9409400	9410940	so they reuse the same...
9410940	9414420	You'll notice that the same people in Washington, D.C.
9414460	9416880	somehow show up on eight different issues.
9417140	9421820	Because the government knows that they can trust that person
9421820	9424420	in a crisis not to buckle.
9424840	9427320	They've sort of given their life for the team.
9428280	9430980	Would Fauci be sort of analogous?
9431000	9431440	Sure.
9432460	9445940	The idea that you're going to stand up to Rand Paul in an open hearing and you're not going to call for your mommy and you're not going to say, okay, I admit it, there was a whole thing and we screwed up and I feel terrible, whatever.
9447500	9452660	And so maybe the idea is we're dealing with the steady hands phenomena.
9453960	9457900	That you need people to deny the obvious.
9458120	9461020	You need people to spend credibility.
9462460	9467460	very few people who want to do that job. One other connection I was thinking of,
9468060	9474660	speaking of, you know, the intersection between institutions that are well-respected,
9474720	9481620	that nobody can deny have power in the country, like the Jasons, which, you know, they meet in
9481620	9486760	Santa Barbara. It's the elite of the elite when it comes to military industrial complex,
9486960	9491800	and specifically figuring out kind of its frontier physics, but it's also weaponization.
9492360	9512420	Uh, uh, you know, um, and so you have that committee that you brought up and then you have the UFO world, which seems kind of more quacky on the face of it. And you have this guy, Ron Pandolfi, who seems to be a part of the Jason advisory committee, um, but also seems to show up in UFO world constantly.
9512420	9524580	And so I think it's really interesting as a heuristic to look at the intersection between quacky UFO world and more institutional, undeniable military industrial complex.
9524580	9542920	Well, that was why the golden age of general relativity was such an important thing to mine, because that was the last major moment where the lunatic quacks and the super respectable people were seeing each other after hours for cocktails.
9543720	9552320	right and you know there's a different version of this maybe where um david kaiser i think wrote
9552320	9558820	this book how the hippies saved physics about what gets done at esalen you know with entanglement and
9559660	9565460	uh bell inequalities and all that kind of stuff so i think that there's this weird way in which
9565460	9573280	which the quack world and the respectable world are always intermingled,
9573320	9575160	and we don't really admit to this.
9576260	9582220	I've called the passion for, let's say, string theoretic physics
9582220	9586000	and other official mass delusions,
9586860	9588660	KNARCs, which is crank spelled backwards.
9588840	9592560	A KNARC is a crank inside of the institutions
9592560	9598180	institutions, who would be ridiculed for their belief structure, but for the fact that they
9598180	9605180	are upholding the institution, right? And so we have a, and by the way, the mass delusion isn't
9605180	9612140	the string theory might be interesting. It's that 42 years in, you're still not seeing this,
9612220	9618480	what do we have wrong? Does anyone else have an idea? There is no conference that brings together
9618480	9621400	the critics and the proponents to try to get to grand truth.
9621980	9626100	Well, you have an idea about, you mentioned this in the interview, you said,
9626260	9633120	we have been beating Einstein to death trying to kind of quantize gravity. You have an idea
9633120	9640600	about gauging gravity and how maybe we fell into the kind of quantum gravity cul-de-sac
9640600	9643460	when we could have thought about gravity in this other context.
9643460	9650880	Well, so this is a very strange point. So I just turned 60 and...
9650880	9651400	Happy birthday.
9651580	9665640	Thank you very much. What I realized about myself is that I am the youngest person to see the transition between old style physics and the string physics in terms of the community.
9665640	9671440	community. So I got to college in 1982. I started going to seminars essentially immediately,
9671660	9676420	which was unusual. And I was 16 at the time. So that was my claim to saying that that's why I'm
9676420	9682720	the youngest. Things change in 84. So there's really only 82, 83. And I happened by complete
9682720	9687360	accident to be at the first lecture of Ed Witten on string theory at the University of Pennsylvania
9687980	9694620	in 1983, which I didn't know until very recently that that my memory actually is because I fell
9695640	9703020	the beginning. They changed the entire culture of theoretical physics, and there's nothing they
9703020	9711760	can do to hide it. If you go back to research articles before 1984, you see an entirely
9711760	9716100	different culture of inquiry as to what are the problems of physics, what might we try to do to
9716100	9725080	solve them. And quantum gravity was just thrust down everybody's throat as the holy grail
9726320	9733300	from 1984 to 87. And by the time of 87, everybody had accepted this. So what you did is you retconned
9733300	9738320	a story where nobody mentions the phrase quantum gravity until 1972.
9740300	9746000	And you say, well, that's always been the Holy Grail ever since gravity and general relativity
9746000	9751460	in 1915. And the quantum, let's say by 1928, when you have quantum electrodynamics,
9751460	9754020	were both realized to have this kind of incompatibility.
9755260	9758420	So if the incompatibility between the two is real,
9758540	9761540	but it's not really quantum gravity, what is it?
9762680	9764000	So what I said was,
9765720	9769300	most people don't realize that due to work of Jim Simons
9769300	9770960	and C.N. Yang,
9771680	9775280	which got written up as Wu Yang, as if Simons was Wu,
9777400	9780260	we know that underneath the standard model
9781460	9787280	classical geometric structure. And we don't talk about the classical differential geometric
9787280	9794660	nature of the standard model. And that is the subject of the Wu-Yang Dictionary. So that
9795760	9801560	unearthing of a geometric origin for the particles and fields that are not gravity,
9801660	9808880	but all of the quantum fields, is a very important clue. That geometry has a property,
9808880	9815640	which is that it is gauged, which means that you can keep yourself from being fooled that many
9815640	9821260	different versions, you know, that problem with the elephant, with the blind men going around and
9822080	9827220	it's all one elephant and the blind men aren't wandering around the elephant stupidly. They're
9827220	9832600	just staying in one place. So a gauge orbit would be, let's get all of the information from all of
9832600	9836220	these people and decide that it's one elephant and they're just looking at it from different
9836220	9842320	different perspectives. So it's kind of a unity of knowledge. General relativity can't be gauged.
9843400	9847740	Now, there's a lie that says, well, that it's a type of gauge theory because there's a different
9847740	9855220	kind of symmetry, which has nothing to do with gauging, called general coordinate invariance
9855220	9861100	or diffeomorphism invariance. So we make up a story to pretend that Einstein's theory can be
9861100	9867100	be gauged and it can't. And so now you have this weird question. Why did Ed Witten tell us that
9867100	9872680	the incompatibility between this, the standard model and general relativity, was that one was
9872680	9877460	fully quantum and the other never quite grew up and that we had to grow up general relativity?
9879080	9884240	So general relativity and the standard model have two separate attributes. Einstein could do two
9884240	9890420	things that the standard model cannot. These things are called contraction, where you take
9891100	9894340	on either side of a separating barrier called a tensor product,
9894600	9897860	and you get them to mate and pair off.
9899380	9903220	So he contracted the Riemannian curvature to get the Ricci curvature.
9903340	9905220	He contracted that to get scalar curvature.
9905400	9908440	He spun the scalar curvature around 180 degrees,
9908560	9911820	plugged it back into the formula, and got rid of this vial curvature.
9912160	9915440	Whatever that operation was, that was the central idea of general relativity.
9917780	9920800	There is no ability to take the full curvature tensors
9921100	9926800	occur in the standard model and break them up into components. You can't do this contraction game.
9927440	9931600	And the other thing Einstein had that the standard model didn't is that there's a central
9931600	9936060	reference object called the Levy-Civita connection. And there's no analog for that
9936060	9941080	in the connections that give us photons and W and Z particles and gluons.
9941080	9958460	So, in the case of the standard model, you've got, if my arm here is space-time, and this is the data of the particles, the data of the particles can move around without moving space-time.
9959140	9966880	In general relativity, if you think about this as the xy-plane, moving the x-axis affects the y-axis.
9967280	9967920	Okay?
9967920	9975180	Okay. The incompatibility between the advantages of those two different pictures, gauge
9976240	9981200	equivalence in the case of the standard model and contraction and a specified Levy-Givita connection,
9982240	9988240	that difference gives two sets of advantages to two different theories. Now my work,
9988300	9991480	the reason it's called geometric unity, nobody ever asked that question really,
9992380	9996700	is that I said, are there any places where you get to use the advantages of both systems?
9997920	10001900	And the answer turns out to be, well, certainly in general, it won't work.
10002960	10009340	But for some completely absurdly narrow class of theories, you get all the benefits of both systems.
10009880	10015300	And then you check the particle table of the standard model and you're exactly in that freak class.
10017280	10020360	So like, how can you not devote your life to that fact?
10020520	10021980	I just don't even understand it.
10021980	10031140	So that thing is having to do with the fact that we didn't gauge gravity properly.
10031380	10036580	And there's old work about this with Einstein and Cartan, with McDowell and Mansouri,
10037720	10041120	with a bunch of other people who've had versions of this idea.
10042000	10045040	But it all got blown away by quantum gravity.
10046300	10049280	Do you think that was by design or emergent?
10049340	10049940	Yeah.
10052000	10070440	It sounds insane to say by design, but let me give you something that is insane, although modern people won't see it as such. It is insane to spend 42 years under the spell of a group of people you call leaders who've stagnated a field.
10072500	10077620	in general you have to ask the question why is no one allowed to say
10077620	10082060	what is going on with david gross lenny suskin edward witten
10084640	10092300	andy strominger why are these people still our leading physicists i mean this program
10092300	10099780	failed it's not the first failed program we had a program associated with um with reggie called
10100440	10104880	calculus that was supposed to do great things and didn't work. There was a guy named Jeff Chu who
10104880	10110980	had a bootstrap program and the S matrix thing that didn't work. We've had lots of ideas that
10110980	10115400	don't work and it's part of the game. And it's not a question of these are bad people, but they
10115400	10124820	failed scientifically. We can't say that. We can't say that we are slavishly devoted to making sure
10124820	10129980	that we don't offend our leaders and we're going to insult everyone else. And literally,
10130440	10136200	going to professionally insult everyone who's been saying for 42 years, this is not sensible.
10136280	10142620	You saw what happened with Eric. I sort of had to say, you know, none of these ideas are remotely
10142620	10147900	plausible that you're exploring. It wasn't personal. It wasn't mean. He sort of said,
10147920	10153800	yeah, I know that now. But you can kind of tell at the beginning, none of this is going to work.
10154380	10167440	And so both in string theory and in what he's doing, which is accepting that craft exists and are retrieved and can do miraculous things and the constraints are he takes for himself.
10167580	10169680	I'm not going to challenge the standard model of general relativity.
10169960	10174640	What's the closest I can get to science fiction from known science fact?
10175500	10178120	And the answer is you're a million miles away, buddy.
10178220	10180600	There's no, you're not even, you're not in the right zip code.
10180600	10195380	Is your sense that there is a vital core that does have either geometric unity or some frameworks that are closer to ontological truth than general relativity in quantum field theory?
10195680	10206880	You can't ask me because my feeling is I wouldn't have spent the same 42 years on geometric unity if I wasn't pretty confident that this is right.
10206880	10210660	Right. Right. Okay. So, so then the question would be, do you think that somebody else
10210660	10216880	or some other entity on the inside of all of this, because what's interesting is you have
10216880	10223660	a similar thing going on in UFO world as what seemed to go on with Epstein, where you have this
10223660	10230720	bizarre telephone game of terms being, you have like in UFO world, it's like extended
10230720	10234400	electrodynamics and all these like weird frameworks that nobody knows how to define.
10234400	10256740	And then you read those Epstein emails and he's like, boost your physics. He's like, you know, time is actually just a function of the vibration of cesium atoms. And he's infiltrating the math department at Harvard and somehow has a lot of sway with these people and is speaking like a person who was maybe told some real stuff.
10256740	10259060	This is the thing that's very hard to convey
10259060	10262240	because particularly academics and PhDs
10263140	10266200	don't want to be conned at all costs.
10266780	10269080	My feeling is this is an extremely dumb way
10269080	10269760	to go through life.
10271560	10273640	You're going to be conned for sure.
10274740	10277200	Try to figure out who's saying something interesting
10277200	10278640	by listening.
10279960	10281580	And in my estimation,
10281940	10285320	Epstein was saying interesting things to me
10286980	10289460	that didn't originate from his mind.
10290360	10294240	It's like they've hired an actor to play a hedge fund manager.
10294500	10295900	I only met him once.
10296520	10299240	It was probably for about an hour or so.
10300200	10304040	But he was an absolutely terrifying person to encounter.
10305460	10307540	It would be surprising to me if I was alone,
10307820	10311180	in that I immediately had the suspicion that I was looking at somebody
10311180	10312160	who had been constructed,
10312160	10316820	rather than something that had organically arisen within the financial community.
10317220	10321040	It was like somebody who'd learned a phrase in a foreign language
10321040	10323640	and he was repeating it as best he could.
10324700	10329620	I don't think people really have a clear idea of how crazy that interview he gives to Bannon
10329620	10331300	or the media training he was doing.
10332000	10334940	He gets like eight things wrong in a row and people say,
10335020	10336000	well, Eric, you were wrong.
10336080	10338980	He clearly is a much better spoken, much more informed person.
10339680	10346620	So he founded the Santa Fe Institute in 1990 to 93 when it was founded in 1984 by other people.
10347860	10348780	So bizarre.
10349080	10358180	Or this was around the time that Murray Gelman was naming quarks from a poem when quarks were named many years earlier.
10358560	10361340	Says he was a good Wall Street trader because he had calculators.
10361480	10363940	We had Texas instruments back then.
10364400	10364960	Okay.
10364960	10368320	So this is what I saw with like Bob Lazar.
10368980	10372280	You know, Eric latched onto the fact that Lazar is lying.
10372560	10372920	Okay.
10372980	10373340	So fine.
10373420	10373840	He's lying.
10373940	10375420	It doesn't mean it's uninteresting.
10376020	10380460	Not only is it not uninteresting, but it's, I think it's simultaneously.
10380700	10388440	It's a little strange to say, I know that there is a long term legacy UFO reverse engineering
10388440	10393420	program than the one guy that comes out where I think a lot of his stuff checks, to be honest.
10393420	10402700	And I think you can easily character assassinate the person by saying, you know, he was involved in XYZ, but a lot of his details track.
10402700	10428480	My point is, assume that he's schizophrenic, assume that he's got delusions of grandeur. I don't know. I'd never had the thought before that the topological instanton sector of QCD based on the Pontryagin class could be transgressed to a Chern-Simon, and Chern-Simon is as close to Einstein-Hilbert.
10429860	10434800	um and i only had that because i was just so sickened by what lazar was saying as if he's
10434800	10440040	talking i'm going to explain the world to you kids and he starts talking garbage when did you hear
10440040	10444180	that and have this idea about the theta sector and then look at it it's an interesting question
10444180	10450720	rogue joe rogan who's you know a friend wanted me to sit down with bob lazar and you know i sat down
10450720	10456700	with terrence howard um and i have a great deal of fun with terrence and terrence and i get on
10458480	10466460	that. Um, but Terrence, you know, I, I was, I was praiseworthy in the one or two areas where
10466460	10470680	Terrence was doing something really new. And in general, I had to pour cold water on most
10470680	10475520	everything else he said. And, you know, that's the price of being taken seriously by somebody like
10475520	10482540	me. And in the case of Bob Lazar, Joe once said, let's sit down. Now I didn't, I wouldn't have
10482540	10487700	done the Terrence episode if I didn't have something to say, which Terrence, which is
10488480	10490920	is Terrence found one remarkable thing, at least.
10491740	10492480	He just did.
10492980	10495260	So with one remarkable thing, I'm willing to do it.
10495280	10496640	Otherwise, it's a character assassination.
10497640	10499680	I did not want to sit down with Bob Lazar
10499680	10501980	and do a character assassination.
10502000	10505160	Just characterologically, I don't like going after human beings.
10505220	10506280	I go after institutions.
10506840	10510500	Well, he would say these are frameworks that were given to him.
10510560	10513920	But he said that he was at MIT, let's say, the physics department.
10514640	10517080	So immediately, the problem is,
10519860	10520860	academic physics,
10521560	10522940	the world shrinks
10522940	10524540	to a tiny number of people.
10525200	10526140	And I don't think
10526140	10527080	that the outside world
10527080	10528300	either appreciates
10528300	10528980	one of two things
10528980	10530140	about frontier physics.
10531320	10533160	One, it's a tiny world
10533160	10534520	because it's so difficult.
10537520	10539980	And two, how vertical it is
10539980	10541260	in terms of human ability.
10541560	10542320	Did he say he was
10542320	10543400	in the physics department, though?
10543440	10544340	I don't think he did.
10544760	10545580	I don't think so.
10545660	10547320	I think Joe told me.
10547400	10548260	There's a statement somewhere
10548480	10550560	where he said he had physics at MIT and Caltech.
10550740	10553500	Going back to the early 90s, that was part of the early...
10553500	10558060	I think it was just MIT, but I think my read on it
10558060	10563900	is that MIT is a university-affiliated research center, UARC,
10564640	10566480	and they do spooky shit.
10567340	10571220	Well, Draper, for example, and Lincoln Labs...
10571220	10572220	MIT and Lincoln Labs.
10572480	10574940	Yeah, are different sorts of entities.
10574940	10581980	exactly you know so the issue is are you are you at at mit or are you really at draper or lincoln
10581980	10586480	yeah if you're talking to somebody from mit and lincoln labs you're not talking to mit faculty
10586480	10598120	i don't know but my sense is he was put there to work on um something defense related
10600060	10607700	again so like more like functional not high level theoretical but so you have you're asking me the
10607700	10612680	question how did i come to think about this thing from bob lazar yeah when did gravity so sounding
10612680	10619880	like in order in order for me to sit down with bob lazar according to my own rules for i don't hunt
10619880	10627180	human beings in general unless they hunt me or unless unless there's no other option i don't i
10628260	10629360	institutions that are failing.
10629460	10630280	I don't hunt people.
10630440	10631080	I just don't like,
10631100	10632360	I don't like the ethos.
10632740	10634960	So in order for me to come on with Bob Lazar,
10635080	10639140	I would have to find one thing credible in what he's saying.
10640360	10642160	So I went over it and I tried to say,
10642200	10643800	is there any way of making this make sense?
10644000	10645120	And originally I couldn't do it.
10645160	10646460	I couldn't figure out this gravity wave,
10646540	10650520	a gray gravity wave B because he and I would get into it and it would be a
10650520	10651060	very short,
10651520	10651880	brutal,
10653020	10653620	you know,
10653620	10655700	it would be Askren versus Masvidal.
10655880	10656640	I don't want to do that.
10659260	10662620	Um, and then I found that, and that was the thing that was going to allow me to sit down
10662620	10665380	with Bob Lazar is you could be saying something.
10666440	10668560	Problem is I don't think he'd be able to hang with.
10669220	10669620	Okay.
10669920	10671800	But it's a, it's a formal possibility.
10672000	10672380	Yeah.
10672460	10672600	Yeah.
10672660	10672800	Yeah.
10672800	10677980	I also don't think he would try as an author of the material to your point, he would convey
10677980	10680300	these are frameworks provided to me elsewhere.
10680660	10684400	He wouldn't try to take technical ownership of gravity, a gravity.
10684400	10704660	Well, the other thing is, is that I would say that even mathematicians and physicists really get this wrong. And the person who didn't get it wrong, bizarrely, was Jeff Epstein, which means that he's talking to somebody. In general, we do a bad job of counting the degree of a differential equation.
10704660	10720800	So if differential equations are how we tell how the world develops, the standard way of figuring out the degree of a differential equation is saying, take the fields that are in it and count the maximal number of derivatives that are taken of those fields before you get to the equations.
10722500	10729800	And that would say that the Einstein field equations are second order and the Maxwell's equations are second order.
10730360	10736060	There's a different thing you can do, which is you can say, okay, in fundamental force law,
10736280	10742000	first spot the curvature tensor, and then tell me how many derivatives I take of the curvature
10742000	10748380	tensor. In that case, those are no longer the same. Einstein's theory would be zero with order
10748380	10753420	in that way of writing it, and Yang-Mills theory would be first order, because you take one degree
10753420	10758460	in Yang, one differential in Yang-Mills theory, you take zero difference, you just do
10759960	10762820	to the curvature tensor in general relativity.
10764260	10767620	So I don't think most people realize
10767620	10771340	the extent to which the Chern-Simons and Einstein-Hilbert
10772080	10774980	are basically playing very similar roles
10775740	10777040	in the two theories.
10777160	10779600	One of them is Ramanian, one of them is Erismanian.
10781400	10783340	And the key features,
10783540	10786960	they're both zero with order in the curvature
10786960	10788720	when you take the Euler-Lagrange equation,
10790400	10798280	do. That thing, that property, means that there's a very strong tie, which is more broadly accepted
10798280	10805600	between Chern-Simons, which currently lives only in dimension three in its most strict sense,
10806200	10812800	and Einstein-Hilbert, which can live in any dimension. So, you know, look, there's a hope.
10812920	10819400	I just don't think that most people think about geometric physics in this way.
10819800	10821240	Well, interesting connection.
10821660	10824880	Chern-Simons is named after who and who?
10825620	10827980	S.S. Chern and Jim Simons.
10827980	10828740	And Jim Simons.
10828740	10832940	And that takes us back possibly to Renaissance technologies,
10833980	10838540	what has the largest concentration of differential geometers in the U.S.?
10838540	10843860	Well, that's, so look, I more or less accused Jim Simons of this shortly before he died.
10845580	10846800	And I told him.
10847540	10849560	I mean, it was very collegial and very positive.
10849800	10855680	But I said, you do realize that you have the closest Lagrangian to Einstein-Hilbert.
10855780	10858300	We don't usually talk about Simons versus Einstein.
10859240	10860160	What did he say?
10861440	10864000	Well, then we have this completely bizarre interchange.
10864280	10865740	So he wants me to tell him more.
10865920	10879100	So I explain that essentially in dimension three, your object, which is actually a transgression misinterpreted as an action or a Lagrangian,
10880260	10884640	has the closest thing to the characteristics of the Einstein-Hilbert action,
10884740	10888260	which is the integral of the scalar curvature integrated over the spacetime manifold.
10889020	10895660	And I said, in dimension three, you don't have any vial curvature to get rid of
10895660	10897680	the way Einstein had to get rid of the vial curvature
10897680	10901940	and discard it as he filleted the rest of the Riemann curvature tensor.
10901940	10912220	answer and you you don't have the gauge um benefit of your action you churn simons in
10912220	10918260	the einsteinian case but otherwise they're extraordinarily similar did you know that
10918260	10925760	they're both inside of a parent theory and the parent theory combines einstein hilbert
10925760	10936820	and churn Simons and new stuff. And that's what geometric unity does. Geometric unity gauges
10936820	10945860	gravity effectively and gives you contraction. So you're both contracting and gauging,
10945860	10950260	which you're not supposed to be able to do under most circumstances. And I said,
10950260	10956120	you're going to have a role in life that is much closer to Albert Einstein's when this is all done
10956620	10961360	not that not that you're making an Einsteinian discovery but the thing that will replace
10961360	10969800	Einstein will also explain the work that you did and he said this is unbelievably fascinating you
10969800	10974720	have to come to State University of Stony Brook to the Simon Center for Geometry and Physics
10974720	10977020	and spend a year and teach us this.
10977620	10978100	Whoa.
10978360	10985440	So I said, okay, I'm moved, but I would like nothing better.
10986060	10989840	I said, you're just going to have to understand that I have a family
10989840	10994160	and I have a son who's finishing his last year of high school.
10994920	10997840	So I'm going to need a little bit of help with the heavy lifting
10997840	11003040	of relocating the family for a summer, for a year at a time
11004720	11012420	board a lot of tumult and he looked at me and he said okay well do you have any idea where you get
11012420	11023720	the money isn't he worth 20 billion dollars plus what at that time yes that's crazy and i i looked
11023720	11024160	I looked at him.
11025260	11026600	I couldn't parse it.
11030520	11032180	It just doesn't add up.
11033180	11034140	So strange.
11034480	11038460	Did you, I mean, you just didn't want to grovel at that point and you kind of.
11038460	11039300	Well, I'm not going to grovel.
11039480	11039700	Yeah.
11039820	11041160	And that's so crazy.
11041360	11046520	Did you get the vibe that he was generally, genuinely hearing about this technical detail for the first time?
11047200	11050060	This is the first of two meetings that sound like this.
11050060	11060360	The first time I had a meeting with him, I spent three hours with him going over a gauge theory of modern economics.
11060620	11062400	Now, he happens to be married to an economist.
11062620	11064060	He obviously works in the markets.
11065040	11073800	And gauge theory, just so it's not thought to be intimidating or too cool for school, is really just differential calculus done correctly.
11074600	11080720	and unfortunately we call it gauge theory and we only teach people who are very high up in pure
11080720	11085800	mathematics or theoretical physics nobody else learns gauge theory we should teach gauge theory
11085800	11090980	in high school it's just it's an indispensable way of looking at the world and it's just
11090980	11098480	differential calculus done right so in economic theory there was a thing called the marginal
11098480	11104340	revolution, which Tyler Cowen borrowed for the name of his blog. And that was the penetration
11104340	11114260	of the differential calculus into economics. So what I did together with Pia Milani was to show
11114260	11121680	that modern neoclassical economics is a self-evident gauge theory at multiple levels.
11122380	11128080	And that was not taken well by the Harvard economics department, particularly by one man
11128480	11134220	Dale Jorgensen, who was the chairman of the department, and basically went nuts trying to
11134220	11140420	make sure that my wife was unemployable. And the reason that he did that is that he was tasked by
11140420	11150620	Senators Bob Packwood and Daniel Patrick Moynihan with pretending there was a 1.1% overstatement
11150620	11158320	in the Consumer Price Index to transfer a trillion dollars because all tax receipts
11158320	11167100	and all social security payments are indexed. So tax brackets and you can raise taxes and
11167100	11173040	slash benefits both at the same time by making a technical adjustment in inflation. You'll notice
11173040	11176540	that many of us are experiencing inflation that's not fully reflected in our statistics.
11176540	11201080	So there was a crime going on, which the Boskin Commission was committing against the American people by putting in a 1.1% overstatement in the CPI by hand at the same moment that Malani and myself were showing the economics as a gauge theory. And there's a completely different way of looking at this. And Jorgensen didn't want any competition.
11202960	11227400	So anyway, I talked to Jim. Jim said, look, this is amazing. I've never thought about this, but you're right about bundle theory and derivatives and projection operators. I said, well, you have to ask your question. Your returns are so off the chart. You have to have some explanation for why you're able to do this much of a better job.
11229400	11234240	and I said are you are you using this your wife is an economist you're a differential
11234240	11240680	geometer you're in the same situation I am did you get here first he took a drag on a cigarette
11243180	11248260	it's a very long pause he said Eric if you knew how he actually made money you'd be so disappointed
11248260	11258520	disappointed what do you think you meant by that you can imagine i have no idea but there's
11258520	11264960	certainly look so far as i know i'm the first person because i come from a math physics
11264960	11270800	background to say i'm not really positive that this thing is just a hedge fund the returns are
11270800	11276440	too impressive you know they're like north korean returns and then the dear leader you know ascended
11278260	11284160	most beautiful symphonies before descending on a winged unicorn it's like in the early 2000s
11284160	11290900	i didn't believe the following four funds bernie madoff renaissance technologies
11291960	11299920	d.e shaw and jeff epstein why d.e shaw it was a strange thing that i knew people who worked there
11299920	11304960	they were so highly compartmentalized that they basically had the sense of they had no idea
11304960	11307400	how the whole thing worked.
11307840	11310380	And so it had, as you know,
11310480	11314700	there is a very strange property of government secrecy,
11314720	11317060	which is the only thing people really trust
11317060	11319300	is compartmentalization and stovepiping.
11320740	11323920	The general belief is that people will always talk
11323920	11325600	and you have to have the people sharded
11326240	11328980	with enough granularity that nobody can put together
11328980	11330120	what's actually going on.
11330240	11332800	Do you think, because, I mean,
11332800	11339020	I mean, Brookhaven National Labs is the site of Cosmotron, which is the largest particle accelerator in the U.S.
11339400	11340000	It is.
11340280	11341040	Do you know that?
11341300	11341780	No, I didn't.
11341800	11342000	Yeah.
11342060	11343400	I thought Fermilab would have been.
11343480	11344200	No, it's interesting.
11344380	11344820	Yeah, yeah, yeah.
11344840	11350800	So they're doing, you know, they have a particle accelerator that's, you know, pretty powerful up there.
11351100	11358660	They have Stony Brook, which, you know, is definitely punching above its weight class when it comes to physics, which has some interesting also.
11358920	11359500	Particularly mathematics.
11360500	11361300	Particularly mathematics.
11362800	11368380	interesting architecture up there as well that you've noted. And then you have this fund,
11368420	11372700	which seems to get 30% year over year, no matter what, you know, up years, down years,
11372900	11379400	you know, it's just always sort of, you know, performing at the same clip. And I guess my
11379400	11384540	question would be, do you think this was sort of a slush fund for secret science?
11386300	11392620	I think it's not irresponsible. You know, my thing about responsible conspiracy theorizing,
11392800	11405180	which is that you go back in the history of actual conspiracies and you say your new thought about a conspiracy should be within a standard deviation or two of something that's known to exist.
11406280	11426140	So if you take Los Alamos as a good example, you have a protected campus and compound. You have top math physics talent. You have duplicitous filings.
11426140	11442520	For example, they didn't want people to know that plutonium and uranium were the two main radioactive elements that they were focused on, so that I believe Harold Urey may have been sent to promote others. They didn't want people realizing that it was as easy as it turned out to be.
11442520	11453600	So there was a lot of disinformation scientifically because you had to explain why you have all of this focus on chain reactions and then suddenly interest just stops.
11454880	11455520	Okay.
11455880	11470560	So my claim is that if you believe that Los Alamos exists, and if you believe that the Rad Lab exists, the radiation laboratory at MIT, and you believe a bunch of these things, it is not hard.
11472520	11478280	like dummy companies and shell companies, like Southern Air Transport or Air America, you know.
11482700	11489600	That's not the problem. The secret squirrels in Washington, D.C. don't want smart Americans
11489600	11494760	turning this into a parlor game. So they've decided that, okay, we're going to spread one
11494760	11500840	idea, which is that everybody who speculates about the secret world is a loser. There's only
11502520	11510860	world is that you're fucking stupid. Right. And I really despise this. So what I said was entirely
11510860	11517840	responsible. Uh, if you were trying to call the national security agency, no such agency back in
11517840	11524320	the day, that would be bad because I would say, tell me where number theorists go who don't get
11524320	11529820	academic jobs and let's map the, uh, the zip codes. Oh, look, there's this little cluster.
11530620	11556660	I don't know, Maryland or Delaware, wherever it is, you know, and you'd find Fort Meade. Okay. Well, there's a cluster of Renaissance technologies. Yes. You know, so are you actually, I'm not telling you what's in it or not. I'm telling you, if, if somebody told me tomorrow, there is a Manhattan 3.0 and it's about gravity and UAPs and post-Einsteinian engineering.
11556660	11564340	engineering, where is its brain trust? With 95% confidence, I would tell you it's Renaissance
11564340	11573240	Technologies. On the other hand, if you asked, is there such a program? I don't know that my
11574440	11577940	confidence would be so high. If there is a secret program, I'm pretty sure it's Renaissance
11577940	11584160	Technologies. Some percentage times 95% or something. Well, that's the thing. It might be,
11584160	11594400	it might well not be but you know if you asked me um hey tell me what are feinman beta uh john
11594400	11601560	von neumann doing at a boarding school at a boys school in the new mexico uh wilderness
11602820	11608640	i'd say that's a really strange place to find those guys yeah it's an odd concentration yeah
11608640	11614500	the country's top physicist. Oh, well, they're investing in secondary education for young men
11614500	11623320	because they have self-image issues. Okay. Exactly. Well, you also, you know, you've noted that
11624200	11628080	where this isn't even something you've noted. This is something, you know, in the age of disclosure
11628080	11634000	or, and by the way, this movie came out and you have DNI level people, you have James Clapper,
11634000	11634940	you have Brennan.
11634980	11635420	Wait, wait, wait.
11635420	11635740	One second.
11635900	11636940	I just want to say this thing.
11637040	11637200	Yeah.
11637300	11638640	I don't want to speculate
11639400	11640780	against Renaissance technologies
11640780	11642440	if they're just really good
11643820	11644220	traitors.
11644320	11644920	In other words,
11644920	11646140	I'm not trying to bring
11646940	11648260	darkness to their door.
11648860	11649860	But if we're going to play
11649860	11651160	this cat and mouse game
11651160	11652280	about what's true
11652280	11653020	and what's real,
11653120	11654740	and I'll just get very,
11655860	11657140	very pointed about it.
11659320	11661140	Do not mess with your expert class.
11664260	11674500	The current strategy of dealing with the expert class who's not read in to whatever this is, is to just pretend that we're all incapable thinkers.
11676220	11678980	That we've got some personal problem that we're working on.
11681140	11685480	I want to terminate that program with extreme prejudice.
11685600	11689980	You do not go after your expert class because you were dumb enough not to read them in.
11691200	11693780	And then they figured out something of what you were doing.
11694680	11698200	Yeah, I don't know the specifics, but I'm not stupid.
11698520	11707960	Well, the other issue with the way things have gone, if we take Eric Davis at face value on there being no physicists in this vital secret core program.
11708180	11710300	How did you react to that, Jesse? Let me turn it around.
11711660	11715140	It's crazy. I mean, it's outrageous.
11715140	11724360	outrageous. If that is the case, it's extremely irresponsible and it's not being run well at all.
11724500	11731960	It makes no sense. Why would you be operating within a boundary that has been set? Historically,
11732160	11739240	you have every century or two centuries, you have an overturning of our physical model of reality.
11739240	11757140	And if you're telling me that you are getting slag, disks, you know, whatever it is, material that you are saying, you know, with 100 percent confidence is not ours because it's been atomically bonded or has isotope ratios with heavy elements or any of the stuff that we're hearing before Congress.
11757220	11767840	A lot of these guys saying. And then you were saying, but we're operating within the bounds of the constraints that we've set on ourselves in this century.
11769240	11770620	It makes no sense.
11770720	11771000	It's absurd.
11771000	11772180	I'm following my contract.
11772480	11773760	It's like, this is nonsense.
11774060	11774600	No, no, no.
11774680	11779380	And everybody repeats this as if they're...
11780600	11782720	I mean, it's like if you gave the excuse,
11782860	11784960	well, no, because it's Wednesday every week.
11785780	11787040	And everybody said that.
11787080	11788580	You sort of get a nerd to it.
11788620	11790840	But then you realize, yes, there's a Wednesday of every week.
11790880	11791880	It had nothing to do with anything.
11792060	11795420	You have to be highly disagreeable to basically say,
11795540	11798260	you know, Eric, what you just said, no offense.
11799240	11805140	sense at all. And what's so weird about it is I'm cynical. I think, I think national security runs
11805140	11809220	the day on all this stuff. And so once something makes sense from a national security standpoint,
11809380	11818080	it just happens. And so if this were this grave national security issue where you think you might
11818080	11824200	be able to do anything with any of this material, obviously you'd put your best and brightest on it.
11824200	11829640	obviously the stove piping of it would be an immediate urgent issue that you would
11829640	11835000	or you put the best and the brightest on top of the stove pipe system which is what we did at
11835000	11844240	los alamos the white badges look man we have cowboys still it's no tracing physics yeah
11846580	11853420	you're castrating the people who can do this work well that's that's the other you know thing which
11854200	11862800	is even worse than the program being dysfunctional is you have this narrative of in UFO world of,
11862980	11868660	you know, restricted data and all of this stuff getting relegated to, you know, your Lockheeds
11868660	11874900	and Northrop's and aerospace contractors, because if they retrieve a thing, it's born secret under
11874900	11880660	the atomic energy act of 1954. And this is, you know, it's sort of DOE jurisdiction, right?
11880660	11898420	Right. Then you end up with, you know, 1980s, 1990s world where, you know, not only is that the you know, whatever program is going on there seems to be sort of inert and neutered and not particularly impressive.
11898420	11900900	all the stuff we're talking about right now.
11901880	11907300	But you end up in a world where DOE security is so lax
11907300	11912540	that Epstein can move to Zorro Ranch
11912540	11917220	with the explicit intent of being near retired Los Alamos physicists
11917220	11919640	so he can gain knowledge.
11919640	11921240	You saw that clip I broke out.
11921340	11921960	It's insane.
11921960	11923120	I broke it out for a reason.
11923420	11924720	Nobody around me.
11925440	11927220	They're going right through that clip.
11928420	11933080	ranch in New Mexico in 1993. So that gives you some sense. So I would have funded it
11933080	11943000	in 1990. Los Alamos, which was the high energy lab up in New Mexico, was losing all its scientists.
11943540	11949620	And Los Alamos was where Oppenheimer and where a lot of the nuclear weapons program, the
11949620	11950980	bomb. That's where the Manhattan Project.
11951340	11955940	Manhattan Project was at Los Alamos. And you bought your property out in New Mexico to
11955940	11959640	to be near that? Yes, because the scientists who are going to be, they cut the funding
11960040	11966120	for high energy physics. Look, I'm just going to be more forthcoming. I have had a thankless job
11966820	11970100	of saying the strength theorists are horrible. Get them more money.
11972240	11976520	People wonder, like, it doesn't make any sense. And now I'm going to spell it out because
11976520	11981900	Epstein said the thing that I was trying to, I was trying to be Straussian about it and sort of speak
11981900	11990420	so that it's not evident. He was listening. At the end of the Cold War, you fucked over
11990420	11999280	your physicists. Who thought this up? How dumb are you? How dumb is the United States of America?
11999560	12007740	I just don't grasp it. On October 30th, 1993, President Clinton signed into law the death
12007740	12009980	to the superconducting supercollider.
12010580	12013380	You have all of these deadly ninjas running around.
12013580	12014440	Tell me something.
12014620	12018760	Who were the first people the Israelis killed in Iran when they went in?
12019980	12020940	Nuclear scientists?
12021180	12021660	Yeah, physicists.
12023340	12025120	The Iranian Leon Ledermans.
12025500	12025980	Yeah.
12027920	12030140	Now, I was not happy about that.
12030660	12033200	You know, my feeling is don't shoot us with the piano players.
12033520	12036380	But the Israelis made a decision that the first thing you do
12036380	12037180	is kill your scientists.
12038320	12044720	the thing here is, if you look at the scientists, they look like a joke.
12044940	12048340	They're playing around with toy models, lying about all the progress they're making.
12049220	12053780	And my claim is, is that until you pay these people, until you stop making them afraid,
12053920	12059760	until you remove your hands from around their throats with their grants and their respectability,
12060520	12065000	you're not going to get any physics. So the alternate interpretation of this,
12065000	12069700	and I hate to say it, is that somebody soft-sunsetted
12069700	12072520	the world's most vital intellectual community,
12072700	12074720	which is frontier theoretical physicists.
12075300	12080900	And basically these people are now kind of almost buffoonish.
12081080	12083560	The Epstein thing is a giant tangle.
12083680	12089740	And I'm just going to say more because I said it before this last tranche.
12090640	12092920	Epstein was running many different programs.
12092920	12095380	It wasn't even Epstein probably running it.
12095400	12099960	So call the name of the organization or the project or whatever you want to call it, Jeffrey Epstein.
12100100	12105060	But that does not mean that it was Jeffrey Epstein.
12105220	12106360	He was not a policymaker.
12106800	12108280	I don't know who he was.
12108460	12116320	And one of the things about responsible conspiracy theorizing is that you don't constantly answer the question, well, if not X, then what?
12116440	12116800	Why?
12117080	12117460	No.
12117780	12118640	I don't know.
12118860	12120080	Get used to I don't know.
12120140	12121720	There's a lot of I don't know in the story.
12122920	12130260	And I don't think he was running the Jeffrey Epstein special access project or whatever it was.
12130920	12134160	If it was in the U.S. government, it would be a special access project.
12134220	12134520	Clearly.
12134680	12134900	Yeah.
12137080	12138680	Somebody was running that thing.
12139120	12142200	They hired the wrong actor because he wasn't that great of a friend.
12143920	12146860	Many different things were going through it at the same time.
12147100	12149700	So that plane of his is not the Lolita Express.
12149700	12155020	Express. It's the plane that belonged to the project. And it ferried different people for
12155020	12160480	different purposes. And that island is not Pedophile Island. That island may have had a
12160480	12165500	tremendous amount of pedophilia and horrific things going on, but it's simply a container
12165500	12171960	for whatever was going on through this project. So now you have the question about to what extent
12171960	12176220	were the scientists implicated? To what extent was Jeffrey Epstein doing one thing saying he
12176220	12190420	he was doing another. So let me, um, the department of energy has counterintelligence, uh, assets
12190420	12199040	and directives. You're not supposed to let a super rich guy with no ostensible means of
12199040	12206900	of achieving his fortune by an enormous ranch, a stone's throw from Los Alamos, with the intention
12206900	12213720	of talking to high energy and weapons physicists at the end of the Cold War as they lose their
12213720	12222180	funding. Who blew this? And who blew the fact that in the entire released information,
12222180	12229900	information this is the first thing i i found you know i was looking for this which is the guy set
12229900	12238520	up listening posts he had another listening post called one brattle square where's that it's in in
12238520	12246840	cambridge massachusetts 02138 so let me explain let me spell this out for the kids at home
12252180	12256960	The analog of Los Alamos is the Harvard Math Department.
12258580	12267040	The analog of nuclear and theoretical physics and high-energy physics is number theory.
12269140	12275600	The benefits of knowing about this, in New Mexico, it's weapons.
12276580	12279160	In Cambridge, Massachusetts, it might be cryptography.
12282260	12284800	In New Mexico, you work with Murray Gelman.
12286140	12289260	In Cambridge, Massachusetts, you work with Martin Nowak.
12291300	12295280	Your base of operations in New Mexico is called Zorro Ranch.
12297620	12302060	In Cambridge, Massachusetts, it's called Office 610 at One Brattle Square.
12307960	12309960	I have no idea what we just did.
12312180	12334820	But whoever is supposed to be smart enough to protect our crown jewels has to recognize that just because the thinking is that he was going to make a baby manufacturing facility at Zorro Ranch and that he was doing evolutionary dynamics at Harvard, I see no reason to think that those aren't cover stories.
12334820	12343420	well what you just articulated i think only a specific milieu of people could even strategize
12343420	12349700	for like clearly epstein himself wasn't making that calculation listen to what bannon asked
12349700	12357820	epstein he said so wait a minute you bought this ranch uh and you founded the santa fe institute
12357820	12358840	Yeah, around 1993.
12360200	12362120	Okay, who founded the Santa Fe Institute?
12363200	12364520	Not Jeffrey Epstein.
12364680	12365860	What year was it founded?
12367000	12367560	1984?
12370420	12373960	Then he says Murray Gell-Mann, at the time that he founded,
12374120	12376540	that Jeffrey Epstein founded the Santa Fe Institute,
12376700	12377740	founded, I'm not sure.
12378180	12383100	He did give money, but he's not behind the Santa Fe Institute.
12384320	12388220	he says murray galman was working out the word for quarks
12390400	12396200	around then quarks were named much much earlier he has no idea what he's talking about right so
12396200	12400940	there's some telephone game at play yeah and he says you know quarks had a certain they had color
12400940	12410020	they had flavor they had a charm he says nobody knows what these things mean okay yes uh su3
12410020	12418640	flavor was a failed scheme for lumping the up, down, and strange quarks into a multiplet
12418640	12426340	in complex three-dimensional space. Charm and strange are the names of second-generation
12429120	12435460	quarks. QCD, we very well understand what a lot of it means because in part,
12435460	12441080	It has this property of asymptotic freedom so that it becomes a free theory.
12441440	12446680	It's the only theory we have that's physical that extrapolates all the way to the Planck level.
12448180	12450440	This guy had no idea what he's talking about.
12451360	12454240	He didn't have an idea what he was talking about in currency trading.
12455040	12459400	And yet he knew to infiltrate Harvard's math department.
12459660	12460700	Or somebody did.
12460980	12462060	That's what I'm saying.
12462500	12464600	Somebody behind him knew that.
12465540	12470980	because what you just articulated about particle theory and number theory and those two places.
12470980	12475540	But nobody's thinking number theory because the emphasis is on the program on evolutionary dynamics.
12477600	12479780	Martin Nowak doesn't know anything about number theory.
12482500	12487060	My claim is that who started the program on evolutionary dynamics?
12488340	12490960	A different guy named Dick Gross, who was a number theorist.
12490960	12498340	and harvard references an imaginative proposal by benedict gross and jeffrey epstein
12498340	12508080	oh so his initial contact was a number theorist how interesting so strange and then he's you know
12508080	12516460	he's funding joyito and this uh you know bitcoin initiative well that's about crypto
12518740	12527260	I'm just saying, look, I don't know what happened, but I hate saying it this way.
12527340	12528780	Are there no smart people?
12531580	12536400	Like a hundred of my friends in mathematics and physics should be on this thing.
12536680	12543900	And they've, they've got everyone scared that to utter the words that are obvious to any one of us.
12543900	12549060	like why why were all of these super smart people hanging on jeffrey epstein's every word
12551240	12558180	so weird well no it's not weird have you ever noticed how interesting astrology becomes when
12558180	12566280	it's explained to you by a woman in a really low-cut dress right suddenly it's like virgo i
12566280	12567200	I never knew that.
12567460	12567980	Wow.
12569060	12570220	Oh, retrograde.
12570260	12571560	That makes everything make sense.
12572100	12575320	When rich people are around you, it has much the same effect.
12576520	12582100	People blow smoke up rich people's backsides all the time.
12582340	12584620	That is so insightful.
12585080	12586820	That's what all these people were doing.
12586940	12592900	We're all starved for funding because the Vannevar Bush arrangement has been welched upon.
12593800	12606800	And so you've got all of these starving ninjas who have skills that are pretty advanced and dangerous fawning over this crazy guy because he's got an island and a jet.
12608740	12617200	Where do you think, moving on to higher ground, where do you think all this UFO stuff goes?
12617200	12643040	Because you have more official disclosures at a very high level going on than ever. You have rumors of Trump saying things. You hear smatterings of people, at least peripheral to the admin, pretty interested in the issue. Donald Trump Jr. interviewed Ross Coulthard last year, you know, who's a UFO investigator journalist.
12643040	12647360	journalist. Do you remember how Trump wanted to get to the bottom of the Epstein files?
12647920	12656260	Yep. You could forgive me for wondering what happened to that zeal. Do you think the same
12656260	12661640	thing will apply to secret physics? This is what people don't understand about Washington, D.C.
12662620	12668000	You have all sorts of people who don't understand what Washington, D.C. is or how it works,
12668540	12670860	who outside of the Beltway form beliefs
12670860	12673600	about what they're going to do once they get to Washington.
12674240	12676400	And they change almost instantly.
12678900	12682760	Well, it's like the drain the swamp guy
12682760	12685680	turns out met his wife through Epstein.
12685960	12690140	You know, it's this thing where I think in that world,
12690940	12692980	everyone got tagged.
12693280	12695440	And so maybe this is the same thing
12695440	12696740	that goes on with the UFO stuff.
12696820	12697300	I don't know.
12698000	12702380	But like there's something that will cause you not to want to reveal.
12702500	12703080	Right.
12703180	12708700	Like it's somehow Trump gets implicated in the UFO thing in some weird way or.
12708760	12712580	Or it's insanely lucrative to control instead of to disclose.
12713020	12713440	Sure.
12713460	12714080	It could be that.
12714160	12714560	Yeah.
12714640	12718900	Or maybe the idea is that whatever this information is.
12720200	12727640	Assume it's the cover story for a weapon system that is easy to create and completely dangerous.
12728000	12732280	I keep giving the example of a thing that doesn't exist.
12732560	12744560	And the thing that doesn't exist is an energy beam that can be focused on the opposite side of the planet at any particular latitude and longitude that you give it.
12745080	12750740	So you point a mythological gun into the ground in a particular direction.
12750760	12757640	You calculate the effect of the earth on the beam that you, and then you vaporize it.
12758000	12762760	somebody's cell phone cord and suddenly that person is no more this is like a scalar weapon
12762760	12767820	in the ufology i'm not going to talk i don't garbage stuff i'm just to say imagine that this
12767820	12774400	existed right so you know that you can transmit energy and hurt something and you know that you
12774400	12778740	can transmit neutrinos through an entire planet and they'll go through you just don't know how
12778740	12785400	to recombine neutrinos on the other side right so you know it's theoretically i don't want to
12785400	12790020	get into it, just trying to say, imagine you have some imagination. You say, if I can have a beam
12790020	12794760	of neutrinos because I could direct a charge particle and then I get a decay and that gives
12794760	12799100	me the momentum in this particular direction, now can I refocus the neutrinos and get them to
12799100	12806020	convert on the other side? Is there any way to induce that? That's a theoretical idea. I don't
12806020	12814420	see any way of doing it. But what if you had such a weapon and it was easy? Now you'd say, okay,
12815400	12817840	that everyone on Earth can build their own
12817840	12820780	and just point it and vaporize stuff,
12822180	12823240	that'd be terrifying.
12823780	12827040	What if you could unhook the true vacuum
12827040	12828500	of the Higgs field
12828500	12830500	and get some kind of vacuum decay?
12830580	12834960	We don't know whether hidden in physics
12834960	12838840	are powers so vast
12838840	12840980	that anybody who sees what could happen
12840980	12842300	keeps their mouth shut.
12845440	12846380	We just don't know.
12847180	12852220	Now, the one thing that I believe, and again, you guys don't have to believe it,
12852780	12857800	but I believe that if geometric unity is as rich as I say it is,
12857820	12858900	it doesn't even have to be correct.
12859300	12860540	It just has to be rich.
12862620	12866940	It is inconceivable to me that there is no interest in it
12868140	12872360	from the very people who funded my education.
12874060	12879560	the office of naval research funded my graduate education and the national science foundation
12880300	12887600	founded uh funded my post-doctoral position and i believe i was put on a department of energy grant
12887600	12893260	which is very unusual for a mathematician because is it where singer had one none of those people
12893900	12900320	have any interest whatsoever in what i'm saying which is fascinating because even if it's wrong
12900320	12906580	I wouldn't take the chance. It's a studied level of disinterest that doesn't really add up.
12907300	12910720	Like I can tell you lots of people whose theories are almost certainly wrong.
12911620	12916100	If I were the government, I would want to keep tabs on every last one of the competent people.
12916680	12920480	It doesn't matter whether they're wrong. They're just dangerous. What if they're right?
12921880	12925660	Do you have a mental model on why this stuff is coming out more now,
12925840	12929000	post 2017, this New York Times article?
12930320	12932880	There was a regime that is breaking.
12934420	12937160	Like, I was thinking about posting an interview
12937160	12939640	between Brian Greene and Ed Whitten
12939640	12942640	that was done recently without editorial
12942640	12946460	just to indicate how crazy
12946460	12948960	the level of string theorist madness is
12948960	12952000	because it's, you know, this phrase in Latin,
12952180	12954600	res ipsa loquitur, the thing speaks for itself.
12955000	12958960	I don't have to throw pot shots at it.
12960320	12970220	And the claim that, you know, string theory is about to figure it all out is a joke in and of itself.
12971100	12980260	So imagine that that was the cock blocking mechanism to keep people from doing, you know, dangerous physics work, as per Andreessen and Horowitz.
12981920	12982980	It's expiring.
12985580	12992080	and i think that a lot of things are happening right now because the old order that was set up
12992080	12997600	to manage all this is two generations three generations out from the architects we have
12997600	13004740	these genius administrators like vannevar bush and they set up these structures and the structures
13004740	13010140	work pretty well but then they didn't pass the knowledge of what the structures were and how all
13010140	13015140	all these tacit understandings and cryptic arrangements worked so that the modern people
13015140	13018280	who've inherited the structures basically don't even understand what they're for.
13019540	13025360	You know, I talked to the provost of a UC university, a major research university. He had
13025360	13031900	no idea how the laws had been changed to secretly benefit universities for doing particular kinds
13031900	13037740	of work. So very often what happens is that the architects die and they leave a zombie.
13038460	13040520	We seem to be in a zombie era.
13041440	13042980	It's a little cargo cult.
13043160	13055840	And then you probably have people at the top freaking out saying we need to get in front of this and actually reorganize as our multipolar nuclear world gets more and more hot.
13056720	13060640	But how strange that you can't talk to your own top people.
13061620	13062520	Yeah, it's weird.
13062520	13071220	And as it pertains to legacy program, the people at the top panicking might also be disappearing such that awareness of the problem could be dying.
13071220	13099480	Well, I'm explaining modern UFO disclosure through this idea of, you know, national security that we would we would actually try to get this stuff out. But yeah, it is this weird cloak and dagger tongue in cheek sort of like it's not over at all. It's still like like even, you know, you mentioned this sort of, you know, theoretical directed energy weapon where you could take anybody out remotely in this perfectly precise way across the world.
13101220	13105800	part of the age of disclosure, Eric Davis says in 1989, we should have brought this up with him,
13105840	13113080	1989, the Soviets engaged in a UFO crash retrieval where they were able to derive
13113080	13121040	a directed energy weapon from this particular craft. And that's a fascinating claim, right?
13121140	13125240	Like, I don't know what to make of that. You know, how do you know that? A, B,
13126240	13135840	So you are saying some of this stuff is functional and it works its way into weapons that we now know the Department of War are scaling up publicly.
13137300	13145580	And so this whole idea that we haven't made any progress is actually kind of bogus, but it's being used in these extremely dystopian ways.
13146960	13149480	Okay, but let me just ask.
13149480	13155260	ask how do we reconcile the fact that all three of us have talked to so many people
13157580	13160220	which can't all be lying about what they're saying it's just
13160900	13162960	i see no world in which that's possible
13165420	13167260	and nobody has any firsthand
13170760	13176100	incontrovertible stuff that would make this a done deal it does weirdly feel like the epstein thing
13177360	13182900	you know how is it that there is either a lot of people are implicated that are publicly appearing
13182900	13186900	around this topic who are talking about it and they're implicated but they don't want to say
13186900	13192100	they're implicated or the tip of the iceberg doesn't look like the rest of the iceberg and
13192960	13199760	intentional vagueness is being used with words like crash retrieval and biologics and i don't
13199760	13204700	err on that side of things given how just how high up the people are saying this stuff how
13206100	13208320	The circumstantial evidence seems to be...
13208320	13208360	It's overwhelming.
13208760	13209260	It's overwhelming.
13209860	13212280	But you have to think probabilistically.
13212580	13216260	And I always try to put a healthy check
13216260	13218900	on people who are hardcore in UFO world
13218900	13222820	who are sure about discrete org charts
13222820	13224520	in the reverse engineering problem.
13224640	13225920	How can you be sure of anything?
13226260	13229180	I think you have to think probabilistically
13229180	13230020	about all this stuff.
13230140	13231880	This is not the most imaginative solution,
13232100	13234860	but another alternative to reconcile that fact
13236100	13237040	and they are firsthand.
13237260	13238200	Well, that's what I was just saying.
13238320	13239560	Because that's the red line, maybe.
13239700	13240960	I think they're telling stories
13241460	13243400	that are like more than one
13243400	13245940	about what could be going on
13245940	13249580	so that we don't get committed to one.
13249780	13250060	Yeah.
13250060	13250700	Excellent idea.
13250760	13254940	So I think the taking everything at face value story
13254940	13258900	is that there is this decades long
13258900	13262280	UFO crash retrieval and reverse engineering program.
13262760	13265340	It probably existed prior to 1933,
13266100	13272220	became formally instantiated in the 33 Magenta crash in Italy. This is all hypothetical. In the
13272220	13276880	Magenta crash in Italy, and then that was transferred to the U.S. under FDR. You had
13277460	13285380	Roswell in 47. You had Trinity in 48. You have these sort of sequential nuclear-related UFO
13285380	13290960	crashes. You have the Office of Global Access under the CIA in the early 2000s under Doug Wolf
13290960	13317020	doing rapid response, you know, retrievals all over the world. And this kind of convoluted org chart structure where the Lockheeds and Northrop's are the tip of the kind of the fingertips and, you know, CIA, you know, science and technology and DOE and, you know, DOD are kind of at the top.
13317020	13340160	And so you could have that entire narrative and just take that at face value. I think another possibility would be something like aerial phenomena show up around nuclear weapons and energy grids. And that is this clear pattern. It's global. It's ubiquitous. It exists in the U.S., but it also exists totally outside the U.S.
13341960	13349120	those aerial phenomena also seem to be provoked by weird high energy physics experiments so
13350080	13357300	lasers high energy lasers you know high voltage experimentation particle accelerators things of
13357300	13362180	that nature seem to attract this weird aerial phenomena we don't really know what the aerial
13362180	13370800	phenomena is we actually have some prosaic, you know, human terrestrial physics breakthroughs
13370800	13376760	that have led to novel propulsion modalities from some of these kind of, you know, topological
13376760	13382160	physics anomalies that we figured out mid-century. And we actually do have propulsion based on them.
13382280	13389100	So we have, you know, real craft that seem like they fly like UFOs, but we're running this tech
13389100	13394600	protection thing by intentionally conflating this aerial phenomena that is very, you know,
13395140	13398140	bizarre and worthy of scientific inquiry, but we just don't understand.
13398200	13406040	We are conflating that with just this, you know, kind of more exotic black, you know,
13406040	13412540	not reverse engineering program, but a craft program that is human craft.
13412760	13414180	So that would be number two.
13414180	13429160	And then number three is like Mick West territory or something where it's like, you know, there is no aerial phenomena around nuclear sites. You know, there are no anomalies there. All the topological physics, you know, Byfield-Brown, Ning Li stuff is all BS.
13430220	13436460	uh you know all you know conventional physics models you know are going to run the world for
13436460	13443660	forever and um you know this is all a psyop like it's literally all like you know this crazy sort
13443660	13448380	of you know government lunacy thing i don't know would you guys say there's an option four or five
13448380	13456280	that you'd like to add hard to say so one possibility is let's imagine let's imagine that
13456280	13461720	that the atomic weapons were not developed during war,
13461920	13464840	but during peacetime inside of a national lab.
13466500	13467760	There'd be a question about,
13467840	13469920	should we reveal that this is possible?
13472680	13473240	Right?
13473320	13478340	There'd be a huge debate as to how to do work on this thing.
13482720	13484620	And whether we should reveal it to the world
13489320	13493260	so that would be option four i guess new taxonomy
13494800	13501880	is that option agnostic of where the technology came from well so imagine for example that the
13501880	13509160	government figured out something in physics that isn't the whole thing but it's powerful enough to
13509160	13514960	do one or two things that haven't been done before and we wanted that in reserve you can imagine
13515580	13524760	Imagine that the entire system would say, would you please stop digging? We want to keep the zero-day exploit. It's a matter of national security. Don't make us reveal this.
13525100	13532260	That thing, though, would need to be neatly adjacent to UFO crash retrievals. They would need to intersect.
13532260	13535000	I don't want to talk about crash retrievals until I've been to one.
13535580	13536720	But you know what I'm saying.
13536860	13538900	No, I don't know what a crash retrieval is.
13538900	13550760	What I'm saying is if that's being used as passage material for some other secret weapons program, the two probably need to surface level look alike somewhat for that to be an effective cover.
13551460	13553840	So that's the thing, right?
13556640	13562700	So you remember when we attacked Iran, we sent one squadron of B-2 bombers in one direction, one another.
13563040	13568360	That was my principle, an example of whenever we do something cool, we do something fake.
13568900	13584040	So the invasion of the Operation Overlord in D-Day in the beaches of Normandy was cool, and Operation Bodyguard and Fortitude were fake because we never actually invaded Norway, as we said we were going to do.
13586860	13590160	This could be the fake program to something super cool.
13593340	13597560	and another aspect of this if we're going to just talk about crazy stupid theories
13597560	13606040	is there's a strategy with i think like malarial mosquitoes or where you release a bunch of
13606040	13613880	sterilized males into the world and sterilized males effectively mate with the females but leave
13613880	13622400	no offspring. And it's a way of controlling mosquitoes. One possibility is that one of the
13622400	13626820	reasons we kicked all of the Americans out of our physics programs and science programs
13627460	13633260	is that we wanted to sterilize the world so that it didn't catch up to us what we'd already done.
13634260	13642320	It's a crazy idea, but why else should you be having 27% of your PhDs granted to Chinese
13644680	13648860	in sensitive areas. It just doesn't make any sense. So one possibility is that we use string
13648860	13653900	theory to sterilize India. Let's say there are lots of Indian string theorists and they're not
13653900	13659360	making any progress and they're extremely arrogant about string theory. You know,
13659400	13666520	these are crazy ideas. Another possibility is somebody once said to me, or somebody said to
13666520	13671680	me relatively recently, you know, Eric, you don't need to rely on the government. You can just go
13671680	13677840	up and look for yourself keep idea being that you just need to get adjacent to sensitive places and
13677840	13683560	you'll see these things everywhere like this isn't that big of a deal they're always there
13683560	13691240	well that's what i always find so frustrating is for the you know the mcwest option the mcwest
13691240	13697900	scenario the super skeptic thing you spend like a few days on this or literally like you probably
13697900	13700240	You probably walk around one of these sites or something.
13700400	13702080	You go to the bar near one of them.
13702960	13703880	Something's going on.
13704060	13707600	The amount of smoke without fire is insane.
13707860	13708260	No, no, no.
13708320	13710880	The question is, when you see smoke at this level,
13710960	13712900	the question is, what is the nature of the fire?
13713000	13713920	There are different fires.
13714140	13714660	But there is a fire.
13714660	13715620	Or there's a smoke machine.
13716000	13717360	Or there's a smoke machine.
13717360	13717740	Right, right.
13717820	13718800	Like, in other words...
13718800	13721380	Or there's a really good spoofing technology
13721380	13723480	that we're all not aware of or something.
13723600	13723940	Well, exactly.
13724400	13727060	And so, you know, my feeling, unfortunately,
13727900	13733500	The UFO world is so polluted that I just don't want to deal with it at all.
13733660	13733940	Sure.
13739480	13741380	Look, I believe we can leave.
13743180	13747740	And if you believe you can leave, you have to imagine that you're being visited.
13750900	13754140	So it makes sense for me that I'm being visited.
13754140	13763040	I can't understand why they keep interacting with governments and nobody can get good footage and we don't have more.
13764000	13771320	But on the other hand, I would have to say that the Epstein story was pretty contained.
13773060	13779140	And you were seen as a little kind of crazy if you created a worldview out of the Epstein.
13779200	13783360	The Pizzagate people seemed ridiculous.
13784140	13785000	Four or five years ago?
13785120	13785260	No, no, no.
13785520	13786520	They didn't.
13789900	13793060	Pizzagate looked to me like an amalgam.
13795100	13797480	Something real, something fake.
13798420	13800820	Like, for example, the particular pizza parlor
13801980	13804940	and the guy who shot up the roof and all that,
13804960	13806540	you know, was perfect.
13806800	13808760	Don't be like the guy who brings a gun
13808760	13810620	into a pizza parlor and shoots the roof
13810620	13812760	thinking that he's tracking pedophiles.
13814120	13825100	Also, what does it really mean, pedophile? Do we even think about this? Is there such a clamoring to do horrible things to children and that these people are natural leaders of the world?
13825100	13845600	Well, now we're getting into weird territory because not only was pedophilia, which alone is just disgusting, discussed in the context of Epstein, but weird conditioning rituals and things to dissociate.
13845600	13846520	This isn't weird at all.
13847140	13848340	This is normal.
13848640	13863080	You see, it used to be that homosexuality could play the role of pedophilia.
13864020	13870160	That two gay guys would be so terrified of having their secret revealed
13871040	13874760	that they'd be willing to do almost anything to avoid that revelation.
13876320	13879440	it's a stain that can be used, weaponized.
13879620	13881340	Well, but I would say utilized.
13881740	13881940	Yeah.
13882040	13885860	Like hazing rituals, it's easy to see them as brutal,
13886360	13888220	but that's not the function they serve.
13888340	13890260	It's like people don't understand what the mob is.
13890800	13893380	The mob is a contract enforcement service
13893380	13896060	for enterprises that cannot use the courts.
13896960	13899800	It's not violent because it's recreationally violent.
13899880	13901960	It's not violent because these people love violence.
13902600	13905240	The idea is you have to enforce a drug contract
13905600	13909680	or a loan sharking contract, you know, or a gambling.
13910300	13911980	Somebody has to pay up.
13912460	13916280	So the notion would be pedophilia was used as an enforcement system.
13916900	13918100	Pedophilia is trust.
13918440	13918920	Right.
13919820	13922540	Nobody wants to say that, but that's what I think it is.
13922700	13926780	You force people in that circle to commit these crimes, and then...
13926780	13930000	How do I know I can trust person A?
13930660	13931760	It's always a question.
13932000	13933600	Do we come from the same ethnic group?
13933720	13934500	That's not trust.
13935600	13944500	trust no it's blackmail no it's consequence it's shared consequence and the key point is shared
13944500	13950400	consequence is a resource and ritual and all of these things are used to direct that resource
13951500	13955200	what you're seeing in the epstein world is a high trust network
13957540	13962200	i think it's yeah i guess it's an enforcement network it's like a you know made man mafia
13962200	13963600	system sort of thing.
13963760	13969260	There's an email from the girlfriend that alleges that he got in deeper than he meant to.
13969620	13974840	He was told to do this. He didn't really mean any of it. It just came out in the latest trench.
13975100	13979620	And it speaks to this notion of an enforcement campaign and enforcement infrastructure.
13980360	13984640	But my claim is, is that in general, most of us are unfamiliar
13985700	13988780	with how effective silent systems work.
13990360	13996780	if you think about the velache papers and you know how the the mob lost omerta and the innovation of
13996780	14004380	the rico acts and all that kind of stuff that was about i think that the rule was that you killed
14004380	14012320	every informant up to second cousins jesus christ yeah like completely over the top and insane
14012320	14020300	saying, fuck. But that's how it worked. And what was the way that these people referred to each
14020300	14025340	other as men of honor? Honor is the proxy system. Of course, I'm going to honor you and you're
14025340	14030140	going to honor me because it's too dangerous. It's too dangerous to contemplate anything else.
14031180	14035640	My guess is, is that right now there's no one that can be hung out to dry because the first
14035640	14040560	person who gets hung out to dry, so Bill Clinton saying, of course, I'd love to talk to Congress,
14042320	14042760	It's crazy.
14043340	14044300	Well, why is that?
14045040	14047040	I don't think he wants to talk to Congress.
14047140	14048840	What I think he wants to do is to say,
14048920	14050720	if you make me the fall guy,
14050940	14052640	think about what you're saying.
14053540	14054960	It's a little shot across the bow.
14056300	14057260	He's got a lot to say.
14057260	14059900	Trump's dump of these documents
14059900	14061780	was 3 million shots across the bow.
14061980	14063020	Yeah, I think so too.
14063200	14064920	Also, we should note,
14065960	14068720	this was probably the sanitized version
14068720	14070820	of these documents.
14071080	14071420	No, no, no.
14072380	14076880	sanitized version of those documents. They've also set up the idea of, okay, well, these 3 million
14076880	14081000	of the last year are going to ever go, but the other 3 million. So then what is everybody going
14081000	14086260	to do? They're going to chant, we want the other 3 million. Okay. Okay. Fine. Fine. We'll give you
14086260	14092120	the last of them. And you just fell into the trap. Who said there were 6 million documents?
14092740	14099060	Right. Tell me something. If this guy ran a hedge fund, that was a multi-billion dollar
14099060	14100680	currency trading hedge fund.
14101080	14103520	How many documents does a hedge fund
14103520	14105800	throw off just due to compliance?
14107220	14107760	Right.
14108780	14110660	Nobody's making any sense at all.
14112980	14114900	What you're seeing is a bunch of deeply
14114900	14116840	grooved people not thinking for themselves.
14118380	14122200	And they're happy to repeat the heterodox
14122200	14124040	version of the script that they're handed.
14124680	14126880	But it's not the heterodox who are writing that.
14129280	14134620	It's really crazy. Well, I'm officially demoralized and depressed.
14135860	14136960	Don't do that, Jesse.
14137140	14152980	No, I appreciate. I mean, sometimes, you know, the truth sucks and you're a very incisive thinker and you have a way of elucidating things. Sometimes they're dark truths and realities that others don't. So I really appreciate your brain.
14154660	14156800	Can we just finish it positive?
14156980	14158440	Yeah, let's do it. Yeah. How do we do that?
14159060	14167280	if you don't mind, imagine that we threw off this UFO yoke and imagine that we just pushed on one,
14167360	14174340	one particular place, which is Eric Davis saying, we have things that defy the laws of physics and
14174340	14180540	no physicists. Imagine that the UFO community got really smart instead of doing what it always does
14180540	14184520	and said, we're going to push on this one thing. How can you be threatened
14185600	14188780	by craft that do not obey the laws of physics
14189600	14193340	and make sure that the one type of person
14193340	14194960	who could possibly help with this
14194960	14196780	is to be found nowhere on the scene.
14198160	14198700	Right?
14198740	14202260	So the opportunity is,
14202460	14205420	is that if Tulsi Gabbard or J.D. Vance
14205420	14207140	or any one of these people sees this
14207140	14208440	and says,
14208600	14210580	I could change that tomorrow.
14211400	14214220	I could snap my fingers and get,
14214520	14216500	an allocation of several million dollars,
14216660	14218260	and I could get a few theoretical physicists.
14219420	14221280	It would change absolutely everything
14221280	14224300	because one of the top theories has to be
14224300	14227500	that the reason you can't have a theoretical physicist on this
14227500	14229740	is that there are no graphs that defy the laws of physics.
14231280	14233300	I hope they put that to the test
14233300	14236120	because Eric Davis is actually on record
14236120	14238540	as part of James Fox's last movie saying,
14239080	14242780	if you give me blanket immunity, I will say everything I know.
14244520	14249360	they are able to just, you know, dress these people down nicely.
14249480	14253320	But we could, in a better world that we're not that far from,
14254640	14258560	push to have the one group of people who could crack this case for us,
14258600	14261520	the detectives of our choice, inserted.
14261560	14263460	They were trained on our dollars.
14264300	14266140	They're supported on our dollars.
14266280	14267720	We have an arrangement with them.
14267760	14269860	It's basically like not calling Delta Force
14269860	14272180	when you've got a hostage rescue situation.
14272180	14272960	Can I up the ante?
14273180	14273560	Yeah.
14275000	14280120	interdisciplinary symposium where maybe the physicists are at the top, they're hanging out,
14280260	14284800	but you also might have some other people. Don't bring in the mushrooms and the consciousness.
14285220	14289960	Let's just do theoretical physics and leave the rest for Burning Man.
14291300	14296820	Fair enough. Well, to be continued, that's this whole other debate we can have or whatever, but
14296820	14301780	I agree with the Burning Man issue. Okay. Well, thank you, Eric. This was awesome.
14301780	14303260	Jack, appreciate you.
14303440	14304400	It's a lot of fun.
14304620	14306460	I think this is going to be a historic episode.
14306920	14307560	Thanks, Jets.
14307980	14308500	All right.
14308980	14309380	Cool.
14334040	14335440	Woo!
