start	end	text
0	2800	Whenever you see something that doesn't fit what you know,
3000	6080	a real scientist should get excited, not skeptical.
9320	13740	My two guests today have credentials that are impossible to ignore.
16660	21640	Dr. Eric Hazeltine was Director of Research for the National Security Agency.
22020	25040	Basically, he was the tip of the spear on science and innovation
25040	28580	for the U.S.'s most hardcore intelligence agency.
30660	35020	Before that, he was an executive vice president at Walt Disney Imagineering.
35340	40520	He's a neuroscientist, a futurist, and has over 70 patents to his name.
40680	44160	He possibly has one of the most intriguing resumes of all time.
44380	48200	When you look at all the many thousands of reports, and we've looked at all, and some
48200	52040	I have guilty knowledge of from when I was inside the government, it's real.
52200	54400	And it's something we do not understand.
55520	61200	Dr. Chris Gilbert has an M.D. and Ph.D. from one of France's top medical schools.
61680	65560	She's worked with Doctors Without Borders across four different continents,
65860	69580	and she's pioneered her own incredibly unique methods in holistic medicine.
69840	72420	In our own body that we've studied so much,
72460	76240	there are things we're discovering that we had no idea existed.
76780	78920	She also happens to be Eric's wife.
79160	81300	Together, they've co-authored several books,
81300	85620	including The New Science of UFOs and The Shadow of Time,
85800	89720	a book involving ancient archaeological objects with anomalous properties
89720	93640	being systematically excavated by private corporations.
94620	95700	This thing's a cover-up.
95960	100180	So when I found out that a former NSA director of research,
100260	105220	who is privy to just about every sensitive piece of intelligence in the United States,
105440	109840	wrote a book about anomalous objects being recovered in the desert,
111300	111780	and learn more.
112000	115840	Do you guys have kind of a base case for what's going on?
116000	118260	I think what we're seeing with these credible,
118420	122260	real phenomena is something really bizarre and out there.
124800	126180	We might all be Martians.
126700	129000	What is to say that life doesn't exist
129000	132460	120 light years away from us?
133980	136000	I think it's almost certain that we're evolved
136000	138260	from building blocks that are extraterrestrial.
139180	147260	There was some advanced civilization on Earth many hundreds of millions of years ago that discovered near-luminal travel.
150300	153000	This whole interview is a fun game of cat and mouse.
153240	161000	It's me basically trying to figure out whether Eric and Chris's fiction books were at all informed by what Eric saw behind the curtain.
161180	164100	You can move something through the air where there's no engine on it at all.
164140	165500	You're just pushing on it with photons.
165760	166880	Did you do that at larger scale?
167120	167380	Yes.
167500	167760	Whoa.
168260	182580	So without further ado, sit back, relax, and enjoy a mind-expanding conversation with a bunch of rabbit holes you won't want to climb out of with this week's American Alchemists, Dr. Eric Hazeltine and Dr. Chris Gilbert.
183400	185020	Ignition sequence start.
186860	188340	How is this possible?
189380	191140	Nothing too unusual about that.
193520	196100	Their existence cannot longer be denied.
205000	207100	Oh, man, this is a total honor.
207260	214360	I feel very, as is often the case, but maybe especially today, intellectually underqualified to be in this room.
215360	222300	Dr. Chris Gilbert, Dr. Eric Hazeltine, you are the former director of research at the NSA, the National Security Agency.
223460	229840	and that role actually ended up with you on an A&E history series, Alien Files Reopen.
230120	234540	Having been at NSA and being one of their senior leaders, I find that highly unlikely.
234900	239600	Which is fascinating. You guys co-authored a book about UFOs together, which I can't wait to get
239600	245300	into. You also worked at Hughes Aircraft, Disney Imagineering, Dr. Chris Gilbert. You've done
245300	252860	done amazing work around the world as a physician, MD, PhD, and you guys have co-authored a few books
252860	259260	together, and I want to talk about those. You've independently offered, you know, a spy in Moscow
259260	265380	station, and you guys have just an incredible background, both individually and together. So
265380	270580	it's an honor to be with you today. That's a great honor to be here. Yeah, thank you so much for
270580	276920	having us. I wanted to talk about your book, The New Science of UFOs, because I think it's a really
276920	281720	great kind of survey level overview of all of the possibilities. I think often in this space,
282280	289220	there's a lot of kind of mushy brain thinking and, you know, just almost people are over-indexed
289220	297020	on intuition. And you really kind of lay out all of the possibilities from spoofing techniques to
297020	302160	to man-made craft, to genuine non-human intelligence.
302400	305060	And then you even get into frameworks for thinking about the non-human intelligence.
305420	308280	So, yeah, why don't we start there?
308540	313020	What are the possibilities kind of high level when it comes to UFOs?
313140	317360	Well, I'll start and then you can fill in where I miss things.
317640	319580	First of all, a little context for the book.
319580	329700	I spent years at the CIA after leaving NSA and ODNI, where I was basically the CTO of the U.S. intelligence community, the whole thing.
330220	340640	And I was an analyst for a particular target and was trained in analytic tradecraft, which is basically the scientific method.
340700	343540	And we call it the method of competing hypothesis.
343540	349960	hypothesis. When we see a phenomena or an event, we say, what are all the different hypotheses for
349960	355800	what could be driving this? And then we go and we look for evidence that would support or contradict
355800	362640	each of those. And at the end, we weigh it and come out with an assessment with the probability
363220	371380	of what we think is the most likely of all of those with some confidence. And so, for example,
371380	376500	in Iran, you have the Iran group at the different agencies doing that now saying,
377340	384860	okay, the Iranians have a nuclear program. What is our best guess at what probability about where
384860	390160	they are in that program and what their intent is? Right? So that's an example. So with the UFOs,
391240	397880	UAPs, we did the same. We said, okay, here are the reporting. What are all the different things
397880	402300	it could be, and now let's examine them. So we have a matrix in there, which is a little bit
402300	409220	geeky in that we present all of them that we surfaced, and then we evaluate the plus or minus,
409260	414560	and at the end, we come up with a conclusion. So we start with the observer themselves.
415580	421480	When you look at a phenomena, you have to look at what's reporting it and how accurate and biased
421480	423280	is the thing that's reporting it.
424100	425700	So the human instrument,
426580	428540	as a neuroscientist and as a physician,
429280	431480	we can both tell you the human instrument
431480	433900	is highly flawed, right?
434520	437280	And so we look at things like optical illusions,
438420	441740	emotional bias that make you see what you want to see,
441860	443900	that make you see what you expect to see.
444000	448760	We get into how your brain is wired to cut corners.
448760	468240	And so we explore optical illusions or other kinds of illusions. We explore atmospheric effects, some of which are just now being discovered, like sprites at southern latitudes, things really weird, ball lightning, things like that, plasma-type effects.
468240	475100	we explore the possibility that the mundane ones like it's drones balloons things like that
475100	482360	we explore the possibility that it's of human origin highly classified and super high tech
482360	493200	we explore the possibility that it's of non-human but of earthly origin
493200	513920	I mean, we always assume if it's from Earth that it has to be human. Well, what we look at is the old Sherlock Holmes thing. What isn't impossible? And we'll get into this more, but at CIA, we used to have a saying, an analyst that says, do not look for your keys under the lamppost.
516020	523760	right don't look only where you can see so if you're not seeing something it's probably because
525520	530820	you don't know where else to look so one thing we used to do is say
532460	538900	what do we know or think we know what can we see and not see and if we're not finding the answer
538900	542320	It must be the opposite of what we can see.
543300	544660	It's in the negative space.
545660	546100	Right?
546200	554560	So I was once involved in the hunt for a very senior Islamic terrorist whose name I will not mention.
554820	557540	And I was employed by CIA when I was at NSA.
557920	560720	And I went to them and I said, you haven't found this guy.
560860	563740	Where do you expect him to be and where do you not expect him?
563880	567180	Where do you want him to be and where do you not want him to be?
568900	573980	for him where you least expect and least want him to be because that's where he's going to be
573980	581940	by definition well my mind is now going to like dark matter or concepts like dark chemistry
582560	588060	parts of the universe that are honestly the majority of the universe which isn't you know
588060	593000	visible and and doesn't seem to interact with light and so i don't know if you guys have
593000	594560	have considered that as a possibility.
595100	599160	We're talking also in the book about exopsychology,
599420	602600	which we kind of imagine what would that be,
602660	605000	an extraterrestrial, what would that be?
605060	607380	So it could be made of dark matter
607380	609640	and feeding on dark energy.
609840	614640	It could be, and we said that it could be anything
614640	616660	that we could not think about.
616800	618840	So what are we not thinking about?
619000	620480	What could we not predict?
620480	641400	So we cannot predict that they might not derive from animal forms, that they might not derive from plants, that they don't require food or water to survive, maybe, that maybe they are immortal, that maybe they don't sexually reproduce.
641400	659860	We imagine that they sexually reproduce. Maybe not. Maybe they have no written or spoken language. Maybe they don't emotionally bond with others. Maybe they are not a social species. Maybe they are not curious. We think they are aggressive. Maybe they are not aggressive.
659860	664300	What if they have all the resources they can ever need?
664720	673380	What if there are a collection of single cells that origin, develop, and live in space and not on the planet?
673500	676900	Maybe we're just surrounded in space, but we don't see them.
677560	682600	And what if they use a type of propulsion that is unknown to us?
682600	687280	that we think about every possible ways of moving,
687560	692680	but I'm sure there's ways that we have no idea exist,
693020	694220	and what are they?
694780	697440	What if they don't derive directly from biology?
697660	700740	And there are hyper-advanced digital AIs.
700900	706000	I mean, we're trying to think about all the elements
706000	708840	that are completely out of the box,
708840	711280	that nobody could think about,
712900	720440	imagine that our brain could not even compute. And then you have to think, you know, we discovered
720440	729060	bacteria as late as the 19th century. And Occam's razor is it's not zero or one thing. It's,
729060	735440	you know, zero or a whole host. We're swimming in life that might be more advanced than us.
735620	736880	You never know it.
736920	737820	You never know it.
737820	762240	Yeah. The way I think of it is we've all seen those cartoons where the coyote goes through a door and you see the silhouette, you know, where he went through the door. And so you see where he went through and that's the positive space. The negative space is the door. We tend to always focus on the positive space, which in human terms is in the intelligence world, we call this mirroring.
762800	765940	We look at a target and say, they must be like us.
766060	769160	Therefore, if they're doing X, it's for motivation Y.
769600	773840	So what Dr. Gilbert just said is we did the opposite of that.
773960	780240	We said, let's take everything that humans are and assume that extraterrestrials are none of those.
780360	788420	They're the opposite because we would never think to look there and we never think to understand the motivation.
788420	813960	So, for example, let's take the Tic Tacs. Suppose the Tic Tacs are driven by an extraterrestrial species that are unlike us in every possible way, in the way she just described. How then would you explain what they're doing? You wouldn't explain it with human motivations. You'd explain it with anti-motivations. And when you do that, it's freeing.
813960	817320	It's kind of like in that movie, Pirates of the Caribbean.
818400	824780	Someone says to Captain Barbossa when they're looking for Captain Jack and they say, Captain, we're lost.
825060	828900	And he goes, aye, you have to get lost to find something that can't be found.
830240	831400	And that's deep.
831900	833000	That is really deep.
833120	839180	And that's why, like I say, in the intelligence world, when we're doing our job right, we understand our own limitations.
839180	848100	And one very productive place to look is where we know we're blind and then to purposely try to look there.
848100	868620	Oh, that's so fascinating. Something I think about a lot with this topic is we think about mining resources. You know, we have this whole conflict with China around rare earth refinement, for example. What if their resources, like I think about what's most interesting about human beings, and it's probably not the material world that we're in. Maybe it's our consciousness.
868620	886180	And so is there something around our consciousness or even our emotions or our thoughts that are more interesting to these beings than just, you know, they're here for gold or copper or whatever, because they're, you know, maybe their atmosphere is burning up. They need reflective material.
886580	891040	Well, now you're getting into a really interesting field called noetics.
892060	901540	When we first started selling merchandise at AmericanAlchemyMerch.com, we had no idea how complicated and annoying selling merch could be.
901720	911240	We talked to a dozen different platforms and companies comparing shipping tools, payment options, website builders, and it all felt like way more of a headache and complicated than it should be.
911400	915280	We decided on Shopify, and within days our store was up.
915280	927460	Shopify made it simple to build a store that actually feels authentic to us, which matters when your brand lives in a niche like alternative tech, UFOs, or fringe science, and when you have a very clear brand vision.
927620	943800	Plus, their AI tools help write descriptions, organize products, even clean up photos, so we can focus on what matters and what we care about, building the best custom merch line possible with the coolest designs like our UFO Cowboy tee and the Atomic Age tee.
945280	948100	It handles all of the unglamorous, more painful stuff.
948520	952560	Shipping, returns, email marketing, all in one clean dashboard.
952940	955580	It's like having a silent partner who never sleeps.
955880	960860	Bring your next idea to life with Shopify quietly handling everything behind it.
960940	967240	Sign up for your $1 per month trial and start today at Shopify.com slash Jesse.
967500	974180	Again, that's Shopify.com slash Jesse, J-E-S-S-E, for a $1 a month trial.
975280	979040	to try Shopify, the state-of-the-art solution in e-commerce.
979880	984420	Well, now you're getting into a really interesting field called noetics.
984820	992260	And it's a fringe field of neuroscience and biology where, for example,
993520	997120	they believe that consciousness is a property of the universe, not of us.
997220	1003600	And that each of our brains is like a radio receiver that's tuned in to conscious cosmic
1004200	1004560	consciousness.
1005280	1016180	And that this is kind of the idea of where the soul comes from, that consciousness isn't tied to our bodies any more than radio waves are tied to a radio.
1016740	1024620	I believe that because you have the binding problem, for example, in neuroscience, which is this classic problem of you have all these disparate pathways.
1024760	1032940	You have, you know, Wernicke's area for, you know, comprehension and you have Broca's area for speech, but they're all disparate.
1032940	1057380	And then we see this perceptually seamless kind of movie. And there's this question of how that is. And I think about a radio. And if you have the radio's components, you take away the battery, you take away the capacitor, you take away the antenna. Any one of those might break the radio and the music might stop playing. But none of those productively explain why it's playing for all these four seasons. You need to know the frequency it's tapping into.
1057380	1077760	Yeah. So I'm not saying I'm a fan of noetics, but what I'm saying is that it's so interesting that these ideas show up throughout human history in terms of like, if you look at the Vedic scriptures and the Hindu and the whole notion of transcendentalism, like the deity, whatever it is, exists everywhere in all things simultaneously.
1077760	1084620	simultaneously. And that led to transcendentalism. And you could look at Jung, who believed in the
1084620	1091020	collective unconscious, as an example of the human instantiation of that. So it is interesting when
1091020	1096700	you see these ideas. And I'd just like to make a comment and then turn it over to Dr. Gilbert.
1097000	1104260	If you look at our language, we say things like, in our heart, I believe, in my gut, I believe,
1104260	1112600	leave. Right. Or I have this feeling. Those were metaphorical when we thought, we thought they
1112600	1119120	were metaphorical. What we now know is they may not be metaphorical, that we have more neurons
1119120	1124720	in our gut than the cerebral cortex of a monkey. And they're pretty damn smart. We have a huge
1124720	1130220	number of neurons in our heart. And now we know the cells themselves can have perception and
1130220	1135000	learning, and we have gut bacteria, which are this whole other hyper-complex organism.
1136040	1142340	And so I think this is the subject of The Listening Cure, where Dr. Gilbert has come
1142340	1148140	up with this idea of listen to your body, because all of these different entities that
1148140	1150680	we call our body actually are not metaphorical.
1150800	1151220	Yeah.
1151360	1158900	So The Listening Cure is one of our books that talks about how our body has a mind of
1160220	1176420	Each organ has a mind of its own, how each cell in the liver, each cell in the gut can have a mind of its own and a purpose and maybe feelings and connection to the brain and vice versa.
1176700	1181600	But there are so many things that we don't know, that we think we know.
1181600	1197460	So how is it that we can believe we know everything about space, about the planets, when even in the body, in our own body that we've studied so much, there are things we're discovering that we had no idea existed.
1197460	1220200	I'm going to give you an example. Like Stanford University researcher did a survey of DNA fragments circulating in the blood. And it suggests that microbes living within us are vastly more diverse than previously thought. In fact, 99% of our DNA has never been seen before.
1221100	1229240	And then there is an entirely new class of life that has been found in the human digestive system called obelisks.
1229580	1236140	And they're obelisks, microscopic rods made of RNA that we had no idea existed.
1236460	1238700	And we have no idea what they do.
1239920	1241800	And also in the brain.
1241960	1246280	In the brain, I mean, we think you talk about the Broca area, the Wernicke area.
1246600	1248120	We don't think they're isolated.
1248120	1257760	I think we think they're working in conjunction of a multitude of other kinds of cells that are necessary for their function.
1258020	1260860	But we don't know exactly which ones.
1261020	1262720	And we're studying this now.
1262820	1265540	We think that everything is related.
1265760	1273580	Every single item is related to other items in ways that we cannot comprehend yet.
1273580	1279280	yet. And that's the relationship. And everything in the universe might be, that's my assumption,
1279320	1284080	that's my belief, that everything in the universe is probably also related, interconnected.
1286660	1293980	And there's so much we don't know. And it is so fascinating to imagine and to discover what we
1293980	1299580	don't know. We probably know maybe 1% of what exists in the world. We think we know so much,
1299580	1303900	but we know so little and discovering everything is like, oh, it's wonderful.
1304160	1307920	Even in the human body, it's wonderful.
1308180	1312240	But outside Earth, oh, my God, so much.
1312380	1319240	So I want to circle back to your original question of which hypotheses did we surface in the new science of UFO?
1319480	1321480	Because we didn't finish going into them.
1322740	1328100	We talk about erasing the difference between space and time
1329580	1336640	them as separate. Time is just another dimension as valid as up, down, left, right, and so forth.
1336880	1342520	And it's interesting in all of his field equations, time does not have to move in one direction.
1343500	1351180	The laws of thermodynamics say it does, but there is no physical equation that says it has to.
1351440	1357140	And we have some really weird laboratory phenomena and theoretical phenomena that
1357140	1363320	that suggests that time, for example, there's this experiment called the quantum eraser.
1363600	1369600	It's a famous three-slit experiment where you can do something in the present that influences
1369600	1377400	which way a particle or wave behaved in the past. And then you have the whole business of non-locality,
1379180	1385200	which has something in one part of the universe instantly or nearly instantly. We now know there's
1387140	1393440	light affects something on the other side. And then we have the whole area of quantum neuroscience,
1393840	1399800	where is entanglement between quantum states in one person's brain or one part of the brain
1399800	1408220	entangled in others in ways that affect or influence? So what we do is let's take time.
1409380	1416000	Everyone assumes that if they're non-humans coming in UFOs, that it must be from outside Earth.
1417140	1423640	may be true, but what if it weren't true? Let's start with that fork and say, what happens if
1423640	1429700	these things that we're seeing are from earth, but either from the past, present, or future?
1430040	1437280	You say, well, time travel backwards is impossible. Well, in our current framework,
1437940	1442640	most physicists would say that. And yet there are these weird phenomena that we talk about in the
1442640	1447540	the book, like frame dragging, where if you have a black hole that's spinning really fast,
1447720	1452880	a Schwarzschild black hole is spinning really fast. The black hole itself isn't just spinning,
1452940	1460480	it's spinning space-time with it, right? And so if you were orbiting outside the event horizon
1460480	1466900	of a spinning black hole, there is this thing called the closed time-like curve,
1467140	1471240	where when you started the orbit and you finished it, you'd end up at the same place in time.
1472640	1474840	If you end up where you started, you went back in time.
1475760	1479060	The math says that is theoretically not impossible.
1479300	1480260	And there's a distinction.
1481120	1486180	And so you're going to hear this throughout our discussion of what we like to explore
1486180	1490560	is the not impossible because we think that's where the answers are.
1490640	1497420	So to get back to this time thing, one of the things we explore is the possibility that
1497420	1504780	that there was some advanced civilization on Earth many hundreds of millions of years ago,
1504880	1513800	whose evidence has been covered up by the relentless reshaping of the surface of the planet with tectonic and so forth,
1515600	1519900	various environmental things that happened that we wouldn't necessarily see evidence of it.
1520300	1521480	And they...
1521480	1522580	You'd likely not, almost.
1523440	1524300	Unlikely, given...
1524300	1530640	Depending on where it was and so forth, the Earth's crust has folded over on itself and got pushed under and subducted and blah, blah, blah.
1530960	1539820	And so what if there were an ancient species that discovered near luminal travel, speed of light, or even faster?
1540000	1541540	And we can get into that later.
1541680	1545720	You know, what are the possibilities for faster than light travel that aren't impossible?
1547800	1552020	And where that takes you is this civilization could have zipped out.
1553040	1557100	and to them only spend a few years in space and come back a few hundred million years later.
1557300	1557700	Yeah.
1557840	1558220	Right?
1558360	1558560	Yeah.
1558680	1559860	That could be what we're seeing.
1559960	1561100	It's, is it likely?
1561280	1561680	No.
1562360	1563360	But is it impossible?
1563620	1564400	We can't say.
1564560	1564920	Yeah.
1565000	1570480	As she said, we know so little to say that something's impossible is somewhat wrong.
1570620	1573720	And then again, when you look at the future, right?
1573820	1575900	And then you say, well, what about the present?
1576800	1580520	There's some obvious mundane things like, okay, the Chinese or the Russians have cool
1582020	1589160	true. They do. But there are other more exotic, really exotic, like, you know, the multi-worlds
1589160	1593840	hypothesis that there are parallel quantum realms that are splitting off all the time.
1594040	1598540	And in some of those, could there be some weird things happening? That one gets a little
1600860	1604620	dicey, I think. But I think that the more important thing is to
1606200	1613180	break out of the chains of expectation and what we know and just be humble and say,
1613260	1619120	there's so much we don't know. Don't ever rule out something unless you have really hard laboratory
1619120	1626480	proof. I love that. And I think if at any point in history you were to see, you know, a repeated
1626480	1631200	anomaly with an abundance of anecdotal evidence, but it didn't comport with the physics of the
1631200	1635260	the time, you'd get all these people saying, this can't be true because of physics.
1635500	1637000	And those people would be wrong.
1637120	1641040	And the people just saying, we got to follow the evidence and look at the anomaly itself
1641040	1643080	would end up being vindicated.
1643240	1647680	And there would be some new theory that would come to explain the anomaly.
1647780	1655400	And per the kind of anthropocentric kind of bias and the extraterrestrial bias versus
1655400	1660780	know, versus time travel, if you were in, you know, kind of North Sentinel Island, which is
1660780	1667060	this remote island that's totally uncontacted, that's, you know, technically part of India,
1667620	1672460	but, you know, has never been contacted outside of a few missionaries, where I believe, you know,
1672500	1677820	they've been trying to evangelize Christianity. You know, these missionaries, you know, I think
1677820	1682580	in certain cases have met tragic ends. They go and, you know, they get speared or something or,
1682580	1690020	shot with a bow and arrow. And I wonder, do the North Sentinelese have legends of aliens
1690020	1697820	coming and contacting them when in fact it's just human beings nearby? And so that just cuts to this
1697820	1703760	perceptual bias. And to the time travel thing, Kurt Gödel had this model for time travel. And
1703760	1711880	then Frank Tipler, who is a contemporary of Wheeler and a physicist, shrunk down the Gödel
1712580	1718400	model. And he had this thing called the Tipler disc, and it's a flying saucer. So I find that
1718400	1726720	fascinating too. Yeah. Yeah. Well, I think the main point we want to make is that when we want
1726720	1732260	to study something, the first thing you study is the thing that self is studying it, meaning us.
1732920	1737800	To look at that instrument and be very clear about its limitations and its strengths
1737800	1742200	so that you are more tempered in the conclusions that you reach.
1742400	1745040	If you say, this instrument isn't seeing something,
1745240	1749560	it could be interpreted as the thing isn't there or the instrument can't see it.
1750220	1753380	And there's too little of that kind of thinking.
1753620	1755460	And I'll just give you an example.
1757400	1758360	Hawking radiation.
1759360	1764760	Hawking radiation, we believe, is due to particle-antiparticle pairs
1764760	1772560	pairs popping out of the void, whatever that is, kind of the vacuum quantum field that's
1773340	1779040	seething with energy. There is no such thing as nothing, according to modern cosmology.
1779600	1787060	And these particle-antiparticle pairs normally pop out of the void, whatever that is, recombined
1787060	1792740	where the matter-antimeter completely annihilate, leaving some residual energy, which is one of the
1792740	1797700	the theories of dark energy that's pushing the universe apart. And if these particle-antiparticle
1797700	1807740	pairs pop out of nothingness on opposite sides of the event horizon, some of the energy escapes,
1807960	1813360	which is why there is a glow or Hawking radiation around a black hole and why they think maybe
1813360	1820760	black holes evaporate over time. And it also solves some loss of information paradoxes around
1822740	1828060	you can't create or destroy information in the physics sense. And maybe this is how that's
1828060	1832320	conserved. And through entanglement, there are things that go out. Well, the point I'm trying
1832320	1837620	to get to is, let's suppose that we live in an N-dimensional universe, four, that we can see,
1837660	1844380	but there are many more. So imagine the analogy of a three-dimensional universe interacting with
1844380	1848960	someone who only lives in two dimensions. So if all we saw was two dimensions, everything
1848960	1850980	Everything would be in a flat plane.
1851140	1852420	There would be lines, right?
1852680	1859760	So let's say I'm a three-dimensional person, and I have the surface of the water, which is two dimensions.
1859980	1864120	And I put my five fingers, well, four fingers and one thumb through it.
1864220	1872680	The two-dimensional being is going to experience me as five circles, because that's where I intersect its reality.
1872680	1880840	reality. So when you look at these quantum things popping in and out, that could be something as
1880840	1887900	simple as if we were a plane and there was something circling that hit us every now and then,
1888000	1893300	we would see it pop in and pop out. But it's only because we don't see the three-dimensional
1893300	1897480	reality. We only see the two-dimensional reality of something popping in and popping out.
1897480	1908940	And so that is where if we relax the assumption that there are four dimensions, whatever dimension is, and there are more, a lot of things now might make sense.
1909300	1912920	Like something moving in impossible ways.
1913520	1916600	Yes, in three dimensions or four, that could be impossible.
1917080	1920480	But in five or six or seven, it could be totally possible.
1920820	1925500	And that's why we really have to open up our minds when we look at UFOs.
1925760	1926320	Yes.
1927480	1934840	makes no sense in our framework. And that to me says our framework is wrong. We've talked a bit
1934840	1941160	about longevity and life extension on this show, extending your telomeres, metabolic optimization,
1941740	1946600	and the through line is always the same. Most of what determines how long you live comes down to
1946600	1952300	really basic stuff, not these more exotic treatments. I think about that sometimes when
1952300	1955180	when I realized it's 10 p.m. and I haven't eaten all day
1955180	1957980	because I was deep in prep for the next episode,
1958180	1960560	which is kind of the story of my life since I moved to Austin.
1960860	1963600	Occasionally, I'll be so deep in work that I'll forget to eat,
1963700	1966840	and then I end up demolishing whatever's closest at midnight.
1967120	1969080	Guys, this solution is amazing.
1969360	1971640	It's a game changer for anyone who's busy.
1971820	1973540	Meals show up ready to go.
1973620	1975020	You heat them up in two minutes,
1975120	1977120	and they're actually made with real food.
1977360	1981420	Lean proteins, whole ingredients, no seed oils, no refined sugar.
1982380	1987780	options that rotate weekly. I've been doing it for a bit now and it is embarrassingly simple.
1988060	1993400	I'm not a great chef. I don't like overspending every day on delivery. I really don't know why
1993400	2001840	I waited so long for this. Head to factormeals.com slash alchemy50off and use code alchemy50off.
2002040	2010680	That's alchemy 50off to get 50% off and free breakfast for a year. The offer is only valid
2012300	2014620	doing an auto-renewing subscription purchase.
2014880	2016400	Do yourself a favor now.
2016500	2019080	Make healthier eating easy with Factor.
2019800	2021280	Our framework is wrong.
2021580	2023100	We're seeing something real.
2024080	2025660	We don't understand it,
2025720	2027080	so we better start questioning
2027080	2029220	our whole understanding of reality.
2029680	2032720	There's a really cool professor named James Madden
2032720	2036280	who wrote a book called Unidentified Hyperobjects.
2036280	2039560	And hyperobject is a platonic idea of, you know,
2039580	2041600	objects that exist in higher dimensional space
2042300	2047360	tesseracts and you would just see kind of the shadow of these tesseracts and if you know you
2047360	2053960	take this pen you put it through you know 2d paper all you see is a disc and so i wonder
2053960	2061500	you know in his model it's like these objects show up in order to almost break your priors
2061500	2068600	specifically like there is this this the wow factor that is on the human side is the intended effect
2068600	2074180	effect. And the sort of, there is some sort of like almost intermittent reinforcement or
2074180	2080120	conditioning going on where it's there, it appears it, you know, excites you and then you keep going
2080120	2084740	or something. And it's, it's this sort of synchronistic thing and it's impossible to,
2086320	2090940	you know, kind of separate the observed and the observer, which we, you obviously would do in
2090940	2094780	traditional science. Well, you know, it's fascinating about that. And it gets back to
2094780	2101040	is something Dr. Gilbert was saying about the motivations. I told you before we started,
2101100	2106560	I was a therapist. And as therapists, we try never to tell a patient anything. We need them
2106560	2112760	to discover it on themselves, or they won't, quote, get it in their gut. People only understand
2112760	2117200	that which they themselves discover. You can't tell people anything. There's this great book
2117200	2121700	called, If You See the Buddha on the Road, Kill Him. No one can tell you anything. You have to
2121700	2127680	to discover it for yourself. So what if extraterrestrials are here to teach us? This is
2127680	2133820	their mission. They want to bring intelligent life in the universe up to a kind of a standard level
2133820	2138260	so we can join a galactic federation, or maybe they just are altruistic missionaries or something.
2138460	2146040	And these events are anomalies that they keep introducing to say, hey, pay attention. There's
2146040	2150460	something over here that tells you you're not looking at things right. Like maybe there are
2151700	2159560	And we're going to keep hitting you with these things until someone says, hmm, maybe this is telling us about our own ignorance on purpose.
2159960	2168720	So, I mean, I'm not saying that's a case, but that's the kind of thing that we would never normally think about because we wouldn't behave that way.
2168940	2178160	It's like in Star Trek, the prime directive, you can't kind of openly commune unless, you know, if you're pre-warp drive or not up to a certain consciousness level or whatever.
2178260	2180660	And you might use these tactics.
2181840	2188380	cellular automata or something where it's like, you know, this kind of biological network and
2188380	2193260	you're hitting a little node with a little wow factor. They tell their friends, you know, and
2193260	2197800	then it's sort of you're influencing the teleology of the entire kind of, you know, Petri dish,
2197960	2202800	you know, with these little appearances. Well, it's funny. We'll get into this later when we
2202800	2207880	talk about the shadow of time. But we talked about a hyper intelligent entity who has learned the
2207880	2213520	the hard way to have a very light touch because the universe is very complicated and the slightest
2213520	2221900	thing you do here could have a huge effect there. And so this creature realizes that and kind of
2221900	2228560	works within the system to cause something they want to happen. And so there is some of that in
2228560	2235200	our book. But I think that, again, just to kind of summarize the new science of UFOs,
2235200	2242280	what we try to do in there is look into the negative space and to take people at a place
2242280	2248980	they've never been before and also to expose people not to the James Bond kind of side of
2248980	2256280	the spy business but the analytic academic kind of intellectual side of it which is okay we have
2256280	2261940	spies that collect the information but then how do we make sense of it and when you look at
2261940	2267620	intelligence failures, such as 9-11, Pearl Harbor, and so forth, with one exception,
2267820	2272460	which is we missed the Indian nuclear program. That was a failure of collection. We just didn't
2272460	2277140	have the data. But in every other case, we've had the information. We just didn't know what
2277140	2282780	was staring us in the face. That's what, I mean, to me, that's why this whole idea of disclosure,
2283060	2288120	I don't know if you saw this, but the White House just registered aliens.gov, which I found
2288120	2314660	To be pretty funny. I don't know if you guys have a take there. But this whole idea of disclosure is kind of a misnomer to me, because I think this space, there's a ton of data, there's a ton of asymmetric data on the government side. But the sense making is totally lacking. And so you have all these file releases going on now with JFK and MLK and Epstein and stuff. But nobody, it's like finding a needle in a haystack and nobody knows how to make sense of what's going on.
2314660	2323060	And to me, if you can't make sense of those things, which are like, you know, conventional, prosaic, political things, good luck with UFOs.
2323100	2324960	Well, I think AI is going to help that.
2325240	2325720	True.
2325840	2331280	I will tell you that the biggest problem in the intelligence world is not collecting.
2331640	2333520	It's understanding what you've collected.
2334060	2337160	And, you know, there are so many reasons for that.
2337220	2339540	There's the volume, velocity, and variety of information.
2339780	2341760	It goes up exponentially every day.
2342640	2343120	Right?
2343160	2344460	There's a lot more information out there.
2344660	2344760	Yeah.
2345480	2350120	And then, yeah, so the real frontier in intelligence is to understand.
2350420	2354920	Yeah, except the problem with AI is that AI is trained by humans.
2355300	2367820	So if any AI is trained by humans to detect one or two things, it's not going to see the thing called X that will appear out of nowhere.
2368100	2368560	That's right.
2368740	2370520	So it will miss it also.
2370720	2371160	That's right.
2371220	2371560	Yes.
2371560	2377560	Yes. Yeah. If that low sample size, an AI classifier is going to mistake something,
2377660	2381720	then at high sample size, it's still going to mistake it. And you need some sort of human
2381720	2387760	supervised learning component in the loop to actually have good signal on the anomalies
2387760	2391160	that are correct. And then you train up the model or something.
2391420	2398140	Yeah. Yeah. But a good intelligence analyst will be humble and look outside the lamppost. In other
2398140	2401460	other words, be aware of their own biases. There's this great book called The Psychology
2401460	2407900	of Intelligence Analysis by Richard Toyers. All analysts are taught to read it. It's part of our
2407900	2412620	training. And it's to look at our own instrument. And he talks about all the different biases,
2412780	2420280	confirmation bias, you know, and so forth. And it's true that AI is just, you know,
2420280	2426280	it's like a Ferrari that'll go now a million miles an hour instead of 200 miles an hour,
2428140	2431320	You know, it's not going to go into the air or go below the water.
2431320	2458480	Yeah. And there are things like, you mentioned time. Time to me is so interesting because it's like the, you know, there's a David Foster Wallace speech and it's like these goldfish talking to each other and they're trying to conceptualize water, but water is the medium in which they swim. And that feels like time in many ways. It's the most used noun in the English language. And yet it's always defined with respect to something else.
2458480	2475780	So macroscopically, the movement of bodies, and then microscopically, you know, oscillations on an electromagnetic wave. And you get into things like, you know, Einstein's equations, or even Maxwell's equations, I believe, work the same way forwards as they do backwards.
2475780	2484380	and um you know uh uh you have time treated as a formal axiom or as a classical axiom rather in
2484380	2489620	trodinger's equation and so it's but but but but there's all sorts of possible time weirdness and
2489620	2494780	certain quantum interpretations obviously of temporal non-locality and so it is that seems
2494780	2500520	like a very interesting foray into studying oh yeah the ufo stuff yeah i mean there is for example
2500520	2509860	one minority theory that the Big Bang spawned a matter universe which went one direction in time
2509860	2516300	and a simultaneous equal one, an antimatter universe going in the other direction in time.
2516480	2518240	Is this the Sakharov universe?
2518240	2523280	I don't know who is that. I just remember reading that. And there are other theories. We live inside
2523280	2528080	this huge, supermassive black hole. And there's some weird paradoxes like the more massive the
2528080	2533700	a black hole, the less likely tidal forces will stretch you apart. The math is very complicated,
2533880	2539340	but that's true. So it could be that what we call the universe is just what we see inside this big
2539340	2544660	black hole. And how would we know? Right. I mean, I think that at the end of the day, if we ever
2544660	2549100	know the truth, which I don't think we will. You don't. Well, no, this is a conversation I had with
2549100	2554440	Marvin Minsky. Okay. And I said, Marvin, are we as humans. For the audience, by the way,
2554440	2557940	Marvin Minsky's kind of the godfather of modern artificial intelligence.
2558160	2558300	Right, MIT.
2558700	2558940	MIT.
2559040	2564600	And I knew him quite well, and I love kind of BSing with him,
2564620	2568120	and kind of like you did in the dorm, you know,
2568160	2571960	when you were a freshman, like, oh, man, this thing's all connected, everything.
2572340	2577120	Well, I said, Marvin, are humans either collectively or individually
2577120	2579700	capable of understanding nature in its entirety?
2579960	2581060	And he goes, of course not.
2581840	2582920	I'll give you an example.
2584440	2589940	cat I know or have even ever heard of. It is a genius cat. I'll never teach it French.
2591320	2595580	Right. And it turns out that was wrong too, because we now know that some cats
2597380	2604480	can understand about 400 words of a language. But the point is that it's hubris to think
2604480	2609880	that at whatever level of intelligence we've achieved is enough to understand nature.
2609880	2626360	Yeah. Right. Yeah. Well, it's like, you know, whales and dolphins and elephants and parrots are like way smarter than we ever thought they were. Crows. You know, a crow will remember your face for two decades and come after you if you pissed it off.
2626360	2626940	It's wild.
2627100	2627260	Right?
2627320	2629860	I mean, animals are way smarter than we think they are.
2630120	2634620	But do we really think we can explain partial differential equations to a parrot?
2634700	2636300	Maybe, maybe not, probably not.
2636520	2636820	Right.
2636880	2643880	And so it stands to reason that there's way more to be known than our brains could ever comprehend.
2644420	2648660	And to me, that's the exciting thing about UAPs and UFOs.
2648920	2653200	It's nature's way of reminding us how little we know.
2653200	2658460	And Isaac Asimov said, science doesn't proceed with eureka.
2658480	2660300	Like, oh, we get this great insight.
2660800	2663160	It proceeds with, that's funny.
2664580	2670520	You know, because that's funny means, hmm, that makes no sense compared to what I think I know.
2670720	2675760	And whenever you see something that doesn't fit what you know, a real scientist should get excited.
2675920	2676320	Yeah.
2676520	2677200	Not skeptical.
2678140	2678460	Yeah.
2678460	2683140	But as Max Planck said, science precedes one funeral at a time.
2683260	2684420	Right, right.
2685620	2694160	Well, accepting that caveat around kind of having epistemic humility, you guys have done this amazing survey level overview.
2694320	2700260	Do you guys have kind of a base case for what's going on, even if it's a soup of things?
2700840	2702740	Well, yes and no.
2702740	2725060	No. Yes, in that we believe when you look at all the many thousands of reports, and we've looked at all, and some I have guilty knowledge of from when I was inside the government, there is a tiny, tiny, tiny fraction, maybe a few dozen out of all the many tens or hundreds of thousands, where I feel confident saying there's something real there.
2725060	2732280	there. It's not an artifact of who observed it, of the instrument, of some mistake. It's real.
2732400	2740620	And it's something we do not understand. Right. And so that to me is why we are so passionate
2740620	2747060	about this, because as scientists, that excites us. We are not threatened by it. We are not
2747060	2754140	repelled by it. We are drawn to it. And so I guess I shouldn't say this, but you can comment
2755060	2758260	I'm kind of on a mission to get serious scientists to take a look at this.
2758480	2761280	Because right now, it's very hard.
2761400	2762900	Because there's the giggle factor.
2763140	2766540	There's the, oh, UFO, alien, little green man.
2766820	2777580	And so really the world's best scientists, with a few exceptions like Levy and Harvard and places like that, they're staying away from it because it's a career killer.
2778000	2779260	That's what it seems like.
2779260	2805480	And then simultaneously, you obviously were as high up as it gets in the U.S. government when it came to science. You were kind of the CTO of the country. And then you have this movie, I don't know if you've seen this, The Age of Disclosure, where you have guys like Jim Semivan high up at the CIA or Chris Mellon, who is Deputy Assistant Secretary of Defense for Intelligence, also cleared to do a lot of stuff.
2805480	2809820	And they're saying we have a program that's like reverse engineering this stuff.
2810260	2811820	What do you guys think there?
2811920	2813300	Do you think that's legit?
2813520	2816040	Well, I got to be careful what I say here.
2817080	2819800	I was, I had access to a whole lot of stuff.
2820000	2820240	Yeah.
2820320	2821040	I never saw that.
2821180	2821580	Okay.
2821640	2823000	I never saw anything like that.
2823100	2826660	I, we have this thing we say, yo, explain yo.
2827520	2830020	It's maybe yes, maybe no, yo.
2831200	2834640	When presented, we call it the power of yo.
2834880	2835280	Okay.
2835480	2839180	When presented with something, don't say yes, don't say no, say yo.
2839440	2839840	Okay.
2839960	2841260	Maybe yes, maybe no.
2841380	2842780	Keep an open mind.
2842980	2843420	Yeah, yeah, yeah.
2843520	2845600	And so I don't have any illusions.
2845680	2848940	It's just because I should have known everything that I did.
2849080	2851960	I know for a fact that people hide things.
2852220	2856220	You know, and so the fact that I didn't know it doesn't mean it wasn't there.
2856400	2856760	Yeah.
2856800	2858380	You see, this is a fascinating thing.
2858960	2862560	Your average lay person, when they look at the government saying, we're not going to
2862560	2863660	to release this UFO thing.
2863700	2865720	Thinks, ah, because they don't want us to know about aliens.
2865980	2867600	But they don't think about other motivations.
2868020	2868840	I'll give you one.
2869560	2875240	Let's say we have sensors of a certain kind that are way better than we want anyone to
2875240	2875860	know they are.
2877000	2877400	Right?
2877420	2881200	Because we don't want the adversary to know, oh, we can see X, Y, or Z.
2881740	2883460	That's called sources and methods.
2883980	2887380	And in the intelligence world, that's what we protect more than anything.
2887760	2891000	We can't let the adversary know what we know we can know.
2892560	2899820	I have no doubt that some of the reluctance to release some of the stuff, it was captured by a collection system that we don't want people to know we have.
2900680	2901700	Yeah, that makes sense.
2901900	2905880	They can see farther, longer into wavelengths that they didn't know that we could and so forth.
2905980	2910960	And I think some of the data captures have been through those kind of systems.
2911400	2916600	And that just to reveal that can reveal the capability that we have.
2917120	2920400	And so I feel quite certain that there's some of that going on.
2920400	2922660	Yeah, no, I mean, that makes total sense.
2922940	2927740	You mentioned also Navy patents around laser holography.
2927740	2927860	Oh, yes.
2928260	2931960	Yeah, well, this is interesting because in looking at the possibilities,
2933940	2936480	I just start from first principles of physics.
2936720	2940780	If something is moving really, really fast with a super acceleration,
2941100	2944620	the most fundamental equation in physics is F equals MA.
2944820	2948060	Force equals mass time is acceleration, right?
2948060	2953960	And so if you look at an extraordinary acceleration, there are two ways to look at it.
2954000	2959700	There's an unbelievable force or there's very low mass or both.
2960360	2961880	And you say, well, what could do that?
2962040	2966100	Well, when I was at Disney, we were developing electronic fireworks.
2966580	2975460	And the way we did it is we had a Q-switch neodymium YAG laser that we focused to a spot in the atmosphere.
2975460	2980920	and we put so much energy there that we ionized the air and created ball lightning.
2981640	2989240	Okay. And then we moved it around with mirrors and lenses so that we created voxels in open space
2989240	2995680	and we could move those around like fireworks or like anything else. Okay. Those little plasmas
2995680	3003680	reflect RF energy and give off tremendous heat and obviously a visual signature. So I thought,
3005460	3010360	essentially zero mass, if I were going to fake it on purpose, and that is, by the way,
3011140	3015440	one of the things we look at in the book, if someone was consciously going about faking
3015440	3020900	something to make you think there was a UFO, for whatever reason, like the Russians do this all
3020900	3025520	the time, they call it Moskerovka. They make us think they can do things that we never thought
3025520	3033220	they could do to deter us. Right? And so I asked, this is what I used to do at Disney, fake things.
3033220	3037780	and I talked to this guy, Cliff Wong, who was the world's expert on drones.
3037900	3040260	And I said, if you wanted to fake X, Y, or Z, how would you do it?
3040960	3045260	And so he told me, he said, well, what I do is I would have a big,
3045280	3048720	a huge balloon here that was towed by a little teeny drone.
3049140	3051780	And you'd think it was this big orb when in fact it wasn't.
3052040	3055000	So we get into all the ways of fake, but getting back to the plasma,
3055740	3062100	I said, these glowing orbs could be free space plasmids
3063240	3067960	laser. Well, it turned out there's a Navy patent to do exactly that, to draw things in the shape
3067960	3074900	of an airplane to fool missiles. And it would look like it's accelerating at crazy Gs.
3075020	3079580	Yeah. And it would do everything that these orbs are doing.
3079740	3083360	Seems like it's breaking conservation momentum, but it's just massless.
3083660	3088920	It has zero mass. If something is moving in a way that no mass could, maybe it doesn't have any mass.
3088920	3092940	Maybe it doesn't have mass. Maybe that's the way to look at it. Well, if you were to look at
3093220	3097260	Let's say the Nimitz 2004 case, which I know you guys are pretty familiar with.
3097360	3098860	And the Roosevelt and the Omaha.
3098940	3099640	And yeah, yeah.
3099680	3099980	Exactly.
3100160	3100640	Yeah.
3100760	3101320	In 2015.
3101440	3107040	So in 2004, you have, you know, Nimitz off the coast of San Diego, you have Soul Carrier
3107040	3113240	Strike Group, you have radar, you have, you know, eyewitness observation, and then you
3113240	3116540	have thermal imaging that's been released, this forward looking infrared.
3116880	3118120	And CCTV also.
3118340	3118900	And CCTV.
3118900	3125700	And so would this sort of plasma ball configuration be able to account for all of that?
3125860	3129680	Yes, it would from a kinematic point of view.
3130140	3133580	But the visuals don't line up.
3133620	3134860	Those are tic-tacs.
3135300	3147040	And the plasmas actually can look like a tic-tac because they're not actual balls normally the way you do them unless you really are good with adaptive optics.
3148900	3151860	with these plasmas, it's a laser beam coming to a focus.
3152100	3152420	Yeah.
3152480	3158580	And what happens is instead of just a ball, you tend to get the actual caustic of the
3158580	3159940	energy coming in like this.
3159980	3162740	So you'll see kind of a rope of energy like this.
3162820	3164720	And that could look like a tic-tac.
3164920	3170960	And then when you take into account atmospheric scattering and stuff, I would say possibly.
3171440	3175280	It wouldn't be my first hypothesis because they define it.
3175320	3178140	It looks like it's made of white plastic or something.
3179960	3182960	under normal conditions, these plasmas wouldn't look that way.
3183120	3183460	Okay.
3183640	3185720	But they also are louder than hell.
3185780	3189780	In fact, when Mike Leisner, the CEO of Disney, I first showed him these things,
3191340	3193580	he said, oh, we're not going to do this.
3194260	3196180	It's really impressive, but we're not doing this.
3196280	3196820	And I said, why?
3196900	3201020	He said, Eric, there's something profoundly disturbing about the air over your head catching
3201020	3201460	fire.
3201680	3206420	And yeah, we like to stimulate our guests, but we don't want them running screaming out
3206420	3206800	of the building.
3207320	3208520	And it's really loud.
3209000	3212220	It's really loud because it creates sonic booms.
3212820	3217900	And so it's part of it.
3218000	3220200	But what we do in the book is-
3220200	3223860	But that sounds like a pretty good capability for a PSYOP or something.
3224260	3224700	Well, it is, yeah.
3224700	3229760	If you want to do something on foreign land, ace in the hole tech or whatever,
3230060	3236440	you fire in the sky and some plasma projection balls everywhere and things like that.
3236520	3237120	Well, that's right.
3238900	3244320	to the faking theory. Someone isn't doing it and you're noticing it. They're doing it on purpose
3244320	3250860	to mess with your head. And the Russians in particular really do a lot of this. And because
3252120	3257100	Patton said it, weapons change, but man who uses them changes not at all. To defeat an enemy,
3257220	3263800	you don't defeat their weapons. You defeat their brain and their heart. You erode their will to
3263800	3269160	to fight. The Russians know this. They don't have the resources we do. So one of the things they do
3269160	3275400	is make us think they can do things that make us think twice about messing with them. And so it is
3275400	3280680	in, I'm not saying they're doing this. I'm saying it would be consistent with their modus operandi
3280680	3285620	to be messing with our heads. And by the way, when it comes to directed energy, there's no one better
3285620	3291200	in the world than the Russians. You know, Bozov and the laser, you could say they invented it,
3291200	3306020	You know, and they are really good at directed energy. I mean, that's what Havana syndrome is all about. Directed energy. So I think it's entirely possible that some of these phenomena are a foreign actor deliberately messing with our head.
3306020	3334440	Interesting. Yeah, there's, I think it's 1976 SALT talks, and Kissinger is talking to Dobrynin, who's the foreign minister from the Soviets. And he's saying, stop beaming our embassy with microwaves. You've been blasting it for 12 hours straight. And Walter Stossel, who's the American ambassador, was not only hurt by this, he ends up dying of kind of a rare form of blood cancer.
3336020	3340940	on in the 70s. And then it feels like we've had all this, like, honestly gaslighting on the part
3340940	3346220	of, you know, CIA, a lot of people, a lot of diplomats who are stationed abroad who are
3346220	3351500	experiencing these things that, you know, they're consistently called psychosomatic or crazy or
3351500	3356920	whatever. And then you have this dear Spiegel 60 minutes, you know, report saying, no, this is all
3356920	3362060	real. And the Soviets have been doing it for decades. Well, you really, we're deep into that.
3362060	3366200	I can't say exactly, but I'm very much part of that investigation.
3366500	3367740	And so is Dr. Gilbert.
3367900	3371020	Yeah, we've been interviewing victims of Havana syndrome.
3371160	3371660	Yeah.
3371720	3383400	And it's spectacular because nobody understands that there are a series of symptoms that are all linked together that people don't understand that are just unique.
3383400	3392520	But there are a lot of people, there are like over 1,000 U.S. officials from State Department and other American personnel.
3392700	3397900	There are family members, there are children also that have reported.
3398020	3405060	It's called anomalous health incidents now, AHI, which is Havana syndrome.
3406040	3410720	And people are usually in their 20s, 30s, 40s.
3410760	3412060	They're in great physical shape.
3413400	3423740	But the symptoms started when they were stationed in Cuba or Russia or China, Austria, Germany, Switzerland.
3423960	3428440	And there are a lot of them in the United States and near the White House also.
3428640	3435580	And people are staying at hotels, apartment offices, or sometimes in their cars.
3436100	3441800	But there are puzzling combinations of symptoms that we've never seen before.
3443400	3457420	People described like dizziness, combination of dizziness, headache, hearing loud, high frequency, very directional sounds that seem to come from a specific location.
3457680	3466680	And both sounds and symptoms disappear when victims leave the room and they reappear when victims reenter the room.
3466680	3484860	And some Havana syndrome victims describe disabling cognitive problems like memory problems and slow processing speed, balance problem, hearing loss, ear pain, tinnitus, insomnia, irritability, and sometimes depression.
3485320	3491360	And the physicians could not understand what was going on.
3491360	3503820	So we did a lot of studies and we find ENT specialists found that it's the otolith inside the inner ear that get affected consistently in most of those cases.
3504060	3505700	And now…
3505700	3506760	What is it in the inner ear?
3506860	3515760	The little teeny bony structures inside the inner ear that are responsible for balance.
3515800	3516240	Balance.
3516240	3531900	And those get disrupted. And it's very difficult to find what it is. I mean, people do MRIs and they can't find anything. It's only when you study the otolith of the ears, of the inner ear.
3531900	3556320	Well, that's the one cluster of symptoms that seems to be in common with many of them. And I'll just say, again, I have to be careful picking my words. But I think there was not unanimity within the community, the intelligence community on what was going on. You had one side saying, it's real and we know what it is with very high likelihood. And here it is.
3556880	3579060	And then you had the other, which was the official version is there's no there, there, nothing to see here, folks. And those of us who are tightly connected on the one side who heard that were shocked, mortified, angry. But you saw Dr. Relman, for example, the Stanford MD. I think he said it best.
3579060	3601980	Yeah. And in an essay I just published, I really talk about, again, the psychology of how that could happen. And I believe that the people in the intelligence community, State Department and CIA, who say there's nothing there, I don't think they know it and they're covering it up. I think they don't believe it because I have seen that over and over and over again.
3601980	3609900	Again, and at the end of the essay, I quote Upton Sinclair, who said, you can't explain something to a man whose salary depends on not understanding it.
3610620	3611140	Right.
3611240	3619300	Again, it gets back to the common theme you've heard us talk about, which is whenever you have an instrument reporting something, ask about the instrument itself.
3619560	3619940	Yeah.
3620060	3620420	Right.
3620480	3624320	So the people who aren't believing it can't believe it.
3624380	3624720	Yeah.
3624740	3627880	Because if they believed it, their whole ego structure would fall apart.
3628060	3628340	Right.
3628620	3628740	Right.
3628800	3630300	So they have to believe it.
3630420	3630640	Yeah.
3632100	3635880	think there's nothing there. Speaking of which, yeah, go for it.
3635940	3641420	They don't believe that something can happen that they don't understand. They think they have to
3641420	3648000	understand everything. And if they don't understand it, it doesn't exist. But it sure does exist. I
3648000	3653640	mean, we have interviewed a number of victims, and this is not fake. This really, really exists. And
3653640	3659640	it's devastating for the people. One of them used to work for me. I know him extremely well.
3659640	3664860	Wow. Jesus. And we had a long conversation with him recently. I can't mention his name or where
3664860	3670980	he worked, but what bothers us the most about it is the victimizations of the victims. Imagine
3670980	3675940	serving your country, being wounded in service of your country, and your country says, no,
3675960	3682060	you didn't have that happen. And you're crazy. It's scary. It's awful. I mean, to me, actually,
3682200	3686700	and a lot of them will tell you that's the worst part. Mark Polymorphopoulos, who was on the 60
3686700	3688440	16 minutes piece, said it very well.
3688540	3692780	It's like he loves the CIA, but they've betrayed him.
3693200	3693400	Yeah.
3693800	3697320	So we think what it is, well, we think it is,
3697320	3701440	it's a radio frequency, microwave, or directed energy
3701440	3706420	using repetitive pulse train, very short,
3706620	3708900	very high peak power radiation
3708900	3713500	that could be sent from anywhere within line of sight.
3714200	3717040	Now, how big or small can the culprit device be?
3717200	3720960	Well, it could probably be as small enough to fit in a backpack.
3721500	3727340	And how can we detect something that is really very short?
3727420	3733320	It could be a nanosecond of radiation, very high intense, repetitive.
3733740	3738280	We have no way to detect this nanosecond, very high possible.
3738280	3754700	And that's what is it. All those organisms, the CIA doesn't think that this can happen because they think they would detect it. And interestingly enough, we don't have the devices that could detect that.
3754700	3772280	Well, I'm going to pick my words carefully here. I think that to detect something, you first have to be open to where it might be. And so let's take this radiation, this directed energy.
3772280	3778560	energy. Microwaves are one possibility because there is this thing called the microwave hearing
3778560	3785460	effect, where you can beam a microwave at someone and cause them to hear things because of
3785460	3791580	thermoelastic explosions in the endolymph of the inner ear that create vibrations like sound.
3791960	3796860	And in fact, there's a program to modulate that with voice. We call it the voice of God, where
3796860	3801780	you can project the voice into someone using this. And in fact, in our book, The Shadow of Time,
3802280	3807440	about that, is how one set of creatures who have hearing could talk to another set that don't,
3807440	3814000	using that phenomena. But again, let's open up what isn't impossible. Remember I said we can
3814000	3819720	do things with lasers and free air plasmas. Well, remember I said that lasers can interact and
3819720	3826540	create shockwaves in the atmosphere. And so it is possible that you could create local shockwaves,
3826540	3832360	very, very precisely located that would cause some of this kind of damage acoustically.
3832500	3835540	But the origin wasn't a speaker or an acoustic system.
3835760	3836520	It was a laser.
3836900	3838680	It could be a terahertz laser.
3839180	3842120	It could be near ultraviolet.
3842140	3844920	It could be all kinds of different kinds of directed energy.
3845240	3846640	It could be millimeter wave.
3846860	3848040	It could be terahertz.
3848160	3849780	I mean, it gets-
3849780	3852680	I worry about the other side of this, the extremely low frequency.
3852980	3854840	That I'm less interested in.
3856540	3860840	Now, F equals H nu, which is to say that the lower the frequency, the less energy it carries.
3860920	3861140	Right.
3861240	3866660	And also, ultrasound, the wavelength is so large, it's like many miles long.
3866920	3875920	So what that means is the gradient of energy from here to here across something like your head is extremely, it's basically flat.
3877060	3879520	Now, you have resonance in your body.
3879640	3881700	Your body is a cavity resonator.
3881700	3888300	And if you hit it with something like 6 to 12 hertz, you can maybe cause yourself to have to go to the bathroom.
3888540	3888740	Yeah.
3888900	3891020	But it wouldn't create these kind of effects.
3891880	3893920	It's probably something way higher.
3894220	3899620	I wouldn't rule out acoustic, but that doesn't mean it's an acoustic source.
3900080	3904520	It could mean it's a directed energy source that creates an acoustic effect.
3904800	3906460	I don't think that's what's happening.
3906600	3907760	I think it's straight up RF.
3907760	3922000	But again, I'm somewhat humble in that we can't say we know for sure. And I think if we too quickly reach a conclusion, we're not doing anybody any favors.
3922000	3943200	On the UFO front, one of the kind of data sets, so to speak, that I think I hold in highest esteem is this idea of UFOs showing up around nuclear weapons facilities and installations all over the world, civilian energy grids even. There seems to be something there. Have you looked at any of those cases?
3943200	3964280	We have, and we're trying to be honest and say, yo, maybe yes, maybe no. First of all, there's a lot more sensors around nuclear plants. And so you're going to see a lot more stuff because you have a lot more things looking at it. So you see more frequency, but is that due to things showing up more frequency or because you have more stuff looking at it?
3964280	3966840	To me, it seems beyond sensor bias.
3995400	4000080	uh, slope, high gradient electromagnetic fields, you can have plasma generation.
4000740	4005780	If you have aerosols in the air, you can charge them up. Maybe you can cause some fluorescence
4005780	4011580	and some weird effects. So, uh, you, if you're going to be intellectually honest, don't look at
4011580	4014640	what you'd like to be true. Oh yeah. Yeah. Oh yeah. They're interested in our nuclear perk.
4014700	4021120	Well, maybe. Yeah. But if it's nuclear, what else is it about the nuclear that might lead to other
4021120	4027020	phenomena. And this is where we try to be objective because we want to kind of send a
4027020	4032760	message to the world that hardcore objective scientists who are more interested in the truth
4032760	4038900	than their particular agenda, who have rigorous scientific process are taking this seriously.
4039380	4045860	And so that's why we think it's really important to be hyper rigorous and look at all possibilities.
4045860	4052100	capabilities. So again, about the nuclear, maybe yes, maybe no. I wouldn't come down hard yet on
4052100	4057200	what I think is happening there. But the thing is, really hardcore, serious scientists with
4057200	4062280	resources really don't look at these issues. Now, the government is prone to say, oh yeah,
4062360	4065460	we've got this A-team looking at it, blah, blah, blah, blah, blah. Don't believe it.
4065720	4070880	They have someone looking at it to some degree, but are the best of the best really going to risk
4070880	4076280	their careers to look at this and volunteer for it? It seems like the most important thing, you
4076280	4083740	know, to, you know, it's the frontier and it's, and it's can beget so much interesting, productive,
4084020	4088900	useful stuff outside of obviously it being the nature of reality and kind of ultimate truth
4088900	4093780	seeking, which I think is very valuable unto itself. But I think, you know, you could end up
4093780	4099080	with, you know, new propulsion modalities and, you know, possibly new energy modalities, all
4100880	4117520	See, I got to say I'm not objective here because I've seen so many times being inside the government where for what we call in Washington the optics, Congress wants us to look into this. Let's look into it and let's form a team and let's put scientists on it.
4117520	4145580	But you saw in 60 Minutes, that guy who said he quit said that woman came to him and said, we got to turn down the temperature on this thing. And so people inside the intelligence community told me, like, I was starting to work in my own lab to reproduce it and to come up with a sensor to sense this stuff. And I said, I'm making progress, but it's on my own dime. I'll continue on my own dime, but I have to know if I succeed, you'd want it. And he goes, forget it.
4147680	4154300	here. If you even ask these questions, it's just optics. They don't really care. They already know
4154300	4159980	the answer they want. This isn't serious. And so when it comes to UFOs and all this other stuff,
4160560	4165860	if I had to be a betting man, I'd say they don't really take it seriously.
4166580	4170800	There are. Yeah. I don't know. I imagine you worked with James Clapper.
4171160	4176860	Oh, yes. He was the guy who gave me my intelligence distinguished service medal when I
4177520	4189180	Okay. Well, there you go. So he publicly in the age of disclosure was like at Area 51, we had some sensor program. We were looking for UFOs. And then Mike Rogers, you probably also know.
4189400	4193740	Which one? The Mike Rogers, the congressman or Mike Rogers, the head of NSA?
4193900	4201900	Head of NSA. He said Clapper called him in a public interview. He said Clapper called him and asked for all the UFO data from the NSA.
4201900	4206980	say. The director of national intelligence, James Clapper calls me, Mike, I need you to go through
4206980	4210940	all of it. I need the team to go through all of NSA's holding all of its files. And I need
4210940	4215900	everything that you have on UFOs. And I'm like, what, sir? So it seems like there's some, you know,
4215920	4222400	internal movement, like even if you don't accept at face value, all of the, you know, kind of UFO
4222400	4228360	crash retrieval and reverse engineering, which I, I think there's some evidence around that.
4228360	4229560	That's pretty good, too.
4229760	4233940	But even if you don't take that at face value, there is some internal interest around this stuff.
4233980	4234320	Oh, yeah.
4234360	4236660	There's some, but it's all not official.
4236920	4237080	Yeah.
4237100	4241540	We talked to pilots on the Navy base.
4241840	4242280	Aviators.
4242400	4243820	They like to be called aviators.
4244440	4245960	They aren't mere pilots.
4246860	4251580	In a non-official manner on the Navy base.
4251580	4255880	and they told us that they saw they were seeing a phenomenon
4255880	4259020	that they couldn't understand on a very regular basis,
4259560	4262520	but they were not talking about that.
4262600	4266140	They were not mentioning that because it was career ending.
4266180	4267260	Would it have been career ending?
4267540	4269780	Yeah. They say all of us have seen a lot of stuff
4269780	4273160	and none of us say anything because we want to keep flying.
4273340	4277040	Yeah. And that's the same thing as the Havana syndrome also.
4277040	4292580	So the officials, the government doesn't acknowledge the fact because if we acknowledge, I think, my personal opinion, if we acknowledge the fact, then it's going to scare people.
4292840	4297040	Who else is going to go abroad and work for State Department?
4297700	4301320	Nobody will want to do that because they know they will risk their life.
4301320	4314080	If we acknowledge that there is something we don't know, same thing in UFOs, who is going to go on missions, aerial missions, they won't want to do it also because they will risk their lives.
4314160	4316280	It's a big scare factor.
4316440	4318300	It's going to scare a lot of people.
4318460	4321840	And I think they don't want, our government doesn't want to do that.
4321940	4323400	Plus, they don't understand it.
4323460	4326900	They don't understand it and they don't want to scare people, so it doesn't exist.
4327260	4327720	Interesting.
4327720	4340060	And in the intelligence world, there's a really unfortunate thing that happens. It really bothers me a lot. And I've had it happen to me personally in the war in Iraq and the connection between Iraq and Al Qaeda.
4343320	4360040	In intelligence, we're supposed to speak truth to power. We're supposed to be objective reporters who report what we think is happening with what confidence and to never let our own political agendas color what we tell policymakers.
4360040	4368640	makers. But you heard on the 60 Minutes interview where they said, well, look, if it's the Russians
4368640	4375080	doing it to us, that's an act of war because they've done it against very senior US officials,
4375340	4380960	national security officials on our own soil. They've attacked us. It's an act of war. And it
4380960	4385120	is. I think that is exactly what it is. Because the Russians look at war differently. They're
4385120	4385780	They're always at war.
4385940	4389000	They call it gray war or active measures.
4389600	4394580	And their intelligence services are more about making things happen than reporting what happens.
4395260	4397740	Very different philosophy than ours.
4398200	4405900	And so it's very inconvenient to have to tell the Russians, you just declared war on us.
4407120	4409160	And the guys at CIA don't want that.
4409320	4410700	They don't want a nuclear war.
4410860	4411600	They don't want.
4411600	4426220	Because what are we really going to do to the Russians because they've been doing this to us? Really? Are we supposed to launch a nuclear war against them? Are we supposed to start killing their intelligence operatives? What are we supposed to do about it?
4426220	4432480	Well, not only that, but it's so embarrassing because it's been going on since 1980s.
4432480	4433360	So we're helpless.
4433580	4436040	It started in the 1980s and we haven't done anything.
4436040	4436580	Well, yeah.
4436640	4437420	It was a war declared.
4437560	4437780	What?
4438040	4438340	Yeah.
4438340	4446900	So the fact of the matter is the Russians know very well that if they keep the aggression below a certain threshold, we're going to do nothing.
4446940	4447380	Yeah.
4447420	4447860	Right.
4447960	4449240	And so they know that.
4449320	4450520	And so they keep doing it.
4450520	4474660	And if we say to the American voters, we know the Russians have been at war with us and we're just going to sit here and take it. Well, how would the voters like that? But on the other hand, if we get too aggressive and react to the Russians, we're going to turn up the heat. So you have an example there of CIA saying we're going to control the narrative to keep us from going to war with Russia.
4474660	4497320	Yeah. Okay. That may actually be at the end of the day, a good thing, but they don't get to decide that. That's not, and I've seen this inside where I see exactly that happened in other contexts. And I said to a very senior person at NSA, not the director, someone below them, I said, you don't, we weren't going to tell Bush something we had discovered.
4497320	4502060	covered. And she said, nope, I'm not going to let you do that. And he said, why? And he said,
4502100	4506120	well, this guy's crazy. You know, he'll go do anything. And I said, that's not your call.
4506400	4513480	You know, she said, well, we can't let him go off on a, you know, a tangent. I said,
4513520	4518900	but that's not your call. She said, well, yeah, it is. And that's the reality. And you see,
4519240	4523800	when that happens, people's trust in the intelligence apparatus starts to erode.
4523800	4528120	And I will tell you, I didn't see a lot of that, but it happens.
4528620	4529140	Yeah.
4529180	4533580	And if it's something coming from outside Earth, it's the same thing.
4533580	4538440	Because those pilots were describing a lot of near misses when they were flying.
4538620	4541000	They almost missed something.
4541120	4543000	Their worry was flight safety over everything.
4543000	4544220	And they were worried.
4544360	4549360	So if it's the same thing and it's something coming from outside Earth that we don't understand,
4549360	4556800	then if officials acknowledge that this is what is happening, it's going to scare the bejesus out
4556800	4564080	of everybody, right? And they don't want to do that because first, again, they don't understand
4564080	4572040	it. So it doesn't exist because otherwise it will make them look incompetent. And it's been going on
4572040	4578240	for several years also. So how come they've let this happen for several years without doing
4579360	4581460	The only way is to say it doesn't exist.
4582420	4583420	Yeah, not good.
4583560	4587140	Not the right orientation towards this whole subject.
4587300	4589180	And another thing sort of like that,
4589260	4593400	and I actually think it's more acknowledged probably by CIA
4593400	4595060	than it is by the civilian world,
4595120	4597720	but there was a psychic spy program.
4598280	4599240	MK Ultra.
4599520	4601580	Well, there's MK Ultra, but there's also Stargate.
4601660	4602360	Do you know about this?
4602780	4602940	Yeah, yeah.
4603220	4608100	And so there's, to me, a bunch of evidence from CIA circles
4609360	4613940	is some sort of mind-matter connection, or there's, maybe we're talking about kind of
4613940	4619420	transmission theory of consciousness, something else going on as far as our epistemological
4619420	4626360	circuitry than anybody in academia would ever admit. And something that I feel very passionate
4626360	4633340	about is like science should not be locked up in any of these agencies to the extent that there's
4633340	4638260	some trade secret that confers a tactical warfare advantage fine. But the idea that like something
4639800	4644160	fundamental, is just, you know, kind of stuck in these agencies. And I mean, this is all,
4644180	4649980	by the way, this is FOIA in 2017. These programs are public now. But that's pretty wild, right?
4650140	4654360	And like no one in academia would, they'd all laugh at this. If we're, you know, they'd laugh
4654360	4659100	at the conversation we're having right now. But then the people in aerospace and in these agencies
4659100	4665040	that like need every advantage they get with intelligence modalities, use it.
4666260	4690300	Well, I don't know. I wouldn't go that far. I will tell you this. The Russians take this stuff way more seriously than we do. And to the extent that in chess matches, they would have something like beaming negative mental energy at an opponent of a Russian. And the Russians are much more open to things that we aren't. Both good and bad.
4690300	4693680	And the things that don't cost anything because they don't have very much.
4693680	4694000	That's right.
4694040	4694520	The resources.
4694900	4695800	No, that's true.
4696440	4704400	And I think that some of the biggest discoveries in this area probably will be the Russians because they have much more open minds than we do.
4704520	4709260	I think they tend to be more spiritual and mystical maybe than we do because of their history.
4709600	4716940	But, you know, let's talk about this remote consciousness thing.
4716940	4722700	And these phenomena where a psychic can tell you there's a body buried under a bridge and then go there and yeah, the body's there.
4723940	4727940	One explanation is ESP or clairvoyance or non-local consciousness.
4728380	4729720	And that's possible.
4729900	4732080	But then let's look at the other possibilities.
4732900	4735640	We know there are some humans that are savants.
4736360	4741860	You know, someone who you could say what day of the week is, you know, 50, 55.
4743180	4743940	Rain man.
4744040	4744380	October.
4744420	4744780	Yeah.
4744780	4751140	And so there are some people with unbelievable, weird genius capabilities.
4752600	4763920	Who's to say that someone couldn't have absorbed all the news and everything about the human condition and reached the conclusion that a serial killer of a certain kind is going to put a body in a certain place in a certain date?
4764500	4766800	That this is not ESP.
4767100	4772160	It's just elevating an analytic skills to a genius level.
4772160	4782220	Right. And so to me, something like that is more likely explanation than something that's totally outside any range.
4782360	4783640	I would disagree with you.
4783640	4806260	Well, but I always look at, you have to respect what we don't know. And I'm not going to say impossible. I would go that far. But at the same time, I am a scientist and I look at, evaluate possibilities based on the best tools we have available to come up with, is there an explanation within the science we do know? And I would start there.
4806260	4811260	and then deposit a science we don't know is such an unknown realm.
4811400	4816200	It's almost not worth looking at because there's no way of evaluating that information.
4816740	4818180	You don't rule it out.
4818560	4820300	And we say maybe there's something there.
4820640	4825260	But then you become the cat that cannot learn French.
4825480	4826000	Maybe.
4827060	4830940	No, no, I'm saying this is a fascinating thing about the scientific method.
4831180	4833040	We assume it's the end all.
4833040	4853440	But clearly it isn't because it fails us over and over again. And so I went to a 100th reunion of my PhD program at Indiana University, you know, where B.F. Skinner was there and all these luminaries. And I was in industry. And I said, you know, I've been out 10 years and I think the scientific method is really flawed and limited.
4853440	4860460	it. And I said, why? And I said, because in science, you have to narrow things down so tiny
4860460	4866840	and so narrow to reach a real robust conclusion. You have to control so much that it becomes
4867540	4872660	inapplicable to the real world where nothing is controlled. And I said, in my world where I'm in
4872660	4877260	the fighter simulation business and I have to figure out how to make a pilot think he's flying
4877260	4883220	at 20 feet off the ground with very limited cues, there's no science for that. I just have to try
4883440	4884860	and see what works.
4884980	4889860	And I said, I think the method is seriously flawed and limited.
4890000	4890900	Oh, my God.
4891460	4893940	So I think that I will give you this.
4894060	4896740	The scientific method itself is limited.
4896920	4897340	I agree.
4897580	4901640	It's the same thing as, you know, when you're looking for the body that's buried,
4901960	4905340	maybe that person has an extra sense of smell.
4905400	4906940	They could smell what it is.
4906980	4911320	Maybe that person has an extra sense of something that we don't know,
4911320	4915660	We don't acknowledge that it exists, and we don't have the tools to evaluate.
4915960	4924300	So I think it is very possible that that particular person has a capability, capacity of finding a body somewhere.
4924300	4925500	That's right. Like Joey Milne.
4925620	4930580	And we don't know how to evaluate that possible capability.
4930760	4939200	So I do agree. I think it's something we don't know, and we have no idea, and we should be open in discovery.
4939200	4940280	I'll give you both a big yo.
4941320	4969820	I like it. I like it. Yeah, it is one of those things where it's a paradigm shifting thing, if real, and then we don't know if it's real. But you have this woman, Jessica Utz, who is president of the American Statistical Association. She looked at all the CIA data around Stargate, did a meta study, and she came out saying if this were any other field and not parapsychology, which has this inherent kind of stigma stench attached to it, it would be beyond a shadow of doubt with the p-values she was looking at that this is totally real.
4971320	4979400	To me, it's like, okay, it's like black body radiation in the late 19th century where you can say it's fake because of the prevailing theory at the time.
4979400	4981340	Or let's like try to find a theory.
4981760	4982800	And I don't know.
4982940	4984420	But like I say, maybe.
4984620	4985220	Yeah, maybe.
4985340	4985880	Yeah, yeah, yeah.
4986360	4993220	But you see, the thing is, one reason you'll find me to be such a stickler is I kind of have to be to have credibility.
4993220	4999620	because I want hardcore scientists to look at someone like me and someone like Dr. Gilbert
4999620	5008360	and say, they're not wild-eyed crazies. They are disciplined. And so I'm purposely that way,
5008420	5015400	you know, that I want to maintain healthy skepticism at the same time. Oh, because the
5015400	5023180	very best scientists realize that we're much more limited than we want to admit. And so what I want
5023220	5028780	to do is speak to those scientists and say, play in this space because there's some exciting stuff
5028780	5034220	here. I have no idea what it is, but I know what it isn't. And what it isn't is something we
5034220	5041580	understand. Yeah. Yeah. Yeah. Was there any, while you were at NSA or ODNI, anything that's now
5041580	5047420	declassified around the UFO stuff that came across your desk, any signals intelligence or?
5047580	5052600	No. And I'll tell you that inside the highest levels of the intelligence community, this is
5053220	5055340	we spent a femto second thinking about.
5055400	5055720	Anytime.
5055820	5057540	I don't think there was any point.
5058260	5061120	I did get involved in some FOIA requests at NSA
5061120	5062320	as a senior executive,
5062480	5066720	but none of us spent any time on this.
5066840	5068520	There's one guy I interviewed,
5068660	5070220	his name is Dan Sherman,
5070320	5072600	and he said he was taken to an NSA complex
5072600	5078020	and he was like kind of humming these like tones
5078020	5079240	with his headphones.
5079440	5082140	And then it was, that was all meant to,
5083400	5085040	with non-human intelligence.
5085440	5087280	And he said, I'm going to play a tone
5087280	5091280	and I want you to mentally hum that tone.
5091480	5095820	And he said that you will eventually feel a connection.
5095940	5097380	The line will change.
5097640	5100400	When I saw the sine wave move,
5101560	5103500	I went, oh, okay.
5103760	5105580	Oh, I heard about something like that.
5105640	5107460	It's called Above Black is the book he wrote.
5107580	5108940	It's a project preserved destiny.
5109180	5110280	Do you have a take on that?
5110380	5110960	No, no.
5110980	5112440	I heard about it.
5113220	5120680	But I will tell you that, look, at that level, you're interested in budgets and policy.
5121120	5126580	And I'm trying to get more money to do high risk, high reward research in the community.
5126740	5128880	That consumed 100% of my time.
5128980	5135720	And I, except when I was going to be interviewed by 60 Minutes and they wanted to ask me about this, it never even came up.
5136340	5151620	In thinking about kind of terrestrial propulsion modalities that could explain what we're seeing, because this is part of your book, is there anything you guys are aware of or think could be possible that transcends chemical combustion?
5152060	5152380	Yes.
5152380	5152820	Okay.
5152820	5175020	Yes. I'm glad you brought that up because we go through NASA's innovative propulsion program, which I think is fantastic because it's one part of the government that's saying, we will fund anything that isn't impossible. I love that approach. And they give you a little funding if you can play with it. And an example of that is a warp drive.
5176840	5189220	And again, in our book, The Shadow of Time, we get into the possibilities of, you know, what people don't talk about when you talk about traveling near the speed of light is the acceleration and deceleration.
5189860	5196040	Right. You've got to accelerate from nothing to near the speed of light, and then you've got to slow down to get where you're going to go.
5196040	5209320	Well, either those take a really long time, which gets rid of a lot of the advantage of traveling that fast, or you have an organism that can withstand unbelievable Gs, which…
5209320	5211420	Yeah, we studied.
5211420	5214140	There were some studies done on that.
5214880	5222640	Because for organisms to be able to travel from outer space to Earth, for example,
5222780	5230160	they need to be able to resist extreme cold, extreme heat, extremely long journeys,
5231020	5237020	so extreme accelerations, extreme decelerations, and intense radiation, cosmic radiation.
5237020	5243380	So is it possible? Has there been anything like this where there has been?
5244280	5254540	So we've done studies on, for example, when we're talking about nuclear plants.
5254680	5263760	So there is an organism, a bacterium called Deinococcus radiodurans, which can resist intense radiation.
5263980	5266360	It can actually thrive on intense radiation.
5267020	5272520	But also it can survive cold, dehydration, vacuum, and acid.
5272760	5275200	So it's an extremophile.
5275400	5278260	And we've got a few that are extremophiles.
5278320	5285720	And this one, the Deidococcus radiodurans, has been found to survive three years in outer space
5285720	5290620	based on the studies conducted on the International Space Station.
5291560	5293340	Now, we've done studies on ants.
5293340	5300780	There are certain type of ants that can sustain 5,000 Gs, so 5,000 times the force of gravity.
5301820	5303140	They're tardigrades.
5303340	5304120	What are tardigrades?
5304240	5309060	They're little bears that are from half a millimeter to 1.2 millimeters.
5309760	5315400	They have eight legs, and they're found on moss or fresh or seawater sediment.
5315700	5321720	And they can sustain 16,000 Gs, like 16,000 times the force of gravity.
5323340	5327220	will be killed with a sustained exposure to 12 Gs.
5328260	5334420	And those little tardigrades can survive 30 years at zero degree Fahrenheit,
5334780	5338040	can survive 10 years in a dehydrated state.
5338860	5344460	And NASA did an experiment where they survived 18 months in the vacuum of space,
5344600	5347360	same thing outside the International Space Station.
5347580	5349040	Now, there are fruit flies.
5349040	5362260	Fruit flies, surprisingly, those little teeny things are able to withstand up to 17,000 Gs, 17,000 times the force of gravity.
5362540	5364200	There are roundworms.
5365220	5366480	Roundworms are parasites.
5366660	5369280	They can be parasites in animals or also in humans.
5370120	5373860	They can withstand 80,000 Gs.
5373860	5386400	And in 2023, it was reported that an individual nematode has been revived after 46,000 years in the Siberian permafrost.
5386400	5410480	And talking about organisms that are resistant to extreme conditions, like in the bottom of the ocean, near the bottom of the ocean, at five miles below the ocean, which is 26,000 feet below the surface, near hydrothermal vents, there are cells that can survive.
5410480	5416780	There is an ocean warm that the home is located near hydrothermal vents.
5417040	5419080	And it's not crushed.
5419280	5427820	There's a Mariana snailfish that can live near the Mariana or in the Mariana trench in the Western Pacific Ocean.
5428040	5440080	So imagine an organism that is under five miles of water, that heavy, heavy weight that would crush any kind of organism, would crush us.
5440480	5444060	And it does not crush a snailfish.
5444320	5446920	It doesn't crush a little worm.
5447560	5448460	Why is that?
5448540	5449380	How is that?
5449900	5457720	So I think the bottom line of everything that she's saying is we should never say never when it comes to nothing can sustain interstellar travel.
5457900	5461120	Nothing can sustain the kind of Gs that we see with the tic-tac.
5461420	5464880	That we actually have existence proofs that those things are possible.
5464880	5474080	But getting back to the question you asked about propulsion, which this is relevant because some of these propulsions get to extreme accelerations and radiation even.
5474900	5482520	The ones that I think are the most interesting are where you're not putting the power source on the vehicle.
5483020	5499640	So, for example, we have this video, and we know the guy who did it at Sandia National Lab and at White Sands, where you take a disc, a flying saucer, basically, and you put a pulse laser, just like I said, and you shoot it up and you propel it with laser energy.
5499820	5500100	Whoa.
5500240	5500640	Right?
5500700	5503920	So you can move something through the air where there's no engine on it at all.
5503960	5505320	You're just pushing on it with photons.
5505540	5506700	Did you do that at a larger scale?
5506920	5507180	Yes.
5507340	5507620	Whoa.
5507620	5516200	In fact, this guy that we've talked to did it for the government, and he's been forever trying to say, look, you want clean energy?
5516720	5518320	You don't need any fuel at all.
5518380	5521000	You just use a laser beam or a microwave to push it.
5521120	5522400	Can you say the guy's name?
5523200	5525300	I'd have to look it up.
5527560	5529480	And I don't know he'd want himself.
5529680	5530480	He's a little private.
5530640	5530880	Okay.
5530940	5535840	But you can go online and you can look at laser propelled disc.
5535960	5536240	Cool.
5537620	5541320	And it looks exactly like a flying saucer just levitating up.
5542000	5543900	Are we investing heavily in this?
5543940	5544080	No.
5544080	5544820	If you can do that at high.
5544900	5545200	No.
5545280	5545580	Okay.
5545700	5547400	Well, this gets into another thing.
5547440	5548720	And this is his frustration.
5549060	5549460	Yeah, yeah.
5550480	5556700	Is that if this were successful, it would threaten a huge established, you know, jet engine.
5557420	5557800	Sure.
5558020	5560380	And he wants to use it for civil aviation.
5561060	5561440	Right?
5561800	5562780	And he's done the math.
5562820	5566940	And now with adaptive optics, at the time he first doing this, you could only do it at short distances.
5567120	5567440	Yeah.
5567620	5574800	So we have adaptive optics now where we can control for atmospheric losses and distortion of the beam and stuff like that.
5575340	5581440	And I think when it comes to getting things into low Earth orbit in particular, this ought to really be looked at.
5581560	5589880	But in NASA's program, they look at a lot of things from laser propulsion in space, light sails.
5589880	5593340	and they also look at fusion reactors
5593340	5597480	where you basically create a fusion reaction
5597480	5600580	and you spew gamma rays out the back.
5600800	5602620	And again, it's photon pressure.
5603400	5605600	A photon doesn't have any mass, but it has momentum.
5606040	5607920	So when a photon hits something,
5608100	5610800	it imparts its momentum to it and it will move it.
5611960	5615820	And so I think that to me,
5615860	5617320	those are some of the more interesting,
5617320	5622220	But there are some other really weird ones like magnetic levitation.
5622620	5628280	For example, did you know it's possible for me to levitate you with a super strong magnet?
5628620	5629320	Levitate me?
5629560	5629780	Yeah.
5629840	5630480	No, I didn't know that.
5630480	5632680	But we've done it with birds and frogs and spiders.
5632980	5633100	What?
5633340	5633700	Yeah.
5633800	5635300	And here's the way it works.
5636180	5646240	Magnetism isn't just what you think of as a piece of iron or a rare earth magnet or something like that.
5647380	5673600	There are a zillion other kinds of magnetism. There's ferrimagnetism, there's diamagnetism, there's paramagnetism. And these all have to do with, if you have a charged particle that's spinning, it will create a magnetic field. Okay. Sometimes that magnetic field works in the direction of the inducing magnetic field. Sometimes this with diamagnetic, it's the opposite. So you get, instead of things being attracted, they get pushed away.
5673820	5674460	Like bismuth.
5674840	5676080	Yes, exactly.
5677320	5693600	Yes. And that was found maybe with a UFO and they think, man, maybe. So it could have magnetic levitation. And that's possible. And you can take non-metallic things and you can tractor beam them basically. Right? There's also such a thing as optical tweezers.
5693600	5699240	where if you create a very, very strong electromagnetic field with a laser,
5699380	5700520	it's very precise.
5700800	5705700	You can move particles of dust around with this laser.
5705780	5707140	It's called an optical tweezer.
5707880	5712380	So remote force fields, if you will, are absolutely possible.
5712720	5717040	Now, when you do the math of how big a magnetic field you would need
5717040	5721120	to control something many miles away,
5721120	5727940	way, it gets to be, but I wouldn't say it's impossible. What I'm saying is magnetic fields
5727940	5732620	decreases the cube of the distance as you go away. It's not inverse square, it's inverse cubed
5732620	5738140	because they're dipoles. There's no such thing as a magnetic monopole. So it's the same time you
5738140	5744040	have one magnetic field reinforcing, you have the opposite end taking away. So this is in Maxwell's
5744040	5752980	equations, right? So essentially to a first order goes off as a cube. So to have a steep magnetic
5752980	5758940	gradient that would cause this at a very long distance, we have no idea how to do that, but we
5758940	5766980	can't say it's impossible. So pushing and pulling with magnetic fields is possible. These fusion
5766980	5776060	drives are kind of interesting. And the most interesting of all is the warp drive. Okay. So
5776060	5782580	now this is when you get into, NASA has funded this. Okay. Even though they don't know that
5782580	5787520	it's possible, they don't know that it's impossible. Some physicists have postulated
5787520	5794260	what they call negative energy, which isn't the same as the energy we see, you know, black,
5794260	5801460	dark energy. It's not the same as dark energy. Negative energy, because energy and mass are
5801460	5807780	basically the same thing. They create gravitational effects. So pure energy has a gravitational
5807780	5813860	effect and so forth, slows down space time, all that. But what happens with this energy
5813860	5823580	is that it creates a repulsion. So the Albuquerque drive is basically you have a huge
5825000	5831300	mass or energy in front, which is positive mass or energy, and you have a huge negative in back.
5831520	5836760	And so you create a wave of space-time that's moved. So the way the warp drive works is,
5836880	5841760	imagine a surfer who's on a wave and is stationary with respect to the wave,
5841860	5847520	but the wave is moving. And we know that space-time can move at faster than the speed of light.
5847640	5853640	Because the hyperinflation that happened after the Big Bang, or some think that happened,
5854960	5856940	which is a pretty good evidence for it,
5856960	5860280	is that space-time itself can move faster than the speed of light,
5860680	5863460	which means that if you're in a bubble of space-time
5863460	5864960	that's moving faster than the speed of light,
5865080	5868040	you're not going to experience any acceleration or deceleration
5868040	5870160	because you're not moving in that frame.
5870480	5870880	Yeah.
5871100	5873760	Seems like a really hard engineering problem.
5874160	5875020	Oh, yeah.
5875220	5877620	Well, first of all, we don't know that negative energy exists.
5877640	5880500	It's the same kind of thing that would have to keep a wormhole open.
5880600	5881060	Yeah, right.
5881060	5887100	The only way a wormhole works is if you have that in the middle to keep things from collapsing.
5887300	5896920	But it is interesting because Miguel Alcubierre did this proof that theoretically, even within general relativity, you could get faster than light travel if you do have negative energy.
5897800	5898520	Yeah, yeah.
5898580	5904260	So again, and in our book, The Shadow of Time, we explore this as a kind of a plot point.
5905960	5910340	And so that's the kind of thing that I find kind of exciting.
5911060	5912800	And here's kind of what I think is going to happen.
5913320	5916200	Someone's going to keep looking at that and they won't find that.
5916540	5920960	That'll turn out not to be possible or not to be true, but they'll discover something else.
5921360	5922120	Yeah, exactly.
5923000	5927300	And this is why the study of UFOs is so important.
5927540	5927920	Yes.
5928160	5930380	You know, if we don't make any other point, I want to make this point.
5930820	5936560	That in all of science, the biggest discoveries are by definition those we don't expect.
5936760	5937460	And why is that?
5937460	5943300	You know, if I ask you to imagine a color you've never seen before, it's really hard to do.
5943740	5944220	Right.
5944320	5946380	But if you saw it, you could recognize it.
5946920	5952100	And because when we imagine something, we have to do it from the building blocks of our experience.
5952260	5954700	If we have no experience, we can't imagine it.
5954760	5961880	But if we put ourself in a position to observe something new, we may see something we could never have imagined.
5962160	5965180	And that's where the biggest breakthroughs almost always come from.
5965180	5966620	I set out to do A.
5967420	5973340	I looked while I was doing it in my peripheral vision and I saw B and I go, ooh, that's more interesting.
5973500	5973780	Yeah.
5973960	5981300	And I think the reason for people to really get serious about studying what's going on here is we're going to see B, C, D, and E.
5982060	5985540	We shoot for the stars, you land on the moon and the moon's pretty cool.
5985540	5986920	You land somewhere unexpected.
5987360	5988000	Yeah, yeah, yeah.
5988080	5990840	And again, remember, that's where discovery has to happen.
5991160	5993600	Where by definition, you can't imagine it.
5993720	5994080	Yeah.
5995180	6000900	I love the Henri Bergson quote, which is the eyes can only see what the mind can comprehend.
6001160	6004740	And you need a hypothesis in order to see something to begin with.
6004920	6016780	And so I think that's probably actually the most underrated aspect of the phenomena is that our vision is, I mean, this is kind of an iconized virtual reality interface.
6016980	6022160	And we superimpose our, we have like a meme library in our heads.
6022160	6026880	and we superimpose these preexisting building blocks onto the thing.
6026940	6030140	And so in the 1890s, people would see airships,
6030140	6033920	which were like on the edge of what was even possible at the time.
6033940	6035220	You had like Zeppelins and stuff.
6035360	6039680	And now we're seeing these like faster than light, you know, saucers and that sort of thing.
6039780	6047540	So there's something going on where we are using what's available to us and superimposing it, I think.
6047880	6048520	That's right.
6048520	6072360	And that's why AI is so important. But I'm not worried about AI supplanting or being there instead of our brain. I think AI will always be important in the future, in addition to our brain, because it can only work together because the AI will not be trained on anything else that it doesn't know.
6072360	6078220	No, but the brain will be able to detect something that is different and will be able to train the AI.
6078360	6085360	So it will always have to be an augmented brain that will be allowed with the AI.
6085580	6088480	But I think our brain will always be necessary.
6088940	6090160	We should not rely.
6090480	6091360	Well, yours will. I don't know about mine.
6092140	6099240	But we should never rely on AI, solely AI, because we'll never see anything else.
6099240	6106420	I think there's something very powerful, though, in what she said, if you extend it and take into account what I said about the negative space.
6106640	6111680	We should train up an AI that is the opposite of us in every way.
6112240	6117220	Not like us, but the opposite of us and ask it to look at these questions.
6117940	6118700	That's a great.
6118820	6119440	Yeah, I love that.
6119440	6120600	We need an anti-AI.
6120940	6121560	Yeah, right.
6121960	6122060	Right.
6122160	6123960	Train it on everything that isn't.
6124000	6124940	Yeah, yeah, yeah, yeah.
6125140	6125760	I love that.
6125760	6143540	And see what it says, because, I mean, that's the clear implication of what she's saying, where, you know, an AI can just do what we do only better. Okay, that's useful. But an AI that can do things we cannot do and would not ever do is the one that's really going to pay off. The question is, would we ever believe it?
6143540	6172540	Yeah, exactly. Well, that's the problem with LLMs is they kind of inherently triangulate actually the consensus. So they're going for usually the middle of the road kind of most acceptable answer. And so if you could trade a more kind of heretical thinking AI or something, you know, an AI on the bleeding edge of what's acceptable and maybe decamp it from the instinct that you were talking about, you know, even I think before we were filming, Eric, where people are socialized.
6173540	6174940	ideas are fashion statements.
6175360	6178760	And, you know, it's hard to truly think in a heterodox way.
6178840	6181260	If you could train an AI to do that, that would be amazing.
6181540	6185640	Yeah, and that's why we need an increase in the research budget
6185640	6187740	and not a decrease in research budget.
6187800	6189040	Don't get me started.
6189500	6190560	Yeah, yeah, yeah.
6190560	6194300	But I think research, all over the world,
6194340	6198800	research is going to increase and a lot of governments
6198800	6201180	are going to discover a lot of interesting things.
6201180	6221960	Yeah, well, there's a great essay called The Usefulness of Useless Things. I don't know if you're familiar with it. It's by this guy, Abraham Flexner, and it was kind of the charter for the Institute of Advanced Study at Princeton back in the day. And it was all about, we should pour a ton of money into things that don't have immediate use.
6221960	6237300	If you think about, you know, quantum theory, which is responsible for semiconductors and, you know, a third plus of our economy today, it was like people philosophize, you know, thinking about the kookiest, weirdest stuff, and then it turns into something that's super productive.
6237300	6254240	And so I agree with you. I think the idea that, you know, we should only spend money on things that are super locally useful is not only counterproductive, not only myopic, but it's actually counterproductive from like even a GDP boosting perspective. Like it's dumb politics too.
6255180	6255660	Yep.
6257540	6259240	That's what we love to do with Eric.
6259380	6264640	We love looking at completely outside the box of the weirdest things that are happening.
6264780	6270080	Because we think that in the weirdest things are the clues of the future.
6270260	6270580	I agree.
6270720	6271600	Asimov's, that's funny.
6271760	6273040	We're always interested in that.
6273080	6273300	It's funny.
6273420	6275160	But again, we're hardcore scientists.
6275320	6277460	So our interest is there.
6277540	6280100	But we try to be disciplined when we look at those things.
6280160	6282600	And most of them are unlikely.
6282860	6283660	But there are a few.
6284240	6285940	Those are the ones that really excite us.
6285940	6289280	Like those Tic Tacs, there's something real going on there.
6289380	6297960	I mean, there's just too many independent parallel sensors on that thing by people who didn't want to see it, but saw it anyhow.
6298140	6305660	And so those in particular, and so that's why in our book, The Shadow of Time, the novel, that's why the Tic Tacs show up.
6305700	6310760	Because those in particular, we come up with a narrative of what could really be going on there.
6310760	6335280	Yeah. Well, I can't wait to get to the shadow of time because in many ways it is the maybe best conclusion, but embodied in fiction of this survey level overview of what you guys talk about in the new science of UFOs. And so it's this really cool thing. But I want to talk real quick on the propulsion front. I'm particularly high conviction in this thing called the Bifield-Brown effect. Have you ever heard of that?
6335380	6335980	Tell us more.
6335980	6346900	So it's this idea that you take a capacitor and you have a negative electrode, a positive electrode, and you have a high K dielectric in the middle, which is the ability to store high electric fields.
6346920	6347800	Love it when you talk dirty.
6349100	6370740	And I think there's all this interesting, you know, data around this mid-century inventor Townsend Brown and his ability to transcend, you know, chemical combustion and this very cool way with these high voltage experiments that he was doing with this capacitor experiment, which to me would lead to stuff that leads us beyond SpaceX.
6370740	6393940	And I'm just very passionate about the idea that I think SpaceX is just limited. You know, it takes, with chemical combustion, it's 80,000 years to the next habitable planet, Proxima Centauri. And that's unacceptable. And nuclear thermal propulsion maybe cuts that in half or something. And so you need something like this. And I think it's legit. So I don't know if you guys have a take there.
6393940	6400480	Well, okay. I know how capacitors work. I know how dielectrics work. And so in what way could this be used for propulsion?
6400480	6408300	propulsion? So you get thrust from the negative electrode to the positive electrode. And you could
6408300	6415000	do this, apparently you get more thrust actually in a vacuum than you do in air. And a lot of people
6415000	6421540	try to explain it away because of the ionized air bombards, you know, the ionized wind bombards the
6421540	6426100	air and then you get this equal and opposite reaction and you get thrust. But I think you
6426100	6430200	see even more thrust in a vacuum. And so you could end up with all sorts of cool space propulsion
6430480	6435420	modalities. And then, and then, yeah. Oh, they've, there've been things like the EM drive.
6435660	6439300	The EM drive, sure. But the EM drive got debunked, I think, by.
6439420	6447100	Yeah, it keeps getting debunked, but they, people keep throwing money at it anyhow. Yeah. And I
6447100	6451920	think this thing you're talking about has that quality because conservation of energy says that
6451920	6458640	can't happen. Or Newton's. Yes. Newton's law where you have to have a reaction mass in order to get
6460480	6463760	mass or energy out the back in order to move in a particular direction.
6463940	6464660	A hundred percent.
6464920	6471580	And the reason I put it in the parapsychology, the thing we were talking about earlier, I
6471580	6476540	put it in that camp of there's a lot of evidence that these high electric field strength
6476540	6478560	differentials result in thrust.
6478580	6480200	And then we just don't have good theory around it.
6480260	6483700	Like maybe there's something quantum electrodynamics we don't understand, but.
6483860	6489260	Well, there's something interesting where there's this effect where if you take two
6490480	6497460	kind of like a capacitor and um they're very very flat and very very close together because of
6497460	6504720	quantum field you will get the the plates moving with respect to each other a tiny amount and this
6504720	6510340	has been observed in the laboratory yeah casimir effect the casimir effect exactly and um but that
6510340	6515860	only works in one direction yeah and it's uh but yeah i mean it's it's one of these weird quantum
6515860	6522740	things that is moving in the direction you're saying, because, okay, the thing we're attracted
6522740	6528700	to each other, but what was the force? It's a quantum field. And that starts to get outside of
6528700	6533680	the quantum realm is so bizarre. It's so bizarre. Exactly. You have this guy,
6533720	6540800	Sonny White out here, who's at NASA Eagle Works, and he claims that he can power up 1.5 kilovolts
6540800	6548100	microchip with the Casimir effect. And he's published this. And so I think that's so cool.
6548240	6550220	I don't know if it's right, but... Yo.
6550580	6555820	Yeah, yo, there you go. And then one other thing on the astrobiology front is you were mentioning
6555820	6561720	tardigrades and all the extremophiles. Have you guys thought of fungi or mushrooms as candidates?
6562000	6567520	They've been found on the International Space Station. And Francis Crick, who of course
6567520	6571080	discovered the double helical structure of DNA. And his whole thing was like, you know,
6571080	6575160	the hundred million years on earth for DNA synthesis was impossible. Nobody's ever replicated
6575160	6583320	this primordial soup experiment to create it. And so maybe you would send fungi across long
6583320	6587440	distances and some sort of spaceship or something, maybe you'd feed it algae and CO2.
6587800	6591540	And the thing I like about fungi, it's so interesting. If you were to think about like
6591540	6598360	like a Kardashev three or four scale civilization, you wouldn't create this kind of like biological
6598360	6604120	meat suit. You know, you show up as this, you know, gangly, you know, you know, bipedal being,
6604220	6607900	you know, in some other planet and you're immediately treated as a foreign invader.
6608140	6613640	You would send an extremophile, which is like a zip file of consciousness. Humans all have
6613640	6619880	microbiomes, but we have microbiomes as well. So it affects our thinking and they're extremophiles
6621540	6627800	set mushrooms in the Amazon kind of co-opting the actions of bullet ants. And so there's something I
6627800	6633400	think very interesting about, and then human tissue is very susceptible to fungal disease
6633400	6640200	because it's so similar. You know, we're actually more similar to fungi than we are to most other
6640200	6645340	plants and animals phylogenetically. And so it's this really interesting thing of what you would
6645340	6649960	send this thing off that would like merge with the host, you know, and then it would affect their
6651540	6653820	Well, if they came here, it would be a fun guy.
6654660	6655680	There you go.
6655780	6657080	He'd be a load of fun.
6657280	6657940	Yeah, he would.
6657940	6658560	Yeah, there you go.
6658580	6661620	Yeah, I mean, but I want to follow that thread just a little bit.
6661800	6662020	Yeah.
6662100	6669340	And, you know, just as we should never say they would do it the way we do it, we have to say maybe they would.
6669520	6675200	And when we see in space probes, we don't send intentionally organisms.
6675980	6678780	We send automated probes.
6678780	6703900	And now with our AI, you know what's going to happen. We're going to be sending AIs out there because we don't have to have a life support system. We don't have to worry about any of that. And as our AI gets better and better and better, I think, because, you know, Elon Musk said, we're not going to Mars after all, right? More or less. And I'm on the Explore Mars Foundation group. And that was big. That was depressing for us because we want to explore Mars.
6703900	6727920	But the fact is, we don't know how to send a human to Mars and bring him back in good shape. Radiation, low Gs, hazards on Mars and so forth. And so where all that takes you is the first thing you're going to do is not going to be biological. It's going to be AI. And so that tells us that if something has come here from another civilization, it's probably not certainly, it's probably a machine.
6728240	6732240	That's right. It's probably some sort of von Neumann replicator probe or something.
6733900	6743460	And that doesn't mean it's not alive because now you're getting into what is life, you know, and could an AI in a machine be alive?
6744240	6747000	And this gets into what is life.
6747060	6749840	And the biologists I know say it's simple.
6749940	6751800	If a ball rolls downhill, it's dead.
6751900	6753180	If it rolls uphill, it's alive.
6754540	6757180	Meaning life is locally negantropic.
6757640	6759840	It behaves, it rolls uphill.
6760300	6761840	I love that definition.
6761980	6762560	That's interesting.
6762800	6763000	Yeah.
6763900	6770740	Could you have an artificial machine that to all intents and purposes, you know, had maybe emotions, had feelings?
6770860	6771320	Probably.
6771620	6774660	We kind of have an existence proof that it could be done with atoms.
6774820	6775140	Yeah.
6775160	6775660	It's us.
6776200	6777880	So I think that.
6778320	6779800	It's like Maxwell's demons.
6780100	6780620	Yeah.
6780980	6782300	Macroscopic Maxwell's demons.
6782420	6782940	Yes.
6783320	6784060	Oh, yeah.
6784060	6784860	Yeah, exactly.
6785400	6785920	Megantropic.
6786000	6786480	Oh, yeah.
6786660	6787060	I mean.
6787340	6788220	Entropy reducers.
6788420	6788940	Exactly.
6789240	6789540	Oh, yeah.
6789560	6790080	Exactly.
6790080	6811920	Exactly. So the point is that when you look at these tic-tacs and you see them moving around, you say, well, no biological being could do that. Well, maybe that's true. Maybe it's not biological. Maybe it's hardened electronics of some kind or, you know, something. But to me, if we're being visited by a probe from another civilization, it's probably technology, not biology.
6811920	6820760	Well, there's all this lore in UFO world that the crafts are alive in that even David Fravor, Commander David Fravor said the craft seemed to be like breathing or something.
6820820	6821980	That's another possibility.
6822200	6822380	Yeah.
6822460	6824660	Like that movie, Nope, which I loved.
6824760	6825140	Oh, yeah.
6825220	6825900	Jordan Peele.
6826040	6826240	Yeah.
6826280	6827420	Where it's a cloud.
6828380	6829900	And the cloud just doesn't move.
6830020	6830420	And you go, hmm.
6831380	6832180	But yeah.
6832360	6837140	Or, you know, as she was saying, as Dr. Gilbert was saying, what if this is worth thinking about?
6837140	6843140	out. Dark matter is dark to us because it doesn't interact with us except very weakly, right? Or
6843140	6851500	maybe not at all. So here's a flip it around. What do we look like to dark matter? We look dark.
6851540	6858460	Right. If it doesn't interact with us, we don't interact with it. Yes. And so to it,
6858520	6865360	we're dark matter. Yes. Yes. Right. And we're alive. Yes. So what's to say it can't be alive?
6867340	6867780	Totally.
6867900	6868220	Right?
6868260	6875800	And so there's an example of a mind-expanding idea that's like way outside what a normal human is going to think about.
6875980	6880940	Or I sometimes think about the ideas that we live in a kind of a computational universe.
6881220	6882060	We're in a simulation.
6882100	6883200	Some sort of simulation.
6883260	6892520	And then you look at Fermat's theorem, which is the travel of light, and it looks algorithmically optimized for, you know, kind of shortest path between two observers.
6892660	6896280	Well, yeah, but that's kind of the path of least resistance.
6897140	6908480	You see that as a fascinating subject of fractals and how the veins of a tree or capillaries in your body or filaments of megastructures in outer space all look the same.
6908480	6908840	Yes.
6908840	6910440	The highest level down to the lowest level.
6910540	6912300	And it's the path of least resistance.
6912840	6913100	Yes.
6913120	6923560	That's why those structures exist, because if you're trying to move atoms of water from A to B in the most efficient path with the least energy, that is the path.
6923560	6938100	But then, I don't know, you think of, if I were simulating something, I would copy code chunks and then you'd get Fibonacci sequences and golden ratios and some of these things that seem like consistent architectures.
6938100	6953920	See, that is so fascinating. These mathematical things like Fibonacci and fractals and holography and things like that, where math isn't a property of the universe, doesn't describe the universe. It is the universe.
6954100	6954960	Right. Yes.
6955240	6959780	But now you're getting into Wolfram philosophical kind of stuff. And that's above my pay grade.
6959780	6978160	Me too. Well, I want to talk about this amazing book, The Shadow of Time, which you guys should all go out and get. It is just fascinating and I don't want to spoil it for people. So I think high level, it talks about an object that should not be found in the desert.
6978160	6986480	that is a total kind of anachronism and involves kind of seemingly like, you know,
6986480	6992140	elements or things that like, you know, shouldn't exist on Earth and look more advanced than,
6992240	6998020	you know, the carbon dating and a very kind of doggedly persistent paleontologist
6998020	7005560	who is kind of pursuing this stuff and finds himself honestly in like a mafia war or something
7005560	7011880	thing. It's this wild, wild west landscape of people fighting for this forbidden archaeology.
7012660	7018120	And as somebody who's mired in UFO world, I think there might be some truth in fiction here.
7018480	7023820	Well, what was our motivation? I think that's very important for the readers to understand.
7024100	7032600	We finished The New Science of UFOs, which was a kind of intellectual exercise in the art of the
7032600	7038340	the possible and not impossible. And what we wanted to do is basically tell that same story
7038340	7045920	in a way that would be more accessible to people and to tell it from the point of view of
7046960	7052860	interesting people and characters who had problems in their lives and make the science
7053460	7060180	part of the story so that it became clues. And so as scientists, we will tell you that there's
7060180	7074680	There's nothing more exciting than embarking on a scientific journey of discovery, solving a mystery, and peeling back the onion one layer at a time and seeing something new and unexpected beneath, which only takes you deeper and deeper and deeper.
7074900	7084800	So in addition to exploring the science of UFOs, we wanted to give the readers the feeling of what it's like to go on a journey of scientific discovery.
7086240	7100800	And so one thing that happens in this book, you might remember, especially at the end, is there's a bunch of twists and turns like switchbacks up Mount Everest, right? It's like, it's kind of like a whiplash, like, oh, that's true. That's true. Well, in science, that's what really happens.
7100800	7106260	where you dig deep and you get answers that you weren't looking for,
7106400	7110080	that lead you to questions you weren't going to ask.
7111280	7115980	And so at the end, there's this kind of rapid fire series of reveals
7115980	7120620	of deeper and deeper truths where what you thought just a week ago
7120620	7122860	is now today's illusion.
7123160	7126800	And you turn one illusion into one fact until you finally get to
7127720	7130140	something that's close to the truth.
7130800	7132040	And that's what science is like.
7132340	7137420	So we have a lot of twists and turns on purpose, and all of those are science-driven.
7137860	7143200	So pretty much most of the science that was in the new science of UFOs is in here,
7143320	7150560	but it's used to tell a story about people who are trying to overcome obstacles and rise above themselves.
7151120	7157720	Yeah, so we wanted to put a lot of science in there, but we wanted it to be exciting,
7157720	7178520	And we wanted it to be a mystery. And we wanted the reader to do the discovery themselves and to be completely caught in the action. What's going to happen next? And all this is deep into the science that we have studied for the other book.
7178520	7206020	Yeah. And there's a lot of biology in there, a lot of exobiology. There's a lot of neuroscience. Neuroscience is very important. I am a neuroscientist. And I'm really interested in species that are radically different from us. And I would commend to people to read this book called An Immense World by Ed Young, in which he describes what he calls the umwelt, a worldview of these exotic creatures like fish that have electric fields and sense electric fields, snakes.
7206020	7210720	I got my PhD on rattlesnakes and pythons that see infrared.
7211000	7212000	They see in the dark.
7214040	7216940	Mantis shrimp that see 12 different colors that we don't see.
7217340	7228740	And I've been especially interested in that phenomena of organisms whose worldview and way of thinking and neuroanatomy is so radically different from ours.
7228880	7230080	They cannot be like us.
7230560	7234360	And so that's exploring the negative space of the human condition.
7236560	7241780	main, I guess, villain, you want to call it in this story, not exactly a villain, but
7242540	7245620	is about as opposite a human as you could get.
7246020	7246520	Right?
7246660	7251800	I mean, in every way, this creature is about as different from us as you can get.
7251920	7260160	And the interactions between these completely alien us and them kinds of organisms,
7260160	7268640	systems, contrast creates conflict, which makes things interesting when each discovers
7269420	7273280	their own limitations when looking through the world through the other's eyes.
7273560	7280000	And so we spent a lot of time, and there's a lot of hardcore neuroscience in the way
7280000	7284120	this creature is defined and in some of the other characters.
7284200	7287340	There's a lot of the kind of animal dimension.
7287340	7294980	mentioned. I studied in my PhD work and later a lot of animal intelligence. And my conclusion
7294980	7301080	from studying animals is that they're way smarter than we think they are. They're just not smart in
7301080	7309660	ways that we're smart. Right? And this is what Ed Young is saying in his book. And so there are
7309660	7316220	two creatures in this story. One is a genius parrot named Walter. That's right. Who is not
7317500	7317900	No.
7318140	7318420	No.
7318540	7320300	Kind of like Iago in Aladdin.
7320520	7320720	Right.
7320900	7321960	Kind of like that kind of character.
7322280	7324460	And Walter is this genius parrot.
7324740	7328780	And if you think about it, humans can be geniuses relative to other unions.
7328960	7333640	Why couldn't an African gray parrot be a genius relative to other parrots?
7333660	7334880	And where would that take you?
7335060	7336660	So that's what you have in Walter.
7336800	7344180	And then there's this other creature we won't say too much about, who's the kind of the villain, who's a fascinating study in what we are not.
7344760	7363900	That other creature, which, yeah, we won't talk too much about, is just fascinating. And I think what you said is so true that questions grow at an exponent of your knowledge. So you continue on the search, you build up these kind of layers of knowledge, but then the questions grow exponentially more.
7363900	7383260	And I think it really touches on the idea with the phenomenon that this book and the movie Arrival also kind of does a good job of this. It's weirder than you can think. And it's not only weirder than you can think, and I think there's an Arthur C. Clarke quote about this, it's weirder than you can think. It's weirder than you can even imagine.
7383260	7401780	And you also explore a hypothesis that I'm pretty sympathetic to, which is the Silurian hypothesis, this idea of these what we're calling aliens, we're calling them extraterrestrials, but maybe they've been cohabiting with us on Earth for a while.
7401780	7407200	Well, that's a possibility or maybe not. And, you know, really any story is about a person
7407200	7414640	who sets out to do something they want only to discover that what they need is something very
7414640	7421620	different and to confront and overcome their own limitations. And this is what the story is really
7421620	7427480	about. It's about this paleontologist who starts off in deep trouble. He's been fired from his job
7427480	7433420	at UCLA. He's got no money. His mother has got a severe chronic illness. He lives in the way
7433420	7438120	back of beyond Trona, which is where I was born and near where I grew up. So I'm very
7438120	7445900	familiar with what it's like to come from nothing in that part of the world. And he finds
7446800	7452260	in pursuit of the science of what he's pursuing, because he makes a discovery. He goes into the
7452260	7457360	the garage because he wants to sell his dad's collection of Native American art just to get a
7457360	7462100	little money. And he discovers something there that's like, whoa, he discovers an artifact that
7462100	7467240	a dealer tells him is priceless, but he can't sell it because of various reasons. And so his
7467240	7472840	science brain kicks in and it leads him on this journey of external discovery. But more important,
7472940	7478700	it takes him on a journey of internal discovery. And I want to emphasize that because what we want
7478700	7483620	want the readers to come out of this at the end. And one reason we have so many reveals
7484200	7489800	at the end is to make people question their own perception of reality in their own lives.
7491000	7497980	To have a healthy dose of yo, maybe yes, maybe no, because in all of our lives,
7498080	7504980	we see things and assume things that just aren't true. And so in a sense, the book is about a
7504980	7510060	character, but in a sense, it's about all of the readers too, because each reader is going to bring
7510060	7516960	their own needs and wants, their own obstacles, and we want to leave them with a gift. We want
7516960	7522020	to leave them with that ability to look at the world very differently than when they started the
7522020	7530600	book. Well, I think it achieves that. And I loved it. I couldn't take my eyes away and was just
7530600	7535140	fascinated by i mean you're asking these kind of second and third order questions it's not your
7535140	7540540	garden variety you know book about uh these topics um another thing you kind of touch on another
7540540	7547900	theme uh without giving away too much is this idea that there's like there are these like almost gang
7547900	7553600	wars going on for this forbidden archaeology and there's like a blackmail network involved
7553600	7562060	involved. And this stuff, you know, around, you know, these kind of mystical objects aren't,
7562720	7567680	they're not being retrieved in these sort of above board ways, which to me, again, kind of
7567680	7573960	comports with a lot of my study of the UFO stuff in the open source world is like, it is the wild,
7574040	7578940	wild west. There's a lot of private mercenary action around this stuff. And it's not, and it's
7578940	7586440	It's a lot of plausible deniability where you have the fingertips aren't attached to the arm, so to speak, and they can get severed at any time.
7586480	7589960	And it's way weirder than you'd ever expect.
7589960	7590320	It's weird.
7590460	7594780	And you know that gritty texture of reality is how weird it is.
7595580	7599980	There's a lot of the intelligence world in this because, you know, they say write about what you know.
7600060	7602340	And I'm a neuroscientist and I was a spy.
7602560	7605680	And so it's really an espionage novel, too.
7605680	7634700	And the intelligence tradecraft that's in there is real. Right. And the way intelligence officers think of problems. And also when you get to the very top, because one of the characters is the FBI director. And what is the FBI director in this story concerned with? Protecting the FBI at all costs. Right. And I will tell you, having been at that level in the government, you know what we really spend our time on is optics.
7635680	7640020	okay, this thing happened. How do we spin it to the Wall Street Journal and the Washington Post?
7640240	7645540	How do we spin it and turn a negative into a positive with Congress? What are we going to
7645540	7651740	tell the OMB, the Office of Management and Budget, so they grow our budget? And how do we take down
7651740	7657960	a rival using this? That's all we spend our time on at the very top of the government. I guarantee
7657960	7664120	you that is what happens. And so that's what happens with the FBI director. When you see
7665680	7670940	she interacts and how cynically, how cynical she is and how pragmatic and self-serving.
7671620	7679540	That is real. That is a synthesis of real people that I have known. It's very real. And so it's a
7679540	7685200	glimpse, just like the new science of UFO is a glimpse inside the mind of an intelligence analyst
7685200	7691880	and any other time that was all open source data. So it's unclassified, but you're seeing exactly
7691880	7697080	what happens in the super secret world of intelligence analysis. I've exposed it in that
7697080	7704500	book. And in the novel, I expose the politics and the sausage mating and all the dirty dealing that
7704500	7709080	happens under the hood in the intelligence world. It's fascinating. Yeah, go for it.
7709140	7716680	And there is a lot of psychology in there because we also like psychology and we like to put our
7716680	7719840	our people in trouble.
7720620	7727320	So our paleontologist is also a troubled person inside himself.
7727720	7730500	The love interest has also some flaws,
7730600	7734260	and she's also, in her own way, troubled.
7734380	7740320	They're layer under layer under layer in the way they are, who they are.
7740480	7746160	And also the creature has also layers inside itself.
7747240	7749460	So there's a lot of psychology in there.
7749520	7750240	We love psychology.
7750240	7750880	Well, that's true.
7751020	7756580	So it's a very complex, intricate bit with all those flavors in there.
7756980	7761340	Well, I should also say I was a psychotherapist for a while.
7761800	7765060	And Freud said something really true.
7765180	7768280	What you see on the outside is the opposite of what's on the inside.
7768520	7773380	If you see a really hard, tough exterior, it's protecting a soft inner side.
7773960	7779620	where someone who's very centered and isn't very aggressive or doesn't have to talk a lot or
7779620	7785820	whatever, they're very solid inside very often. They're very centered. And so we have these two
7786300	7791400	characters, the main character and his love interest, and they both present kind of the
7791400	7796980	opposite on the outside of what's really going on. And so through their relationship, you start
7796980	7804620	to see that the layers peeled back. And at the end, at the climax, if you will, both metaphorically,
7805400	7810940	they kind of expose the vulnerable side of themselves to each other, which is an emotional
7810940	7818600	growth for the two of them. But I think, and what this comes out in the, we'll call them the
7818600	7824500	romantic scenes. Yeah. And the love story is something very unique between the two of them.
7824500	7828180	Something like I've seldom seen anywhere described.
7829100	7833800	The progression of the love story, the beats, it's very unique.
7833960	7835100	But it's very tasty.
7835220	7847100	There is a lot of subtle taste in there because the taste of extraterrestrials, of love, of psychology, of what's happening in the intelligence world.
7848360	7852100	How to aim at somebody with a gun.
7852100	7857080	I mean, there's so many different details, different flavors.
7857360	7858680	I think it's very, very decent.
7858680	7864660	Well, what she's referring to is I took this long novel writing class, which I had to produce a novel.
7864760	7873940	And the teacher says, the number one thing you have to do is create a character that the reader instantly cares about and put them in trouble so they care about what happens and want to turn the page.
7874260	7875900	And that's absolutely what we do.
7875900	7896260	But she says you have to put texture in there, the gritty feel of reality to make it authentic. And so things I learned in the intelligence world, I put in there that I could. For example, I had to carry a weapon. And so I had to qualify on the range and I had to shoot three or four times to keep my scores up a week.
7896260	7902700	fake, right? And so I'm over at CIA and this case officer, hardcore, what you'd think of as a spy,
7902880	7907240	he goes, Eric, that's bullshit. You're going down range. I mean, I was going to Iraq and I had to
7907240	7913100	carry an M4 and a Beretta. And he said, don't use any of that. He said, two things. The first time
7913100	7919280	you shoot for real, because you've shot on the range, you don't hear it and you hear it and
7919280	7924040	you're going to be shocked at the moment. You most need to have your senses with you. So you need to
7924040	7928160	shoot without your hearing so that you're not shocked the first time you hear it.
7928700	7929840	He said, that's the real world.
7929900	7933560	He said, the second thing is this business of a Weber stance and lining up the rear sight.
7933620	7935160	He said, no, here's what you do.
7935620	7941520	You take your pointing finger and you lay it along the barrel and you take your index
7941520	7944000	finger and you put it in the trigger.
7944140	7947600	So when you want to point at something to shoot at it, you point with your pointing
7947600	7949160	finger because you've done that your whole life.
7949360	7950620	You're going to be really accurate.
7950980	7952320	And don't worry about squeezing.
7954040	7959800	or a mass. And he said, that's the real world. So that's something I learned in my intelligence
7959800	7965000	training that I share with the readers. That's the real world. That's what really happens.
7965340	7971140	Like if you get in a gunfight, which is more than in Iraq, we would shoot just to keep their heads
7971140	7975660	down to create muzzle flashes. If you really have to shoot at something, you don't shoot at it the
7975660	7981040	way you do on the range. So it's details like that, that we put in there that are, I guess,
7981040	7981980	Guess what I'd call bonuses?
7982220	7983160	Yeah, yeah, yeah.
7983380	7988820	No, there are all these clearly nuggets just based on your own real world experience.
7989100	7992360	But then it's also just fascinating through a fiction lens.
7992600	8002800	I mean, the other thing that resonated with me was this idea of sort of breakaway science or forbidden archaeology being housed in private corporations.
8003260	8009320	I found that very interesting and possibly dovetailing with things we've seen in the real world.
8011040	8014940	that because I'm still very connected to the national security world. And there's something
8014940	8020560	happening there that's extraordinary, which is instead of the government saying, here's what we
8020560	8025800	need, we're going to pay you defense companies to invent it. You're getting companies like
8026300	8032920	Palantir and Andruil and Ursus rockets, Ursa major rockets, where they're saying, we're going to get
8032920	8036360	venture capital money. We're going to invent cool stuff way faster than you could. And we're going
8036360	8040820	going to say, here it is. You want it? Yeah. Yeah. Yeah. Yeah. And so the military R and D
8040820	8046220	that's going on is happening outside the military in Silicon Valley. Yeah. Right. Right. Right. And
8047380	8052840	you're seeing this happen with, you know, anthropic and the defense department and so forth.
8052960	8058820	And so that is exactly what's happening right now. Yeah. No, it's, it's fascinating. I think
8059460	8066080	those companies you mentioned, like Anduril, for example, is a reaction to Lockheed and North
8066360	8068300	where they have their cost plus models.
8068580	8070320	And so they will, you know,
8070320	8072680	charge extra for doing,
8072880	8074220	you know, less sometimes.
8074660	8076080	And so Andrew's like,
8076260	8077420	we're going to actually take
8077420	8078600	the risk burden
8078600	8080040	and the financial burden.
8080120	8080680	We're going to innovate
8080680	8081420	and build something
8081420	8082980	you don't even know you need.
8083480	8084320	And, you know,
8084980	8086060	try to make it work,
8086180	8087280	which in some ways,
8087320	8088280	I think if you're a taxpayer,
8088480	8089800	you should be kind of grateful for.
8089960	8090360	And then, yeah,
8090380	8091240	maybe there are some other,
8091300	8092740	you know, issues we have to,
8092740	8093480	we have to think about
8093480	8094360	when it comes to it.
8094380	8095520	So truth in advertising,
8096360	8102640	relationship with Lockheed that I must disclose, which makes me have to be careful about what I
8102640	8108920	say, but there's two sides to every story. If a defense contractor like Lockheed or Northrop
8108920	8113840	or RTX is doing something, it's for one reason and one reason only, their customer told them to do
8113840	8121640	it. They don't do things just to add to their profit and so forth. In fact, those businesses
8121640	8126440	aren't very profitable when you look at profit margin. They have to only make between 10 and
8126440	8131880	15% maximum on a cost plus. Their profit margins are not good at all. Their return on capital can
8131880	8136220	be pretty big because the government can pay for some of the capital. But generally speaking,
8136380	8141540	they're not high multiples. They're very low multiples. That's right. That's for sure true.
8141680	8147600	Right. And the reason is they're not big growth. Yeah. Right. And so they don't really rip off
8147600	8151820	people consciously, that's not at all what happens. It's the government says,
8152340	8158620	when you do procurement, you have to do it this way. And when you do cost accounting,
8158880	8162820	you have to do it this way. And you have to do this, that, and the other. And when you add up
8162820	8168100	the slowness and the cost, it's because that's what the government is. It's slow and it's
8168100	8173080	expensive. And really, you could kind of look at these companies and say, they're more like part
8173080	8179220	part of the government. And the way Mikoyan or Kalashnikov or Sukhoi is really part of the
8179220	8185700	Russian, you know, and so they're really just replicas of the government. And so the problem
8185700	8191460	is that the U.S. is falling behind China and Russia and Iran in some cases, like in hypersonics,
8191500	8196240	and they're saying, we can't have this. We can't fall behind China, who everything is dual use
8196240	8201280	because the government is everything. So they're turning to Silicon Valley to do faster. And
8203080	8209340	the rules for them. They don't have to follow the same rules that the Lockheeds do. So I wouldn't
8209340	8215160	be so harsh on the defense companies because they basically are doing what they're told to do.
8215300	8221320	Sure. Well, I also think they have a lot of really interesting frameworks and things they've
8221320	8225920	discovered that they maybe haven't successfully scaled up all the time, but because they have
8225920	8230680	decades of, you know, a headstart on a lot of these kind of new Silicon Valley companies,
8231680	8239300	I'd love to see kind of less loss of information between some of these aerospace graybeards at those companies and some of these newer companies.
8239500	8240820	I think that's, you know.
8240820	8241740	You know how that's happening?
8241900	8242720	How is that happening?
8242920	8244540	Where do you think Anduril's hiring?
8245800	8246520	I don't know.
8246580	8246800	Where?
8246960	8247700	I'll just say this.
8247820	8249380	Technology walks on two legs.
8250300	8250740	Okay.
8251180	8253320	Like, if you want a rocket scientist.
8253620	8253860	Yeah.
8254560	8258720	You know, and you can pay them, you know, double what Lockheed can pay them.
8258780	8259580	So they're just poaching.
8260680	8264980	those people are coming from. The prime contractors. Yeah, sure. Yeah. Yeah. And that's not all a bad
8264980	8271940	thing. Yeah. No, no, no, no. I mean. So, you know, I think that the bottom line of all human behavior
8271940	8276540	is you get the behavior you reward. Yeah. And if you look at the way our defense industry behaves
8276540	8280380	today, it's because that's what they get rewarded for. And if they don't, they get punished. Yeah.
8280400	8285880	And so it's completely, you know, they are so exquisitely tuned into their customer.
8287020	8289780	That's all they're going to do is what their customer wants them to do.
8290680	8301740	And on the UFO front, you have all this lore of like the Lockheeds and Northrop's engaging in crash retrievals and not having proper supervision or oversight when it comes to the government.
8302140	8304460	Do you take any of that stuff seriously or?
8305100	8307120	I'll just say it's beyond my experience.
8307280	8308560	I know nothing about any of that.
8308620	8309640	And I'm not just saying that.
8309720	8310340	I really don't.
8310340	8310900	Yeah, yeah, yeah.
8311100	8312200	So I can't comment.
8312320	8313420	I, I've never heard anything.
8313480	8319460	There's this funny thing where I, I interview, you know, I interviewed this guy, Rolf Mowat Larson, who he spoke about.
8319540	8320200	I think you know him.
8320680	8340500	And, you know, I interviewed you and I interviewed a bunch of people who I respect from government circles and they know nothing about the UFO stuff. And I take it face value that they know nothing about the UFO stuff. And sometimes they'll go even farther, right? Rolf did. And he said, if I did know, I would like a thousand percent, you know, publicize my knowledge on this stuff.
8340500	8358200	And to me, it's like, because a lot of the people I do interview seem to know a ton about this stuff. And I would love some wave function collapse to occur where it's like, let's get in a room or something. I don't know what it is. But I'd love to understand ground truth on this whole thing.
8358200	8379060	And I'm sure games are being played. I think the issue where I would challenge my audience is they assume that games are being played from the people that take your stance. And I think they should actively be thinking about possible games being played on the pro UFO side, you know, and that's, I don't know, you know.
8379060	8388800	Well, look, the way things are compartmented inside the government, it is entirely probable that there were things I had no idea were going on.
8388860	8393140	So the fact that I, in theory, could have known means nothing.
8393660	8399540	For one thing, I was a super user, so I had to get exposed to all these compartmented programs at the Pentagon.
8399740	8405160	And it was like Clockwork Orange where they clamped open my eyelids and made me look at this stuff for a whole day.
8405240	8408380	And I don't remember any of it, but there was nothing about UFOs in there.
8409060	8414200	Well, they should have recruited you because this book, it feels like you're as deep as anyone on this stuff.
8414540	8415240	Well, yeah.
8415300	8421820	I mean, I've made it my, well, both of us have kind of, you know, fascinated by this.
8421840	8425260	But it's because we're drawn to the that's funny.
8425420	8425960	Uh-huh.
8426020	8426380	Right.
8426380	8439620	And like I say, this book, The Shadow of Time, is really kind of taking people on a journey that they wouldn't ordinarily go on like in other science fiction because we're not really science fiction writers.
8439700	8440800	We're hardcore scientists.
8441040	8442320	I mean, hardcore scientists.
8442640	8451820	And so although there's some speculation in here about what isn't impossible, the journey is very authentic.
8452580	8475420	The, you know, because all of us in science who've gotten really into things, we have whiplash from thinking, oh, well, that's the case. And we run toward that and go, okay, that's true. Oops. We get closer to it and we go, ooh, that isn't true. Well, then this is the case. And you go back and forth. So this whiplash that happens in the last chapter is real. That's what happens to real scientists who are really open to what's happening.
8475420	8491860	Yeah, yeah, yeah. I mean, the truth is always much stranger than fiction often. So we were mentioning actually before we were rolling that, you know, you worked at Hughes Aircraft and you were doing stuff around flight simulation and you obviously have a neuroscience background.
8491860	8496400	background and I brought up Donald Hoffman and you were like, oh yeah, I worked with that guy.
8496500	8501080	And he's now, I don't know if you know this, he's like all the rage on podcast circuits for his
8501820	8507700	idea that we don't, it's not adaptive evolutionarily for us to see base reality.
8508020	8511840	And so we create these icons in our mind and he's created this whole kind of math,
8512060	8517080	you know, underpinning to that. So I found that fascinating. Have you ever heard of
8517080	8524460	of anything around being able to fly a craft with your mind.
8524560	8527080	I would think that that would be innovated on.
8527080	8528380	Well, it's funny you mention that.
8528520	8528740	Yeah.
8530220	8533880	Up until 2020, I was still working for Disney as a contractor.
8534140	8538980	And I worked in their accelerator where we funded startups
8538980	8542640	and owned a piece of them and then nurtured and coached them.
8542640	8553560	And one of them was a brain sensing company that had a game.
8554360	8555620	Well, it was for health.
8555780	8556840	They had it for health.
8556900	8560460	But what we wanted to do is have brain controlled game experiences.
8561500	8564620	And so do you remember rocking the rock that rocks?
8564840	8565240	Yeah, I remember.
8565340	8566660	So I worked with them.
8566700	8572260	And in the lab, we invented a rock that you could move with your mind and steer around on the floor.
8572640	8572940	Whoa.
8573040	8573840	We called him Rocky.
8573980	8574380	Whoa.
8574420	8575020	And it worked.
8575840	8576280	Wild.
8576560	8576780	Yeah.
8576880	8578420	I mean, that never made it to market.
8578520	8582040	Like, you know, one-tenth of 1% of the stuff we do in R&D ever gets out there.
8582040	8583960	What was the neuroscience behind it?
8584000	8593480	Well, it was basically AI or really more machine learning looking at surface potentials, EEG-type potentials.
8593480	8599100	Not even evoked response, but just basically kind of consciously controlled EEG.
8599340	8599680	Mm-hmm.
8599680	8599820	Mm-hmm.
8600660	8607540	And so you put this thing on, which kind of looks like the old Superman brainiac thing.
8607700	8608140	Mm-hmm.
8608160	8618980	You know, with the little sensor pods, two frontal, two mastoid, and then I think there were two over the parietal lobe.
8619280	8621380	So I think a total of six nodes.
8622660	8628740	And, you know, you go through the normal calibration, and then I guess it's kind of like biofeedback training.
8629000	8629420	Yes, exactly.
8629680	8634640	Where you look at the rock and then you will the rock to move forward.
8635320	8638040	And the machine learning interprets your signals.
8638140	8641200	And then over time, you could have it go forward and back, left and right.
8641340	8641740	Yeah.
8641960	8644580	And, you know, it was cool.
8644800	8645920	I mean, it was freaky.
8646260	8647180	I'll tell you something.
8647240	8650500	You know, when I see a rock move and I told it to move only with my mind.
8650620	8650900	Yeah.
8651400	8652580	Now, here's the thing.
8653580	8658440	You were picking up brainwave signals, but we're also picking up electromyogram from scalp muscles.
8658620	8659080	Mm-hmm.
8659680	8663300	And from maybe eye muscles and facial muscles.
8663800	8668040	So was it brainwaves or was it muscle action?
8668260	8668500	Mm.
8668880	8669820	Or both?
8670100	8671280	We can't say.
8671540	8672420	That's so interesting.
8672720	8676000	But in a way, it didn't matter because we didn't care.
8676160	8679040	We just wanted to create an experience where someone could actually.
8679700	8683420	And now there have been toys sold on the market.
8683500	8686020	Like there's the levitating ping pong ball toy.
8686240	8686620	Mm.
8686620	8690260	where there's an air column with a little fan,
8690840	8693900	and you control the fan velocity with your brain.
8694020	8694440	Whoa.
8694720	8699160	And so you put on this EEG thing, and you think, rise, rise,
8699260	8703260	and your brain learns how to levitate the ping pong ball.
8703500	8703940	Whoa.
8704220	8706280	At one time, you could buy that on the market.
8707200	8708020	Those exist.
8708340	8708680	Wild.
8708740	8709880	So there you have it.
8710700	8712100	Could you do this with a drone?
8712260	8713720	Absolutely, you could do it with a drone.
8713720	8721480	Now, if you use the magnetoencephalography, like these squid-based things, you could really do it.
8721580	8721920	Whoa.
8722100	8724880	You could definitely control pretty much anything.
8724880	8735880	thing. There was this guy who I had give a talk at the Aspen Institute who, there's two, there's
8735880	8744380	Donahoe and this guy at Duke who implant electrodes in the brain of people who are paralyzed,
8746320	8751620	quadriplegics, and they control a robot arm with their brain. And they train them to play video
8751620	8757060	games and they trained the guy to walk with an exoskeleton with a neural implant.
8757200	8758000	So wild.
8758060	8758760	This is the future.
8758900	8760540	So absolutely, absolutely.
8762040	8763680	This can be done today.
8763960	8764480	Wow.
8765080	8766200	That's so amazing.
8766300	8767100	That's incredible.
8767240	8770860	Where do you guys, you know, net out on the UFO issue?
8770920	8776780	Obviously there are themes in the shadow of time that to me might represent your kind
8776780	8779660	of net assessment on what you think is going on.
8781620	8783760	So what do you think is going on?
8783920	8788000	Well, I will say the shadow of time is first and foremost entertainment.
8788500	8789060	Okay.
8789080	8789320	Yeah.
8789380	8791100	We have to be very clear.
8791240	8791520	Yeah.
8791580	8797860	It's to get an emotional journey where there's suspense, there's mystery, there's, oh no,
8798020	8798840	that can't happen.
8798940	8804380	And there's romance and there's discovery and curiosity.
8804380	8812380	So really it's meant to create emotions in the readers and insight and maybe some self-discovery.
8812760	8816120	It's not, its intent is not science.
8816660	8823340	So I don't think that you can say that what we say in this scenario here is what we think is the most likely.
8823680	8826920	We think it's the most entertaining of the not impossible.
8828820	8831320	I will speak for myself in that you comment.
8832320	8854420	My belief is that there's something real going on. And whether that's atmospheric physics we just don't understand, whether it's some other not atmospheric but some physics phenomena that we don't understand, there's something very real in a few of these reports.
8854420	8862080	How would you probability weight the kind of prosaic explanations, atmospheric stuff versus the more exotic stuff?
8862300	8864000	I really have no way of saying.
8864200	8872300	I would tend to think that it's something beyond what our science can even imagine right now is what I really think it is.
8872340	8872640	Yeah.
8872720	8873900	It's something like this.
8874080	8880720	There are more dimensions than we think or some weird physics that hasn't yet been discovered is what I really think.
8880840	8881320	Yeah, yeah, yeah.
8881320	8885260	It shows more the limitation of our understanding of physics than anything.
8885460	8886400	I believe that too.
8886580	8891440	And so I don't think it's mostly atmospheric or any of these other things.
8891500	8893340	I think it's something even more fundamental.
8893580	8897940	I think it's something that we're going to have to completely redefine.
8897960	8905380	And for those of you in the audience who don't know this, cosmology today is undergoing this exact crisis.
8905600	8905980	Yeah.
8905980	8906060	Yeah.
8906220	8914600	Where I don't think there's any other field of science that I know of that really bedrock assumptions are being questioned and crumbled.
8914940	8917120	Like redshift.
8918300	8924880	Well, everyone knows that redshift is the farther something away is, the faster away it's moving.
8924920	8927840	So the more it gets stretched, so the redshift is greater.
8928220	8928740	Right?
8928780	8935500	So you can see how far away something is by the amount of redshift, assuming you have a standard star with a standard emission spectrum.
8935980	8940880	which is an assumption, which may not be true because the things that are farther away,
8940960	8945600	maybe they had different chemistry or something at that time. Then there's somebody say, well,
8945640	8952360	no, maybe light gets tired after traveling for X billion years. Maybe it loses some energy.
8952720	8958360	Well, that's been quote disproven, but then some people say, well, maybe it hasn't been disproven,
8958400	8963060	but you have the Hubble tension. You have different measurements of the expansion of
8963060	8969520	of the universe, which are completely incompatible, but both true, which tells you, hmm, some
8969520	8972840	basic things we understood about the universe cannot be true.
8973720	8975220	Dark energy, dark matter.
8975520	8984680	And so I think that we know because of things like dark energy and dark matter and Hawking
8984680	8988440	radiation and things like that, we know we're very limited really in what we know.
8989340	9003100	And so because we know that we don't know, I think that's where these things are. I think they are most likely some really shocking fundamental physics that we just can't get our heads around right now.
9003100	9032180	I think that even some of the cosmological concepts that we treat as ontologically true, like dark matter and dark energy, they're just mathematical placeholders. We've never really detected dark matter. And then if you, dark energy is just defined by the inflation of the universe. But if you like, even if you put it through like a, you know, an AI engine, you say, what is this? It goes, well, it's not one of the four fundamental forces, but it's a force that it's like, this is anti-gravity is what it tells you.
9033160	9037740	not. We don't know what it is. We don't know what it is, which means it's a placeholder.
9037960	9043340	And it may not be true. I mean, there are some theories that say that it's just gravity isn't
9043340	9048560	constant across the whole universe in time. Like maybe the laws of physics actually change over
9048560	9053360	time. I believe that big G is an averaging of a bunch of stuff. Well, yeah. Maybe. Who says
9053360	9057040	that Planck's constant has to stay the same throughout all time? Totally. Do we understand
9057040	9063840	why it is what it is? Why is C exactly what C is? Well, Einstein would say it's a property
9063840	9068620	of space-time. You can only measure C, by the way, one way. You can't measure it both ways,
9068660	9074020	there and back. Well, yeah, depending on how you define it, that's true. But I guess the point is
9074020	9079980	that you asked me what I think. I think that it's both baffling and, for the same reason,
9080020	9085440	incredibly exciting that I think what we're seeing with these credible, real phenomena,
9087040	9095000	is something really bizarre and out there that is so far different than what we think is happening in the universe
9095000	9100140	that we just don't know. We're looking at it, but we don't know what we're looking at.
9100240	9105140	So what do you think, because you have all this talk of disclosure now and Trump is, you know,
9105140	9111020	Trump and Obama engaged in some sort of bizarre memetic warfare like a couple months ago
9111020	9115380	and Trump's now saying we're looking into the UFO issue. What do you think comes of that?
9117040	9122940	been registered. I mean, if it is this fundamental physics thing, there are limits to what you can
9122940	9128560	disclose, but presumably maybe in just an unofficial context, but there is data on the
9128560	9133640	government side. And so do you think all of that gets released? Some of it gets released?
9133880	9136900	Do you think it's used as a distraction? They're never going to release everything.
9137300	9142800	I mean, for lots of reasons that I won't go into, but certainly some of it where sources and methods
9142800	9144120	are involved. They're not going to release that.
9144420	9146660	But they won't do it because, you know,
9147200	9148080	I'll tell you a story.
9148300	9150800	Wait, before you tell a story, I want to say what I think.
9151260	9152800	Jump in. Sorry about that.
9152860	9154920	No, no. I always ask her to do that.
9155020	9155320	So go ahead.
9156940	9158860	I cannot say silent too long.
9159020	9159520	I've got to.
9161140	9162300	Nor would we want you to.
9162700	9163180	That's right.
9164300	9166580	So what I think is that
9166580	9168780	there are so many, there is a bunch
9168780	9170440	of different phenomena
9170440	9174760	that might not have anything to do with each other.
9174820	9176000	They could be very separate.
9176260	9181960	So we need to distinguish what are those that are due to weather
9181960	9193080	or atmospheric stuff, or the ones that will have no explanations.
9193460	9197440	And the ones that have no explanations, I do think that you're right.
9197440	9203180	There is something that we don't know about that is fundamentally different than we know.
9203420	9208040	But we need to acknowledge that they exist.
9208160	9212200	We need to acknowledge that this is a puzzling thing.
9212320	9216680	And we need to acknowledge this in government, in the whole world, which we don't.
9216720	9221840	So in psychology, when we have a problem, the first thing is be aware of it.
9221840	9228540	And I don't think we're aware of it enough to look for the origin of what it is.
9228600	9229700	So first thing is awareness.
9229880	9236980	So I would urge all our listeners to be aware of what is happening in the sky.
9237300	9244920	Film whatever is happening in the sky, if they see anything abnormal or different, and then report it.
9244920	9255840	Because the more people we have that report this thing that are part of us to increase our awareness is really important.
9256240	9256740	That's it.
9256840	9257740	Are you back to your-
9257740	9261160	Well, I'm really glad you stood up for yourself for a lot of reasons.
9261680	9265720	But she makes a point that I feel horrible I didn't make.
9266660	9270180	I feel very certain that we're not looking at one phenomena.
9271220	9273420	I think we're looking at multiple phenomena.
9274920	9283100	I think that they're different enough in the way they've described, you know, the glowing spheres are maybe not the same thing as the Tic Tacs and so forth.
9283660	9295380	The triangular ones that people have reported with some consistency, those flying kind of fireballs that were seen over Washington, D.C. in the 50s that seemed to have some credibility.
9296640	9300140	I think at the end of the day, when they're going to find out, it isn't one phenomena.
9300680	9301520	It's multiple.
9301900	9302340	Yes.
9302400	9303080	And maybe unrelated.
9303600	9304700	I totally agree.
9304920	9308640	So that I think that's a really important point that she made.
9308940	9317300	Yeah, I think there's something going on in our oceans that feels more ultra terrestrial or, you know, Silurian hypothesis.
9317420	9325340	And then there's something that feels more of like a mental interface thing where people get into these heightened states and things show up.
9325460	9329020	And those two things feel like probably of a different variety.
9329020	9337140	Like, I'd imagine the ultra-terrestrial thing is more, you know, in the same biological meat space as us, but I don't know.
9337280	9347220	We don't know. And, yeah, I mean, and there are some people who believe that panspermia, tell them about panspermia and that we're basically all aliens.
9347560	9348680	Right. Yeah, yeah.
9348680	9362240	Yeah, that life could be, we assume that there is life only on Earth, but it could be that panspermia is a theory that says that life can exist, could exist anywhere in the universe.
9362240	9369800	universe. What is to say that life doesn't exist 120 light years away from us? We found
9369800	9381540	some dimethyl sulfide, dimethyldisulfide, 222 or 240 light years away from us on exoplanets.
9381860	9390800	So it's very possible. And we're starting to discover long chain carbon structures that
9392240	9393260	on different planets.
9393420	9396280	So it's very possible that there is life
9396280	9400060	in a lot of different places in the universe.
9400720	9402500	And it's possible that...
9402500	9403460	It could have come here on asteroids.
9403820	9405140	It could have come here on asteroids.
9405720	9406920	Could have come from Mars.
9407080	9410280	You know, we got bombarded by a lot of stuff from Mars.
9410600	9414680	And it turns out conditions for forming life
9414680	9417860	abiogenetically on Mars were there before on Earth.
9418300	9419900	So we might all be Martians.
9420000	9421120	Or we might be multiple.
9422460	9426080	panspermia, meaning organisms from different places all came here.
9426260	9433560	Yeah. And Mars, most conventional astronomers would say that Mars might have had a biosphere.
9433680	9439200	There are kind of water caverns all over it. It might have had a magnetosphere that it was
9439200	9447320	stripped of. Oh, it did have one. It did have one. You have Argon-40 and Xenon-129. So there's
9447320	9454420	There's just one friend of mine who was at Lawrence Livermore in Sandia, and he thinks that there was a nuclear holocaust on Mars.
9454660	9457160	And it's, you know, who knows?
9457280	9461440	He's definitely like, you know, in a camp on his own and believing this.
9461580	9469980	But I think it's really interesting because he says that these exist in excess of what you would ever expect with just normal, you know, radioactive isotope decay.
9470380	9472880	And that the only explanation is that.
9472880	9490380	I found and digested the isotopic evidence. And when it all kind of sitting in my office, it all hit me. It looked like a thermonuclear holocaust had happened there. And we were so afraid it would happen on Earth.
9490800	9495660	And he's got the chops to say something like that where I feel like I have to listen.
9495660	9516360	Well, on Mars, there's a lot of lava tubes. We've never been inside those lava tubes. So what is there inside? It could be that's a very protective area. There is no or much less radiation in those lava tubes. But we've never had anybody going or any machine going inside those lava tubes.
9516360	9538280	But the panspermia thing, meaning, is it likely that we're all evolved from some extraterrestrial life form? I think it's almost certain that we're evolved from building blocks that are extraterrestrial. If they did that study of that asteroid Bennu, in which they found all of the nucleic bases, which are the formation for RNA and DNA.
9538280	9544040	DNA. So I go, hmm, okay, well, so we have an existence proof that those really important
9544040	9553000	building blocks, nucleic acids, are in outer space. So the law of parsimony says it probably
9553000	9558320	came here from outer space or came here and we co-evolved them. See, what we're finding in
9559320	9564600	anthropology, when it looks at how did humans get to be humans where they are, it's turning out that
9564600	9570160	that is unbelievably complicated. There were many waves of migration out of Africa,
9571140	9576000	before and after Homo sapiens. There was interbreeding between Denisovians and Neanderthals
9576000	9582920	and, you know, Cro-Magnon and, you know, Homo erectus. And it's like we're this mongrelized,
9583040	9588960	weird mishmash hybrid of a lot of different interbreeding. And so there is no clean,
9588960	9594480	simple story of how modern humans came to be modern humans. You're European in background,
9594640	9601380	so you have probably 3% Neanderthal genes, as do I. Well, she's really an alien. I don't know how
9601380	9610000	many. But I think the point is that I think what we're going to find is that in the origin of life
9610000	9616900	on Earth, it's going to be messy, complicated, a mishmash of a zillion different things.
9616900	9644640	Yeah. And it seems like in archaeology is only 200 years old. And the further we go, archaeology is like a product of the 19th century, finding ancient, you know, Assyrian and Babylonian cities. And the longer we go, the older things get. And the longer we go in anthropology, the more hominid species we find. And so I think we have, you know, it was like five to 10, 10 years ago. Now it's 21 to 30.
9644640	9669680	This is depending on your stringentness with, you know, peer review and, you know, what your definitions are. But there are a lot of ancient hominids that we just didn't even know or anticipate. I don't think we ever thought that Neanderthals are as smart as we now think they were. And so, you know, maybe it was somewhat of a, you know, obviously our intelligence and prefrontal cortex was adaptive, but more of an accident than we think it is that we won.
9670540	9671480	so yeah
9671480	9672220	there are all these
9672220	9672820	open questions
9672820	9673620	that I think
9673620	9674160	we're just going to get
9674160	9674700	a lot more
9674700	9676220	more data on
9676220	9676820	hopefully
9676820	9678360	so I think if
9678360	9680360	if you sum up
9680360	9681300	what both of us said
9681300	9682220	about where we come down
9682220	9683340	on UFOs
9683340	9684600	it isn't one phenomenon
9684600	9685400	it's multiple
9685400	9685960	yes
9687040	9687940	some of it
9687940	9688380	might be
9688380	9689060	understandable
9689060	9690260	within our current science
9690260	9691120	some of it
9691120	9691720	almost certainly
9691720	9692340	is not
9692340	9693120	yes
9693120	9693880	but
9693880	9694720	bottom line
9694720	9695320	it's real
9695320	9696260	yeah
9696260	9696820	well that's
9696820	9697380	there is
9697380	9698880	some tiny percent
9699680	9704400	absolutely real and science should take it seriously. We should do a lot more
9704400	9710400	hardcore research into that subject. It's cool to see the former CTO of the intelligence community
9710400	9714360	and director of research at the NSA say that. That's a big deal.
9714520	9720100	Well, I think that any scientist who is worth their salt will tell you there's so much more
9720100	9727160	that we don't know. She said we know 1% of what there is to know. I wanted to say maybe one-tenth
9727160	9728940	of one-tenth of one-tenth of one percent.
9729120	9729220	Yeah.
9729460	9734780	You know, I think that some problems are too small to see.
9734860	9735720	Some are too big.
9736280	9742260	And it's too big for the human mind to get their mind around just how incomprehensible
9742260	9743580	the universe probably is.
9743740	9750380	And this is the point that I think it was Niels Bohr or Feynman or someone like that
9750380	9754440	said, yeah, quantum physics is not only weirder than we know, then weirder than we can know.
9754580	9754840	Yeah.
9754840	9757920	Yeah, Bohr was like, you can't understand this stuff.
9757980	9765180	And he would debate with Einstein because Einstein was trying to understand the ontological implications of the spooky action at a distance stuff.
9765380	9767120	And Bohr was like, good luck, you know.
9768360	9773520	Well, he also said, Bohr also said, prediction is very difficult, especially of the future.
9774280	9775380	There you go.
9775440	9776000	I love that.
9776060	9776500	That's hilarious.
9777160	9777900	That's awesome.
9777900	9790220	Awesome. I want to actually, you know, wrap up here on the listening cure, because this is a book really kind of based on your long work, Dr. Crispet Gilbert.
9790940	9796940	That was my introduction to both of you, which is funny because I'm obsessed with UFOs and a lot of the top topics you're into.
9797040	9803920	But I find it to be fascinating that intelligence might not be just concentrated in the mind, but might be kind of embodied.
9803920	9815620	And, you know, we might be holding information all over. And really, the premise of this book is like, if you have an ailment, you have to listen to it and form a dialogue with it. Is that right?
9815620	9838560	Yeah, absolutely. So if you have an ailment, if you have like a lower back pain, for example, you can have a dialogue between your mind and your back. Sometimes your mind is going to tell you, oh, you need to lift those heavy bags and you need to walk for your 10,000 steps a day.
9838560	9843260	and your back is going to say, well, that's too heavy for me or that's too many steps for me.
9843320	9852640	This is not right. It doesn't work for me. So you've got to take into account every part of
9852640	9859880	your body that might not follow the brain. And now we're discovering there is the gut bacteria.
9860460	9867720	What kind of gut bacteria do you have? And is there a dialogue to have between your brain
9868560	9874280	your gut bacteria. There probably is. Why are you drawn to certain foods and not to others?
9874540	9879880	That could be the gut bacteria. Now we're discovering that dysbiosis, which is again
9880540	9889100	what gut bacteria you have, could be responsible for maybe the increased amount of cancer or
9889100	9897800	digestive cancer that we have in people that are 45 years old or at least less than 50 years old.
9898560	9906000	increase of colon cancer in less than 50 years old. Why is that? We're thinking maybe dysbiosis,
9906080	9914800	maybe the gut bacteria. It's very different. So maybe that dialogue between that part of our body
9914800	9921920	and the brain. And it's fantastic to, for me, it's fantastic to create a dialogue between
9921920	9928240	between the, like, several parts of the body.
9928320	9932360	Like, you have a meeting, a conference meeting,
9932460	9936140	between a board meeting, between different seats.
9936300	9937600	The stomach will have a seat.
9937820	9939260	The back will have a seat.
9939420	9940560	The liver will have a seat.
9940640	9941740	The brain will have a seat.
9942360	9944020	Gut bacteria will have a seat.
9944060	9948920	And listen to what each of them will have to say.
9948920	9955400	And then you will be able to understand yourself better, deeper understanding.
9955720	9961100	It's also very interesting to have a dialogue between my body and Eric's body, for example.
9961240	9970860	So if you have a mate, your partner, and forget about the brain, don't have the brain talk to each other, but have their body talk to each other.
9971040	9972660	What are they going to say?
9972760	9976600	And they could say something very different than what the mind will say.
9977640	9983380	there's fascinating things that happen when you give the body a voice.
9984100	9988040	But, you know, this brings up a fascinating difference between the two of us,
9988120	9993140	which I regard as a strength, and that we look at the world very differently.
9993660	9995020	She is a clinician.
9995360	9999240	She wants to make her patients' bodies heal.
10000340	10006460	So she's not into mind-body medicine in the sense of understanding the brain and the mind
10006600	10012740	for its own sake, but she wants to heal the body by understanding the brain.
10013060	10015160	So her goal is healing the body, right?
10015740	10021520	Yeah, it's actually healing the body and the mind, because they are completely related.
10021980	10026400	But I think what I wanted to say is the difference is she's very practical and pragmatic.
10026740	10030480	She has a very concrete end result, health, right?
10030600	10035360	Where I'm more of a bench scientist than a clinician, right?
10036600	10043260	in the deep why. So in the book, the few parts that I wrote, because it's really her book,
10043340	10049720	and I'm just throwing in a few pieces of neuroscience, that if I had to rewrite that
10049720	10054480	book, my part again, I'd read very different. Because I interpreted the body the way a
10054480	10061360	neuroscientist would, which is the map of the body on the brain. You mentioned the Wernicke's
10061360	10063320	and a Brachios area for speech,
10063480	10066640	but there's similar areas for motor and sensory
10066640	10069380	in which you have this little human version of you
10069380	10070180	called the homunculus,
10071060	10073680	which is a complete map of your body on your brain,
10074520	10077860	one half each for both motor and sensory, right?
10077980	10079980	And so if you've ever taken a psychology book,
10080040	10082140	you've seen this thing with huge lips and huge hands.
10082340	10085160	And so I talked about the body in that sense.
10085360	10087940	It's a neural incarnation of bodily sensation.
10088920	10109500	But I believe I was very limited now, and I should have gone way beyond that. Because now we know that there's a ton of neurons in your body, in the peripheral nervous system, like in the gut nervous system, and in the heart.
10109500	10120680	So when we say we feel in our gut, there could be learning and perception and emotion literally in your gut, not metaphorically.
10121020	10123560	Because think about where you feel emotions.
10123900	10127760	They are physical sensations, right?
10127860	10132340	Almost every emotion you have, you can map it onto a physical part of your body.
10132820	10139300	And that may be because that is literally where you're consciously experiencing it, not in your brain.
10139500	10160240	Hmm. And so there's this thing called cellular cognition now, where it turns out that you can classically condition plants and single cell organisms, and you can take a planaria, cut it in half. After you've trained it in a maze, it regrows the front half where the back half had no neurons and now knows the maze even so. It's what we call cellular cognition.
10161060	10188320	And so I now believe that when she says you're talking to your back, it's literal. It's not metaphorical. That your back has a constituency, as it were. That it represents the cells in your back muscle and your back. And it has a point of view that it, as the cellular clusters there, individually have. And it's talking to the brain through who knows what.
10190240	10201540	What is fascinating to me about this very practical clinical idea that she came up with is that there might be some literal scientific truth to what she's saying that goes far beyond the metaphorical.
10201920	10202740	It's literal.
10203420	10203860	Yeah.
10203900	10208960	And I think it's important to, and I say in the book, it's very important to listen to the body.
10208960	10212380	and sometimes the body will tell you, oh, no, no, no, don't do that.
10212420	10221120	You've got sensations like tingling sensations or like a knot in the throat
10221120	10223400	when you're about to do something.
10223720	10230660	Like if you're about to marry somebody that maybe you're not meant to marry,
10230820	10234620	somebody could have a knot in the throat or trembling.
10234620	10242100	or it's important to listen to what the body is feeling because the body knows usually.
10242380	10248180	And sometimes the body will know if it's the wrong person to marry, for example.
10249020	10257800	So before taking very important steps in life, I say, listen to what your body is saying,
10257800	10264240	because if your body doesn't want to, or if it's before taking an assignment, if you have a
10264240	10271540	promotion, and it's a huge promotion, there will be a completely different, it will be a lot of
10271540	10276660	work. It will be very good for you, but a lot of work. And sometimes the body will tense up and
10276660	10284620	say, oh, listen to that, because I've seen people accepting a promotion, accepting this immense
10284620	10292180	stress that they will take on and then coming afterwards with cancer and they will die with
10292180	10297400	cancer because the body knew, the body knows it's too much, too much, too much, too stressful.
10297740	10304860	So listen to your body. At the end of each chapter of the listening cure, there are exercises that
10304860	10311100	everybody can take and that will make them more aware of what's going on. It's a fascinating
10311100	10326680	It's completely different than UFOs. But it's a fascinating world. Instead of the outside world of the universe, it's the inside world of our body and our brain and who we're meant to be and who we're not meant to be.
10327180	10327740	Absolutely.
10327740	10339900	Well, one comment about different from our book, yes and no, the main kind of anti-character in The Shadow of Time has cognition in its body distributed very differently than a human.
10340000	10340400	Yes.
10340460	10345420	And that turns out to be really important to the story and how is this different.
10345600	10347560	So some of that did make its way.
10348000	10355160	And the biology of this particular class of organism, as far as we understand it, is so radically different than humans.
10355380	10355800	Yeah.
10358320	10361680	And that's why we made this character the way we made it.
10361700	10373280	But some of the listen to your body is in there in that we constructed this creature from our understanding of how consciousness can be distributed in different parts of the body.
10373400	10380800	I think this is especially relevant for people who don't have acute injuries or acute illnesses.
10380800	10400880	So like if you get the flu, there's like a clear protocol of what you're supposed to do if you injure your knee or something. Pretty, pretty clear. But there are a lot of people, especially in Western society, that feel very kind of unheard or gaslit by the medical system who deal with chronic illnesses, things that just persist throughout their life.
10400880	10406500	life. And so, yeah, this technique of kind of anthropomorphizing the symptoms and speaking
10406500	10411460	to it, it's very interesting. I think it's going to be very novel for a lot of people, but
10411460	10417300	the idea that that could be cathartic, like there's actually another book that I love.
10417440	10421220	I recommend your book all the time. And I recommend this other book called Healing Back
10421220	10427080	Pain by a guy, Paul Sarno. Oh, yes. We know about him. He's awesome. And he says that the physical
10427080	10432700	pain you feel is actually adaptive because it's easier for you to process physical pain than
10432700	10439500	emotional pain. So it's, it's like this overhang remnant of what was adaptive because you couldn't
10439500	10443920	process an emotional thing. There's other books like body keeps the score about this stuff too,
10444020	10450560	but it's that the, the body is sort of an imprint of past, you know, maybe the word trauma is
10450560	10455060	overused these days, but past, you know, emotional experiences that people have had in their lifetime.
10455060	10461300	time. And you can actually go back in, have a dialogue, find the root cause and kind of
10462180	10467300	repropagate back up into a more healthier version of yourself, which is, that's fascinating.
10467760	10472220	Well, you know, it's interesting to think about the evolution and how we came to have these bodies
10472220	10477520	that we have and the mind that we have. And if you think about those first leaps between
10477520	10483300	single cell and multicellular organisms, which clearly we made in evolution, you start to
10485060	10492080	she's saying even deeper. Look at a pond scum or a slime mold. What you find is that's a collection
10492080	10498040	of individuals that start to behave in concert. Like you have certain ones that are used for
10498040	10502620	digestion, certain ones that move the slime mold around towards new food or away from threats.
10502920	10510220	And so you also have gene swapping among individual single cell organisms so that
10510220	10513160	that a multicellular organism might form from multiple,
10513260	10517260	what used to be different species that became one, right?
10517340	10522600	So if you now fast forward that process over 4 billion years,
10522700	10523840	you end up with us.
10523920	10528420	But we've retained that original form of multicellular
10528420	10530400	where really we're different organisms.
10530920	10534600	And that is literally true with our biome, right?
10534720	10536480	Most of your DNA isn't yours.
10536540	10538460	It's all your biome, right?
10540220	10544880	One way to think about the body from the standpoint of evolution is we're really not individuals.
10545380	10555600	We're a collection of many different organisms, each with their own agenda, that have cooperated for mutual benefit, but whose needs often collide.
10556440	10556960	Yeah.
10557080	10565920	And anyone who's felt an urge to do something like eat a donut or maybe do something amorous that they shouldn't knows that life isn't pure.
10566120	10566840	Yeah, yeah, yeah.
10566880	10568440	One part of you wants to do it.
10570220	10571680	It says, don't do that.
10573020	10577320	So it's almost like this thesis, antithesis, synthesis.
10577800	10585480	What you described almost sounded like internal family systems where you create this dialogue, but it's with components of the body.
10585580	10591660	And then the output is this sort of compromise or something between them, which that's such a fascinating concept.
10592180	10594640	Well, it's fractal when you think about it.
10594700	10597400	When you think about the way your body is, you have specialists.
10597400	10602760	specialists. Evolution has decided that a collection of specialists will outperform an
10602760	10609140	equal mass of generalists. So when you look at your body, you know, your toenail does a very
10609140	10612760	different function from your liver, from your brain, and within your brain, you see hyper
10612760	10620600	specialization. There's different nuclei that have different shapes. So diversity of function and
10620600	10626260	and narrowness of specialization is what biology has decided works best.
10626400	10627620	And look at human evolution.
10628180	10632100	We went from a society of generalists where everybody hunted and everybody gathered
10632100	10638320	to now you look at a corporation where, or even medicine, like I'm an internist,
10638380	10645880	but I do nephrology in adolescence with, we slice things narrow and narrower.
10645880	10651080	And so with multicellular organisms, as with human civilization and businesses,
10651460	10656800	we go toward bigger and bigger and bigger with hyper and hyper and hyper specialization.
10656980	10659040	That don't know anything about each other.
10659160	10662140	Ask a dermatologist how to treat high blood pressure.
10662320	10666440	He will not know, he or she will not know how to treat high blood pressure.
10666540	10670020	So it's hyper specialized and they don't connect with each other.
10670220	10670540	Yeah.
10670600	10674900	And it's also looking for, it's sick care, in my opinion.
10675880	10683140	the very, you know, margins of, you know, extreme, like you're in the bad 5%, let's give you surgery
10683140	10688280	or something. And it's not, this complex is building up over time, you have some tension,
10688340	10693400	and then that creates, you know, yeah, dysbiosis, and then that leads to cancer. It's not these like
10693400	10698940	long buildups, which are occurring in everybody, you know, and so it's important to, I think,
10698960	10705380	treat the root cause. And there's another element that complicates stuff is the aging.
10705880	10710920	The aging process is not the same in each organ or in each part of us.
10711020	10719420	Like the brain might not see the aging as much as the back or as the knee.
10720760	10728040	So you have to take into account each part of our body that ages differently and have a dialogue with those.
10728740	10736520	Gee, that wouldn't have anything to do with saying my trochanter bursitis is due to me being 74 years old and not realizing it.
10736680	10737380	I'm not saying.
10738880	10740860	You're in great shape for 74.
10741100	10741960	Well, thank you.
10741960	10742340	Thank you.
10742380	10743860	I'll take that as a compliment.
10744220	10753000	But yeah, no, I mean, it is fascinating, too, though, you know, when you look at the health care system and say, how come we're sick treatment oriented?
10753440	10756160	Well, remember I said you get the behavior reward?
10758040	10762740	to do with that. It may be more profitable to treat sick people than to stop them from being
10762740	10767100	sick in the first place. I mean, I'm just saying, I'm just a guy asking questions.
10767120	10773400	Yeah. I think you might be onto something. Well, it's been such a pleasure and such a
10773400	10779740	wide ranging conversation with you both. And I hope people buy all of the books, but yeah,
10779900	10783600	the new science of UFOs, obviously we have the shadow of time, which is the new book here.
10784440	10786020	fascinating and really fun to read.
10786160	10787380	And then, of course, the listening cure,
10787480	10789960	which was my entry point to you guys.
10790100	10791820	I really appreciate your time.
10792020	10792700	Well, thank you.
10792720	10793880	This has been a whole lot of fun.
10793980	10796220	And to the listeners, viewers out there,
10796340	10798080	we hope we haven't given you whiplash
10798080	10800600	from moving around to all these different topics.
10800820	10801700	Oh, they're used to it.
10802060	10805060	We all have ADD in our generation.
10805700	10807480	Oh, thank you again for the opportunity.
10807660	10808300	This has been a lot of fun.
10808420	10809000	Oh, yeah, no.
10809140	10809660	Thank you.
10809860	10810620	Thank you, absolutely.
10810880	10811640	It's been a total blast.
10811980	10812780	It's been a lot of fun.
10813600	10815040	all my favorite topics in one.
10815620	10816180	Great.
10816480	10817040	Cool.
10817300	10819720	Head to AmericanAlchemyMerch.com
10819720	10822200	to grab official American Alchemy merch
10822200	10823780	and support the show directly.
10824040	10824860	And while you're there,
10825000	10827300	the Cowboy UFO tee is a fan favorite
10827300	10828760	we always keep in stock,
10829000	10831100	along with the Atomic Age design.
10831380	10833360	Thank you all so much for following
10833360	10834480	and supporting the show.
10851820	10854620	Thank you.
