start	end	text
0	2600	I get a postcard to my home address,
2860	5040	and it says in all caps in dark black,
5280	7600	WE ARE WATCHING YOU.
8360	9240	Oh my God.
9400	9580	I know.
9680	11100	It was very unnerving.
11340	16320	What do you think put you on the radar of any of these people?
21900	27200	Dark Skies was an NBC series about an alien invasion set in the 1960s.
27260	28200	Which you co-created.
28460	28680	Yes.
30000	31260	and it's going to air that night.
31380	32680	We say, let's have a party.
33520	35780	I'm at a premiere party with all of these, like,
35800	38420	big wigs in Hollywood, and some guy walks out.
38700	41240	And he says, you guys got a lot right.
41700	44200	But you also got a lot wrong, and that's why I'm here.
44360	46180	He just starts writing something on a piece of paper.
46340	48620	And he goes, put this in a safety deposit box
48620	50140	for about 10 to 15 years.
50320	51120	I go, what is this?
51180	52680	And he goes, secrets of the universe.
53640	54000	Whoa.
54380	55120	Good night, folks.
56320	58840	They're going to tell us, like, when to write and how to write.
60000	67040	work. You would give us ideas that you would want us to put in scripts. We didn't take the deal.
67340	73080	Do you guys think that any other directors in Hollywood have taken similar deals?
73520	79720	I am much more inclined now than I was when I made Close Encounters to really believe that
79720	82900	we're not the only intelligent civilization in the universe.
84920	89720	You know, after Jaws, apparently he got approached by some guys from Naval Intelligence
90000	96780	or something and he came and offered him a deal and yeah and he took it we all just watched
96780	103560	steven spielberg's disclosure day and it's just like there are too many deep cut things i think
103560	109420	he got a lot right no he gets a lot right every time i had a whole previous disclosure experience
109420	114560	when i was 18. we lived right next door to this family a guy named john harrington his wife lois
114560	117160	He goes, listen, I got a new job.
117280	119580	I have a higher clearance level than the president.
120360	121280	Aliens are real.
121380	122140	They're here.
122260	123100	And I've seen them.
123440	126120	Reality is not what we know.
126900	130860	This is what kicked off decades of high strangeness.
131360	137160	I have seen six people die in pretty horrific ways, like final destination type.
137340	138960	But I was in the middle of them.
139060	139320	What?
139320	144520	So I lower the paper, and there's a woman standing at the foot of my bed.
145580	149120	Her eyes are two black circles that are undulating.
150500	153440	You also saw a Nordic alien?
154540	154880	I did.
155960	157440	On Orcus Island.
157620	159320	And he said...
162760	164420	Ignition sequence start.
166200	167780	How is this possible?
169320	170620	nothing too emotional about that.
172980	175560	Their existence cannot longer be denied.
184240	186860	Bryce Zabel, thank you so much for being here.
186900	188840	Brent Friedman, this is an honor.
189600	192000	This couldn't be more perfect timing
192000	194040	because we all just watched
194040	196060	Steven Spielberg's Disclosure Day
196060	198720	and both of you guys have just illustrious
199320	204260	credentials. And we're here to talk about the connections between Hollywood and UFOs,
204260	207420	but also a new amazing podcast that you guys have started about that.
208640	213860	Bryce, you are the former chairman and CEO of the Academy of Television Arts and Sciences. You've
213860	221400	created five primetime TV series, including Dark Skies, which you co-created. And it is just
221400	225520	incredible. It's a kind of a cult classic. And I want to get into a lot of themes there. You were
225520	232480	were a writer on Taken with Steven Spielberg. And you co-authored AD After Disclosure with
232480	237940	Richard Dolan, obviously legendary UFO researcher. I know you guys do a lot of media together
237940	245180	as well. And Brent Friedman, you were a writer, producer, obviously Dark Skies, Mortal Kombat,
245380	252220	Star Trek Enterprise, Star Wars, The Clone Wars, and many others. And you have some very
252220	258760	very interesting stories as well, which you guys share on your new podcast, Sound, Light,
258920	264420	and Frequency. Thank you both for being here. Thanks for having us. This is a real pleasure
264420	269500	for me. I'll let Bryce tell his own story, but I've been a fan of your show for a long time,
269620	274960	listened to so many episodes, and learned a lot. We talk about your show all the time. We keep
274960	280900	doing shout-outs to your show on our show because you are bringing it, and we're happy to be here.
282220	290400	Where do we start? Maybe that maybe the title Sound, Light and Frequency of the podcast that came from a very interesting story.
291060	294740	Let's get into that. You're you just made Dark Skies.
294840	298440	You're doing this party right around its release, its premiere.
298660	301460	Yep. And what happens? Somebody enters the scene.
301720	309620	Well, I mean, the only thing you need to know is that Dark Skies was an NBC series about an alien invasion set in the 1960s.
311100	322860	My name is John Lowengart. I'm recording this because we may not live through the night. They're here. They're hostile and powerful people don't want you to know. History as we know it is a lie.
325260	339200	So it was kind of, at the time, kind of a home run to have a network say, we're going to give you $40 million to make a bunch of subversive television because the pilot said JFK was killed because he was going to tell the truth about UFOs.
339200	365980	So we're celebrating, right? We're on the air. It's a cool thing. There's buses driving around LA with our Dark Skies logo on it. And it's cool. It's a great thing. So we say, let's have a party. And we have it at my house, the same place I live today. All right? And there's 200 people in the backyard, which is a lot of people. It's a nice party. But Brent and I, we know every single one of them because we're running the show. And these are network executives, studio executives, what, casting crew?
365980	389980	Yes. And we had a way to identify everybody because we did a party favor where when you'd come in, we took a little Polaroid photo of you and we turned it into a Majestic badge. Because in our show, it was about Majestic 12, right? The main characters were in Majestic 12. So everyone was walking around with a Majestic badge with their name and their photo on it, which is an important part of the story.
389980	410040	Except for one guy during the party before the show has aired. So remember, nobody has seen this show. I mean, other than the production people, but it's not aired and it's going to air that night. And we have TVs all over the place so that everybody can watch it. And one of our producers comes up to me and says, Hey, there's a guy, you got to meet this guy.
410040	435240	And this guy introduces himself as JC, and he says he just wanted to meet me to congratulate me on a successful show and says, you guys got a lot right. And he basically is saying that he has seen the pilot. All right. And I kind of challenged him. I said, well, if you've seen the pilot, what happens after that crop circle scene?
435240	464440	And the guy goes, oh yeah, that was great. They go back to the majestic headquarters. They do that autopsy thing and they pull the ganglion out of the guy's head. And I'm looking at him going, well, yeah, that's exactly what happens. It was very unnerving. And the baton gets tossed to Brent here because I basically had 200 people in my backyard. I got people saying, where are the appetizers? And I've got people saying, you know, the network guy wants to talk to you and say something.
465240	469460	going on? I don't know this guy. And I say, look, I don't know you. I don't know exactly why you're
469460	475160	here. You were not invited. You should leave. And then I, I left and thought he'd escort himself
475160	478680	out of the party. I had other things to do, but that's not what happened.
478840	487400	Cut to Brent. This is my first TV series. So as Bryce said, huge, it's, it's, it's on NBC. It's,
487440	493320	it's the lead of their trilogy night. Um, I'm at a premiere party with all of these like big wigs
495240	499440	seen the pilot at this point a hundred times, right, through all the editing and the post-production.
499700	504120	So I'm less interested in watching it on the monitors with everybody. But halfway through,
504160	507540	I lose interest and I'm thinking, I just want to find a place where I can like go out into the
507540	512680	backyard and look at everyone and watch them watching it. So I go up by myself and I'm just
512680	517860	standing out there and I hear a rustle in the bushes behind me and I kind of turn around and
517860	523420	some guy walks out and he does not have a Majestic badge. And so I'm already thinking,
525240	530520	is like, and he's like, Hey Brent, how's it going? And I'm like, uh, and I don't know his name. And
530520	535780	I'm thinking, is this like an NBC, like marketing executive or something, but he knows me. I go,
535800	542660	that's going pretty good. He goes, yeah, you guys got a lot right now. Sidebar in that moment,
543940	549380	what that meant to me was I had a whole previous disclosure experience when I was 18
549820	554680	with a guy who was a family friend that was in the Reagan administration. We can go into that later.
555540	575340	But I took some of those ideas. I told Bryce over a lunch about them, which is what got us making Dark Skies. So there was some truth in the show. And this guy is suddenly standing there saying, you got a lot right. And then he says, you must have talked to someone. And I felt my whole stomach cinch up.
576160	577640	Cue the eerie music.
577640	604560	And I, right in that moment, I thought I'm going to jail. Like, remember, I'm just like, yeah, I'm, I'm what, 40, 40, 35. I don't know. I'm like mid thirties, first TV show. And I'm thinking here I am on the precipice of greatness. And there's some, he, cause the guy looks like a cross between a frat guy and, uh, you know, a typical FBI agent kind of clean cut round 30. He's got a white press shirt, Navy blue blazer.
604560	609140	So what you're saying, other than me being above 30, like me, looks like me.
609160	610120	You're too old to be a scout.
610120	611280	He's got the jacket and the shirt.
611520	616140	So here's this guy, and I'm like, I'm seeing my whole life flash before my eyes.
616240	619640	And he goes, but you also got a lot wrong, and that's why I'm here.
620280	623600	And I'm like, again, I'm thinking like, who is this guy?
623920	630080	And so we start to talk, and he lays out that he is from the Office of Naval Intelligence,
630080	636740	and they would like to talk to us about a deal where we could get access,
636900	641480	we could get information that we could then help them with their slow drip disclosure program.
641720	645580	And just to complete now that this two stories kind of intertwine here,
645680	650660	because the show is now on by the time Brent is talking to him at the barbecue
650660	654060	and I'm going back in the house to, I don't know what I'm doing, but I'm going back in.
654120	657440	And I look over and there's this guy I threw out of the party an hour ago.
657440	659060	And he's talking to Brent.
659240	660820	And I'm thinking, that's not right.
660940	662280	So now I joined this story.
662340	666380	And now you got Brent, me, and the guy who said he's from the Office of Naval Intelligence.
666660	669340	And by the way, we are getting to sound, light, and frequency.
670960	672200	So there I am.
672200	673180	I'm talking to this guy.
673340	675380	And my wife comes up.
675540	676760	And she's looking for me.
676800	677940	Bryce sees this guy.
678120	679340	Suddenly my wife is there.
679680	681100	So there's all these people talking.
681900	686040	And the guy says, yeah, so anyway, we'd like to make a deal with you.
687920	693380	you know and he gives me the card and all it says is j.c. with a 310 number on it nothing else
693380	703660	give me a call and we can talk about it and uh i kind of say okay you know fine and he kind of
703660	708520	looks at me and his demeanor up until this point had been like you know fairly genial and probably
708520	714560	by the way because the guy that tried to throw him out of the party is looking at him so now he
714560	719620	he gets a little bit more serious and he says, I can see you're not taking this seriously.
720180	723080	He looks at my wife and he goes, ma'am, can I borrow a piece of paper and a pencil?
723700	728420	She kind of like goes into her purse and she pulls out a piece of paper, which is,
728480	735360	she takes an old ATM deposit envelope, right? You have to put your checks in there. She rips off the
735360	740940	triangular fold down. She gives him that and a pen and he takes it in front of all of us. And he just
740940	745100	starts writing something on a piece of paper, about 30 seconds. And then he folds it up and he
745100	751400	goes, here you go. Do me a favor. Put this in a safety deposit box for about 10 to 15 years. And
751400	756440	if we don't make a deal, then you'll know I was for real. So I take it from him and I kind of
756440	761420	look at it and I go, and it's an incomprehensible like formula thing. And I go, what is this? And
761420	766540	he goes, sound, light, and frequency, secrets of the universe. Good night, folks. And he turns
766540	767320	Turns around and walks out.
767420	767740	Wow.
767980	769340	Is it a math formula?
770280	771080	Not particularly.
771520	773880	It's got some symbology in it.
773980	777020	And we're actually looking into it right now.
777060	781140	I'd love to come back on your show someday and show it to you and explain what we're finding out.
781140	782220	I want to see this thing.
782440	782800	Yeah.
782860	785180	You should use AI and try to decode it.
785260	788000	We have done a lot of different things.
788080	789020	We have a lot of people, right?
789120	791400	Someone wrote a 22-page analysis of it.
791440	791880	Oh, my God.
792000	792220	I know.
792220	800080	No. So it's weird, and we can talk about that later, but I wanted to at least give you the understanding of what sound, light, and frequency meant, right?
800180	807480	Why we named the podcast this, because this is what kicked off decades of High Strangeness, starting with that show.
807580	811780	Now, I'm an experiencer, so my High Strangeness started going all the way back to when I was a child.
812020	821000	But it all kind of culminated in Dark Skies and brought Bryce into this crazy experience that lasted, that went on for a while.
822220	823880	That was not the only time we talked to JC.
824040	825260	To what happened next.
825920	829400	Actually, it's almost important to talk about what happened before.
829480	833520	A year before that event, we were shooting the Dark Skies pilot.
833780	834180	Okay.
834220	839360	And by the way, we're not here to talk about a 30-year-old show other than it exists in a framework.
839360	841700	Well, everybody should watch it because it's a really great show.
841740	843120	It is fun, but it exists in a-
843120	850140	And it's predictive, I think, of a lot of things that seem to really dovetail with, you know, real whistleblower accounts.
850240	850660	Absolutely.
852240	865160	I guess we're using the Sound, Light, and Frequency podcast as a bit of an active investigation to try to see if we tell our story, will other people tell us their stories? And that's actually starting to work.
865160	882460	Anyway, things we had forgotten almost were this one. A year before, when we're shooting the pilot, I get a postcard to my home address, and it's got a picture on the front cover, which, by the way, you should put that on your show if you want.
882460	901120	And it's a picture of a book, I believe from 1960, called Flying Eyes. And it's these eyes flying in the sky looking at whatever. And I turn it over to read the postcard, and it's been typed on an old-style manual typewriter with a very black ribbon, and it's all in caps.
901120	922240	All right. And it's not as like Tom Hanks used in, you know, Band of Brothers and all that, that kind of old thing. And instead of it being a sentence that goes across all in caps, it's four words, one, two, three, four stacked on top of each other. And it says in all caps in dark black, we are watching you.
925060	942740	So that's pretty. So as a sort of. So Brent, of course, was thinking about his interaction with this guy that was the secretary of energy during the Reagan administration and wondering about that. I'm thinking about these postcards that we got. So this guy didn't come out of nowhere. Right. Yeah. Did not come out of nowhere.
942740	949520	were uh what do you think put you on the radar of any of these people do you think it would were
949520	957060	had you already written taken with well no that came after that came after but i had done a couple
957060	963520	of ufo things and of course brent and i were at that moment doing a very uh highly anticipated
964260	968540	pilot people were talking about it because of the way we sold it was interesting but that's
968540	969100	It's another story.
969200	975100	But prior to that, I had written the first sci-fi channel original film, and it was called Official Denial.
975300	977160	And it was highly ufological.
977540	986520	I mean, it had everything from Majestic 12 to abductions to crash wreckage and organic spaceships and all the stuff in it.
986600	988580	So put that on the radar.
988960	993740	I'd even written UFOs and Men in Black into the Lois and Clark series when I worked there.
993740	1002640	So I was sort of a UFO guy in making, you know, and then we got dark skies. So maybe that's what put us on the radar.
1002700	1004440	On the radar of the powers that be.
1004540	1004760	Of somebody.
1004900	1005860	Of somebody.
1005860	1027040	That's right. Bryce was doing a lot of work in this area. I had literally done no work in this area. But again, I should bring you up to speed on this when I got disclosed to because obviously it was relevant to somebody. And it has come full circle now because Dave Grush has been asking me about this person.
1027040	1054460	And so he should tell you the story. And I just want to give you one quick setup. Brent and I did not know each other. His wife was my assistant on a show called Mantis that I was producing. And she knew I had all these UFO books in the office. And she said, you should meet my husband. So we went out to lunch and he told me the story that he's going to tell you right now. And when I heard it, I went, I don't even know who this guy is. I don't even know if this story is true. It's a hell of a story and I'd like to work with him.
1056040	1057520	our origin, if you will.
1057600	1058480	Yes, that was our meet-cute.
1058540	1059260	That was our meet-cute.
1059760	1061740	And Hollywood it is, but we did meet.
1063600	1064880	So here's the story.
1065600	1069700	I grew up next to a guy that I revered
1069700	1071040	when I grew up in the Bay Area
1071040	1073140	in a place called Walnut Creek,
1073360	1074340	which is East Bay.
1075240	1078540	And we lived right next door to this family
1078540	1083280	where there was a guy named John Harrington,
1083400	1085160	his wife Lois, his two daughters,
1085460	1092240	I'm not going to name them. His daughters were in between my brother and I. So I was the oldest of
1092240	1096800	the four kids. My brother was the youngest. And I mean, we literally live right next door and there
1096800	1101560	was like one gate between us and we lived on these pretty big pieces of property. So we didn't have
1101560	1107940	any other real neighbors. It was just us kids growing up. And John was a man's man. He was,
1107940	1115440	he was all the things I wanted to be. My dad was an artist. And so I wanted to be an athlete. I
1115460	1120800	got me into football taught me how to hold a gun you know shoot a bb gun just all these things and
1121300	1125840	loved my dad but he was an artist he wasn't interested in any of this stuff so i became
1125840	1133420	he was the he was like a surrogate father to me cut to we move away six years later we stay in
1133420	1139060	touch the families um and then i get a phone call i've just graduated from high school it's 1981
1139060	1145160	1981, and I'm going to UCLA. And John had suggested that I go to Stanford, which was his
1145160	1150440	alma mater, but I'm going to UCLA to be a theater major. So he calls me up and he says, you know,
1150480	1155600	what are you doing? And I can't believe you didn't go to Stanford. He goes, listen, I got a new job.
1155780	1163360	I'm back East now. And I'd like you and maybe a couple of friends to drive our cars across the
1163360	1168440	country. Oh, and our dog, bring our dog with you and some other stuff that we left in the garage.
1169060	1169960	But I'll pay you guys.
1170100	1172580	And when you get back here, I'll show you around D.C.
1173000	1174220	And then I'll fly you back.
1174540	1176280	I'm thinking, what a great summer.
1176320	1177920	Sweet deal for a college kid.
1177940	1178160	Right.
1178180	1181080	It's like, this is the in-between high school and college.
1181180	1182660	So I'm thinking, sure, I can do that.
1183860	1186280	So he didn't say anything about what his job was.
1186360	1188900	But actually, we knew something was going on.
1188960	1198880	Because about a year earlier or so, we had been approached, the family, by some NSA or CIA or someone that come in and asked a bunch of questions.
1199060	1201400	I guess they were doing like a background character check on him.
1201840	1205020	But they didn't tell us what the job was, but we knew it was something with the government.
1205080	1207900	And he has just moved back to Langley Farms, Virginia.
1209680	1220300	So, by the way, in 1981, we now know John Harrington was the undersecretary of the Navy for, I believe, development or procurement or something like that.
1220360	1224140	And I believe he went through Stanford on a naval ROTC scholarship.
1224500	1224980	Okay.
1225000	1225780	So, Navy.
1225780	1230520	And he will later become the secretary of energy in the second term.
1231120	1232040	Department of energy.
1232200	1232640	There you go.
1232720	1235600	So none of this means anything to me.
1235660	1236540	He's just a great friend.
1236640	1237900	He's like my surrogate dad.
1238200	1242800	The drive across the country, I don't know why we weren't killed or put in jail many times.
1243540	1245380	That's a whole other movie I've never written.
1245980	1253140	We get to his house that night when he comes home where everyone's waiting to have dinner because it's going to be like this reunion.
1253140	1259040	Union. And I remember kind of like waiting at the window, kind of waiting to see when
1259040	1263100	all of a sudden a black Lincoln Town car pulls up. And he gets out of the backseat and there's
1263100	1266940	two Secret Service people that come in. And I noticed he has a briefcase handcuffed to his
1266940	1273760	wrist. They walk him into the house and off the entryway into his office. And they go back and
1273760	1276800	I'm kind of watching from a distance. No one will even make eye contact with me. And I'm watching
1276800	1282620	from a distance and he puts it into a wall safe, right? One of the Secret Service people leaves
1283140	1290600	one stays in the house. I'm thinking, who is this guy? But he comes, hey, Brian, how's it going?
1290760	1295360	We have a big dinner and everything's great. And then afterwards, he's like, hey, why don't you and
1295360	1302460	I go out onto the veranda and catch up? So when we were growing up, he was not just like
1302920	1309140	badass, but he was Calvinist. So he was very strict about certain things. We go onto the
1309140	1313220	the back patio and he's, he brings a big bottle of Jim Beam and he's pouring himself two fingers
1313220	1319500	as we're talking. He looks haggard. He looks, you know, old, like very much older, but also just
1319500	1326860	heavy. Now he's a different guy. I'm sitting there talking with him. We're catching up. He's
1326860	1332840	giving me shit about not going to Stanford. And I'm like, okay, all of that's great. What is your
1332840	1337020	job? And he goes, I can't really talk about it. I, you know, it's, I'm working for the government.
1337020	1340040	Now, he was Reagan's advance man in his campaign.
1340260	1342720	He was one of the reasons that he helped Reagan get elected.
1343040	1351000	There's a whole history between John's wife, Lois Haight, who's, I think, one of her family members was a governor of California back in the day.
1351020	1354860	And so politics, Republican, you know, they went way back.
1355000	1358740	At any rate, he's working for Reagan because Reagan trusts him.
1359640	1361520	And this is a super smart guy.
1362220	1366240	And now he's telling me, I can't tell you what the job is.
1367260	1372000	it's classified. And I said, okay, well, I don't know. What does that even mean? And he goes, look,
1372060	1379240	I have a higher clearance level than the president. Now, 1981, oops, 18 years old,
1379300	1385140	I was not a standout in civics. I was like, that's impossible. The president, there is nothing higher
1385140	1392080	than the president. How could the guy who lived next door to me have higher classification than
1392080	1392520	and the president.
1393460	1395100	But this is not a guy who lies.
1395500	1398640	So I'm looking at this guy, and I'm thinking, what?
1399240	1400620	I'm like, okay.
1401560	1404720	And I said, well, so how did you get that job?
1404920	1408940	And he said, well, I was briefed for months
1408940	1410920	in an underground facility in West Virginia.
1413620	1415280	Again, this is the guy you grew up with.
1416000	1417340	I'm looking at this person like,
1417440	1419260	I don't even know who this man is anymore.
1419260	1425940	more. And I said, what, what was that like? And he said, well, I used to cry myself to sleep every
1425940	1433220	night. That that's by the way, when he said that to me at this lunch, I just got shiver, you know,
1433220	1440460	because a tough guy is crying himself to sleep every night. What's it take for that to happen?
1440580	1446580	Yeah. And even if he's exaggerating, I couldn't have imagined him crying himself to sleep once.
1446580	1446960	Right.
1447180	1451360	So I said, well, I don't, what, what would make you cry yourself to sleep?
1451420	1455840	And he goes, Brent, this is not the world I thought I was bringing my daughters into.
1458020	1460380	I'm thinking, well, I'm like your son.
1462380	1464840	What is this world that we're in?
1465340	1467960	And so I pressed him on and he kept saying, I can't talk about that.
1468000	1468840	I can't talk about it.
1468860	1470300	I guess this is like classified information.
1470300	1478000	information. And finally, after he'd had a couple drinks, he said, all right, look, I know when you
1478000	1482220	were growing up, you were into science fiction and comic books and all that stuff. I can tell you
1482220	1489640	this. Aliens are real. They're here and I've seen them. Just like that. Just like here, I'll throw
1489640	1496440	you a bone, kid. Now, I honestly, at that point in my life, I hadn't thought a lot about aliens.
1496440	1516000	I wasn't into aliens. This wasn't a thing in my life. But this felt huge. Like I couldn't wrap my brain around it. And I said, well, are they alive? And he paused and he said, I can't say. I said, you can't say or you won't say? And he said, I can't say.
1516000	1523820	day. And I kind of just left it at that. And then I came back at him with, okay, well, hold on a
1523820	1530100	second. If what you're saying is true, how does everyone not know about it? And he said, oh,
1530140	1536320	lots of people know about it. 81, you can walk into any bookstore and you're going to find all
1536320	1541100	sorts of books on the shelves with lots of truth. But right next to them are the books that we
1541100	1546400	republish, full of propaganda. It's a multi-billion dollar campaign to cover up the truth.
1547900	1553700	Now, in 81, the other thing that struck me was I don't know that I'd heard the term
1553700	1560100	billion before. So I'm like, everything is blowing my mind right now. And I'm thinking,
1561340	1566620	what? I just had not considered any of this. And I was like, okay,
1566620	1569960	okay, why does the truth have to be covered up?
1570680	1574400	Like, you're telling me, okay, aliens are real, okay, great, what else?
1574800	1579220	And he said, look, we live in a God-fearing country.
1579400	1580320	Again, 1981.
1582340	1585240	There's only one thing that keeps this world spinning.
1586260	1588240	Gives everybody the control they need.
1588540	1589840	That's the global economy.
1590360	1596060	If you disrupt that by taking away the reason for people to live their lives,
1596680	1601220	everything falls apart and governments of the world will not be able to control the populace.
1603060	1609960	So what's the advantage of giving people the truth? And I was like, well, so you're telling
1609960	1615400	me it'll never come out? He said, if it has to. I said, well, in our lifetime? Maybe.
1616120	1622280	And why would he tell you, an 18-year-old, if he's classified? Did you ask him?
1622280	1623960	I asked, so I, well, yes.
1624800	1630000	So one other, he's telling me all of this and I just, each thing is just like a brick on my shoulder.
1630100	1633120	I'm just like, this is a lot to process.
1634880	1640880	And I said, wow, okay, well, I guess now I know why you cried yourself to sleep every night.
1641040	1643580	And he said, no, Brent, you don't understand.
1643800	1644780	This was day three.
1648580	1649740	He'd been there for months.
1650700	1653320	and I'm thinking, okay, I'm out.
1654700	1656000	I'm like, I can't take it.
1656100	1657460	And I said, well, you know,
1658200	1660000	how do you know I'm not going to tell anybody this?
1660140	1661260	And he goes, I'm sure you will.
1661760	1663140	Question is, who's going to believe you?
1663200	1664280	You're an 18-year-old kid.
1664440	1665360	You're going off to college.
1665860	1667040	You're going to tell a big story.
1667480	1669400	You use my name, I'll just deny it.
1671680	1673640	Now, in the years following that,
1673800	1675200	I did tell a couple of people
1675200	1676680	and they were like, wow, that's such a great story.
1676800	1678200	And I could tell no one believed me.
1679740	1684040	started to just lose interest in even telling the story because like all you end up looking like is
1684040	1690000	an idiot although i did make brent tell it to me multiple times because i wanted to see if it ever
1690000	1697300	changed if this if this you know i'm a journalist by training so i thought if he tells it multiple
1697300	1702160	times and it's it's something he's riffing on then then the riff will change a little bit but
1702160	1708640	never has and uh recently a couple of things have even happened that make us more sure than ever
1709980	1711100	Yeah, share some of that.
1739740	1740440	Talking about Greenbrier?
1740680	1741620	He didn't say.
1741860	1745580	But again, he was talking about an underground facility in West Virginia.
1747620	1751320	I couldn't have shown you on a map where West Virginia was at that time.
1751420	1754360	I did not know there were such things as underground facilities.
1754500	1758900	So when I told it to Bryce, that was probably just part of the story.
1759000	1763960	But then it was years later when it actually came out, like Bryce said, that there's a whole story.
1764020	1765160	And now you can go visit it.
1765200	1766500	It's like a tourist place.
1766700	1767660	We could do a show from there.
1767660	1784500	Do you think what freaked him out so much dealt with the fact that he had this Calvinist Christian background? Or do you think there's something much darker than just aliens at the surface level of what he sort of was briefed on?
1784500	1802980	So, excellent question. It's the question we get a lot, I get a lot. And I, you know, I regret having not followed up with him to ask that question. I frankly was just too overwhelmed. I was like, you know, it's the whole drinking from a fire hose thing. I just had too much information too fast.
1802980	1814840	What was your instinct though? Because I often, you know, like before you rested the aliens thing out of him, he's saying, this is not the world I thought I was bringing my daughters up in.
1815040	1815280	Yeah.
1816700	1822720	Your mind must be racing. Like, what is he talking about? Are you thinking anything specific there?
1822720	1844400	No, I think at that moment, my imagination wasn't developed enough to even start to think, well, are we in a matrix? I didn't have any of that language. I just was like, what does that mean? All I knew is I don't like it. I don't like what he's talking about.
1844400	1867520	And so I didn't have an opinion then. Since then, I have developed many ideas and theories. And people have asked me too, like, well, how do you know he wasn't lying to you? How do you know this wasn't a psyop? Well, technically, I don't. But again, I think why I set the story up with the context is that I had a really strong relationship with this guy, right?
1867520	1875460	Right. For him to use me as part of a PSYOP. And by the way, what's my value as a PSYOP as an 18 year old student?
1875660	1878700	I'm not it's not even like I'm going into film school. I'm going to theater.
1879980	1884300	Like, so I'm absolutely worthless on every level, but particularly him.
1885060	1888900	So I have to scratch that off and say, well, he wasn't I wasn't a PSYOP.
1889040	1893360	And then I go, why would he lie to me? Right. Like, that's such a weird, specific lie.
1893540	1894100	No reason.
1894100	1898300	So then I'm into, why did he even disclose to me?
1898420	1901160	Well, it sounded like he needed to unburden himself.
1901340	1901680	That is.
1901680	1906000	He looked haggard and run down and he wasn't this man's man that you had grown up with.
1906120	1913300	So you can imply, as I do, that by saying this isn't the world I thought I was bringing my daughters into, well, how do you protect your daughters?
1913340	1914940	You don't share any of this information.
1915060	1919760	So my guess is that he probably hadn't shared anything with his wife or his daughters.
1919940	1921940	They were only my age at that point.
1922140	1923920	And so who does he talk to?
1924440	1928060	right? Who's that outlet? I mean, at the end of the day, this is a super smart guy,
1928240	1934340	badass, very successful, but he's human, right? And he's having to carry, and he's a lot of
1934340	1939760	integrity. He's having to carry these stories, which are, as he's saying, lies, right? The public
1939760	1946940	is being lied to. I'm sure that doesn't make him feel good. But I think in the intervening years,
1946940	1964980	My theory has gone to the truth that he had to process was that reality is not what we know, right? That includes history. That includes the things we're being taught in school, just everything. And I think that is what would make him cry.
1964980	1970600	eye, like how this is not the, this is, I brought kids into a world I thought I understood.
1971440	1975160	The rules of that world are not at all what I thought.
1975200	1980900	And now my ability to protect those children, to bring them up and give them the life I
1980900	1981940	had is gone.
1983640	1984600	So, wow.
1985140	1989540	There is a piece of information though, that just has come out in the last couple of years
1989540	1995880	and is active today that actually lends great credibility to this story.
1996740	1998520	Can I go into that for a second?
1998560	1998720	Sure.
1998860	1999180	Yeah, okay.
1999260	2005320	So in 2023, I was doing the Need to Know show with Russ Coulthard.
2005460	2009340	And Coulthard had a source who you have now met.
2009420	2010340	It was David Grush.
2010460	2017140	And David Grush was coming out to Los Angeles to be interviewed by Russ on News Nation.
2017140	2022040	investigation and the day before he had come out and everybody had lunch and then they decided,
2022160	2027420	well, you know, we should put him on tape now for either practice or as an emergency piece of tape
2027420	2033340	in case he gets arrested. He too was worried about being arrested before he went to record with Russ.
2033500	2039480	So everyone went to my house, the same place where this party crasher crashed, right? And my son
2039480	2046560	was the guy that recorded Dave Grush on his first interview. During the time when we were getting
2047140	2052380	record that. I said, have you ever heard of John Harrington? And Grush said, oh, I know,
2052480	2056260	I know John Harrington. I said, well, what, what, what do you know about him? He didn't want to
2056260	2062440	talk about it. Okay. Now let's flash forward to 2025. I'm not even, I don't think I'm even working
2062440	2067080	with Coulthard anymore when this happened, or maybe, maybe I was, but he calls me and he says,
2067480	2074380	I've been asked by Dave Grush to ask you, to ask Brent, if he can help us get John Harrington
2074380	2085420	Washington to Washington, D.C. to potentially testify to the House Oversight Committee. Well, I don't think you'd do that if it's just a wacky story made up by a kid.
2085420	2093640	No, you definitely wouldn't. Also, assistant secretary of the Navy, you'd probably be at the heart of the matter. And then you go on to be secretary of energy.
2093820	2094340	Right on.
2094360	2109240	Like, you know, the Navy comes up with Bob Lazar, the Navy comes up, you know, Nat Kobitz, who is a senior Navy scientist who was kind of Ross Coldheart's original source that really brought him down the rabbit hole.
2109500	2110000	Absolutely.
2110000	2123400	You know, he was Navy. Harold Malmgren said, you know, Office of Naval Intelligence, that's where all the secrets are kept. Office of Naval Intelligence is the oldest intelligence agency in the United States. It goes back to, I think, like 1881 or two or something.
2123400	2146020	So, yeah, all of that makes sense. And then, of course, you have all of the rumors that the Manhattan Project was the kind of original UFO legacy program. And the Atomic Energy Commission outlined this sort of restricted data where if you were to collect anything that had any radiological features, alpha, beta, gamma radiation, it would be born secret.
2146640	2155920	There's just so much meat on that bone when it comes to both Navy and, you know, Atomic Energy Commission, which turns into the DOE. So it just makes sense.
2155920	2166640	And by the way, when the guy who said he was from ONI said you got some things right, one of the things he said we got right is we had the guy running Majestic 12 be from the Navy.
2167140	2167580	Okay.
2168120	2169440	Inspired by John Harrington.
2169880	2170780	Inspired by John Harrington.
2170780	2171160	There you go.
2171400	2173540	And you got to add the final piece here.
2173780	2177520	John Harrington, not John Harrington, Dave Grush called you this year.
2177680	2178120	Yeah.
2178160	2178660	You should.
2178700	2179920	In the last couple of weeks.
2180100	2180520	Really?
2180520	2184020	You should fess that up because I don't think anyone's, you've not said that to anybody.
2184320	2185680	It was a little unsettling.
2185920	2188860	get an email saying, I've got a matter I want to talk with you about. I'm like-
2188860	2190060	From Dave Grush.
2190080	2194860	Yeah, from Dave Grush. And I was like, I hope I don't have to go talk in front of a bunch of
2194860	2203080	people. I did not want that. And so I call him up on the Signal app and he explains to me,
2203140	2206420	I can't say everything he said, but he said to me, the gist of it was,
2207800	2215280	we've identified John Harrington as one, as a very important person who has oral history of
2215920	2218700	where a bunch of documentation does not exist anymore.
2219600	2222620	And we would like to talk to him, right?
2222720	2223860	And I will go to him.
2223880	2224700	He doesn't have to come.
2225160	2227540	I'm asking you because you know him well.
2227580	2228300	You had a relationship.
2228840	2231760	How would I go about even getting him to talk?
2231860	2235680	Because five or six years ago, Marco Rubio tried to approach him,
2235720	2237580	and that he got shut down.
2237740	2241060	So I really want to talk to him.
2241120	2243720	Now, John is in his mid-80s at this point.
2243720	2252160	Right. Um, his wife maintained a relationship with my mom. Um, and I got through secondhand
2252160	2257080	information that John wasn't in great health. So I'm sure there's a little urgency to like,
2257140	2263040	get his story on the record, but I also understand he doesn't want to tell his story. If he wanted
2263040	2267000	to tell his story, he would have been like Harold Malmgren Malmgren was with you, like coming
2267000	2274320	forward and volunteering. He hasn't done that. And it goes back for me to maybe he hasn't told
2274320	2279260	his family about any of the things that he did and he does not want to, and that's his right
2279260	2285520	and privilege. Wow. This is so fascinating. It's almost like he was maybe majestic 12 or
2285520	2292940	at that level, you know, you have Bobby Ray Inman who was Navy. And then he ended up as, uh, I
2292940	2298740	believe he was both director of the CIA and director of the NSA at the same time, I think,
2298740	2305240	or maybe he was deputy director of the CIA and director of the NSA. And you have all these guys
2305240	2310560	who seem like they're high up in the Navy, and then they are all over this issue in this sort
2310560	2315900	of lore. And so I wonder how much he knows. And it's interesting, too, that he wanted you to go
2315900	2320760	to Stanford. Do you ever think about that? Maybe he was grooming you a little bit, and he was like,
2320760	2321640	Like, why didn't you go to Stanford?
2322160	2324620	Maybe you could have gone down the same road I did.
2325240	2326320	That's a great theory.
2326600	2328740	No one has ever proposed that.
2328780	2329640	That's really interesting.
2329700	2330080	I like that.
2330420	2333500	Have you thought about it, independent of me bringing it up?
2333500	2336520	No, I'm saying no one has asked it, and I had not thought of it.
2336760	2338140	I'm thinking of it.
2338140	2339640	There was at one point, so he was a lawyer.
2339660	2340660	Because you were like a son to him.
2340780	2341020	Yes.
2341020	2349420	Well, he was a lawyer, and he wanted me to follow in his footsteps and go to, he went to like Bolter Hastings Law School at Cal.
2351420	2357520	um you know apparently with three point a 4.0 in three years like that kind of guy top of his class
2357520	2362460	bolt or hastings i think it was bolt and he kept had always been telling me you should be a lawyer
2362460	2369020	you know take over my practice or work in my so maybe maybe i was heading down that path i don't
2369020	2375020	know you know people have said over the years like why you why would he talk to you i think it's your
2375020	2375780	Your theory is correct.
2375960	2381200	I think in that moment, here's this kid he has a relationship with.
2381620	2383160	He can just unburden himself.
2383180	2385100	We're sitting out on the back porch, right?
2385220	2387240	And he just unburdens himself.
2387800	2395560	And at the same time, I think he didn't want to tell his family about this, but here's this young man going off to college.
2395680	2397920	It's like, here's some things you should know, kid.
2398860	2404700	And to get even trippier, a lot of these things seem woven together.
2405020	2409620	on this hermetically sealed level of serendipitous interactions.
2410220	2414500	And sometimes it deals with old money, old families, that sort of thing.
2414620	2419620	And if he is married to Lois Haight, is this of the Haight-Ashbury, the same name?
2419620	2420600	It's spelled the same way.
2420660	2426540	And there's sort of this almost royal Californian king-making family.
2426660	2428520	That seems kind of interesting as well.
2429440	2430920	It's very interesting.
2430920	2442160	I don't, this is, as we've talked about, not just the story, but a lot of the things that have happened to us, there's a point where you get the tipping point of coincidence.
2442340	2442840	Yeah.
2442880	2446800	And you go, okay, this cannot logically be a coincidence.
2447020	2453980	All of these things, these connections and whatnot, you're into this thing where it's like, it's either synchronicity or it's designed.
2454480	2454980	Yeah.
2454980	2458120	It's designed at a level that's higher than you.
2458240	2458540	Yes.
2458540	2481360	We were just talking earlier, you know, about, you know, you being the chair of the Academy of Television Arts and Sciences. And, you know, the last writer to do it was Rod Serling, who I knew was my dad's godfather, but I didn't know that he had produced this sort of, you know, preeminent UFO documentary in 1974, UFOs, Past, Present, Future, until I had gotten into the subject.
2481360	2494280	So there are all these things, you know, I've experienced similar things and you can't even talk about it. And then it also feels a little self-indulgent. People start to think that you're like part of the conspiracy and it's happening at a higher level.
2495140	2502140	And by the way, there's just one little Harrington note that you should point out. During Dark Skies, you heard from him.
2502140	2528940	Yes. Okay. So this was interesting. We're in the middle of production on Dark Skies. I think it's just started to air. There's a lot of press at the time. And I come in and there's on my desk at the production office, there's an envelope from John Harrington. I'm like, this is another like, oh, you betrayed everything that I told you. And instead I open it up. It's one of those old buck slips, right? From the desk of John Harrington. And it's like this long strip.
2528940	2534180	And it says, congratulations, Brent, on finally getting your story, your story out there.
2534480	2535000	Whoa.
2535680	2536580	No way.
2536920	2537300	Yeah.
2537360	2537760	So he.
2537840	2538240	Okay.
2538320	2543900	Well, then this clearly this J.C., you know, Office of Naval Intelligence guy was probably acting.
2544020	2551680	He was probably aware of and John Harrington were aware and in coordination around the fact that you had been, you know, informally briefed.
2551680	2551800	Yeah.
2551800	2553880	This is the question that we can't answer.
2554040	2556700	And I'd love an answer if someone could provide it.
2557460	2559800	But did J.C. know John Harrington?
2559960	2561460	Was there any coordination there?
2561460	2572280	I think there had to, because if you think about it, if he's saying, I'm Office of Naval Intelligence, and then John has this kind of illustrious, amazing history at the highest levels.
2573420	2583180	And then he's saying, it's almost like you were fed some of this information, and then you were fed a little bit of the information, at least enough to get interested when you were a teenager.
2583180	2599080	Yeah. And then, and then John simultaneous to that is writing to you and he hadn't gotten in touch for a while. And so he's saying congrats on getting your story out as if he's knowledgeable about the whole story, dark skies and all of it. That all seems, you know, not coincidental to me.
2599080	2621280	Because that buck slip came just after the JC contact. So part of what's so interesting, like, again, we wouldn't be telling a story because, hey, it's nostalgic that this will be fun. It's because these events like barnacles on a ship have just attached itself to the story. So there's the story of a UFO alien invasion TV series that it told.
2621280	2640420	But that's only part of the story because Brent and I were part of the synchronicity, this lightning rod for some of these other things. And as we've gone forward with our own investigation of this, we have found other people who have other similar kinds of stories.
2641160	2643640	I want to close the loop on the JC story.
2643800	2644080	Yes.
2644120	2646920	Because I'm sure a lot of the audience is like, whatever happened with that?
2647000	2647160	Yeah.
2647240	2651080	Did you take the Faustian bargain and end up working with him?
2651140	2651900	Or what happened next?
2651920	2654280	There's two beats to that story, as we say in Hollywood.
2654800	2658240	In the week following JC coming to the party.
2658360	2661020	So now we go back to work, right?
2661140	2665120	We, you know, it's hard to make even bad television, but if you aspire to make good
2665120	2669680	television, it's, it's all encompassing because think about it at any given time,
2670420	2674800	one episode, you're in post-production on another episode, you're on pre-production on something
2674800	2679500	else, you've got a writer's room knocking out scripts. There's just a lot of work, right? So
2679500	2685420	we sort of moved on. We just said, I don't know what that was, but let's forget about it and move
2685420	2693220	on. And I believe it was your assistant that got a phone call from JC who suggested a meeting.
2693420	2698760	Yes. Well, so JC, first of all, we were very rattled when I, once we were able to kind of
2700420	2729320	We were a little bit rattled. So he called, I did not call him. He gave me the card. I did not call him. He called a couple of times. So my assistant finally came in and said, it's that JC again. And I'm like, so I go in and I take the call and he's like, Hey, listen, um, uh, we would like to follow up on our meeting and I'm going to bring a superior over to your office and we can have another discussion. I was like, okay, but we're click. Like it wasn't, let's set a meeting. It was, I'm coming over to do this thing. Right.
2730420	2735500	day and a time and it wasn't negotiable. And part of the problem, part of the setup was that he,
2735540	2740240	I think he was saying, I think your partner needs a little bit of convincing, right? Because I,
2740280	2745520	I'd been sort of the blocking character in this story, right? And so they did come to our offices
2745520	2751960	that I believe it was the week after this party. And, uh, what, what Brent and I decided to do is,
2751980	2755860	uh, okay, we had a conference room and had, you know, the glass window and everything,
2755980	2760220	which we thought was good. That'd be a good place to meet with these people if, if they showed up,
2760420	2767340	we posted our security guys from the show. We said, just stand outside and look tough, right?
2767440	2772180	So there were witnesses too. We thought if anything untoward is going to happen, we don't
2772180	2777160	want to, you know, we want to see this. And so this guy did show up. JC showed up, the young,
2777160	2783840	youngish, 30-ish guy. And he showed up with a guy who we would, I say 10 to 15 years, maybe,
2783840	2793080	be older. And this guy, J.C. gave off sort of the intelligence vibe. The guy that he brought out
2793080	2797720	gave off more of a military vibe. We'll call him the captain. We didn't call him in the meeting
2797720	2802320	the captain, and maybe he was introduced as that. We've called him that since because we don't want
2802320	2806700	to call him the guy in the bomber jacket, right? But he had a bomber jacket with insignias and all
2806700	2814540	all that, boots, jeans. And he was, if JC was willing to have a friendly conversation and was
2814540	2819820	the good cop in this, this guy was the bad cop because he sort of acted like, I can't believe
2819820	2827460	I have to be here and talk to you guys. And so, but they were still there to sort of make a deal
2827460	2832580	or to talk about it. And so remember we told you earlier where they had said you got a lot of
2832580	2838620	things right. So we were like, well, you know, what, what did we get right? And, uh, so there
2838620	2841660	was some conversation about that, but at one point the guy, he said, well, I'll tell you what you got
2841660	2849020	wrong. Right. And we had had this thing, which was a horror kind of trope, which was the, the alien
2849780	2855080	organism embedded in your brain and could be copied and sent to other humans. It was classic
2855080	2860640	invasion of the bodies snatchers kind of thing. And he said, the ganglion, the ganglion. And this
2862580	2863700	Both of us kind of taken aback.
2863700	2865540	He goes, that's not the way it's done.
2865760	2867960	And we're like, okay.
2868440	2869580	Did you say, how is it done?
2869680	2870220	Yeah, how is it?
2870220	2870540	We did.
2870720	2873160	And they said implants.
2873820	2877420	And it was more technological, some kind of implants.
2878440	2884300	And the only thing I can tell you is, again, both Brent and I were in a different state of mind.
2885000	2888020	We didn't have proof that this was real, right?
2888020	2893880	And we hadn't put together all the other things that were around us and stuff was coming at us like a fire hose.
2894460	2898420	So I do remember thinking, you know, I don't have a long time for this meeting.
2898620	2902560	So if these guys want to know what we're thinking, I want to know what they're thinking.
2902760	2909500	So I started asking, like you're asking us, I was asking him questions like, so what about the Betty and Barney Hill thing?
2909700	2914520	Right. And he was very dismissive because not now. Next. Right.
2914520	2920660	Did they confirm anything? When they say you got a lot right and you said, what did we get right? Did they say X, Y, Z?
2920940	2926260	Naval intelligence. The Kennedy connection.
2927420	2931320	Around UFOs. Assassination being linked to UFOs.
2931320	2935660	Although, but definitely that Kennedy and UFOs were correct. And that was a huge part of the Dark Skies.
2935660	2937020	Did he go deeper on that at all?
2937160	2943000	No, I don't think so. I think he just sort of confirmed that that was, I mean, because that's the essence of the Dark Skies pilot.
2944860	2950560	consequence, the mere fact that we would say it in 1996, today you can go on the internet,
2950700	2953700	you'll find a lot of people talking about it. Malgrim certainly talked about it.
2953700	2955540	Yeah, he said, I think it was the number one issue.
2955760	2961320	Correct. But none of that existed when we put it in the pilot. The only reason we put it in the
2961320	2965520	pilot is when we were sort of creating the show, we said, well, I'll tell you what, let's take the
2965520	2972060	two greatest conspiracies of all time, UFOs and JFK, let's put them in an atom collider and see
2972060	2977520	see what we get. And that's what dark skies was. So it wasn't us saying we have inside information.
2977820	2982820	It was just saying, wouldn't this be interesting? But they sort of confirmed that we were on the
2982820	2987500	right track with that, which is weird. And the reason I was asking him about Betty and Barney
2987500	2994440	is they're in the pilot, you know, the whole idea of Majestic 12. I don't recall that they actually,
2994480	2999700	that this guy confirmed the name Majestic 12, but he certainly, the idea that there was naval
2999700	3008120	intelligence involved in a pretty vast and powerful organization that was dedicated to
3008120	3008360	man.
3008520	3012100	I think the term was managing the whole thing.
3012160	3020340	It almost feels like MJ-12 is like, they're like managing reality itself and managing
3020340	3022100	timelines or something.
3022260	3026380	And, oh, there's actually, there is one thing we should point out.
3026380	3033540	But the one thing, and I know we're going to talk later maybe about Disclosure Day because disclosure is a big theme of the moment.
3033860	3035680	But that's what Dark Tides was about.
3035860	3036960	We had two characters.
3037100	3041120	We had the young kid and his so-called boss slash mentor.
3041500	3045420	And the entire series was like a tone poem between these two.
3045560	3048160	One of them said, the people have a right to know.
3048340	3052820	And the other guy said, the people can't handle the truth, sort of the Jack Nicholson statement.
3052820	3072100	And so every episode kind of talked about that kind of thing. Anyway, in terms of disclosure, back when they invoked the idea that, and I'm sure you've talked about it on your show, the idea of the aviary, which sort of came out in the 80s.
3072100	3077140	these guys said, well, you've heard of the aviary and that had been on that TV show, of course.
3077520	3082820	And, um, they said, well, we're the aquarium. And now I've told that to people and I see you,
3082820	3087880	you've got a smile on your face. I've told it to people and they they're like, yeah,
3088120	3093600	I don't know about, but all Brent and I can do is bear witness to what was said. We can't evaluate,
3094040	3099180	you know, the truth of that per se. And for context, the aviary was this long rumored,
3099760	3106560	like it was like bird code names assigned to kind of disinfo agents around UFO related
3106560	3107140	truths.
3107280	3113280	So people like Rick Doty, John Lear, it's kind of associated with Bill Moore and the
3113280	3114680	agents where he made that move on speech.
3114880	3120240	And he was like, I was I took this Faustian bargain and was like led astray on this topic.
3120400	3124600	So the one thing that they were confirming, though, I mean, the one basic thing they were
3124600	3132100	confirming is that the UFO topic, such as it was being managed in terms of what people were going
3132100	3137600	to be allowed to know or not know, Air Force, definitely not in favor of it. Air Force holding
3137600	3142800	the line, you know, closed down Blue Book in 69 said, we're washing our hands of that. We don't
3142800	3147700	want anything more to do about that. And their attitude was, well, obviously we think differently.
3147960	3153140	The people we work with think, and I think Brent used the term slow drip disclosure,
3154600	3156400	We know something has to change.
3156800	3157600	Makes sense.
3157720	3162180	I mean, the Navy is really responsible for a lot of modern disclosure.
3162420	3167040	Not only were all the sightings in that New York Times article, naval sightings.
3167120	3167560	Right on.
3167640	3174360	But you had Bray was the guy who like, you know, disclosed I think in 20 and 2021.
3175140	3179420	Like that was the Navy that, you know, it was like these were how many sightings we had.
3179600	3182700	And, you know, so a lot of these were actually like, you know, unidentified.
3184600	3189460	Navy maybe as well. And he formed the whole UAP task force, which was basically like,
3189480	3196140	let's internally review all of the data here. So yeah, the Navy feels like they hold the deeper
3196140	3201640	stuff, the deeper secret. And what's interesting is that they were picking up on that detail
3201640	3206840	because that film I told you that I had done for the Sci-Fi Channel, kind of similar to Dark Skies,
3206840	3213260	I mean, in structure kind of thing, but it was the Air Force in official denial. So we pivoted
3214600	3225040	Because we were talking about the Harrington story and we went, well, it can't hurt. Let's go Navy. There is one thing that he did say, I guess you should lay the vial on the table here.
3225040	3225180	Yeah.
3225460	3234900	So there was a whole thing where we, again, he didn't answer a lot of our questions other than with terse, like, I don't have time for this.
3235280	3238440	So we said, okay, well, what is it that you want to talk about?
3238540	3242700	Like you're here to tell us, you know, what's the deal?
3242760	3245160	It's, it's access for influence, right?
3245500	3247540	You're going to, you want to influence our show.
3247660	3248820	What do we get access to?
3248880	3249500	What's the information?
3250440	3252360	And he said, okay, here's this thing.
3253120	3254300	It's all about the moon.
3255740	3265160	Well, he put a vial on the table and you may be seeing them about that big glass vial with a little black screw top on it.
3265540	3267980	Scientists use them in labs and things like that.
3268080	3271120	So he put that on the table and said, it's all about that.
3271520	3277360	And so when we picked it up, well, we each got a slightly different view of it.
3277460	3278980	Well, you saw it first.
3279260	3280060	So I picked it up.
3280120	3282160	Well, first of all, so he says it's all about the moon.
3282160	3285540	And he's also bringing this up because they've seen our show Bible.
3285820	3290880	And in the second season, we go, we deal with the space program.
3291180	3291260	Right.
3291260	3293480	And he was like, you've got to move all that up.
3294400	3299500	So already we're getting a taste of, they're going to tell us like when to write and how to write and all this other stuff.
3299500	3303060	What we were going to do in the second season, just so you know, is we were going to do season.
3303200	3305420	We're going to go decade by decade every season.
3305620	3307480	So the first season was the 60s.
3307500	3310920	So in the second season, there was going to be an Apollo 18.
3312160	3313980	even though that mission got canceled, right?
3314000	3314820	So we were going to-
3314820	3315480	That was our dark skies.
3315520	3318800	Now, people have now speculated and done movies about that.
3318840	3320240	But back then, that's what we were going to do.
3320440	3323920	So he knew that we were going moon forward.
3324000	3324360	Right.
3324380	3326900	And his whole point is, forget about all this other stuff.
3327000	3327800	It's all about the moon.
3327980	3329640	He slams this little vial down.
3329760	3330440	I pick it up.
3330440	3331060	I look at it.
3331220	3334900	And I'm like, and I shake it like it's a snow globe, but there's no liquid in it.
3335060	3338960	And all of the, it's like gold flakes, except it looks like fool's gold,
3339000	3341640	because actual gold doesn't really look that gold.
3342160	3347200	more dull fool's gold is more looks like gold so it looks like these looks like these gold flakes
3347200	3351920	and they everything just kind of floats but there's no liquid what do you think he meant by
3351920	3357220	that it's all about the moon and he puts the vial mining he was implying things are being mined so
3357220	3365200	so then bryce looks at it right and i didn't shake it so what i saw was just you know i less than half
3365200	3371540	of it were these little flakes and i just looked at it and i i have no experience with gold i didn't
3372160	3376540	And how do you go from like secrets around the nature of reality to like.
3376540	3377140	I don't know.
3377280	3381000	It actually deals with natural resources possibly derived from the.
3381040	3381940	I don't know.
3382080	3385980	Again, this is, and he was saying it in a way that was like not even casual.
3386100	3388620	It was like, how could you not know this?
3388720	3391380	It was, he had this like disdain for us.
3391580	3394480	Jesse, I have a theory though, because that is a great question.
3394680	3398540	It's not like Brent and I have not spent a lot of time debating things like that.
3398760	3400240	But here's a, here's a good example.
3402160	3408940	find out how gullible the two of us were. And so at some point he pulls out this thing to test us
3408940	3414200	to see if we'll buy that hook, line and sinker. And by the way, just to wrap, put a little wrap
3414200	3418460	on, because you said, did you take the deal? Obviously, if we'd probably taken it, we wouldn't
3418460	3423280	be on your show. Maybe we would, I don't know. But what happened was during that meeting,
3424500	3429420	I don't know why I was just a pragmatic producer. And I knew that there were people on our writing
3429420	3434340	staff who depend on residuals, right? That's how they feed their family. So I started asking,
3434500	3439900	I know this sounds ridiculous, but I was in my executive producer, showrunner kind of mode. And
3439900	3446360	I'm like, so how would that work? You would give us ideas that you would want us to put in scripts
3446360	3451340	and then who would get credit for, you know? How about the Writers Guild with the residuals?
3451340	3457660	So I'm talking Writers Guild stuff. And actually I did have one very specific memory.
3459420	3464760	really set him off is, uh, he was saying in the second season, you need to do more stuff in the
3464760	3473100	water. Okay. More stuff in the water. Cause Navy and USOs and all that. And I, I went into this
3473100	3477780	riff about, uh, well, you know, water is very expensive. You got to get a tank and you got to
3477780	3483260	shoot in the tank and you know, the, it takes forever in the studios and that just set him off.
3483380	3487340	And then when I started asking about the writer's guild, he just got pissed off the two of them
3487340	3488900	left. And so we thought, okay,
3488960	3491280	that's it. But it wasn't it.
3491360	3493300	There was one final beat on this thing.
3493480	3494580	And that was,
3495040	3497100	again, time goes by, Brent gets
3497100	3499040	another call. Brent was the conduit.
3499120	3501360	I'm the weak link. Obviously, I'm the one with the mark.
3501420	3503360	Yeah. Well, I still am wondering
3503360	3505380	if that's John Harrington being like, give him another
3505380	3506600	chance, you know, or something.
3507160	3508940	It's a great thought.
3509120	3511340	Well, if this next beat was John Harrington, that's
3511340	3513120	a little terrifying. It's weird. It's strange. So,
3513140	3514820	I guess the thing was
3515440	3516940	Bryce seems a little difficult.
3517340	3518940	I believe is what they were saying.
3519000	3525040	You know, he seems like, you know, we wouldn't ordinarily do this, but we do feel like maybe you should have one final chance.
3525240	3527300	So that would fit with a Harrington.
3527300	3529000	So they were trying to divide you guys essentially.
3529000	3531380	Yeah, I think from their point of view, I was good cop.
3531400	3532100	He was bad cop.
3532180	3532380	Yeah.
3532380	3532540	Right.
3533260	3534340	Or foolish cop.
3534500	3535780	I get this phone call.
3535820	3537360	My assistant comes in and goes, it's JC.
3537520	3539220	I was like, I thought this was over with.
3539840	3544520	And he said, listen, obviously that meeting did not go well.
3545260	3546960	We're going to give you one more chance.
3547840	3555360	here's what's going to happen um i'm bringing in someone much higher this time um it's an admiral
3555360	3562500	and his boat is coming into sam there were there he said there was a ship in the long beach harbor
3562500	3569260	in the long beach harbor and that they could not uh uh check us into the ship because you can't
3569260	3573980	have you can't bring in a couple of hollywood screenwriters onto a ship to meet an admiral
3573980	3575120	to talk about UFOs.
3575120	3576840	That ain't going to work, right?
3577920	3580300	So I'm like listening to all of this.
3580340	3581860	And he said, so what's going to happen is
3581860	3584740	he is going to come off of the ship
3584740	3587480	with a cover story of visiting a deceased friend.
3587860	3590480	We need you to meet at a cemetery at midnight.
3592060	3593560	Here's the name of the gravestone
3593560	3594400	you're going to meet at.
3594500	3596860	And all I heard was cemetery at midnight.
3597000	3599780	I'm like, okay, here's, I'm a writer,
3599840	3600740	but this is what I'm seeing.
3600940	3602140	Bryce and I walk up.
3603980	3608980	looking for, there's our names on tombstones and two graves. And as we're processing that,
3609040	3611620	we get capped from behind and that's where we were laid to rest.
3611620	3614840	You have to understand the way this finally ultimately played out is Brent walks into
3614840	3620760	my office and says, I just had another call with JC. And I'm like, yeah. And he gets to
3620760	3626440	cemetery at midnight, which I agree. I agree it's insane. All we can do is bear witness to what
3626440	3631480	happened. So again, we're not vouching that it seems reasonable. It seemed insane to us.
3631480	3640400	And I said to Brent at the time, you know, I've got a wife and I got three kids and there is no way in hell I will be meeting anybody at a cemetery at midnight.
3640620	3643580	And so we stopped calling them back.
3643740	3651040	But we have, in terms of doing this new show, had to think about what our mental state was at that point.
3651160	3654580	To be completely honest, Jesse, we talked about it.
3654580	3664520	You know, we said, if this, if, if we were to push these guys for a higher standard of proof and they were able to prove who they were, would we take the deal anyway?
3664700	3666060	And what's the answer there?
3666140	3667600	And the answer was, we just wouldn't.
3667600	3674740	We just felt like we would seed the narrative, uh, thrust of our own show to people who we didn't know what they would demand of us.
3674800	3677200	We didn't, we didn't feel good about them.
3677220	3683820	I mean, the guy that we, we thought that the guy that came and was so abusive to us in the, in the conference room would be our boss.
3684580	3687540	We already have studio bosses and network bosses.
3687660	3690780	We don't need a boss from ONI, right?
3691000	3696760	Do you guys think that any other directors in Hollywood have taken similar deals?
3697940	3702540	I want to take a moment to thank one of today's sponsors, Z-Biotics.
3702720	3709800	Z-Biotics pre-alcohol probiotic drink is the world's first genetically engineered probiotic.
3709800	3715800	It was invented by PhD scientists to specifically tackle rough mornings after drinking.
3716040	3717380	Here's how it works.
3717660	3722360	When you drink, alcohol gets converted into a toxic byproduct in the gut.
3722520	3728800	It's a buildup of this byproduct, not dehydration, that's to blame for the rough days after drinking.
3729140	3733040	Pre-alcohol produces an enzyme to break this byproduct down.
3733040	3740280	Just remember to make pre-alcohol your first drink of the night, of course drink responsibly, and you'll feel your best tomorrow.
3740660	3746840	I have Z-Biotics before my first drink of the night, and I wake up feeling totally normal the next morning.
3747020	3756240	So go to zbiotics.com slash jesse to learn more and get 15% off your first order when you use jesse at checkout.
3756500	3760920	Z-Biotics is also backed with a 100% money-back guarantee.
3760920	3775020	So if you're unsatisfied for any reason, they'll refund your money. No questions asked. Remember to head to zbiotics.com slash jesse and use the code jesse at checkout for 15% off.
3775020	3800580	It happened to me in the woods. I was hiking solo. New year, no phone, no gear. I was just trying to find myself. That's when I saw it. Something glowing, silent, descending through the trees. A UFO. And stepping out from it wasn't an alien or an android. It was me. But better. Same face, same great hair.
3800580	3807440	But something was different. This guy had perfect posture. He was wearing the perfect jean.
3807580	3814120	And they start at just $79. Six fits. Sizes for every thigh on this timeline and beyond.
3814480	3821200	Now, 2026 me wears the perfect jeans. They don't crush my thighs or my dreams.
3821560	3828960	They're soft, but dangerous. For a limited time, our listeners get 15% off their first order plus
3831560	3840800	perfectgene.nyc or just google the perfect gene and use code jesse15 for 15% off. That's 15%
3840800	3848240	off for new customers at the perfectgene.nyc with promo code jesse15. After you purchase,
3848440	3853680	they'll ask you where you heard about them. Please support our show and tell them we sent you.
3853680	3862200	your khakis and get the perfect jean do you guys think that any other directors in hollywood have
3862200	3869340	taken similar deals yes and so there's one last interesting piece of the puzzle that i'm going to
3869340	3875920	drop on the table now before we were approached by jc at the deal in fact before dark skies was
3875920	3881500	even finished we were still scouting dark skies doing location scouting this is you're about to
3881500	3882480	I know what you're going to do.
3882520	3895700	This is a location scout during the pilot that was directed by Toby Hooper, who we all know is the director of Texas Chainsaw Massacre and the director of Poltergeist.
3895820	3901900	And Brent and I had managed through sheer luck because of his relationship to get him hired to direct our pilot.
3902080	3905320	And he wanted to, you know, in Hollywood, you got to protect your material.
3905860	3910420	There were some directors we met with that said, okay, I'm going to cut the first 45 pages.
3911500	3916380	all of this. This will be different. We won't do that. But Toby came in and said, I like this
3916380	3921560	script. I'll shoot it. So he was our guy and you were scouting locations. So we are in an area
3921560	3927480	called New Hall Ranch, which is just kind of north of LA. You know, just what it sounds like. It's
3927480	3934000	just a big ranch kind of rolling fields out, you know, near the grapevine. And we're looking for
3934000	3937580	a place where we can shoot our crop circle sequence. We have a big crop circle sequence.
3937580	3944160	and uh so we find this big field and everything's great at the end of that location scouting day
3944160	3949860	we go down to like a roadhouse down in new hall and we're having dinner lunch or whatever it was
3949860	3955520	and i'm sitting with toby because he's a friend of mine i i developed a script with him that was
3955520	3959600	going to be a low budget independent horror film and we become good friends and he's a he was a
3959600	3965380	great guy so we're sitting there and all the producers bryce everyone else is kind of talking
3965380	3989260	And I said to him, so Toby, you're finally going to have one up on Steven because I know he's very competitive with his buddy Steven Spielberg. And he goes, what do you mean? And I said, well, you're going to be the first one to put a crop circle on film. And he hasn't done that yet. And he's like, yeah, I'm never going to beat Steven in that category. And I go, what do you mean? Why?
3989260	3994440	And he goes, uh, you know, after Jaws, he, you know, he was like really big deal.
3994500	3998040	And he, apparently he had approached by some guys from Naval Intelligence or something
3998040	3999960	and he came and offered him a deal.
4000280	4000760	And, uh.
4000880	4002180	Did he actually say Naval Intelligence?
4002200	4002720	Yes, he did.
4002740	4002960	Oh, he did.
4003080	4003360	All right.
4003360	4003520	Wow.
4003520	4008280	And, uh, and yeah, and, and he took it and he, he, you know, he got, he got all sorts
4008280	4008800	of information.
4008900	4011180	I mean, Close Encounters is based on a true story.
4011520	4013940	And I was like, what?
4014240	4016400	And he goes, yeah, I mean, ET too.
4016400	4019980	Like he got access to a bunch of really like interesting case files and stuff.
4020500	4021380	And, uh, yeah.
4021700	4025480	So this is all happening before we are approached.
4026040	4026480	Right.
4026580	4030960	And so then this is all part of what's going through my head when the guy says I'm here
4030960	4032340	with office of Naval intelligence.
4032460	4039160	And so now kind of swing it all the way around and ask that question again, would you take
4039160	4039680	the deal?
4039780	4041240	Well, I don't know.
4041320	4044580	Our show got canceled at the end of one season, right?
4044640	4045620	We didn't take the deal.
4046400	4048480	I'm not saying that that's a guarantee for success.
4049040	4054940	And I'm not saying that Steven Spielberg's success, massive success, isn't purely based on talent.
4055280	4061300	But in terms of the deal and having access to information, we already know.
4061440	4062740	Other people have come forward.
4062780	4064140	We weren't the only ones offered the deal.
4064180	4065160	And why would we be?
4065320	4067260	Well, it gets even crazier, right?
4067380	4076120	Because Dark Skies, there was active intervention on behalf of Steven Spielberg where you had to redo a whole season.
4076400	4079920	to adequately differentiate it from his projects.
4080020	4082060	This is a painful story, to be honest.
4082180	4085420	Brent and I have not told this story ever until this year.
4085600	4091040	We sort of took the vow when we went down this road to,
4091120	4094980	not because these are our ideas or the only ideas out there,
4095020	4097280	but we just said, if we're going to tell this story,
4097360	4099760	if we're going to demand transparency from other people,
4099860	4101560	then we better be fully transparent.
4101900	4104220	And if you're going to really look at the dark skies thing
4104220	4110780	from those postcards to the Harrington aspect and to the, you know, the JC approach and the
4110780	4117060	Admiral and the Cemetery at Midnight. There's a piece of that puzzle. And it happens in the summer.
4117420	4123660	Well, the first time it happened actually was back during that pilot shooting. And I got a phone call
4123660	4130540	on the set and it was the Columbia TV executive. And he said, listen, we have a problem.
4130540	4137000	problem. They're making a movie. It's a comedy called Men in Black at Sony. Now, that's where
4137000	4145040	we were. Columbia was under Sony, so at the same production entity. And they're very upset. And
4145040	4150060	you need to get your guys out of the black suits today. Now, we had called our guys in the script
4150060	4157100	Men in Black, and we were shooting them in black suits and skinny ties and sometimes in sunglasses,
4157100	4162800	sunglasses, sometimes in hats, but we were mostly, they were men in black. And I went into as, as,
4162980	4167900	you know, chapter and verse, well, men in black doesn't belong to anybody. It goes back to the
4167900	4174860	fifties, Maury Island and Gray Barker and all the stuff that you're aware of. And many people in
4174860	4180920	your audience are aware of. And the guy cuts me off and he goes, Bryce, let me put this in words
4180920	4185140	that you can understand, which is about the most condescending thing you could say to anybody.
4187100	4187580	in Hollywood.
4187660	4188840	So it didn't really phase me.
4188920	4190560	But what he said next really did.
4190880	4192080	And this is a quote.
4192160	4194480	This is, it's seared in my head.
4194780	4202360	He says, get your guys, no, get your actors out of the black suits today or we will shut
4202360	4204960	down your production and burn your negative.
4206980	4207480	Jesus.
4207860	4208160	Yeah.
4208460	4210220	That's not, we're going to cancel your show.
4210360	4212120	We're going to remove all evidence.
4212140	4212840	We're going to delete you.
4212940	4213760	Yeah, exactly.
4213800	4215000	We're going to delete you.
4215080	4216360	From reality.
4217360	4222320	That's crazy. We're going to Men in Black you. If you don't get your Men in Black, get out of the show.
4222320	4240920	Right on. It was terrifying. I mean, it was really terrifying because we're nobody, you know, I mean, the people making Men in Black were a very successful director, Barry Sonnenfeld, and a successful producer, Steven Spielberg, a successful company, Amblin with, you know, I mean, it was just like, this is a big deal.
4240920	4253440	So we caved. We said, okay, well, if that's all we have to do. So we started shooting, you know, we did what they wanted. No more men in black in the suits. We started shooting.
4253640	4256860	Do you think that was a Sony thing or a Spielberg-Amblin thing?
4256860	4272840	Well, it was conveyed to us. We never spoke to, like, look, we did not talk to Steven Spielberg or Barry Sonnenfeld. We had lawyers from Amblin talking to lawyers from Columbia TV, talking to executives from Columbia TV, talking to us.
4272840	4299700	But so anything we're saying here definitely came to us through lawyers and executives, but not directly. We never had that kind of situation. And we thought we'd taken care of it. We actually did a fine replace in our script. So everywhere we said men in black, we had to come up with a new name. It's not the best name, but it's the only one out of thousands everybody went through they could sign off on. We called them cloakers.
4299700	4326280	Okay, so the cloakers dressed in green and blue and gray and brown, right? And we thought we had dodged a bullet. Okay, flash forward a year. It's now the summer prior to the show that's going to be put on in September. That's when shows debut typically in old style broadcast television. That's the big time. And so that's what we're aiming for.
4326280	4333080	it's July. We are in the middle of shooting, you know, writing all the scripts and shooting scripts
4333080	4339800	and we are on TV. They've accepted our pilot. They're putting it on. They're promoting the
4339800	4345680	hell out of it. And that same executive calls us and says, I'm coming over today. We have to talk.
4346320	4351080	And he comes over and he says, I've just come from a room full of lawyers. And by the way,
4351080	4361200	While I may slightly misquote it because I'm in a room with you without my notes, I took notes on a yellow legal pad as fast as I could in the meeting.
4361300	4368400	And then Brent and I got out of the meeting, and we sat at a computer and typed up with our mutual recollection the exact thing.
4368500	4371860	So we made notes that are pretty good notes.
4372040	4379000	And he said, I come from a room full of lawyers, and things have gotten out of hand.
4379140	4379980	They've escalated.
4381080	4383460	All reason is something like what he said.
4383560	4390240	And we got a list of 19 non-negotiable demands of things that had to change in our pilot.
4390440	4393460	And these non-negotiable demands were shocking.
4393660	4398660	They were things like you can't have an elevator because there's an elevator in Men in Black.
4398960	4402900	You can't have your secret headquarters in Washington, D.C.
4403040	4404640	It has to be outside D.C.
4404760	4407140	You can't have a farmer.
4407300	4408720	You cannot have a farmer.
4408720	4415400	And here's the one that'll rock your world. You can't do your autopsy. There can be no autopsy in dark skies.
4415400	4417460	Because there's an autopsy scene in Men in Black.
4417480	4423240	That's crazy. I'm almost wondering if the Office of Naval Intelligence is like, you should have taken the deal.
4423320	4424320	You should have taken the deal.
4424540	4430660	Right. And just there's an important piece of context about like, well, why is this happening now? A year goes by.
4430820	4431040	Yeah.
4431160	4434120	Well, when we were first approached, we weren't on the air yet.
4434200	4434440	Right.
4434500	4438060	We were just a pilot waiting to go to sea. Was it going to get picked up?
4438160	4438400	Right.
4438720	4442000	At this point, it was right after we got picked up and we were going to series.
4442000	4442860	And we were big.
4442980	4448800	So now they had made us change some things, but they were thinking, well, this may not get picked up.
4448860	4450140	So we don't have to push it any further.
4450260	4456460	The minute it was going to be on the air in September, suddenly they had to come in with like shock and awe.
4457300	4461260	That's so maddening and frustrating and annoying.
4461260	4479760	And to just corroborate the Spielberg stuff, obviously this is, to the audience, always going to be somewhat apocryphal of a story. But you have stuff that's so verifiably real in Close Encounters of the Third Kind. For example, you have crates with TRW and Lockheed on them.
4479760	4497120	Right. You have on top of Devil's Tower. It's like they're playing tones kind of like Valerie Ransone in the Aether ship. They were like trying to communicate with, you know, aliens. And then obviously Jalen Hynek, who was chief astronomer of Blue Book, is there. Francois Truffaut is playing Jacques Vallée for the whole movie.
4497120	4506720	You know, Dustin Hoffman has like a sunburn, which shows kind of this UV radiation, gravitational lensing thing, which you can hear Hal Puthoff talking about in Age of Disclosure.
4507060	4507800	Richard Dreyfuss.
4507820	4509700	Richard Dreyfuss. Sorry, not Dustin Hoffman. Yeah.
4510280	4511620	He'd have been good in the role, though.
4511800	4512660	Yeah, yeah, yeah.
4512660	4513300	He'd have been great.
4513440	4514040	Yeah, yeah, yeah.
4514420	4516220	He'd have looked slightly like, yeah, yeah.
4516220	4523760	And by the way, whether you believe it or not, put that aside, there's a whole kind of visual reference to Project Serpo in there, right?
4523760	4528560	Right. Because it's all of the guy. There's 12 guys dressed in suits ready to go on an exchange program.
4528720	4530340	Right. With their little travel bags.
4530360	4532360	Yeah. Travel bags and the whole thing.
4532420	4534320	Yeah. And they come out of the. Oh, yeah.
4534420	4536220	And Richard Dreyfuss is number 13.
4536360	4538020	Yeah. And he's the only one that gets.
4538420	4545460	And Richard Dreyfuss also gets obsessed with like, you know, it's like the mash. What is it?
4545460	4546900	The mashed potatoes.
4547080	4550520	It's the shape of Devil's Tower where all of this is going to happen. Right.
4550660	4551060	Yeah.
4551060	4554540	And so he's getting, well, you deconstruct that movie.
4554740	4559500	When he gets the ship over him and he gets the sunburn, he's getting a download.
4559780	4560180	Yeah.
4560360	4560760	Right?
4560840	4561880	And he's getting that imagery.
4561980	4564300	And it's almost like, and then that's what Melinda Dillon gets.
4564400	4566760	Like the woman who has the little kid that gets abducted.
4566900	4567580	She's drawing.
4567680	4570920	All these people are getting a download of something they become obsessed with.
4571120	4572840	They all converge on Devil's Tower.
4573200	4573600	Right?
4573600	4583080	So there was a lot of stuff that was going on in that movie that was either very prescient or was informed to some degree.
4583260	4584780	And E.T., very similar.
4584880	4591760	You have this kind of symbiotic relationship where you have a sinking of like the heartbeats of the child and E.T.
4592000	4597400	You have the mother's inability to see the E.T. walking around the kitchen, but the kids can all see it.
4597400	4624660	Right. And you have that they have that story of Spielberg screening it in the White House for Reagan. Yes. And then Spielberg says this in an interview himself. He says Reagan looks around. He says there are about five people in this room who knows that everything they just saw on that screen is absolutely real. Yes. Crazy talk. Crazy. And then Reagan goes and talks to the United Nations and says, wouldn't it be great if we all united to fight off an alien invasion?
4625380	4636340	I occasionally think how quickly our differences worldwide would vanish if we were facing an alien threat from outside this world.
4637580	4642400	And yet, I ask you, is not an alien force already among us?
4643020	4643540	Totally.
4643560	4647420	And the E.T. thing, we haven't done the episode yet, but we're going to do a whole episode.
4647800	4650220	It's actually based on a true story.
4650360	4651220	I didn't know that.
4651360	4652800	Yeah, in Kentucky or something.
4652800	4653800	Well, that's what got it started.
4654660	4655920	That was the impetus for it.
4655940	4656060	Oh, wow.
4656140	4661160	Where a family found an alien on a farm and they hid it in their barn and the whole thing.
4661160	4664460	It was a movie called Night Skies, which he was developing as a producer.
4664460	4665460	I had no idea.
4665640	4665800	Yeah.
4665860	4667440	I want to look into the original case.
4667460	4667860	That's wild.
4667860	4668600	Oh, it's, yeah.
4668740	4669440	It's very interesting.
4669440	4672640	They hid an ET in the closet or something in the actual store.
4672680	4672940	In the barn.
4672940	4673060	In the barn.
4673240	4673480	Okay.
4673540	4675820	And it was communicating with a kid who was autistic.
4676160	4676920	Oh, my God.
4677140	4677440	Yeah.
4677560	4678600	That is fascinating.
4678720	4679160	Yeah, totally.
4679160	4690380	So the point being is, is that whatever his official line is, there's evidence when you go back and look at some of these movies that he was he had some level of access.
4690700	4703640	No, he's got it. He's got it. Because you watch Disclosure Day and it's just like there are too many deep cut things where it's just a little incongruous with his interview where like he'll say like, yeah, I don't know.
4703640	4707900	his 2017 New York Times article, Leslie Kane and Ralph Blumenthal. It's like, you know,
4707900	4713080	got me into this, this stuff. And then you realize he's like, you know, blurbed like
4713080	4718080	James Fox deep cut documentaries before, like out of the blue, he's like, this is compelling.
4718440	4723080	And you're, you're watching the movie and it's like, it's not even, you know, UFO disclosure,
4723280	4729560	spoiler alert. It's like parapsychology disclosure, you know, people's perceptive
4729560	4734820	abilities and ability to like, you know, kind of download information and assume identities
4734820	4737060	and remote view and stuff.
4737260	4744420	And so it begets like an extremely deep knowledge that, you know, probably shows an organic
4744420	4748200	interest that's deeper than what he lets on in the interviews, but also maybe, you know,
4748220	4750340	maybe you're being fed some stuff too.
4751460	4754440	You can't go wrong with Spielberg and UFOs.
4754460	4755640	Every story is great.
4755740	4757440	Just to wrap that up.
4757440	4761580	We did shoot 11 days of a different, you know, to make him happy.
4762100	4763880	So that cost us a lot of money.
4763900	4768220	And there's two versions of the Dark Skies pilot that are out there because of that.
4768320	4780060	And the only reason that we survived, because this executive said, they want us to give the money back to NBC and fire you guys for stealing your idea from him.
4780220	4783380	So we had to create a whole legal defense and everything.
4783380	4790920	thing. And it turns out that the guy that ran NBC, Don Ulmeier, turned out to be our patron saint
4790920	4796640	because he said to them, oh, he got wind of it. And he said, oh, so let me get this straight.
4797180	4802220	You want us to accept this, but they've already turned in the pilot to me. And you know what?
4802280	4808240	I'm going to air it. I'm going to air it just the way it is. F you. Right? And so then the 19
4808240	4816020	non-negotiable demands became like five or six negotiable demands and we um um but by the way
4816020	4821060	one of the most bizarre moments in this whole thing though is while that was all going on my
4821060	4827740	agent called me and said uh i've got an amblin wants to talk to you about a video game and you
4827740	4834260	get to meet with steven spielberg and and i said are they aware that they're doing this to us right
4834260	4860420	And my agent said, I don't think so. Do you want me to tell him? And I said, don't, please don't tell him. He goes, I said, should I take the meeting? He goes, well, you've already been damaged once. Don't damage yourself twice. Take the meeting. And so in the middle of this, I went and sat in Steven Spielberg's office waiting. He comes in, shakes my hand, says, great to see you again. I hadn't met him, but whatever. Very nice. Hits me on the back and says, a big fan of dark skies.
4861400	4861840	eyes.
4861860	4862300	Whoa.
4862860	4865380	Oh, it's like a weird power play or something?
4865400	4869360	Or do you think that's like, he's just unaware, like the left hand's not talking to the right
4869360	4871300	hand and he actually just likes the show?
4871300	4877620	You've got to give unaware priority thought maybe on that because he seemed genuine.
4877740	4880720	Both Brent and I have worked with him on various projects.
4880820	4883140	I worked on Taken, as you pointed out.
4883240	4890060	And the only thing I would say about the meetings we had on Taken, he's, look, we're all
4890420	4891620	We got three guys here.
4891680	4893600	We're all interested in UFOs.
4893600	4898460	And we could probably off air go another 10 or 11 hours, you know, going, what about that?
4898520	4899100	What about that?
4899540	4900960	He felt like that to me.
4901020	4909320	I mean, you know, a lot of what he gets credit for, you know, putting into his films, you know, if you're widely read.
4909500	4918700	And once he made Close Encounters, virtually everybody that probably talked to him who had any story at all or ideas on UFOs said, hey, you know, have you ever heard about?
4921040	4926940	extremely well informed, but he wasn't throwing out ideas that where I was like, I never heard
4926940	4933020	of that before. Right. He just, he, he's just a passionate guy. Um, great filmmaker, obviously.
4933280	4941220	Um, and, and it was interesting to, uh, to work on, on taken. And, uh, I think he got a lot right
4941220	4945280	in taken. Yeah, no, he gets a lot right every time. I mean, we were just talking about
4945280	4950640	the serendipitous interactions that weave together to like you know result in some sort of
4950640	4957540	deliberate end point and you have like timeline managers and if you watch again uh disclosure day
4957540	4965080	spoiler alert um colman domingo's character is like a kind of he defects from like the you know
4965080	4972320	terrestrial and intelligence apparatus like he's like a cia guy who leaves uh and he is always
4972320	4979280	on these calls with you know uh josh o'connor and he is he's like do it's like a set design
4979280	4983940	right sort of situation there are multiple sets and he's directing yeah all of that and that feels
4983940	4991040	very important and symbolic like he is a reality manager and the whole movie starts with uh
4991040	4997060	basically like a scene from like wwe it's a staged event it's a staged event everybody's wearing a
4997060	5005760	USA America hats. And it's as if what we are watching is totally fake. And but that is that's
5005760	5010860	politics. Right. And so that felt very symbolic as well. And there's something going on above that.
5011000	5016080	And that deals with these sort of, you know, this almost like deep state intel timeline war
5016080	5022920	of people trying to almost immanentize the apocalypse of disclosure or, you know, stave
5022920	5029500	that off in a way that is supposedly protective of some homeostasis of society, but in reality,
5029680	5032880	just protecting the vested interests at the top.
5033220	5040280	Totally. Look, to add to Bryce's kind of cognitive dissonance, I was invited to come and do an
5040280	5046240	interview on Taken, which is weird. So both the two writers on Dark Skies are invited to come and
5046240	5048180	write on Taken.
5048180	5052460	Well, that's my interpretation of them reaching out to you about the video game and then you
5052920	5054760	It's like they want to fold you in.
5054960	5055240	Right.
5055260	5056200	I wish they had.
5056380	5057060	Well, but the hell.
5057400	5058580	Follow this line.
5058580	5059920	But then you're kind of under control, too.
5059960	5060380	That's true, too.
5060380	5064000	You're not like doing your like other alien rogue thing.
5064020	5064980	That's like off script.
5065200	5065640	Absolutely.
5066080	5066960	But follow this line.
5067060	5069820	So I can't do that job because I have a deal at Sony.
5069980	5071220	So Bryce does the job.
5071980	5079800	Then a couple of years later, I'm offered a job on a show with Barry Sonnenfeld as the executive producer called Secret Agent Man.
5080040	5082500	He never mentioned Stark Skies, right?
5082920	5111620	Um, but one of the people that tried to get us canceled is suddenly hiring me on another show, which is weird. Now cut to a few years later from that, I'm working at EA electronic arts game company in LA, and we're working on a big command and conquer project. And one of the other games projects in that area is in that studio is a project that Steven Spielberg, an original IP brought to EA because he wanted to make a video game.
5112920	5113820	is to hire them.
5114000	5115320	So get this.
5115800	5118500	The game was codenamed LMNO,
5119100	5123240	and it was about a woman who is human
5123240	5127100	but has alien capabilities running around
5127100	5131060	using the power of empathy to disarm people
5131060	5132800	because the government is chasing her.
5133000	5133520	Whoa.
5133540	5134280	Sounds familiar.
5134280	5136400	Sounds exactly like Disclosure Day.
5136580	5137840	That was the whole game,
5137900	5139300	and the only reason it didn't get made
5139300	5141240	was they couldn't figure out, it was a cool idea,
5142920	5147860	make that work interactively as a game in 2004 or whenever it was.
5147900	5151020	And that's exactly Emily Blunt's character, like, shapeshifts
5151020	5155460	and does kind of signature management where everybody sees, you know,
5155520	5161060	their former child or their ex-wife or their, you know, whatever.
5161160	5165740	And then they sort of get manipulated into doing things as a result of that.
5165880	5170620	So he had obviously been interested in telling that story 20 years earlier.
5170620	5183420	Well, he told a version of it in Taken. The Dakota Fanning young girl has those same kind of psychic powers and empathy, right?
5183420	5187920	Right. Yeah. He's clearly been so deep on this topic for so long.
5187960	5207540	What was interesting to me about Disclosure Day is the end of the movie, I think, almost felt, you know, exciting and cool and wild because you're seeing, you know, this big spoiler alert, this drop of all these alien files and, you know, crashes, real historical crashes, as we all know, and alien bodies and stuff.
5207540	5213780	but it's almost like the real disclosure was actually like the the the entire movie leading
5213780	5218760	up to that yeah around the kind of deeper threads of like you know parapsychological
5218760	5224420	interactions between people and then at the end it's like this like arbitrary kind of like
5224420	5228880	data dump right of alien stuff and you're like wait where are you getting that where the aliens
5228880	5233960	coming from what what is all of this mean yes and so the disclosure is really like the unspoken
5233960	5235860	and stuff in the beginning.
5235980	5238360	I felt the exact same way because I felt at the end,
5238440	5242280	the disclosure that the public was getting, right,
5242360	5243340	in the movie, the public,
5243420	5245620	was the disclosure we're getting right now,
5245740	5248640	which is just a bunch of videos with no context and whatnot.
5249040	5250060	But better videos.
5250240	5250960	But better videos.
5251080	5251760	Yeah, better videos.
5251940	5254520	But the real disclosure, to your point,
5254600	5257540	happened outside of the public's eye.
5257640	5260420	It was the story we were being shown, right?
5260500	5263660	And so there's this whole meta quality about that movie
5263960	5270240	that I think it raises a lot of questions if you go all the way back to, well, what did Steven Spielberg know?
5270660	5271740	When did he know it?
5271980	5279700	And with Disclosure Day, as we found out the hard way, he's got to be one of the most powerful,
5279760	5282640	if not the most powerful person in Hollywood, right?
5282900	5285360	They can get someone to say burn the negative.
5287080	5304680	What are the chances that a man at his age, you know, going on 80, last couple years of his filming career, potentially, he's going to invest in a movie called Disclosure Day without any guarantees that it will not be irrelevant by the time his movie comes out?
5305320	5306120	I'm serious.
5306300	5306960	No, it's...
5307520	5308040	What are the chances?
5308040	5308820	Again, coincidence.
5308980	5312420	Is it a coincidence that it just somehow all worked out?
5312420	5325080	I've seen him in interviews say, yeah, it's just like, it's amazing. It's coming out at the exact right time. It's like, well, yes. But then he's also taken it much further in some of these interviews, which is saying the movie's much more truth than fiction.
5325320	5326620	Yeah, he is saying that.
5326700	5328480	I mean, he's literally coming out and saying that.
5328480	5338720	But then he'll also, at the same time, he'll say, I don't know anything that you don't know. I don't know if that's correct. I think he might know a few more things than the average person.
5338720	5351000	He did raise the bar for himself because how many, when's the last trailer that you saw that has the director interviewed in the trailer? That's what his last trailer was. And what is he saying in the trailer? This stuff is true.
5351240	5359680	Right. So he's got a movie called Disclosure Day. He's in the trailer saying it's true. That's probably why his movie is polarizing in the UFO community.
5360700	5389640	I sometimes wonder you know like you have the video of the two greys that Joshua Connors tell the shows his girlfriend so you know he leaves this kind of private corporation he defects and he's kind of this Ed Snowden type who like takes with him the the secrets of like the alien presence the nature of reality which should not be held from the 8 billion people on earth and he's showing this video to his girlfriend and you see these two greys for like a second and then it like
5389680	5391040	like kind of moves away from that.
5391100	5393600	And then you see some others really kind of intense stuff.
5394780	5398560	And I wonder, you know, like those, those two grays probably, you know,
5398560	5400040	aren't real, but like, you know,
5400040	5403700	you have the whole data drop at the end as well with all the videos back to
5403700	5404420	back to back to back.
5404920	5408340	Is there one thing in that entire video,
5408340	5411080	an entire video montage that is real?
5411520	5412400	Like, I wonder,
5412440	5416020	I wonder if there's one thing in the movie that is a real artifact and then
5416020	5418680	you can always, then that's how you inoculate the public.
5419680	5424440	the thing and then you point back and you say that thing that you saw was actually real and
5424440	5429120	you know you've you've tested the waters it wasn't destabilizing and then you just then
5429120	5434980	but oh i already saw that jesse that is the easter egg of all easter eggs if that that happened well
5434980	5440280	to take to take that one step further uh my buddy chris ramsey who runs a great show called area 52
5440280	5447520	he has a theory that uh uh maybe the ufo flap that showed up the drones over new jersey in
5447520	5452220	in November of 2024, this thing, you know, Disclosure Day was filmed in New Jersey in late
5452220	5458560	2024. And we all know that UFOs seem to show up when you like move material around. And so,
5458580	5465080	and like exotic science experiments and stuff. So like, was, you know, some of what was used in
5465080	5471460	the movie actually real? And was that provoking any of the flyover stuff in Jersey? Were they
5471460	5476160	moving a UFO around? Did they want to, you know, show you a little piece of a UFO? You didn't know
5477520	5483720	Well, New Jersey is, you're right. They're shooting in New Jersey. At the same time, all these drones are flying around New Jersey.
5483720	5484020	Yeah.
5484020	5486100	What's so special about New Jersey?
5486260	5506540	Right. Yeah, Picatinny Arsenal is right there. And I have a friend named Rob Jones who's uncovered all sorts of stuff around Lockheed, kind of divesting itself eventually of this craft to, I think, this Veritas capital. And he kind of speculates that the craft ends up in Jersey in Picatinny Arsenal.
5507520	5511300	on when I talk about the lineage of where I think that material went.
5511680	5513900	What's the company that you think controls the material?
5514120	5516840	I believe the company that currently holds that material is a company by the name of
5516840	5517400	Periton.
5517460	5519480	And they have offices at Picatinny Arsenal.
5519900	5521700	Whoa, crazy.
5522120	5522420	Yes.
5523220	5525460	So yeah, it's a little interesting.
5525820	5527020	So who knows?
5527300	5527540	Wow.
5529100	5529540	Fascinating.
5529680	5533260	Something else you said, just to touch on, I don't know if you're aware of this, but
5533260	5538540	But as you said, Josh O'Connor at one point says 8 billion people have the right to know the truth.
5539440	5546960	Did you know that in the first trailer that came out, the line in the trailer was 7 billion people have the right to know the truth?
5547680	5554440	Which set everybody off because people were saying either they don't know how many people are on the planet, which seems unlikely.
5555120	5558020	Or maybe it doesn't take place in the present.
5558280	5561940	Or maybe a billion people are alien hybrids or whatever.
5563260	5566820	It's in the trailer, and then it's not in the movie.
5566960	5567360	Whoa.
5567440	5568960	It's been updated for the movie.
5569280	5569580	Weird.
5569580	5577500	When I saw the movie the first time, because what happened was Bryce and I did a need-to-know episode where we talked about that, and we went down that rabbit hole.
5577540	5579580	We were like, why would they say $7 billion?
5579720	5581960	Like, there's only a couple ways to interpret that.
5582780	5586220	And then I'm sitting there watching the movie, and they says $8 billion.
5586300	5588600	And I'm like, is this the Mandela effect?
5588840	5590660	Like, what is going on?
5590700	5592840	And I'm thinking, am I losing my mind?
5593260	5595200	We had a whole conversation about this in an episode.
5595300	5597880	So after the movie, I had to go back and watch our episode.
5597960	5599120	I'm like, no, no, that happened.
5599380	5599980	That happened.
5600160	5601840	But why would you change that?
5602080	5602600	I don't know.
5603560	5607100	Seems possibly deliberate or maybe they got shit for the seven.
5608940	5612220	That's not an oversight that you make on a movie of that level of budget.
5612220	5616740	Think of how many people had to see it in order to actually become a trailer on the Super Bowl.
5616920	5622200	Before that trailer, hundreds of people saw that, including Spielberg and Kemp and all the gang.
5623260	5632380	There's only one. I mean, there is one theory, which is, you know full well that it's wrong, but it's kind of your little thing that you'll drop in and get people talking, speculating.
5632460	5646320	Or it's like either, you know, the dystopian place I would go is like you're predicting some sort of population reduction thing. Hopefully it's not that. You could be saying that a billion people are aliens or alien hybrids or something. So they're not people.
5646320	5669660	Whatever the case is, the fact that it was out there and then it was changed with no explanation, to me feels very inauthentic. So the whole movie, as Spielberg's talking about it, is like, this is his vision, this is what he always wanted to believe was the truth, and he believes it's more truth than fiction. Okay, but then the marketing of it, you're messing with people's minds by putting out this, like, that feels like it's completely counterproductive.
5669660	5682420	Yeah. So it's really strikes me as like, I don't understand who made that choice. If it was a choice, if it was an accident, that even seems more preposterous. So what is going on?
5682420	5711160	I don't know. It's so fascinating, though. And there's so many deep threads where it's like you have this almost invisible college equivalent, you know, invisible college, obviously, you know, coined by Jacques Vallée and J. Allen Hynek, of course. But it's like, you know, these this ragtag team woven together through serendipitous events where they're calling each other just at the right time to like, you know, not get killed in the nick of time and, you know, hide the hard drive sort of thing.
5712420	5718720	have the kind of establishment structure that's really trying to just stave off disclosure,
5719040	5724400	but they're sort of getting manipulated by this like higher, higher force that can even like
5724400	5729860	cause defections among them. And, uh, you have Nathan Twinning left, you know, 12 intelligence
5729860	5735880	officers left us. And this is Wardex who like holds the secrets of UFOs. And they say Nathan
5735880	5740140	Twinning and Nathan Twinning is probably Nathan Twining, who's head of air material command
5740140	5759060	In 1947, he wrote the twining memo. He was rumored majestic 12 and 12 people are missing. But they're sort of defectors from the intelligence agency, which I find that really interesting. Like they have like some bizarre, higher, almost alien calling, which maybe Harrington did.
5759060	5787500	And I'll end this rant soon, but you have a cryptos conundrum as well. This book that is written by Chase Brandon, who's this Hollywood CIA liaison. He's a longtime guy. You met him. So I want to talk about that. And he worked with, you know, Stanton Friedman and writes this book. And he says, you know, in the prologue, he quotes Francis Bacon and he says, some truths are so strange that you have to hide them in fiction.
5789320	5793620	Cover of fiction is what our Darkseid series was based on.
5793680	5794100	There you go.
5794100	5795680	By the way, I have a quick Nathan Twining thing.
5795760	5800760	One reason he might have done that is for people who go, okay, who is that name?
5800840	5808620	If they look it up, Twining is famous for saying the phenomenon reported is neither visionary nor fictitious.
5809100	5809540	Yeah.
5809560	5810220	That's his quote.
5810560	5811000	Okay.
5811180	5812400	And that's a great quote.
5812540	5816620	So it's sort of like that's a little Easter egg to get people to talk about it.
5816620	5819800	But yes, Chase Brandon. Should we talk a little, Chase?
5820040	5835460	Well, because he kind of predicted the Majestic 12 or he writes about it in a way that's really deeper than, you know, all the Majestic 12 really came from these like, you know, sequential, you know, document drop memos from the 80s to the 90s.
5835480	5835860	Right, yeah.
5836140	5845220	But a lot of that stuff, you know, outside of maybe the first batch, which seemed legit, seemed like kind of passage material and fake and meant to maybe catch some Russian spies or something.
5846620	5852600	The way Chase Brandon writes about this group, they come out of the Office of Strategic Assessment,
5852780	5855360	which was a subgroup of the Office of Strategic Services.
5855800	5858980	And you have this guy named Chalmers, who's this math whiz.
5859040	5862340	And you have this sacred object, which also shows up in Disclosure Day.
5863880	5868340	It's like these beings show up to them and know more about them than they do.
5868520	5873840	And they have these almost near-death experiences or experience this liminal space where they're
5873840	5881460	They're taught more about reality than when they come back and they come back and they sort of forget their purpose and they have to get reactivated to remember their purpose.
5881620	5893060	And all of this feels so, you know, prevalent and ubiquitous in Disclosure Day where you have these like almost like star seeds being activated or something.
5893220	5902100	And I think the red cardinal activating them, I wonder if that's, it's not a red cardinal, it's blue bird, which is, you know, the pre MK ultra sort of thing.
5903840	5904120	I don't know.
5904420	5904940	Whoa, yeah.
5905940	5917060	Well, and all the animals in Disclosure Day, people criticize them as being CGI kind of thing and not being obviously perfect.
5917300	5921640	And yet Spielberg has so much money that he ought to make them perfect if he wanted to.
5921700	5923120	So they're not perfect by choice.
5923460	5928500	Maybe they're not perfect because they're not really the animals.
5928600	5931640	They're what your brain is perceiving aliens as.
5931780	5932220	Yes.
5933840	5938580	that yeah yeah it was intentionally a little off yeah that's meant to be like when you have those
5938580	5944760	experiences and something feels off it's because you're in the phenomenon right yes it's not because
5944760	5952480	it's bad cgi it's because your brain is having to process something that is not normal yes yeah it's
5952480	5958520	like uh i mean i think whitley streber is another interesting kind of you know intersection between
5958520	5965760	between entertainment and ufology, he talks about owl synchronicities. And sometimes you have these
5965760	5971600	experiences with animals where you're like, it felt a little strange. That felt a little more
5971600	5978160	intentional than this random animal thing. And all of these things sound so ridiculous,
5978280	5982060	and they always have kind of mud or plausible deniability attached to them, which is how,
5982660	5987060	as we know from Jacques Vallée or John Keel, that's how the phenomenon sort of works. It
5988520	5992960	where it's like, you'll never get the incontrovertible thing that you can tell the whole world.
5993100	5995740	This will always be this little wink just for you.
5995900	5996200	Yeah.
5996400	5999400	Although, you know, you're talking about Whitley Strieber.
5999480	6004680	He is helpful in us sort of deciding this thing is all very authentic because, remember,
6004780	6010460	it's his book that he puts out, I think, in 87, and it's got that classic photo, or not photo,
6010540	6012300	artistic rendition of the Greys.
6012500	6014380	Okay, that got a lot of people to buy it.
6014420	6017840	That's a great story in itself, and, you know, kudos to the artist.
6018520	6019560	What happened in the aftermath?
6020140	6031940	Nearly half a million people wrote letters to Whitley and his wife and said, when I saw your book, that made me, you know, think about what—
6031940	6032940	It activated me.
6032940	6034960	It activated me to remember things.
6035220	6039200	Now, I don't think 500,000 people are making up those letters.
6039320	6045960	I've had people on my show who say they're walking by, and that's how they remember their abduction experience.
6045960	6049200	They see the cover of communion at Barnes and Noble or something.
6049200	6049720	Yeah, exactly.
6049840	6053720	So, I mean, those people are activated and they're not all crazy.
6053820	6058300	So there is a core truth here that needs to be recognized.
6059120	6059720	Clearly.
6059820	6060400	Yeah.
6061020	6061620	Yeah.
6061980	6062620	Go for it.
6062620	6077080	Well, I was just going to say, so what Brent and I have been trying to assemble is sort of what is the timeline of what's really gone on in this sort of dance between Hollywood and UFOs, the phenomenon and secrecy?
6078180	6083560	Because if our experience was a simple one-off, Jesse, then it'd be like, well, okay, that's interesting.
6083700	6084780	Don't know if they're telling the truth.
6084880	6085600	Don't know if they're not.
6085720	6086340	Who knows?
6086460	6087440	What are we going to do about it?
6087440	6105300	But if it's part of a lineage of events, then it becomes a little more important. So, for example, when we realized that the Harrington story is more likely true than not, given, you know, David Grush trying to get him under oath and tell his story, we started to look at the timeline.
6105300	6133020	Well, you think about it. What happens in 47? Yeah, there is Roswell and it's the military and they don't want to talk about anything. Then movies start getting made in the 50s that are about flying saucers. And a couple of them have CIA people that are part of them. But what happens in 1953? The Robertson panel gets convened by the CIA. I'm getting to Chase Brandon, right? It gets convened by the CIA. And what do they come up with? They say, yeah, we got to really make people not take this very seriously.
6133020	6135740	That seems to be a policy statement they come up with.
6135780	6138580	But what do they decide that might be a very specific answer?
6139180	6140280	Let's call up Walt.
6140660	6141400	Walt Disney.
6141840	6143040	Let's get him on board.
6143280	6145060	And then what happens in the aftermath?
6145440	6152520	Walt Disney's guy, Ward Kimball, thinks they're going to do a documentary and they're going to have real footage given by the government.
6152740	6154700	That goes forward and then it gets pulled away.
6154920	6160100	Then in the 70s, you got Emmen Ager and Lyndon Moulton Howe.
6160120	6160820	And Sandler.
6160820	6184540	And who think they're also going to get footage. Then it gets pulled away. Then in the 80s, you've got that, the whole thing with the Majestic 12 documents. But then that's where our story fits in. In the 90s, it seems like there is not only a confluence of UFO projects. I mean, in 1996, when we were just going on the air, Time and Newsweek had aliens on their cover the same week.
6184540	6206920	Right. Just like Bruce Springsteen before. Right. And suddenly everybody's talking aliens and you've got the Roswell anniversary coming up in 97. Right. And that's where this Chase Brandon guy shows up in Hollywood. And he's opening up some kind of CIA operation where they can advise people on things like this.
6206920	6210840	He's going to be the official liaison between the CIA and Hollywood.
6211400	6227000	And based on some of the people that have come forward to us, and we're uncovering more all the time, it does look like there's this big bubble of interest in trying to soft disclose or use Hollywood as a bit more of an authentic conduit.
6227000	6228940	And it looks like that's going forward.
6229000	6229840	But then what happens?
6230280	6231920	2001, 9-11.
6231920	6247860	And suddenly the idea that we're going to disclose aliens doesn't seem as good a policy when you're at war with terrorism and Dick Cheney's leading it. And we all know Dick Cheney probably is involved in this mess to a certain degree.
6247860	6247980	I agree.
6247980	6255000	When Grush said that he was the last guy to be at the top of the pyramid when we had some vital legacy UFO program structure.
6255320	6257140	So disclosure goes away for a while.
6257380	6259940	And then it's like, okay, we've got a new plan.
6260140	6263180	We're going to get Hillary Clinton in because she believes in it.
6263240	6263780	She'll do it.
6263800	6264840	But then she loses.
6265380	6265780	Right?
6265900	6270960	And then you say, well, let's, you know, maybe Tom DeLonge can go do his thing for a while.
6271140	6273360	And now it's just too big a thing.
6273480	6274340	You can't hold it off.
6274340	6292580	And we get Disclosure Day coming out at the same time Age of Disclosure is coming out at the same time Trump is disclosing documents and things. There's a continuity that seems to be laying itself out about how we have sort of muddled our, that's how, I guess that's the word I would use. We are muddling toward disclosure.
6292580	6308900	Mm. Bryce, you said something really interesting early on. You said that when you were working with Ross Coldheart, you met Grush alongside him and that you conducted maybe the first ever interview with David Grush.
6309040	6312180	I didn't conduct it. Ross did, but I put it on camera.
6312200	6312900	You put it on camera.
6312900	6313500	At your house.
6313540	6314160	At my house.
6314200	6314740	At your house.
6314820	6315040	Yeah.
6315120	6316440	What was that like?
6316440	6317320	Well, it was so weird.
6317320	6318820	Did he learn anything interesting?
6318820	6337800	Well, I mean, it's become an interesting artifact. I mean, because again, what Brent and I are all about, and it seems like you're about it too, which is let's bear witness to this moment in history. So let's all sort of be transparent, add our little piece, maybe all the pieces together, we'll assemble this mosaic of contact and disclosure or whatever.
6337800	6362140	So, yeah, I had heard about this source Ross had because we'd been doing the show for a while and he hadn't named him until then he did. And then I knew about Dave Crush. And then one day it's like, hey, I'm going to be in L.A. on next Thursday or whatever it was. And so we all went to lunch, me and Ross and another guy that was involved in help setting up the News Nation thing and Dave Crush.
6362140	6367460	rush. And everybody thought, well, we better, again, I thought we were doing it for practice.
6367540	6373720	The idea is like, we don't want Dave to fold his cards on News Nation and do a bad interview. Let's
6373720	6379440	give him some practice. And so everyone looks at me, you're the Hollywood guy. Can't you get a
6379440	6384400	camera over here? And so I called my son, who's the director. I said, hey, Jared, do you think
6384400	6389560	you could come over here right now and shoot an interview for me? And like all kids, he's like,
6389560	6394780	like, well, you know, dad, I'm kind of busy. And I said, I'll give you 500 bucks. And he said,
6394820	6401400	I'll be right over. So he came over when we, you know, uh, Dave crush was in, um, you know,
6401920	6406360	cargo shorts and a t-shirt for this thing. And it was just a practice thing. And to be honest with
6406360	6410620	you, if you look at it right now, it looks more like a hostage video than, than anything else.
6410640	6417920	Cause he's up against the wall, but yeah. So that is the first time he ever told his story
6419620	6421020	Did he say anything interesting?
6421300	6428780	Well, everything he said was interesting to me. I mean, this is the first time I heard things like about the Italian magenta crash.
6429120	6431560	Anything above and beyond what came out in the News Nation?
6431560	6456460	Well, see, that's just it. Not to me. I felt like, because the first time I heard it, when he laid it out in my house, I was reeling as a lot of people were from the News Nation. But remember, the News Nation thing Ross did was an hour with commercials taken out. So not, and with introductions and all that. So maybe Grush is on camera spewing whatever he's going to spew for 30 minutes.
6456460	6477860	But, you know, we ran the camera for two and a half hours in my house and I was there for the News Nation taping and that went like three hours plus. So there's a lot of tape. And so what we had always said is at some point, and Russ was on board for this, we had always said at some point, these are artifacts of history and we're going to put the whole thing out there.
6478840	6485180	And I thought that's what was going to happen. And people have gotten cold feet and said, you can't do it.
6486460	6498200	Anything you heard in the room where you were like, this is a really crazy fact that you've held since then that you think the public should know?
6498200	6512300	No, I wish. I will say that Grush's attorneys seem to feel like something was said. I need to go review all these tapes with a fresh mind because the way I remember it was very similar.
6512300	6519560	similar and although uh my pressure to actually put this out there has been met with uh like i
6519560	6525220	asked dave grush a few weeks ago if i could put it out because it was three years and he waited
6525220	6530060	about two minutes and wrote me back and said bryce i do not give you permission to do that
6530060	6535640	so i think his attorney has said you don't need this trouble david yeah i mean i understand that
6535640	6541780	he's in a probably 360 exposed position it's an interview from a long time ago and he probably
6542300	6547420	I feel he looks great and, you know, and he probably doesn't have the time to go review it.
6547480	6549580	But I would, you know, I would like to review it.
6549600	6550560	I'd like you to air it.
6550640	6552420	I'd like you to just put it out as a show.
6552780	6553680	You know what I'm saying?
6553740	6564700	I don't think that if there was something historically strange that he said in that interview that he didn't say to Coulthard, that would be worthy.
6564780	6567600	And maybe that would be the one a lawyer wouldn't want him to put out.
6567640	6570320	But I sat through both and did not see the difference.
6572300	6579520	uh really positive unintended effect of like this is this guy and it's totally candid like
6579520	6585340	not media trained like first little trial run and he that's consistent on all of the same things
6585340	6591540	that he said yeah i think that's just a a important piece of history just like for example
6591540	6597520	the news nation thing why why did they change their minds about that ross said all along that
6597520	6599580	that the whole thing would go up on the internet.
6600100	6603600	And then people changed their minds and said that they couldn't do it.
6604320	6606000	I'll tell you what, I'll make you a deal.
6606080	6608760	I will watch them, the whole thing.
6608880	6610820	And if I find anything, I'll give you a call.
6610920	6611260	Okay.
6612940	6616560	Brent, you are a lifelong experiencer.
6616780	6617780	I am, yes.
6617820	6620640	I'm kind of the Mulder to Bryce's Scully.
6620820	6621780	Oh, there you go.
6621860	6623300	I don't do autopsies, though.
6624860	6627180	Well, I want to hear more about that.
6627520	6633100	Because in researching you, there's some really trippy things that you've experienced.
6633860	6637640	And I don't know exactly what order to go, maybe chronologically.
6639080	6639480	Yeah.
6639800	6642960	Well, and I don't want to turn this into a Brent fest.
6643180	6645100	But I want to give you a couple things, though.
6645140	6651560	Because I think I'm going to, if you bear with me, I'm going to bring this all the way back to Disclosure Day in a very strange way.
6651700	6652060	Yeah.
6652080	6654700	And that's really kind of the microcosm of my life.
6654700	6676420	Um, if you look back at a bunch of things that have happened to me, there's weird pattern recognition that you can apply and say, what seemed like a curse or chaotic was actually very beneficial and was a sequence of events. And sometimes they're out of time, right? Like this had to happen for this to happen. No, this had to happen for this to make sense. Right.
6676420	6689540	So I say all of that because I think the couple things you need to understand are, to start with, I need to give you my philosophy, which has been born of all of this.
6689900	6698920	And that is that we look at the phenomenon as this broad kind of way of saying that it's like the twilight zone.
6699000	6701420	You kind of get into it and things just don't make sense.
6701500	6703920	You're no longer in consensus reality.
6703920	6712400	reality. But we also do something where we put things in silos or in buckets, and we say there's
6712400	6718380	UFOs and aliens, and we say there's the paranormal. That's very different. And then we say there's the
6718380	6724040	afterlife. I've had experiences across all three of those, and I'm saying it's all the same thing,
6724080	6730340	in that the commonality is consciousness, right? It's the commonality is those experiences
6730340	6753420	Experiences are being filtered through my consciousness. And so I have a version of a UFO or a UAP experience. I have a version, Brent's version, of a paranormal experience. And I have a version of the afterlife as Brent, right? And it's that continuity of my consciousness is what makes all of those unique and authentic.
6754580	6759120	authentic to anyone else. It's like, well, that's just an interesting story, right? Until you've
6759120	6763320	lived it until you've experienced it. That's the only truth that I believe you can count on.
6763540	6768180	But because I've had all of these strange experiences, I realize everyone else is just
6768180	6774320	trying to think of it. Like what's the objective way, the rational way to view this. Let's just
6774320	6778420	look at it. It's too hard when you start lumping in paranormal and UFO. Now, suddenly I'm on
6778420	6783940	Skinwalker Ranch. It's all confusing, but it is all part of a spectrum. It is all informed by some,
6783960	6789740	by one kind of idea, large idea, probably the biggest elephant in the room, if you ask me,
6789760	6794620	about human consciousness. I think so too. And I want to get into the core stories,
6794660	6799940	but I fully agree. I think if you actually get into like kind of the upper echelons of,
6799980	6804320	you know, former program or program adjacent people and what they talk about and the way
6804320	6809340	they talk, whether it's Jake Barber feeling emotional and locked on to the craft, that's
6809340	6814400	sort of maybe either emotionally guiding or manipulating him, depending on how you want
6814400	6814980	to look at it.
6815760	6820740	Or it's Jim Lekatsky talking about like some higher platonic order and like, you know,
6820740	6823400	like mental interfaces and that sort of thing.
6823500	6828840	You get into far deeper truths, which the Office of Naval Intelligence has also always
6828840	6830860	been into this idea of parapsychology.
6830860	6855720	They were working hand in glove with the Princeton Parapsychology Lab, with Stanford Research Institute. And ultimately, if you go look at those experiments, like random event generators, this idea that the mind can sort of non-locally affect these what are supposedly supposed to be random quantum mechanical events, everything else that you say has to be downstream of that.
6855840	6856240	Absolutely.
6856240	6884540	Your reality is, has to be sort of local to you and sense made by you and that, you know, you have a unique interface and I have a unique interface. And I think these objects that we call UFOs in these hangars exist at the boundary where, and, and they're, they're sort of, you know, I think if there, if there is a PSYOP here, it's like space aliens, like that is a quick snap to grid analytical conclusion that like is very premature.
6886240	6889320	Okay. I want to get into your whole, the whole story.
6889400	6912720	Yeah. So, um, the first thing you need to know is that, um, for reasons I cannot explain that really make no sense. I have seen six people die in pretty horrific ways right around me, um, throughout my life and they were all strangers. Right. And so there was no, and I've never worked in the military. I've never worked in a hospital. I haven't been a paramedic.
6912720	6920180	It's not like it was all just crazy, weird, like final destination type sequence, but I was in the middle of them.
6920300	6920680	What?
6920860	6920960	Right?
6921080	6926220	Now, so you go, if that happened to you once, that would be like a defining moment in your life.
6926340	6926720	Dramatic.
6926740	6927060	Right?
6927620	6929960	Twice you go, wow, like that's weird.
6930220	6932480	Three times you go, okay, it's you, dude.
6932580	6934240	Like you're a magnet for this stuff.
6934440	6935420	Four, five, six.
6935740	6936480	I'm going to leave the.
6937380	6938780	But you're not a stranger anymore.
6938980	6940340	So you did a really smart thing.
6940380	6940980	Okay, nice.
6941200	6941580	Okay.
6942720	6943240	You're safe.
6943340	6943800	You're safe.
6943860	6944560	Well played.
6945760	6946160	Wise.
6948460	6951880	So I'm not going to get into all of them, but there's a couple I want to highlight.
6952040	6954080	The first one happened to me when I was five years old.
6954760	6956760	I was living in Berkeley at the time.
6957120	6958680	It was before we moved to Walnut Creek.
6959060	6963480	And the Berkeley Hills has this park at the top called Tilden Park.
6963480	6969120	and there's a road called Marin Boulevard or Avenue or something, which kind of comes down
6969120	6974060	the side of the Berkeley Hills in a road that just kind of does this. It's like a roller coaster.
6974200	6980480	And I had been up there with my dad and we were in an old VW bug and I used to love coming down
6980480	6985280	that road because it was like steep, right? And then, so I would, I was sitting there holding on
6985280	6992300	to kind of the bar in front of the glove box, riding the car down, right? And we're kind of
6993580	7004100	And I noticed kind of out of the corner of my eye that there's someone's washing their car and the water is kind of running off and it's, and I'm thinking, oh, we're chasing the water as it's going down the hill.
7004180	7005380	And I'm thinking, oh, this is so cool.
7005680	7010620	And in front of us, which I'm not really paying attention to, there's a girl on a motorcycle.
7010980	7014440	She's in like jean shorts and a halter top, no helmet.
7014540	7016560	This was 68.
7018960	7022560	And I'm watching her, I'm watching the water and she turns.
7023480	7028000	And as she's turning, the water has just gone across the street that she's turning into.
7028100	7033660	And when the back tire hits that water, her bike slides, stops, flips her.
7033840	7041420	She goes flipping over and hits, they used to have metal fenders in those days, hits the metal fender, knocks her head right off.
7041500	7046880	It rolls into the road and my dad has to slam on the brakes to not hit her head.
7047160	7048100	Oh, dude.
7049000	7051780	So, and I'm watching all of this, right?
7051880	7052040	Oh.
7053480	7056280	And my dad turns my head and says, don't look.
7056460	7056820	Right.
7056900	7058940	And he gets out of the car to go deal with this.
7059040	7060440	Well, of course my head's on a swivel.
7060560	7061900	That's all I can do is look.
7062540	7063640	But I'm five years old.
7063780	7068860	So in my mind, I'm thinking, okay, well, I'm not, I'm not focusing on the fact that the
7068860	7071920	body is just flailing and blood everywhere and whatnot.
7071960	7075580	I'm focusing on the head thinking, oh, well, they can just put the head back on like you
7075580	7077100	would like a GI Joe doll or something.
7077680	7080500	It didn't really occur to me, but that happened.
7080800	7081160	Right.
7081240	7082880	So that's the first death that I saw.
7083480	7088100	The second death that I saw was, well, actually, this is the third death.
7088180	7091800	I can't talk about the second one because my mom will get upset.
7091960	7095800	The third death was, I was on Telegraph Avenue.
7097260	7103000	I'm 15 years old, 16 years old, and I've got a girlfriend, or I've got a date.
7103060	7103360	I'm sorry.
7103900	7104800	We're walking down.
7104880	7107600	It's a Sunday, and it's like twilight.
7107700	7111540	It's just perfect because all of the day markets are gone and whatnot.
7113700	7119420	quiet Telegraph Avenue. And we are heading to one of the restaurants that we know will not card us.
7119680	7123960	So we're going to go have pizza and beer. So we're walking, you know, talking and our hands kind of
7123960	7129020	hit and all of a sudden we're holding hands like, oh my goodness. That's the moment. Like this is
7129020	7135100	the moment. Like everything is perfect. A couple seconds after that, there's a weird rush of motion
7135100	7139700	and I'm like, what's going on? And the next thing I know, my arm is, you know, yanked backwards
7139700	7142840	as the girl is running the opposite direction.
7143620	7146540	And I kind of let her go and she just sprints.
7146540	7147880	She's sprinting the opposite direction.
7147960	7149640	I'm like, wait, what's going on?
7150000	7154480	And I kind of look down and there had been like a weird noise
7154480	7156400	that my brain couldn't quite process.
7156620	7160220	And I look down and there's a body this far in front of us.
7160520	7166060	And it's somebody who obviously has landed on their head
7166580	7168780	and their head is crushed open.
7169700	7175320	And their pants are down around their ankles and they're just flailing and all sorts of stuff is happening.
7175380	7175940	Because they jumped.
7176420	7181400	Because when I look up three stories up, there's an open window with a curtain blowing and they jumped.
7181580	7182700	They missed us.
7182740	7185740	They missed landing on my head and her head by this much.
7186040	7186860	Oh, my God.
7187260	7192260	And so, again, like, what are the odds that this would happen?
7192520	7195600	So, I don't even know how to respond.
7195680	7196520	I'm just kind of numb.
7196740	7198640	And I think, okay, I've got to.
7199700	7203600	stopping by the way there's like a skateboarder that runs by or drives by and goes oh gnarly like
7203600	7207940	and it's like very surreal ah and so i walk into the hotel this turns out to be a hotel
7208440	7212080	and there's a guy on the phone you know talking to somebody behind the counter and he's like yeah
7212080	7215860	yeah i'm doing this stuff and i and he he's irritated that i'm there he's like yes what
7215860	7223760	and i go some guy's dying out on your sidewalk okay i'm like he jumped from your window well
7223760	7224560	How many stories up?
7224660	7226400	I'm like, I don't know, three or four.
7226580	7227520	What did he look like?
7229540	7231420	He can't really see his face anymore.
7231500	7232120	Did he have a beard?
7232640	7233640	I think so.
7233740	7234540	Hold on a second.
7234660	7235020	Yeah.
7235060	7235500	Guess what?
7235600	7236340	Jim jumped again.
7236580	7237260	Yeah, I know.
7237320	7238840	And why does this happen on my shift?
7238980	7239960	I'll call the police.
7240000	7240380	Thank you.
7241060	7241460	What?
7242180	7246620	And I'm like, so just go back out there.
7246680	7248520	He's like back to his conversation.
7248800	7250040	So I walk back out there.
7250120	7251360	There's still no one has stopped.
7251360	7253380	And the body has stopped moving.
7253720	7254140	Right.
7254720	7255140	Okay.
7255240	7256460	I'm not going to dwell on it.
7256500	7259600	The whole point is, is that very strange, very surreal.
7259740	7260500	What are the odds?
7261640	7262720	Seven of these?
7262880	7263180	Six.
7263380	7264140	Six of these?
7264240	7264740	That was two.
7265520	7265940	Okay.
7266680	7271220	One of them had a really weird component that I want to bring up because it's important to Disclosure Day.
7271860	7274820	One of them, I was at LAX and it was early.
7274900	7279880	It was between kind of like right after college before I like my career really took off.
7281360	7286180	working as a limousine driver in Hollywood, which is a job I would recommend to no one,
7286220	7294300	by the way. And I'm coming out of LAX and I've just dropped off someone and walked them to their
7294300	7299300	gate with their bags. And I'm walking over to the town car or whatever that I've got parked in the
7299300	7305580	parking lot. And LAX is like two big bands. It's like there's the inner thing where like shuttles
7305580	7309180	and whatnot come in. Then there's like the big loop that you can just drive around with cars
7309180	7314940	and buses and all sorts of other stuff. And I'm walking across the middle, the inside band,
7315160	7321460	and I'm looking straight across to people that are waiting over here. And there's a bus parked
7321460	7329080	right at the edge of the, the crosswalk. So you can't see the traffic, you know, moving back and
7329080	7336620	forth. And meanwhile, I'm walking as I'm walking to the crosswalk, it's red. Okay. So, um, everything
7336620	7341400	thing has stopped. I'm sorry, it's green. So everybody's walking across it. And the woman
7341400	7348100	next to me catches up to me and she is an airline stewardess and she's arguing with a passenger
7348100	7352780	who's followed her out there. And she's like, you know, kind of pissed off and arguing with him.
7352840	7358840	This is all happening in parallel to me. And so we step onto the little medium between the two
7358840	7366260	through lanes and I notice, oh wait, the light has just turned red. Okay. But there's a bus
7366620	7373000	right here. So I stop, but she's arguing with the guy. So she's not paying attention. The last thing
7373000	7379280	she saw was that it was green. So she walks out and I'm kind of like, everything goes into slow
7379280	7385200	motion. And I'm like, oh no, like she's walking out and all of a sudden somebody comes that she
7385200	7393200	doesn't see and hits her. And her whole body goes flying up into the air. And here's the interesting
7393200	7402240	thing about this. In that moment, LAX is a very noisy place. I heard nothing except her breathing.
7403160	7411160	She is flying up in the air. All of the sounds disappear. And all I'm hearing is,
7411200	7418500	and I'm like, what is that noise? And then she comes down and she slams onto the ground.
7418500	7422820	She kind of is all her body's all tangled up and stuff.
7422980	7429620	She kind of looks up through her hair is in her face and her face is all bloody and she gasps and then just dies.
7430020	7433740	Right in that moment, all of the noise came back in LAX.
7433960	7443720	So I had this like incredible weird connection where kind of time slowed and audio manipulated and I was suddenly connected to her in some weird way.
7443940	7444420	Right.
7444660	7445140	Okay.
7445140	7450140	Okay. So last one I'll tell you about, we're at the dark skies production office. It's late night.
7450240	7456980	We're working one night, everyone's doing stuff. And it's like on a Friday night and all of a sudden
7456980	7461180	there's like an explosion outside on the, and it's like in the worst part of North Hollywood.
7461200	7466600	It's a kind of industrial area, the explosion outside. So, um, my assistant and I go running
7466600	7471660	out. We're the first ones outside. And we see across the street, there's a car that has like
7471660	7477940	like flipped and gone into an old like auto yard and it's behind like a it's flipped and it's gone
7477940	7482980	behind a barbed wire fence so there's like no way we can get to that and then down the street
7482980	7488060	there's another car that's gone off the road into kind of the parking lot and it's kind of like
7488980	7495260	stopped and i look down there and the front door opens and a teenage kid runs out just takes off
7495260	7499940	like hit and run whatever was going on there so i look at my assistant i go go call 9-1-1
7503320	7507340	you get down to the car well obviously the driver's gone so i go over to the passenger seat
7507340	7513820	and i start to look in the window and there's an older like hispanic man just kind of slumped in
7513820	7520240	the seat and i like knock and i'm like sir sir are you okay does not have a seat belt on he kind
7520240	7526520	of looks up at me like this and there's blood coming out of his ear and i i kind of reach in
7526520	7531260	and the door's unlocked so i open it up and i kneel down and i go sir are you okay we're calling
7531660	7537520	there's going to be help here soon. And he reaches out this hand like this and I take it and he's
7537520	7542060	looking at me and he's kind of like breathing really slow. And all of a sudden he goes,
7543900	7551220	and in that moment, I feel all of his energy go through my body, like his soul. Like that's the
7551220	7556980	only way I can describe it. And I'm seeing images of his life. You know, it's like the life when
7556980	7561360	you say like people see their life flash before your eyes, his life flashed before my eyes. I'm
7561660	7565600	Spanish and all these things that I, they're not in my consciousness.
7567380	7569340	And all of a sudden he's gone.
7569400	7569980	He's dead.
7570100	7570960	Oh my God.
7571020	7571540	In that moment.
7571580	7576880	And there's this pause and I'm like, wow, suddenly all of these incidents kept moving
7576880	7579480	me closer and closer to an understanding of death.
7579840	7582500	And now I get this experience, right?
7582780	7588400	And in the back seat, I hear Papa and this little boy pops up.
7588400	7604900	He knew somehow intuitively, because nothing was said really for a minute or so between, he just knew that his father had passed away, right? So, all of that happens. And then when you say, well, why would all of that happen to me? Like we say, well, that's a curse, right?
7604900	7607020	But here's the thing.
7607580	7609620	About five years ago, I had cancer.
7610000	7612560	And I'm not going to go through that whole journey, but I almost died.
7612740	7614560	I was in a hospital during COVID.
7615020	7617380	I had had a whole reaction.
7617540	7621100	I got sepsis after the cancer surgery and whatnot.
7621280	7621880	Oh, Jesus, man.
7621960	7628700	So I'm in a hospital all by myself in ICU during COVID with a temperature of 105.5.
7628780	7629340	Oh, my God.
7629640	7631800	And for several days, I'm just battling that.
7631800	7650740	And the nurses are like, they keep making me sign the thing because I have a purple wristband on. Like, you don't want to be revived. We're just confirming. We're just confirming because you're not going to probably make it. And at one point in one of those nights, I'm just laying there by myself and all of a sudden, light entities come to the foot of my bed.
7651640	7666300	And because of everything that had happened to me in my life, I wasn't scared of death. I was there. I understood it intuitively. I just was like, oh, this is my time if I want it.
7667880	7674360	and i i didn't it wasn't like oh hey it's grandpa joe it's dad it's grandma whatever it was just
7674360	7679760	weird it was like that that's why i respond to contact so well it was like the end of contact
7679760	7684860	when jodie foster sees that light being kind of come closer and then it becomes her father
7684860	7689840	this was before it becomes it was just that light it was these light beings there was three of them
7689840	7695820	and they're just kind of there for me if i want them and i don't speak to them they don't speak
7696300	7698640	but I feel this real sense of calm.
7699020	7701780	All of the body horror I was going through
7701780	7702700	with a temperature of 105,
7703680	7704640	I didn't feel anything.
7704760	7705460	I just felt good.
7705880	7707380	I felt like totally at peace.
7707720	7708660	And I was like,
7708780	7711040	no, I have something I still need to do.
7711120	7713100	I didn't even know what it was at that time.
7714140	7716820	But I just made that thought in my head
7716820	7718140	and they just receded.
7718920	7719320	Wow.
7719360	7720200	And you got better.
7720440	7721900	And I got better and here I am.
7722220	7722840	That's amazing.
7723120	7724820	And I, one of the things that I,
7726680	7731560	rationalization or writing your own narrative, when Bryce said, we need to do this podcast and
7731560	7736300	you need to tell some of your stories. I'm like, you know what? This is what I was supposed. This
7736300	7742660	is why I wanted to stay alive. And to, to, and when I went to my family, they said they had been
7742660	7746140	the ones that said, please don't tell these stories. Like this is, they were like, you know
7746140	7751900	what? You need to tell these stories because if you had died, when this happened, we would be
7751900	7756260	be telling your story secondhand. And that's not nearly as powerful as people hearing them from
7756260	7759900	you. It all makes sense in hindsight. It all makes sense in hindsight.
7760420	7762720	What do you think those light beings were?
7768480	7775100	It's hard for me to articulate this because I'm not a religious person. And I will willingly
7775100	7782580	admit that I resist trying to codify anything in religious terms, but I feel like in some ways,
7782680	7790320	these were my guardian angel type beings. I felt a total connection with them,
7790440	7798760	not in a familial way, but just in a coherence. I just knew who they were and I trusted them and
7798760	7804160	I felt like everything was going to be okay. And I felt like they had a connection with me,
7805100	7807000	understand what it was. Did you get better
7807000	7808740	right after that experience?
7808980	7811080	I got better within the next 24 hours
7811080	7812420	and I was leaving the hospital.
7812740	7813840	Whoa. Yeah.
7815240	7815740	Yeah.
7815900	7818780	I don't even know what to say after
7818780	7820340	all of that. I mean, that's a
7820340	7822920	those are some gnarly experiences.
7822940	7825000	The six deaths that
7825000	7826100	you witnessed, I don't
7826100	7828520	I mean, that's hard to hear for anyone.
7828700	7830720	It's super graphic and
7830720	7832680	intense and I can only imagine, like,
7832720	7834720	how are you, you're able to
7835100	7843220	tell the stories in such detail and uh i imagine you had to in each time sort of process and
7843220	7848320	integrate what had just happened yes but all of them are building on right so it's like you have
7848320	7853100	the first experience when i'm five i can barely comprehend it right right and then experiences
7853100	7857680	continue to build on that and there i wouldn't say you know there's a way to say oh you were
7857680	7863960	being desensitized no i think i was being slowly awakened right and again this is all like how you
7865100	7872880	own narrative. I could have viewed all of that as I'm traumatized. I need therapy for the rest of
7872880	7878040	my life. I can't be around things that trigger me. I think that's one viable path you can take
7878040	7882640	if you have those types of experiences. Fortunately, I don't know that I ever made a
7882640	7890240	conscious choice to say, no, don't do that. Don't fall into that path, you know, but it, it, you
7890240	7893960	Now to connect a few other dots, I've had out-of-body experiences.
7894020	7903280	I have been visited by entities, not like aliens, but like paranormal-type entities.
7903520	7903860	Like what?
7905780	7907620	So here's one I'll share with you.
7907680	7909600	I was in L.A. working.
7909880	7911820	This is when my writing career was taking off.
7912000	7917980	And I was writing a script on a ghost story.
7918920	7943160	And this is one of those things where you start to realize intention and what you put your mind on, especially if you have a certain type of mind, you become a magnet for things. That's the only way to view this. I am trying to write this story and I get obsessed with this idea that I'm writing a comedy and I can't get past the scene where the main character sees his dead girlfriend as a ghost.
7943160	7946720	because I'm like, okay, all I can write is the comedy version of that,
7946780	7948140	but I need to know what would really happen.
7948240	7951160	Like if I really saw a ghost, what's that reaction?
7951300	7952840	And then I'll twist it and make it funny,
7952900	7954420	but I need to know what would really happen.
7955140	7957880	And so I start reading some ghost stories,
7957980	7961540	and I'm like, this is all just very, it's not interesting.
7961780	7963520	So it's like I didn't find what I wanted.
7963840	7965860	So I was going through this phase where I was very frustrated
7965860	7969960	because I couldn't get the answers I wanted.
7969960	7993220	And my ritual at that time was I would write very late at night from probably about midnight till 4 a.m. And then I would sleep in, get up around noon. It's the writer's life, right? So I would get up and then I would walk out. I'd pick up the LA Times. I'd come back. I'd sit in my bed. I'd read the paper or whatever. Start to plan out my day and I'd go do my thing.
7993220	8000340	thing. So I'm doing this one morning and my cat's on my leg. I'm sitting on the bed. It's broad. I
8000340	8006840	mean, it's like noon and I'm reading the LA times and already my mind is drifting to, am I going to
8006840	8012560	even try and write that scene again today? Right. And I hear this voice say, I'm right here.
8015280	8021600	I'm like, I mean, here's the thing. A voice has spoken to me a number of times throughout my life.
8023220	8028380	I can describe it is, and it's weird, is that it's if someone's putting like one of those like
8028380	8034080	cooking funnels in my right ear and they're giving me, there's pouring in pure information.
8034320	8040840	It's not words. It's just like intelligence, pure intelligence. And I just know it. And it's not
8040840	8045860	male or female, but it's like, it's an order. It's like, oh, I feel like at that moment,
8045900	8049200	I'm a Manchurian candidate and something is speaking to me in a higher language.
8049200	8051060	and I just understand it.
8051100	8052220	And it's like, I'm right here.
8053160	8054040	Where is here?
8054200	8054620	I don't.
8054640	8056320	So I lower the paper
8056320	8059020	and there's a woman standing at the foot of my bed.
8059540	8059980	What?
8062080	8063320	And not great.
8064900	8067840	But she's translucent, but three-dimensional.
8068520	8070840	So I can see her full body,
8070920	8072360	but I can also see through her.
8072960	8075420	And she's in like kind of a tattered sundress
8075420	8079600	and she's got long stringy blonde hair,
8080100	8082880	but it's her eyes that get me.
8083000	8086320	Her eyes are, imagine you give like a three-year-old
8086320	8088040	a piece of charcoal and you say, draw a circle.
8088120	8091540	And they go, her eyes are two black circles
8091540	8095960	that are undulating, which is not comforting.
8096220	8100540	Like that woman's like, it's a really bad one night stand.
8101860	8104880	So I'm looking at this woman kind of like
8105420	8110880	spellbound and all of a sudden there's like a rush of motion. The paper falls out of my hand. My cat
8110880	8118920	digs into my legs, jumps off the bed, takes off. My head slams back. I hit the headboard and I feel
8118920	8124720	my whole body being pushed down and like pain on my biceps. And I'm like, what the? And all of a
8124720	8132200	sudden I'm stuck and I feel tingling around my neck and I kind of do this rack focus moment.
8132200	8139860	moment she's jumped on top of me she's pounced on me her knees are on my biceps and she's holding
8139860	8147660	my arms down and she's holding right over me her hair is tickling me and as i kind of take all of
8147660	8154800	this in i look up into her swirling black eyes and i see the most beautiful constellations and
8154800	8160680	cosmos you've ever seen in your life what like through her through her like shots of nasa that
8162200	8184740	Through their eyes. And I have, at that point in my life, I've already had at least one out-of-body experience. I start to feel my soul leave my body, going up into those eyes. I'm literally being pulled up like a vacuum. And then I hear that voice again. And the voice says, just look away.
8186160	8193280	and again it's a command it's like i then i must just look away with all the strength i can muster
8193280	8199760	i turn until i'm not looking at the eyes and it's gone and you know what my first reaction was
8199760	8210320	come back the reason was is because i have never felt so alive in my life i felt like if you just
8210320	8215760	took two fingers and put them into an electrical socket, you're supercharged. I was looking around
8215760	8220080	the room. I could look at the stucco and like, it was like looking into the Grand Canyon. I could
8220080	8225920	see every detail. Every dust particle was like a, you know, a sagebrush brilliant. I mean, it was
8225920	8234160	incredible. And I, I wanted that experience to come back. And, but it didn't. I get on the phone.
8234260	8238560	I call every friend. Oh my God, it's a ghost and a woman and a thing. And everyone's like,
8240320	8245380	like, no, no, it's not a story. It really happened. So pretty soon I'm like, no one believes me.
8245400	8248720	Everyone's like, oh, you fell back asleep. Fell back asleep. It was noon. I'd been reading the
8248720	8253920	paper. Like nobody believes me. So I just kind of start like not even thinking about it anymore.
8254600	8259400	And I'm like, I'm not even going to do the script anymore. And then one day a friend calls me up
8259400	8264020	and he goes, hey, remember that story you told me a couple of weeks ago? I go, yeah. And he goes,
8264120	8268560	I want you to walk down the street to Soap Plant, which was like this esoteric book and novelty
8270320	8276120	off Melrose at the time and pick up the new whole earth catalog and turn to page 187.
8276600	8277300	I'm like, why?
8277440	8278360	And he goes, just do it.
8278420	8279320	And then call me back.
8280340	8280740	Okay.
8281240	8285320	So I walked down, I'm like going in, I find the new whole earth catalog for your audience
8285320	8287280	who doesn't know this was pre-internet.
8287300	8288280	This was the internet.
8288380	8290060	This was like an analog version of the internet.
8290160	8294280	Someone went and collected all the coolest short stories and pamphlets and whatnot, things
8294280	8298200	that were out of print and you'd find what you wanted and send in your money and they'd
8298200	8300240	send you back, you know, the hard copy.
8300980	8302120	So I'm flipping through,
8302180	8304120	I find the page, and I'm like, okay, what's on this?
8304220	8306500	And I find this book of out-of-print
8307540	8307980	ghost
8308480	8310120	stories from Scandinavia
8310120	8311340	in the 15th century.
8312000	8314260	And it's like, one of the stories is called
8314260	8316160	Witch Rider. And it's
8316160	8318400	about this myth of a woman
8318400	8320140	in a tattered sundress who will
8320140	8321420	appear at the foot of your bed,
8322220	8324240	jump on you, and steal your soul if you'll
8324240	8325840	let her. What?!
8326620	8327060	Now,
8328200	8330180	On one hand, you go, oh, well, that's just dumb.
8330320	8340040	Except that why was the myth from Scandinavia in the 15th century coming to me in the 20th
8340040	8344680	century in a bungalow apartment in LA on a Tuesday at noon?
8345760	8352640	At that moment, the horror of being connected to something so much bigger and so much more
8352640	8354080	random and so much weirder.
8354780	8360320	now all the fear that i didn't feel before i felt and it went up my spine i remember just
8360320	8367440	throwing the book like oh just oh get it away from me so the coda to this sequence is i lived
8367440	8373660	with the the weird like this that whole experience didn't make any sense to me because why would the
8373660	8383980	voice that said into my ear i'm right here as if go ahead have this cool experience waiting for you
8384400	8388980	then also be the one that says, just look away. Like, oh, you've had enough kid. Okay. Just look
8388980	8395060	away. Like that was all I could, but that didn't make a lot of sense to me. Like this entity that
8395060	8401060	was, had been mythologized as like this horrible thing would be take pity on a kid, you know, like,
8401860	8406100	and it wasn't until last year, I was talking to a friend who was a psychic medium.
8406340	8410600	I start to tell her a story and she goes, oh, that was your, that was your guardian angel or
8410600	8412860	or your higher self, or whatever you want to call it, talking to you.
8413160	8414060	I'm like, really?
8414880	8415700	I don't understand.
8415820	8417240	Like, why did they say I'm right here?
8417520	8420800	Because they knew you were about to have an experience that you'd be challenged with,
8420880	8422600	and they wanted to let you know that you weren't alone.
8424700	8425080	Wow.
8425860	8427960	And that's why they said, just look away.
8429000	8429380	Whoa.
8429540	8431980	Because you would have died right there on that bed.
8435060	8435440	Whoa.
8436020	8436400	Dude.
8437320	8437840	I know.
8438040	8438600	I know.
8440600	8441820	that I've been...
8441820	8443920	I have to ask you,
8444020	8446240	because you mentioned this before we started rolling,
8446440	8448600	you also saw a Nordic alien?
8449480	8450040	I did.
8450360	8451980	Where did you see a Nordic alien?
8452200	8452980	On Orcus Island.
8453220	8453560	Okay.
8453620	8455000	I was visiting a friend there.
8455060	8455880	I'll keep this one short.
8456040	8457340	I was visiting a friend there,
8458160	8460120	and I woke up the next morning
8460120	8461980	after we were talking about a bunch of stuff,
8462040	8463500	and he'd gone down to the store,
8463580	8465560	which is quite a ways away from his property,
8465700	8466660	to get some food.
8466920	8468600	And so I'm like, oh, it's a beautiful day.
8468660	8469900	I'm going to take a walk on his property
8470600	8476800	acres in the woods. So I start walking and I come over this ridge and there'd been no one out.
8476860	8482160	And all of a sudden there's this person who literally looks like a male model,
8482260	8487640	like a Scandinavian male model with kind of longish blonde hair in a weird kind of
8487640	8495400	more like European clothes, whatever. And they say, hello, Brent. Like they're about 20 feet,
8495400	8500800	a little bit further down the hill. And I'm thinking, okay, I did not see his mouth move.
8501420	8505200	First of all, how does he know my name? Secondly, I did not see his mouth move.
8505640	8512860	And I was like, hello. And he said, turn around and walk the other way.
8515300	8519360	And he, mouth's not moving and he's not, but he's not looking threatening.
8519360	8526540	threatening, and I kind of was like, got it, on it, turned and I walk away. And now I'm getting
8526540	8529820	a little bit freaked out. I get a waist down and I look back and he's not there anymore.
8530020	8531540	Was he tall, blonde?
8531820	8536380	Yes. But he was further down the hill. So I didn't have a chance to like look him in the eye and like,
8536460	8540280	I'm 6'4", so I didn't have a chance to look at him and say, oh, this guy's 7'2", or whatever.
8540680	8547720	But he was well put together, like a specimen, like an absolute specimen. So I asked, my friend
8549360	8550600	okay, I just had a really weird experience.
8550740	8552660	He goes, oh, with one of those tall white people?
8553080	8555700	I'm like, what do you know about them?
8555760	8559000	And he goes, they have a compound on Orcas Island.
8559260	8560540	And he said, there's a lot of weird people
8560540	8561420	that have compounds here
8561420	8563560	because there's weird energy that comes
8563560	8564820	like every couple months.
8565920	8567900	And they come in a black helicopter
8568400	8570500	unmarked to a facility that's all gated.
8570560	8571580	And there's about eight of them.
8571800	8573260	And they come here and they stay here
8573260	8574560	for a couple of days at a time.
8574760	8577600	Apparently when this energy is really high
8577600	8578900	and they get recharged.
8580000	8580320	Whoa.
8580620	8583220	And I'm like, have you ever met them?
8583280	8584540	And he goes, no, they don't.
8584540	8586920	They're very select in who they meet.
8587260	8594160	He goes, there's a story about a number of years ago, one of them came down into one of the pubs, right?
8594240	8598180	And just walked through the door one day and said, I want to have a drink.
8598360	8599860	And everyone's like, who are you?
8599920	8601480	And he's like, I live up the way.
8601640	8602720	And they're like, okay, cool.
8602800	8604720	And he's like, so what's it like to live here?
8604800	8605700	And they're like, on Orcus?
8605780	8606780	And he goes, no, on Earth.
8608400	8608720	What?
8609540	8613740	And everyone was like, okay, dude, what is going on here?
8613800	8616840	And then he had a couple of drinks and people had to like get him outside.
8617020	8618040	And he's like, no, it's okay.
8618100	8618780	I'll walk home.
8619080	8620400	You know, and then he left.
8620520	8623600	And so there's now, is that urban legend on Orcus?
8623780	8625800	Like this was like.
8625860	8627740	Is it like a pretty prevalent urban legend?
8627880	8627900	Yes.
8627900	8628180	Yes.
8628440	8630760	People, I mean, you ask almost anyone that lives on there.
8630820	8634880	It's like, oh, those, those tall white people, like they come here and, but they're very private.
8634920	8637800	They don't intermingle with people, but there's a lot.
8639360	8639920	who moved there.
8639940	8642860	I got to ask him about the tall white Nordic aliens.
8644880	8646920	So circling this all back to Disclosure Day,
8647020	8648340	it's like, you know, one of the things
8648340	8650580	that Bryce and I talked about after we saw it was
8652280	8654020	Spielberg told a really compelling story
8654020	8655300	about gray aliens.
8657240	8658800	That was not a human being.
8659220	8659860	I don't know.
8659860	8660780	It could have been a hybrid.
8661180	8663820	So maybe not a true like extraterrestrial.
8664140	8665500	Maybe it was an ultra terrestrial.
8665600	8667980	Maybe it was like someone from Atlantis or,
8668020	8668980	you know, what, there's so many theories
8669360	8674100	on the Nordics. I don't know. But that was not just a good looking man. He spoke to me without
8674100	8681460	opening his mouth. Okay. So, but, but none of that is touched upon in Disclosure Day. The, the,
8681480	8685680	the other species that many people have said, even at the highest levels.
8685860	8691220	Although there was one moment where Emily Blunt is in the hospital because she spontaneously
8691220	8698000	starts speaking Russian and making clicking noises as a newscaster. And she looks out the window
8699360	8704740	men in black suits, presumably, I think from the FBI, who want to ask her questions. She looks at
8704740	8711300	them and she goes, they're not human. And so there's some ideas being seeded around elements
8711300	8717500	of the intelligence community and the government itself not being human. Which is fascinating. And
8717500	8722960	I always think is the hardest part of this whole disclosure thing to grapple with is the idea that
8722960	8726840	they're not only are they here, but they're probably in charge of disclosure because they
8726840	8729840	They have like this, you know, 360 control over a lot of this stuff.
8729920	8738700	And they're probably in charge of at least at the very least, you know, chains of command within government, if not like the entire thing.
8738940	8739380	Right.
8739420	8741080	And like, that's really hard to say.
8741400	8742500	Like, how do you go out?
8742860	8748700	Then all of a sudden disclosure is essentially ceding your control immediately.
8749020	8750520	So like, how do you do that?
8750600	8753480	How do you make a speech saying like, I'm not actually in charge?
8753660	8754020	Right.
8754300	8755320	What do you know?
8756840	8769580	Absolutely agree. We've talked about this too, that, you know, the minute that Disclosure moves into, it's not just people coming to visit us from outer space, that it's much more kind of anything from Lovecraft, which is like really scary.
8769700	8779140	They're all around us to, you know, body snatchers where it's like a bunch of humans that you think, you know, your neighbor might be an alien or might be a hybrid.
8779440	8782920	The minute you move into the X-Men thing, we're back to the Red Scare.
8783100	8784560	We're back to, well, wait a minute.
8784560	8791340	So some of the people on this planet look like humans, but they're really aliens or they're presenting as aliens.
8791420	8792140	They're shape-shifting.
8792180	8795020	Whatever they're doing, I don't like that, right?
8795080	8796140	Because then how do I know?
8796420	8802600	Now I don't feel, not only am I not the apex predator on the planet, I don't know who to trust or who to believe.
8802840	8808680	You're into like a whole, that's to me when people talk about ontological shock, it's not just, oh, you're going to remove your free will.
8808780	8811700	It's like, I don't know who I'm interacting with anymore.
8811920	8812260	Yeah.
8812300	8813340	Why would I go out?
8813380	8814040	Yeah, yeah, yeah.
8814560	8817240	I mean, like, clearly the veil is thin with you.
8817320	8817620	Yeah.
8817680	8827900	You know, I meet occasionally people, and I identify with this myself somewhat, where, like, they just have an absurd amount of weird synchronicities in their life.
8827980	8829680	And there's something going on.
8829680	8845440	And I don't know if it's a gradient between that and like, you know, normal people who just, you know, have like goals to like live, you know, at the white picket behind the white picket fence in the, in the house and, you know, and they just want the job and they want to become partner or whatever, you know, whatever.
8846480	8862620	But that is a type of person that like, it's like these serendipity maximizer, synchronicity maximizer types where things just kind of happen around them. And I don't know what that is. Do you have any theories? Do either of you have any theories?
8862620	8883080	I don't have any stories that rate with that. I have, uh, we actually have one synchronicity story that came out between the two of us. Um, when we started working together, Brent was admiring my UFO books and he was like, Hey, you have a lot of UFO books. And he said, have you ever read the Mothman prophecies?
8883080	8911020	And at the time I had not. And I said, no, I really haven't. And it's interesting because there's no Amazon at the time. You can't like have it delivered to your house the next day. So I had to go down to Melrose Place to a metaphysical bookstore and find a copy of Mothman Prophecies. And I was reading it and I was keeping it in the backseat of my car. And I took my young son to see a movie. So like a 7.30 movie getting out at 9.30. And so it's sitting in the backseat.
8911020	8917520	And as we're walking out of the movie, and, you know, it was a dark parking lot, a couple lights, but very dark.
8917600	8923340	As we're walking out, I see a guy at the end of the cars where we're going.
8923820	8930380	And he's a tall guy in a dark black duster jacket, you know, almost Western kind of thing.
8930760	8932120	And he looked weird.
8932300	8934120	I just thought, this is disturbing.
8934340	8935660	I don't want to see anybody in a parking lot.
8935700	8936460	So I moved my son.
8936580	8937340	I was on this side.
8937380	8939000	I go, why don't you walk over here?
8939200	8940720	And I said, don't make eye contact.
8941020	8946740	right we'll just walk past this guy so we just continue to walk onto our car and as this guy
8946740	8954320	passes me he is in a big long duster jacket black and as he passes me he's holding a book
8954320	8960940	and it's the mothman prophecies how's that happen how does that happen what are the odds well it
8960940	8968140	goes back to that coleman domingo character who's you know he's moving sets around while he's
8968140	8974220	He's coordinating, you know, locations for the, you know, main characters to go to and kind of weaving everything together.
8975260	8977120	He's like in this architect position.
8977280	8981160	And it's as if there is some sort of reality management system.
8981180	8983640	And like, like you can go back to Plato's Republic.
8983780	8985000	You have this guardian class.
8985140	8986320	We are in the cave.
8986540	8986900	Yes.
8986900	8988220	And we're chasing our tails.
8988360	8989000	And a lot.
8989060	8998000	I mean, that would be the the little the dirty little secret about UFOlogy or something would be, you know, I just had a guest on a couple of days ago named Max.
8998140	9004220	direct shawnee he does all sorts of amazing stuff on lunar anomalies mars anomalies and he was like
9004220	9009920	i just wrote to the prince of lichtenstein hans adams who's super fascinated with all the ufo
9009920	9014540	stuff he i think interviewed he got all the roswell witnesses together and he interviewed
9014540	9019220	them and he's just you know he's interested in the pair princeton psychology parapsychology lab
9019220	9024160	stuff and i think he you know he was in touch with there's photo with him with how put off and like
9024160	9029140	just knows everybody in the ufo world and apparently he wrote a very thoughtful letter
9029140	9035660	back to to max who who wrote to him and he was like i uh you know really tried to get to the
9035660	9040060	bottom of this topic but every single time and think of it this guy has all the resources in
9040060	9045360	the world like he's you know probably conspiracies are made about this guy you know i i'm sure they
9045360	9050320	think of him akin to you know the rothschilds and the scent of the heart of power you know
9050320	9056860	know and uh he's like every single time i thought i was gonna get incontrovertible proof and a clear
9056860	9062900	answer like i'd come extremely close and it would slip through my fingers and i mean honestly that i
9062900	9069440	i feel this without sure that amount of resources i feel the same way i i feel like i'm i'm chasing
9069440	9075940	this thing and like something almost is gonna happen but then like mud mud gets slung on it
9075940	9080340	so like you know a certain amount of people just won't believe it because it looks kind of
9080340	9084880	ridiculous or something what whitley streber talks about this as well where he says i think they
9084880	9090420	chose me as a communication node for disclosure because i was a horror writer and yes you couldn't
9090420	9095860	separate fact from fiction we've talked about that too yeah i mean you are maybe our example as well
9095860	9101380	but at the beginning when whitley's communion book came out because he'd been a horror writer
9101380	9108900	almost everybody said he's just making it up because he just he's using what we call the
9108900	9113920	cover of of non-fiction yeah he's using not the cover of fiction right of non-fiction he was
9113920	9120060	pretending that his novel was true right right which which neither of us believe but i i can
9120060	9125560	understand that perception you know when we've told our stories you know people go but you guys
9125560	9130280	are just hollywood writers right like that's what you do you come up with these crazy stories yes we
9131680	9136220	Um, I think in some ways the stories that we have around dark skies are more interesting
9136220	9140140	than what we could have come up with to be perfectly candid because they're just too
9140140	9140560	weird.
9140600	9143540	They're too like things just don't add up.
9143600	9143960	Yeah.
9144080	9147000	You know, and, and that's a hallmark of the phenomenon.
9147000	9151900	They add up enough to keep you going down the thread, but not enough for you to stop
9151900	9153100	and be like, I figured it out.
9153180	9156180	And then when you play it back for other people, they're like, well, why would this happen?
9156220	9157400	It's like, oh, that's a really good question.
9157440	9158480	They're like, what are you talking about?
9158580	9158700	Yeah.
9158700	9160040	Did you do, did you take a photo?
9160140	9160720	Did you do a thing?
9161380	9163420	It's like, so all you have is this crazy story.
9163600	9165180	But Hollywood makes sense.
9165260	9165920	Like if you do, okay.
9165980	9169920	So you do have some guardian class and then we're just sort of like chasing our tails a little bit.
9170340	9184480	Hollywood is this essential piece for the guardian class because, you know, if you take, again, the parapsychology stuff at face value that we sort of create our own reality, it's not purely random atomic interactions that congeal into our reality.
9185380	9192840	then of course shading our reality systematically with what we see on tv and in movies would be of
9192840	9198760	interest to you know the sort of power structure right like of course it would and you know diana
9198760	9203600	pasolka um it's religious studies professor from unc wilmington yeah she wrote a great book called
9203600	9210080	american cosmic and she notes we were talking about outer limits the cbs show before uh uh you
9210080	9214040	you know, we started rolling, you know, the Betty and Barney Hill abduction occurred, I think,
9214040	9220100	11 days after the first, you know, show the pilot had come out and the aliens had, you know,
9220100	9226360	eyes wrapping around their heads. And it was, that seemed very similar to the, you know,
9226360	9230180	the Betty and Barney Hill experience, you know, but it seems like we're being,
9230780	9235260	these things are being shaded. Well, there's a great connection. Let's take the Betty and Barney.
9235260	9242240	And yes, The Outer Limits, I think it was called The Bilau Effect or something, which had that episode.
9242460	9246680	And then they did have their event within a couple of weeks of that.
9246780	9247780	But now think about it.
9248020	9249440	So what happens?
9249560	9254480	In 1975, NBC makes the only movie that's ever been made about him.
9254600	9257380	The book was called The Interrupted Journey.
9257520	9260500	They make a movie called The UFO Incident.
9260820	9263260	James Earl Jones is the star.
9265260	9267540	People saw and heard about the Betty and Barney.
9267580	9268540	Not a great film.
9268600	9272720	I mean, by today's standards, no effects and it's not that great.
9272840	9279320	But what happens two weeks after the UFO incident, Travis Walton gets abducted.
9279360	9280180	That's wild.
9280580	9280800	Okay.
9280860	9287060	So you just have this, okay, outer limits into Betty and Barney into the UFO incident.
9287200	9288540	It's like turning back on.
9288640	9294100	And then what happens after Travis, you get the fire in the sky effect.
9295260	9300680	happens with that? Hollywood comes in and goes, your real abduction, Tracy Torme, a friend of
9300680	9306260	mine wrote it. They tell him, the real story of Travis isn't good enough. You have to do a better
9306260	9311680	abduction. So the abduction people have seen in Fire in the Sky isn't really what happened to him.
9311740	9317260	So you've got all these truths shading into each other, and it's really hard to pull them all
9317260	9323600	apart. But the one thing I will say, by the way, is the witch's hag that jumped Brent,
9325260	9328740	Witch's Cove on HBO just did a fine, they did their own episode of that.
9328820	9340060	And when I was doing The Crow, Stairway to Heaven, producing that show, we did a debate doing an episode about this because it's in the, I mean, that's the thing.
9340440	9344700	Stories like the witch jumping you from your bed, that goes back hundreds of years.
9344960	9346920	You know, this stuff has been around.
9346920	9363400	So you can't say one person just made up this story. You got to go, but it's in a lineage of people going that have always done this. I think that's one of the frustrations of frankly researching UFOs.
9363400	9391800	It's so hard. It's like you're staring at the sun or something. And there's all sorts of examples of sort of predictive programming. The Simpsons seem to get an anomalous amount of things really right. You have this book called Wreck of the Titan written by Morgan Robertson in 1898, like 12 years before the Titanic. And it describes the Titanic to a T like perfectly. And you had these blue-blooded elites on board and it was April and it was like the exact specs of the ship. And it was at night.
9393400	9396360	of Barron and Donald Trump in the 1890s.
9396360	9397780	And, you know, of course, Barron and Donald,
9397800	9398640	they're time travelers.
9399020	9400400	There's a lot of this stuff.
9400520	9401600	It's really fascinating.
9403040	9404900	And then you get into, you know,
9405540	9407380	around going back to Disclosure Day,
9407460	9410360	Obama doesn't visit normal movie sets.
9410540	9412360	He's not, you know, going around to movie sets.
9413400	9417980	Steven Spielberg let fly on Michelle Obama's podcast
9418600	9422080	that her husband, Barack, visited Steven Spielberg.
9422160	9423040	I guess they're good friends.
9423400	9425220	on the set of Disclosure Day.
9425360	9429160	So that implies some sort of deep interest
9429160	9430760	on behalf of Barack
9430760	9433180	and what Steven Spielberg is doing.
9433460	9433720	Yeah.
9433800	9437320	I've been obsessed with Betty and Barney for years.
9437440	9440180	We even put a scene with Betty and Barney
9440180	9442420	into the Dark Skies pilot.
9442660	9447200	So I had written a screenplay about Betty and Barney
9447200	9449660	and I was all gung-ho to go sell this thing.
9449760	9452260	And then Barack Obama and Michelle Obama
9453400	9457860	to make a betty and barney movie yeah so it's not like which they've abandoned that ain't happening
9457860	9461960	so for everyone who's thinking the obamas are making it they're not making but the fact that
9461960	9466900	they're that interested what was he doing saying i'm gonna make the betty and barney thing right
9466900	9474800	i think barney i mean not barney i think uh barack you know he knows a lot he did clearly does and
9474800	9482180	then simultaneous to so he he says um on this podcast in this like rapid fire questioning
9483520	9493020	He goes, aliens are real. And then he sort of moves on and he goes, but it's not like, you know, these beings, you know, under Area 51 or whatever.
9493300	9494380	Are aliens real?
9495840	9501700	They're real, but I haven't seen them and they're not being kept in, what is it?
9501800	9502260	Area 51.
9502260	9502760	Area 51.
9532260	9537520	he's walking the population into, you know, belief. Well, he, I think he does know what's
9537520	9542660	going on, but remember when he did say to that guy during the rapid fire questions and he said,
9542760	9547260	well, aliens are real, but then what'd he have to do the very next day he had to buy it back.
9547400	9552760	There was so much blowback on him for having actually said the quiet part out loud that he
9552760	9560080	had to say, all I meant was, you know, in the vast universe, there have to be aliens out there,
9560080	9561100	But that's not what he was saying.
9561320	9565740	Well, I felt like it was mission accomplished because I almost thought he was baiting Trump a little bit.
9565760	9567840	I think he, well, and then Trump took it.
9567980	9569340	Trump took the bait.
9569380	9571140	He's revealing classified info.
9571320	9573660	And then, oh, if it's classified, it's real.
9573780	9574880	You don't classify fake stuff.
9575160	9582900	The whole thing, very interesting to see a past president and a current president fighting over alien existence.
9583100	9588420	Yeah, whoever thought we'd be on this timeline, especially for you guys who've been into this topic for decades.
9590080	9591480	you know, at the margins of society.
9591620	9596920	Although, are we allowed to say that you and I saw Disclosure Day together?
9597040	9597320	Yeah.
9597340	9598900	At the IMAX, which was cool.
9598940	9600180	And I really enjoyed that.
9600280	9607240	And one of the things that we both turned to each other during the film is when they had the Nixon showing Jackie Gleason,
9607380	9610480	the alien bodies in Florida, which is no big spoiler.
9610540	9612180	It happens early, but we look at each other.
9612400	9616720	And we've always heard that story, you know, as we were talking about.
9616720	9620700	We've heard this story, but it's kind of this kind of ha-ha, you know.
9620760	9626720	And yet there are, you know, it was Jackie Gleason's wife told the story.
9627360	9631000	But what they use in Disclosure Day is they give it meaning.
9631220	9632700	It's presidential meaning.
9632840	9642800	They say because Nixon was crazy enough to show a comedian bodies that whoever was in charge said, well, that's not acceptable behavior.
9643180	9646000	These presidents are just short-term people.
9646720	9648960	You can't be letting presidents run this thing.
9649280	9651480	And the 70s do take a turn.
9651700	9652320	That's right.
9652500	9662900	And I think that scene showing up in this movie is kind of an endorsement that it happened because the movie wasn't outside of a few cases.
9663000	9669940	It was like Roswell, Kecksburg, stuff that if you spend a few days on UFOs and you study those cases, you're like, they happened.
9670160	9672680	They said a civilian was in charge of Kecksburg.
9672680	9677300	I thought that was Dr. Eric Walker, maybe, who is Penn State and probably Majestic 12.
9677540	9684260	But in the case of this, you know, Jackie Gleason Nixon thing, Mark Feltz was the deputy director of the FBI.
9684540	9686440	And he was deep throat. Yeah, exactly.
9686540	9700460	So he was, you know, Bob Woodward's source, which is makes the whole thing, calls the whole thing into question because Bob Woodward was in the Office of Naval Intelligence spy ring or whatever before he became a journalist and was given the biggest story of, you know, the story of a lifetime.
9700460	9709440	time. And so I think in Mark Feltz biography, I think he talks about Nixon, you know, having seen
9709440	9715060	some covert technology as well. And so I and then, of course, you have Nixon wanting to,
9715100	9720080	you know, like JFK, not scatter the CIA to the winds, but reduce it by a third,
9720140	9724580	do real force reduction. And, you know, it's this age old story of those, you know,
9724600	9729580	civilian elected leader going into loggerheads with the CIA. And it never ends well for the
9730520	9740160	And so that little scene, making it in there, and after Beverly McKittrick has gone public saying, you know, I think this happened, maybe it did.
9740360	9755660	Maybe it did. But what's interesting, you mentioned Kecksburg and also Roswell. There's ample evidence, multiple witnesses for both of those, and the anomalous nature of both those well-established, you could definitely make the argument those are the real deal.
9755660	9765780	Now, the Jackie Gleason thing, not so much. So it makes me say Spielberg must have known something from somebody to say, I'm going to put that in.
9765800	9785060	When you have two things that are like really real, a third thing in the Nathan Twining thing, probably some other Easter eggs were missing. And then you have this one thing that was apocryphal included there. I bet you. And, you know, we all think that Spielberg has some sources. That story probably happened. And Jackie Gleason, I guess, according to his ex-wife, we were talking about this last night.
9785660	9790940	And you reminded me that like he couldn't sleep, according to his ex-wife, for weeks after that.
9791000	9794700	And then he built a house shaped like a UFO in upstate New York.
9794820	9799720	He had a library of 5,000 UFO books, if you believe what was stated.
9799920	9804980	That's a pretty big, I've got a, my wife already complains my UFO library is too big.
9805060	9806440	And it's a couple hundred volumes.
9806640	9809380	I can't even imagine what she'd think of 5,000.
9809400	9809920	That's a lot.
9810160	9810700	There you go.
9810700	9820000	But it is kind of interesting, though, because it would undermine Steven Spielberg's whole concept that, hey, this is the truth, folks.
9820120	9829960	If he put in something that was obviously comedic and not true as the one piece of evidence, you know, there are two pieces of evidence that Josh shows his girlfriend.
9830140	9832700	And one of them is the alien sort of being tortured.
9832760	9834080	But the other is Gleeson.
9834180	9836580	Why would you do that if it didn't stack up?
9836700	9837940	I think it does stack up.
9837940	9843400	I think when the history books are written, rewritten, they're all going to have to be rewritten in the years to come.
9843840	9846140	That'll be a couple of pages in one of them.
9846420	9846780	Absolutely.
9847120	9852360	I want to go back to something that you were talking about with the predictive programming and Simpsons and all that kind of stuff.
9854240	9858140	We had Ernie Klein, who you may know, Ready Player One.
9858200	9858960	I know who he is.
9858960	9859380	He lives here.
9859400	9860420	I guess he's in Austin.
9860520	9861300	Yeah, he lives down here.
9861480	9862560	He's moving though, I hear.
9862560	9886380	Yes. We had him on for an episode to talk about this before Disclosure Day. We were like, okay, well, let's talk about what we think Disclosure Day is going to be. And he'd obviously work with Spielberg on Ready Player One. So he had his own insights and opinions. And he said something that blew my mind that I had never considered. And he said, I've always thought of like writers being remote viewers, right?
9886380	9904280	That we are unwittingly, we're sitting there and we put a little bit of intention on an idea and suddenly we're jumped to the future where we're seeing an event play out, which may either be the movie finished or the book finished or based on an actual event.
9904620	9908940	And so then we get an idea and it's like, oh, I'm going to write this out.
9909060	9914400	We think it's just inspiration, but in fact, we're seeing into the future potentially.
9916380	9920520	never thought of that. But one of the things that comes up in Hollywood all the time is
9920520	9927100	these weird confluence of everyone seems to have an idea at the same time, right? Suddenly it's
9927100	9931220	like everyone's making Westerns or everyone's making a new sci-fi thing. There was the whole
9931220	9936880	thing when we were looking at the abyss, all of, no one had made movies about USOs and then
9936880	9942420	suddenly everyone's making movies about USOs. Why? Somehow it's in the collective consciousness.
9942420	9969460	Yeah, it's like the invention of the wheel and, you know, disparate places at the same time. There's some sort of, it's like, you know, the word genius, if you go back to the etymology of it, it's attendant spirit. And it's like, we're vessels and you're lucky if you catch the idea. But the idea is sort of this cloud that passes you by and you either, you know, inspiration finds me when I'm hard at work or whatever. You can meet it halfway or you can miss it, but it's there.
9969460	9976020	But it's there. That reminds me, remember, what does Coleman Domingo say to Emily Blunt? You're just a passenger.
9976360	9997000	That's right. You're just a passenger. Yeah. That's wild. Yeah. And then she has to like, there's something about your life, which you sort of just articulated. It doesn't make sense, you know, leading up to some moment of, you know, as the Greeks would call it, noesis.
9997000	10001860	basis where you, you, you gain knowledge of like your soul, your soul, and maybe your soul's
10001860	10007020	purpose on earth. And they have to go back and re-experience their abduction or their alien
10007020	10012560	encounter because they've been sort of seeded with this mission to disclose and they needed
10012560	10019200	to be activated. And so, uh, it's so fascinating. It's like, uh, it's all this like time loop,
10019300	10023960	you know, you have these two end points. Yep. And I, when I saw the movie the second time,
10023960	10041880	I noticed a couple of things I thought were interesting. One is when Coleman Domingo says, you need to go back, you need to go home to discover your destiny. What he's sending her to is an alien spaceship, or at least the memory of one. It's like, why is that home?
10041880	10059460	Right. Right. Like, because then you start to go, okay, well, we're just a passenger, right? We're not really a fully developed human until we're activated. And then we have our higher sense of purpose and our powers and whatnot. And now you are a full bodied, you embody that being.
10059460	10089440	It's so wild. And then it's wild that there are the John Harringtons out there. Maybe, you know, Harold Malmgren, you know, as he was dying, essentially, called me and he said, you know, he had this precocious knowledge of like atomic stuff. And he wrote to the Atomic Energy Commission. They wrote back and he goes, that's when my name started to, he went into the files of the CIA. And then he goes, not just the CIA, but the majestic, the ones that took it upon themselves to guard the secrets of the CIA.
10089460	10096960	the guardians of the world and so it's like are there people you know humans in elite military
10096960	10103940	intelligence and scientific circles that are sort of reality managers it's a weird concept it is
10103940	10109260	i got a question for you there because we saw it together and what what do they say in it he goes
10109260	10115140	coleman de mango says it's the two of you it's always been the two of you the only way for you
10115140	10117720	You don't know your purpose is to go back to where it all began.
10118340	10119340	It's the two of you.
10119420	10121700	It's always been just the two of you.
10121760	10122060	Right?
10122080	10122240	Yeah.
10122320	10126580	So my question is, and I was just wondering because we both had overnight to think about it again.
10126680	10126820	Yeah.
10127700	10130200	What about all the other people that have been abducted?
10130200	10131540	Where do they fit in this?
10131660	10132780	It's always you two.
10132900	10134920	I mean, what were they abducted for?
10135160	10135560	Yeah.
10136200	10136980	What's the point?
10137040	10138640	Are they all going to be triggered?
10138880	10142460	Is that what was the director saying here?
10142480	10142980	I don't know.
10142980	10145820	You know, there's this Hansel and Gretel sort of, you know.
10146080	10147460	Which has got to be a spacecraft.
10148020	10148380	Yes.
10148580	10149360	That's what it was.
10149460	10152620	It was a false image of a house.
10152740	10158400	Like, oh, look, this beautiful little, like, you know, gingerbread house with the animals leading you into it.
10158420	10159360	And she's just a little girl.
10159440	10159580	But not.
10159780	10161380	Then you get inside and it's a spaceship.
10161500	10166840	But not every abductee is, you know, it's not all cookies and milk, you know, for them.
10167000	10168980	A lot of them are traumatized.
10169060	10171800	So I just kind of wonder where they fit in this truth.
10172480	10172840	Yeah.
10172980	10175500	It can't just be about just two people.
10175600	10176560	No, clearly not.
10176580	10185940	There's all this, if anything, and by the way, I think we should say this, Disclosure Day is not a perfect film, but it is an important film.
10186060	10186420	Okay.
10186520	10188980	You know, people can disagree about the film.
10189080	10194380	They can argue about train wrecks and car chases and all that stuff and whatever, you know, whatever.
10194740	10196840	Everybody's going to have a different experience with film.
10196960	10200500	That's the one thing, you know, I've certainly learned in my career and you have too, Brent.
10200500	10204640	It's like you put something out there, not everybody's going to see it through the same eyes.
10204740	10205760	I get that.
10205840	10213560	But it's an important film because what Spielberg has said is, I'm going to call it Disclosure Day, and I'm going to tell people that it's the truth.
10213860	10219020	I mean, he's done dozens and dozens of interviews, and you've seen a bunch of them.
10219040	10220760	And he's like, it's all about the truth.
10220880	10221560	Well, okay.
10221660	10226900	I think we could debate the truth about it's always the two of you, you know, the details.
10226900	10254080	But the big truth that he's got in there is this thing is real. There is evidence, lots of evidence, and it's been going on for a very long time and it's coming at you. Well, that's probably what we need right about now. We've got the age of disclosure kind of documentary effect coming out. We have Spielberg, for whatever reason, saying my movie's the truth. I don't believe everything in his movie is the truth, but I believe the big picture is.
10254080	10275080	And I and that's kind of what is kind of percolating through the culture right now. We're at this inflection point right now, Jesse, at least it's it feels like it to me that things that especially having written a book about disclosure, Richard Dolan, I mean, we thought about this for a long time. It does feel like the moment is is coming.
10275080	10282000	me uh yeah i'm not sure yet exactly how we get there but i don't see how you as they say put
10282000	10288280	the toothpaste back in the you know yeah but you do use the analogy of uh hard cut or slow dissolve
10288280	10292940	into after disclosure right and i would say it's definitely a slow dissolve it seems like
10292940	10297640	there's there's no um and it's because it's such a personal process it's a bunch of people being
10297640	10303340	activated on an individual basis and we sort of do create our own reality and you can ignore this
10305080	10307700	the longest time until it's staring you in the face.
10307940	10311560	We are clearly living in a slow dissolve, but the interesting thing is we could have
10311560	10312980	a hard cut any second.
10313100	10317960	Imagine if an event like the Phoenix Lights happened today.
10318540	10320760	Imagine if it happened, we're in Austin.
10320980	10327220	Imagine tonight in Austin, a large triangular craft slowly goes over and everyone gets a
10327220	10328960	good look at it and they take pictures.
10329120	10331740	That's not going to be put away like the Phoenix Lights.
10331740	10347580	That's the part of the forcing function for some of these whistleblowers to come out is they're probably like, this stuff's going to, you know, get open source. The world is full of smartphones at this point. We have satellites everywhere. Have either of you seen the Netflix show Dark by any chance?
10348080	10359100	Yes. Yeah. We, we, we talked about it. We went down a whole rabbit hole in one episode about that show. And so we went and watched a bunch. I binged it. I had barely heard of it. And then it came up.
10359100	10361500	Well, there's a little backdrop.
10361600	10364320	Then we should talk about the actual core concept.
10364480	10371360	But at one point, Coulthard calls me up and we'd have these signal chats and all that.
10371420	10373220	I'm not violating his confidence or anything.
10373420	10375160	This was a while ago.
10375300	10382000	But he said that in the period of about, I think it was about a two-week period, he had three separate independent sources.
10382460	10382960	Okay.
10383040	10387600	So they weren't, I mean, they could have been coordinated, I suppose, by unseen forces.
10389100	10392680	his high level people in the intelligence community,
10392880	10396220	but they were not people in his mind who knew each other.
10396300	10398480	They were separate and had been kept separate.
10398600	10399940	He said in a two week period,
10400420	10402680	all three of them had said to him.
10402720	10404720	So I guess maybe this was part of the playbook,
10404780	10405640	but they had all said,
10405680	10406100	well,
10406180	10408400	if you really want to understand what's going on,
10408520	10410900	watch this Netflix series dark.
10411600	10415780	Which is kind of crazy because I've got friends who have tried to watch dark
10415780	10416240	and they're like,
10416260	10416400	I,
10416400	10417060	well,
10417280	10417660	I mean,
10417680	10419000	I don't even know what's going on in that.
10419100	10424780	thing i it uh it has the opposite effect for me it freaks me out because it feels so true it does
10424780	10431940	and some of these other things are like you know they use ideas that seem true and those are
10431940	10437200	elements and threads and whatever the dark feels so close to the bone to me that it freaks me i
10437200	10441820	have like a visceral almost allergic reaction absolutely but like also like i you know gotta
10441820	10445900	you know kind of peek a little bit and i'm like there's there's definitely something really you
10445900	10447420	you know, true going on there.
10447460	10450180	And what makes it so strange and unnerving
10450180	10453600	is that you see that there's these multiple timeframes.
10453680	10455540	I believe there's three in the Dark Series.
10455720	10457340	And they're folding in on each other
10457340	10458960	and they do impact each other.
10459040	10460920	But the future impacts the past.
10461060	10462820	The past impacts the present.
10462900	10463080	Yeah.
10463080	10464240	The present impacts both.
10464780	10468500	They're like multiverse split tests between people.
10468600	10470860	And like somebody could, you know,
10470860	10472640	commit suicide in one timeline
10472640	10475300	and that affects this other timeline in this weird.
10475900	10481040	And then they're like reality managers in a program involving nuclear and time manipulation.
10481420	10489040	And it all comes down to these factions, one that wants to, again, that's kind of pro-apocalypse, one that sort of wants to deter the apocalypse.
10489420	10492280	And it just feels very right.
10492480	10497940	And to put it square into what, you know, ufology is all about, what's the core concept?
10498240	10500900	The risk of nuclear energy.
10501200	10501580	Yep.
10501660	10501960	Yep.
10501960	10508860	which seems, I don't know who all these others are, but they seem to be interested in nuclear
10508860	10512620	power and nuclear weapons. They're extremely interested. And I always want to mention
10512620	10520340	Robert Hastings' amazing work who documents 160 plus people who are on the PRP program and work
10520340	10526300	at nuclear bases, PRP being personal reliability. They have to report if they're taking ibuprofen
10526300	10531800	or anything, and they're guarding the crown jewels of American defense, and they all see
10531800	10535780	tic-tacs, saucers, orbs. This is ubiquitous. It's all over the world.
10536040	10541400	Yeah. You know what? Because we all have friends that are skeptics, and that's okay. I mean,
10541420	10547400	skeptic is fine. But the thing that really gets a lot of people when I'm talking to people and
10547400	10552880	they're like, well, I don't know why. I'm not like you, Bryce. You know more about, but I don't
10552880	10557240	don't really pay attention to that. I just say, well, okay, we can prove beyond any shadow of a
10557240	10561460	doubt that they're interested, whatever they are or wherever they're from and whoever's in them,
10561540	10567260	that they're interested in nuclear weapons. Okay. And then, and they've shut off nuclear weapons or
10567260	10572620	shut or turned on nuclear weapons. And you got to say to yourself, you have, do you really want
10572620	10579200	to believe that the people we trust to fire nuclear weapons are so incompetent that they,
10579200	10581080	They would lie about this.
10581100	10582840	And the same thing about Roswell.
10583000	10599540	It's like, were the people at Roswell who were the only people running a nuclear bomber base in the world in 1947, were these intelligence community people at that base so stupid they couldn't tell the difference between a crash saucer and a weather balloon?
10599720	10600100	Yeah, right.
10600740	10602380	You can't believe that.
10602480	10604360	You've changed your story five times now.
10604360	10607000	The official story has changed so many times.
10607140	10608400	It's so laughable.
10609200	10612080	Like, oh, it was like, you know, Russian.
10612380	10620000	And there were these kids with like this sort of, you know, progeriatric disease where they were aging fast.
10620060	10621460	So they look like gray aliens.
10621520	10622680	Like, oh, come on.
10622860	10625260	Go with the mogul, you know, weather balloon thing.
10625420	10626500	That's a great leap.
10626560	10628400	Or they were crash dummies or whatever.
10628580	10630500	I will say I want to give Spielberg props.
10630720	10633660	I really enjoyed this little sequence with Roswell.
10633660	10639380	because we know anybody who's studied it knows that kind of film exists.
10639700	10641620	Now, he had to recreate it.
10641700	10644620	But again, someday, hopefully in my lifetime,
10645200	10650560	those will be the kind of film documents that get released onto that government website.
10650840	10653500	And we can all look at that stuff and we won't have to go,
10653620	10654460	well, what do you think?
10654500	10655080	Do you think maybe?
10655240	10655560	Do you think?
10655640	10656460	We'll just know.
10656680	10659380	Well, Harold Malgrim, not to keep shilling this one interview.
10659620	10661120	No, that was a great interview.
10661140	10661520	It was great.
10661620	10663120	He was amazing.
10663660	10670840	He said that he saw footage of an alien, the one surviving being from Roswell being interviewed.
10671160	10688660	And he, the being, the gray alien gave the intelligence community or whoever was interviewing that being the idea to shoot UFOs out of the sky using this X-ray projection system they used in the high altitude nuclear tests of Bluegill Triple Prime.
10688960	10690660	And which is crazy.
10690760	10691560	That is totally nuts.
10691560	10716840	So he told Pippa that his daughter, uh, Harold, and that he saw the video himself. And it's just so, so fascinating. Um, that was, uh, but again, you know, here's the problem. That was a great interview, by the way, that, that, that had me riveted because it was good, but also because it sort of validated this, this, I, this connection, this JFK UFO connection that we'd sort of supposed.
10716840	10719780	and then we're like, well, we just kind of made that up.
10719800	10722540	But then it looks like, no, we were, what'd you call it?
10722640	10723380	Predictive programming.
10723640	10726320	We were like almost predictive programming of it.
10726500	10731000	And, but you have a great interview, got a great source.
10731160	10733940	And yet what happens when that kind of story comes out?
10734080	10735360	We still get the debates.
10735520	10736460	Well, I don't know.
10736520	10737200	He was old.
10737280	10738660	He was this, he was that.
10738860	10739080	Yeah.
10739140	10742120	And I can pretty definitively debunk all the debunks.
10742140	10743320	I think they're lazy and sloppy.
10743460	10744660	I think they were coordinated too.
10744660	10770260	They came out like very like immediately. The research started when I did the interview, which was not public. Nobody knew I was doing that. I would say for a few people. And then it came out right after I did the interview. And there are all these things like, you know, you could FOIA the guy's Q clearance, which is not the case if he was what I think he was intelligence wise. I think he was probably not official cover CIA.
10770260	10775080	CIA. You know, he's very close with Richard Bissell, who's the deputy director of the CIA.
10775480	10781140	Literally, I was in the interview holding Paul Mellon's walking stick, which he brought in,
10781240	10785760	which Paul Mellon founded the CIA. So like, and he's talking about his best friend, Tom Farmer,
10785820	10791080	who was CIA. So like, there are all these ways in which he, you know, the guy would be pretty
10791080	10795580	off record, covered his tracks. And it was just, you know, there was this hit job written about him
10795580	10799700	where it was like, I talked to an archivist and they had never heard of the guy. And he wasn't
10800260	10803960	like what do you mean you don't get like a report card around your conversation with
10803960	10808700	lemae during the cuban missile crisis it's so it was so ridiculous and then they changed his
10808700	10813580	wikipedia page which is the first thing that a lot of people look at after they see an interview
10813580	10821660	like that and it just felt totally coordinated i think it was i mean i remember sort of seeing
10821660	10829040	your your show and then saying okay what's the pushback and it did feel like people were sort of
10830440	10831840	gathering the wagons around.
10832040	10836220	Right. I think that's probably going back to kind of just the concept of disclosure.
10836900	10841880	That's one of the hardest things about disclosure because I don't feel that there is an objective
10842580	10849760	truth in all of this. I had mentioned before, a couple of times in my life, I've had these weird
10849760	10854600	downloads that were not stories where I just kind of dropped up a story. It was more that voice just
10854600	10859680	talking in my head. And there's been three of them. The first one that I ever got was,
10859700	10862900	I was just out of high school and it didn't make any sense to me, which is,
10862920	10869940	was the voice was reality is subjective. Now this is before quantum physics. I didn't understand
10869940	10876080	what that meant, but I remember getting like just a sense of, oh, this will all make sense
10876080	10879980	to you at some point. Like, don't focus on it now. We're just planting the seed.
10880600	10886860	I think the problem is, is that Bryce and I have experienced this, even with JC. We both remember JC differently.
10887520	10888040	Slightly.
10888260	10888780	Slightly.
10888820	10903740	Slightly. But that's telling, like something that was so seminal to both of us. We have both different slight interpretations. So that Rashomon effect of like anything that happens, you see this a lot with people that have UFO experiences, right?
10903800	10904100	Absolutely.
10904100	10904320	Absolutely.
10904600	10907080	You're experiencing the phenomenon.
10907300	10910000	You're seeing it through your filter, right?
10910160	10910420	Yeah.
10910520	10916920	And so it's an event and there's a consensus to it, but everyone takes home their own memories, right?
10917080	10929040	And then you have Mandela effects where you have literally like air pockets of different consensus reality where, you know, some people don't remember South Africa's unification involving Mandela.
10929120	10930760	They thought he died in prison or whatever.
10930760	10934100	It's like a whole large group of people out there.
10934180	10938760	And then you get into what constitutes evidence for what actually happened.
10938940	10940920	And in certain cases, you have physical evidence.
10941160	10943740	In other cases, you don't have any physical evidence.
10943920	10948480	So then you get into these sort of tree falls in the woods, but nobody's there to hear it.
10948540	10949280	What does that mean?
10949580	10956000	And there's this neuroscientist, Wilder Penfield, who says that your false memories are indistinguishable
10956000	10959880	from real ones, and you can implant false memories.
10960760	10966860	get in a really trippy kind of Descartes demon territory where like maybe reality, maybe there
10966860	10972600	are probable futures and probable pasts and a constricted present. And you have this zero one
10972600	10978640	flipping and it flips to one in the present, but the past is like a much wider probability range
10978640	10983440	and the future does too. And a lot of the quantum mechanics kind of godfathers flirted with ideas
10983440	10989100	like this. And so, yeah, I mean, I think that's a model of reality that will become consensus.
10990760	10992320	It just jumps on what you just said.
10992740	10999920	The second one I got, which was the download, was you have everything you need, right?
11000120	11002400	And what I took that to mean was it was about me.
11002520	11007420	But in the years past, I was shown some weird images and whatnot.
11007920	11018360	And what I take that to mean is that we don't need all of the technology we use to manifest the powers we already have, right?
11018360	11047000	The internet connects us to a body of knowledge. It's a manifestation of the collective consciousness. And all our communication tools allow us to talk to people we can't see thousands of miles away or whatever. We use those because we don't believe we really have the powers. But guess what? We built all of this stuff collectively with our own intelligence. And it represents for us in a material world how we can do all of the things that we actually can do, but without letting go of those things.
11048360	11052560	that's the thing, everything we have. And by the way, Emily Blunt's character, when she's activated,
11052880	11059260	she suddenly can see things and make people, you know, feel other people and all of these
11059260	11063360	things that would make the world a very different place if everyone was activated.
11064080	11073060	So the third one was very simply timelines. Okay. And it came to me at a place where my whole world
11073060	11076400	shattered for two hours where I was experiencing multiple timelines.
11078360	11081880	the singular most scary, disturbing experience in my life.
11082000	11083720	How did you experience multiple timelines?
11086080	11091780	Well, I was, and this is the keel thing, keel factor.
11092680	11097520	I was researching the formula, the thing that the guy gave us.
11097620	11097860	Whoa.
11097900	11099400	We lost it for years.
11099500	11100980	It was lost for years.
11101280	11102540	Well, how'd you get it back?
11102800	11104700	Well, that's a whole crazy story.
11104780	11106280	Ultimately, Bryce is-
11106280	11107800	We will tell you that in a second.
11108360	11114340	good story yeah bryce will tell that part of the story but what happened was is that it's back in
11114340	11120100	my life where everyone's trying to make sense of it i'm in an airbnb in la one night and i'm
11120100	11124740	researching it because we're going to be doing a podcast and i'm thinking you know we wouldn't
11124740	11127780	figure it out when are we going to talk about it we're waiting for all this research to come in so
11127780	11136240	i'm doing some my own research and all of a sudden i see um i get a chime on my um my slack
11137000	11143360	and my day job is i'm working on a call of duty game i can't talk about it but um there's people
11143360	11148120	all over the world working on call of duty at all times so it's kind of funny we can talk about the
11148120	11150420	nature of reality but don't talk about calling
11150420	11161660	but i am i'm i get this chime on my laptop as i'm researching and it's like one in the morning
11162440	11189480	So somebody in Europe or whatever has come online and they're sending me a message having a question about something. So I read the question and I'm like, well, I'm up. Right. So I'll answer it. So I go back to my research and all of a sudden, ping, I come back and it's like, the person's like, what you said does makes no sense. I'm like, okay, well, maybe I'm tired. Let me read what I said. I'm like, well, that's not what I just wrote. That's not what I wrote. And I'm like, okay. So I correct it and I send it back.
11190380	11195820	and then comes back and he's like, now you're really confusing me. And I look and I read it
11195820	11200360	again and it's like nothing that I have. Now, first of all, his original message is different
11200360	11210640	now. And I'm like, okay, this is weird. Am I, am I really tired? Right. Am I hallucinating? What's
11210640	11215180	going on? So I go and I, okay, hold on. I go to another Slack channel and I'm like, okay,
11215180	11217200	okay, I'm going to go to like my creative director.
11217300	11218900	We have, we're talking all the time.
11219100	11221660	So I go and I start reading the messages and like,
11221700	11223440	I don't recognize our conversation.
11223500	11226060	We're talking about things I don't, I've never heard of before.
11226200	11227060	And what are you talking about?
11227400	11229800	The game, but levels that weren't built.
11229840	11232540	Like just, it's, it's all like, he knows me.
11232600	11237440	I'm having that relationship, but this is not the reality that I am living in.
11237520	11239160	When you get back to your reality.
11239260	11243480	So I'm like, now I'm starting to get like a little like shaky, like either A,
11245180	11247780	a psychotic break, which I can never discount.
11248040	11255540	Um, but, or I'm like, I'm thinking to myself, do people become like get Alzheimer's like
11256000	11256380	overnight?
11256580	11259520	Does that, or like, is there, I kept thinking, wait, no, it's early onset.
11259620	11261380	Like this, what is happening to me?
11261540	11264860	So I'm like, okay, I have, I'm not going to look at this laptop because then I'm thinking,
11265540	11266380	oh, you know what?
11266500	11269140	Somebody out there is, is screwing with us.
11269200	11270060	We are watching you.
11270120	11271300	Someone's messing with me.
11271340	11271640	Right.
11271680	11273560	Some, so I go to a different device.
11273620	11274300	I go to my phone.
11275180	11277720	I'm going to look at the text from my wife.
11277880	11279580	Like I can trust that, right?
11279920	11282900	So I look on the phone and we're talking about a dog we don't have.
11283300	11283780	What?
11284380	11286540	We have a dog, but it's not the dog.
11286700	11293780	So now I'm like, okay, so two devices are polluted with things that I can't comprehend.
11294360	11297200	And I'm starting to really freak out now.
11297500	11299880	I'm like, okay, what's going on?
11299960	11301420	I'm looking at different Slack channels.
11301420	11307820	And the more I stare at it, the more things become like even wildly different.
11308080	11313640	So you popped into a different timeline, like your body was ported into another timeline.
11313660	11317480	But there was no moment where it was like, I was just researching.
11317600	11321620	All of a sudden I get a ping on a Slack and that like the whole thing took me down this.
11322560	11324080	So all of this is happening.
11324220	11326240	And I am, and by the way, I'm in an Airbnb.
11326580	11329720	It's like by now it's like after 2 a.m.
11333420	11339240	I'm in a different timeline. Don't call me. Yeah. I'm not going to call you. I'm not going to call
11339240	11344220	911. Like I I'm thinking if I tell anyone what's going on, I'm going to be in a straight jacket.
11344240	11349200	Like they're going to think I'm insane, but I don't know how to get out of this. So I get up
11349200	11353900	and I start, I'm starting walking around and I'm like, I'm not, I'm, I'm checking. I'm like, okay,
11353940	11359020	my heart's fine. Like I'm, I'm doing things like I'm pinching myself. I'm not dreaming. I'm doing
11359020	11364120	doing all these checks just to make sure this is really happening. And it really is. And every time
11364120	11369800	I go back to the computer, it keeps changing. It's all these things that I'm not familiar with.
11370500	11375320	So I'm like, okay, stop. I'm going to go take a shower. I'm not going to look at any of this
11375320	11380280	anymore. I'm going to shut down all my devices. I'm going to just take a shower and I'm going to
11380280	11385520	hope and pray that if I can go to sleep, when I wake up in the morning, everything will be reset.
11385520	11390160	that. Like that's what I'm, the mantra I'm telling myself. I get in the shower and I'm kind of like
11390160	11400600	trying to wind down and I hear that voice say, timelines. I'm like, what, why did you feel the
11400600	11406460	need to show me? Like, I did not like that at all. I get into bed. I'm thinking about this. I fall
11406460	11412540	asleep. The next morning I wake up and with dread, I'm looking at my devices going, if I open those
11412540	11414880	and it's all, I'm in a different timeline,
11415180	11418040	I feel like I'm going to lose my mind
11418040	11419740	or that I've lost my mind.
11419880	11421820	So I boot everything up
11421820	11423980	and everything is back to normal,
11424040	11426200	but only 99%.
11426200	11428900	There's a few weird little references
11428900	11430700	that feel like artifacts
11430700	11433660	left over from another timeline
11433660	11435200	or that I've gone to a timeline
11435200	11437460	that's almost close to mine,
11437600	11440380	but it's not 100%.
11440380	11441780	Had to be reconciled.
11442540	11445420	Well, it was good enough for me.
11472540	11477180	AC had given you and you're trying to interpret it. Over 20 years earlier. I have to ask,
11477260	11484500	what do you guys think this document means? Well, okay. So a real quick, this shows the
11484500	11492180	power of $500 because Brent was supposed to have put it in a safe deposit box and he lived in LA
11492180	11497580	and we went on about our lives because we didn't know there's no internet. What are we going to do?
11497580	11504360	And we're both raising families and we got work to do. So it's in that safe deposit box. He moves.
11504540	11505500	The message.
11505500	11531040	Yeah, the back of the envelope. And then he moves and I look, you know, and he takes it with him. Okay. And we don't talk about it. We don't revisit it. We don't fondly go there and look at it and think about it. He's doing his thing. I'm doing my thing. Life goes on. Right. And about, I guess this is two and a half years ago, I decided I was going to write a book about Hollywood and UFOs.
11531040	11553280	He's calling it strange visitors. And so, of course, I want to see this thing. Right. So I call it Brent and I go, hey, man, you've had it a quarter of a century. It's my fucking turn. Sorry, but it's my turn. I want it. I want to look at this thing. He says, OK, yeah, I understand. He can't find it. OK, because he's got a different safe deposit box up in Washington.
11553280	11556800	Washington. And I get a little steamed. I mean, to be honest with you, I mean,
11556880	11565000	my threats got increasingly irritated. I was like, it's really my time. I really, it's important to
11565000	11572000	me for this book that I see this thing. And he wasn't able to find it. And I told you about
11572000	11577780	giving my son $500 to do the crush thing. You're leaving out one part. What precipitated that was
11577780	11580980	you said, you know what? You need a second set of eyes. I'm going to come up there and go through
11580980	11581220	Oh, yes.
11581220	11582060	All your stuff with you.
11582060	11583120	I threatened that I would do it.
11583120	11584460	Okay, well, that's where we're drawing the line.
11584660	11590120	And you were like, but I said, but my daughter's coming home for the summer from college.
11590820	11591920	What could we do with her?
11591960	11595000	And I said, I'll give her $500 if she finds it.
11595080	11596420	And she found it.
11596440	11597280	She found it.
11597320	11598040	She found it.
11598060	11598540	She saved the day.
11598700	11599400	She saved the day.
11599460	11604420	And a really funny little detail was, you know, in Washington, it rains a lot, right?
11604560	11604880	Mm-hmm.
11604880	11612120	Um, so the back of this envelope, it was, uh, like I said, it was an ATM like deposits.
11612220	11613720	With the little sticky on the other side.
11613740	11614220	So it had stick them on it.
11614240	11614640	Okay.
11614820	11618240	So that's what this formula was written on.
11618360	11623660	It went into a small Manila envelope and it was in one of my boxes, right.
11623740	11624620	In, in my office.
11625100	11629760	Um, when it got moved out of the, the safety deposit box, which my wife did.
11630120	11631420	And she said, oh, it's in one.
11631420	11635660	So when I went and looked through all my boxes in the garage, I couldn't find it.
11635700	11637620	And I like went through it twice for Bryce.
11638740	11639860	My daughter came in.
11639900	11640680	She was very thorough.
11640840	11645240	She went out there with like a headlamp on and gloves and going through everything.
11645600	11649600	And on the second day looking for it, she comes back in and she goes, is this it?
11649920	11651380	I was like, what?
11652140	11657940	What had happened was it had come out of the envelope and it had gotten moisture on it.
11657940	11661420	So it had stuck to the back of a book because it had the stickum in it.
11661720	11666240	So I found the envelope, which was empty, and I threw it back in there.
11666320	11669600	And so she found the envelope and she's like, okay, I'm going to look around.
11669640	11677000	So she started shaking everything and it fell off the back of a book that had a white backing on it so that you wouldn't even have noticed it.
11677740	11679600	And that's the only way that we found it.
11679640	11680800	I would say this.
11680920	11681420	She's amazing.
11681420	11697940	We are close to stopping any charade that we're having about, you know, putting, we're going to put it out. We're not going to sit on it. We're going to, you know, we're just going to do a show and bring in the people that have consulted with us and voice everybody's opinion.
11698040	11699060	I'll be tuning in.
11699320	11701760	Well, you can be one of them. How about if you're one of them?
11702140	11705020	Please. We'll send it to you and we'll let you do something.
11705040	11706640	Oh, that'd be awesome. I'd be honored.
11706640	11713160	I think the thing that we're working through right now is to look at it in one way.
11713240	11716940	You go, okay, I could interpret that as something about consciousness or whatever.
11717100	11720400	I think you could make that argument that what you see there.
11720500	11721000	And by the way.
11721300	11722960	It's oddly similar to the Tesla.
11723280	11723720	Yes.
11723720	11724600	Yeah, very similar.
11724600	11725460	Everything is frequency.
11725620	11726060	Yes.
11726080	11729120	If you want to understand the secrets of the universe is what he says.
11729220	11729440	Yes.
11729440	11731860	Think about energy, vibration, and frequency.
11732300	11732380	Frequency.
11732380	11737380	So this guy, JC, might have been a Tesla devotee.
11738060	11738580	Who knows?
11738820	11744000	But as I look at the thing, I do think consciousness is part of what it's trying to make.
11744220	11744840	But then-
11744840	11746940	And it's math and-
11746940	11749380	It's more like hieroglyphics.
11750080	11751480	But it's not hieroglyphics.
11751480	11751880	It's not hieroglyphics.
11751880	11753620	It's not Egypt or anything like that.
11753620	11768920	So one of the first pieces of research we got back on it was like a 20-page thing, whatever, that broke into like the three main ways to interpret it are astral dynamics, quantum physics, and transcendentalism.
11769880	11773840	But now here's the way I kind of look at it is you look at this envelope.
11773980	11776280	And by the way, it is exactly the envelope.
11776280	11781520	up. I mean, when I saw it, I went, that's it. And we have other people that we showed it to at the
11781520	11786560	office who also, you know, there's been no switcheroo. It's the thing.
11786680	11788200	I didn't sketch it, a new one.
11788200	11794340	Nobody sketched a new one. But when I look at it with fresh eyes today, knowing what I know now,
11794480	11799680	I do feel a consciousness part of it. But what I'm having trouble, and I don't know about,
11799820	11803820	Brent and I haven't spoken about this shit, I'm having trouble reconciling the concept
11803820	11810360	that the secrets of the universe are sound, light, and frequency, and how that relates to what I'm
11810360	11815420	seeing in the, we'll call it for lack of anything better, the formula. In other words, if you just
11815420	11822260	gave me the formula, I'd probably already have a good concept. But now I'm saying, but he, JC said,
11822760	11827980	it's the secrets of the universe, sound, light, and frequency, and here's this thing I wrote.
11828220	11832320	Those are three different inputs, secrets of the universe, sound, light, and frequency,
11834540	11841040	So, you know, my brain is only human. You know, I'm only able to perceive it on the level that I can perceive it.
11841040	11843180	Is it only hieroglyphics?
11843220	11844460	It's not hieroglyphics.
11844800	11846720	That's what it looks like.
11846760	11848620	There are symbols that are common symbols.
11848840	11849240	Okay.
11849240	11853500	These are not where you go, wow, where is that from? No.
11853640	11854540	Can you give us one example?
11854540	11864000	example um yeah um yeah one of them the bot what the bottom one is a is a black blacked in box
11864000	11873720	right okay also the um what is it the symbol for ohm ah yeah is in there inverted wow so there's
11873720	11880740	a very weird quality so you and i told jesse more than any i know yeah well but that's fine like
11880740	11881540	Like Jesse deserves it.
11881600	11882740	Good for you, my friend.
11882740	11884140	We're giving you a little teaser.
11884400	11885120	A little teaser player.
11885120	11886740	Please get back to us with your assessment.
11886940	11887400	Yeah, yeah, yeah.
11887400	11887720	I'll tell you.
11887740	11888580	We would like to know.
11888900	11890220	I coded on the spot.
11890280	11896140	I think it's important to like point out like when people look at it, there is a Rorschach test to it.
11896200	11903400	Like people can see something immediately and other people go, I don't, this is the most impenetrable weird thing I can imagine.
11903960	11907440	I would like to just publicly make this offer right now.
11907520	11910080	I'd like you to be one of our panel.
11910740	11912420	I'd love, please. I'd be so honored.
11912420	11916400	I would like, all you have to do is just, we'll send it to you. Don't put it on your show yet.
11916480	11916820	Oh yeah.
11916840	11921920	Give us your input. We'll, when we go public, you can have at it.
11921980	11922540	I'd be honored.
11922640	11927080	You may have an opinion that, I mean, we're not, we're trying not to tell anybody what to think.
11927260	11931220	We're trying to just say, here it is. What's your thought? Because we, we don't,
11931220	11933300	we don't have a vested interest in it.
11933880	11939040	I'm so excited to look at it. I have to say it would be hilarious if JC was just like a local
11941040	11943280	He gave you like this Voynich manuscript.
11944280	11945680	Here's the thing about it, though.
11945740	11947360	When Brent described it, he is right.
11947440	11951880	The guy kind of turns around and did this, and it was 30 seconds.
11952020	11955200	And yet what he wrote is clearly intricate.
11955720	11962760	And so what that means to me is that quite likely J.C. had this in his head.
11962800	11964400	He didn't make this up on the spur.
11965740	11966620	Clearly premeditated.
11966780	11968920	Yeah, nobody made that up in 30 seconds.
11970740	11973800	on this paper that he was well aware of.
11973820	11974900	So he did that.
11975000	11977080	So there's thought that went into it.
11977140	11977320	Yeah.
11977360	11977720	And,
11977720	11978640	and to me,
11978660	11984200	that's the forethought is what's interesting because if he is or was,
11984200	11985420	if he's alive now,
11985520	11986400	but if he,
11986400	11988480	if he was the guy he said he was back then,
11988540	11989980	then he was deep into,
11991260	11992020	you know,
11992020	11994860	talking about the nature of UFO reality.
11995120	11995440	And,
11995440	11999920	and this is something he felt would cinch his case.
12000740	12005620	Yeah, that's right. He gave it to you guys with the implication being that it would be vindicated decades later.
12005780	12006960	And do you know how it was?
12007420	12008180	How was it?
12009760	12013800	So when we got it, it was what, the 90s? Mid-90s? Like 96, 97?
12013800	12016460	Yeah, 96. September 21st, 1996.
12016460	12027680	So the internet wasn't capable of searching images at the time. So there was this, we had this incomprehensible formula thing. But we had sound, light, and frequency. Secrets of the universe.
12027680	12034000	verse so what i would do is every couple months year whatever i would google with quotes sound
12034000	12038940	light and frequency sound light and frequency and i was just there was no hits right the first time
12038940	12047720	that i got a hit on that exact phrase in that order was in 2012 about 15 years in a white paper
12047720	12054220	for the discovery of the god particle whoa yeah interesting that's interesting so it was on the
12054220	12058520	CERN server and it was something about the sonification of the God particle.
12058700	12058920	Ah.
12059260	12061480	And it listed sound, light, and frequency.
12061800	12065380	Now, again, this is one of those weird coincidence things.
12065560	12070360	Could JC have just said this crazy thing with a bunch of hoots, but like, I'm going to give
12070360	12071580	these guys some crazy talk.
12072200	12080520	And then suddenly, about 15 years later, sound, light, and frequency is tied to a seminal
12080520	12084200	piece of quantum physics, the discovery of the God particle.
12084220	12084940	So fascinating.
12085480	12087000	I don't know how to explain that.
12087180	12087980	I don't either.
12088120	12090060	Well, I hope we can decode it.
12090120	12090440	We will.
12090560	12090800	Figure it out.
12091180	12093600	Now you're part of the secret decoding team.
12093840	12094240	Okay?
12094580	12096000	Think about that, my friend.
12096040	12097660	We'll do our blood pact after this.
12097680	12097980	Yeah, we will.
12098180	12099980	Yeah, totally.
12100560	12106980	Speaking of predictions possibly being vindicated, you had a show with Ross Coldheart.
12107120	12107200	Yeah.
12107220	12111040	He made a very bold, I don't want to say prediction, or it was like a-
12111040	12111360	Statement.
12111360	12118820	statement, essentially, that he knew unequivocally, without a doubt, that the Tic Tac, on which so
12118820	12123580	many people rest their conviction when it comes to UFOs, Steven Spielberg will cite this Nimitz
12123580	12132200	case in 2004 for his own reopening of interest in UFOs, in 2004 with David Fravor,
12132940	12137160	he said definitively that he knows that that is Lockheed Martin technology.
12137160	12142360	technology. He did even more definitive than that. I mean, this is the last show I ever did
12142360	12148920	with Ross, by the way, last need to know. And, uh, normally before a show we would discuss not,
12149620	12154020	not great detail, but we'd go, Hey, what do you think about we could do? Yeah. And then we could
12154020	12160360	talk about, okay, let's go. Right. So a little bit, but we didn't have time to do that or didn't
12160360	12165480	do that on this episode. And during the visual part of the episode, you can see Ross looking off
12167160	12172660	a monitor or something. And we're talking about other things, particularly the Chinese drone
12172660	12179180	explanation, right? And then about three quarters of the way in, he turns away and he looks,
12179280	12184500	he goes, Bryce, I can now state, this is the quote, I can now state categorically
12184500	12190480	that the Tic Tac is Lockheed Martin technology. I'm going to leave you with one thought today,
12190580	12196620	Bryce. I now know categorically that the Tic Tac is Lockheed Martin technology.
12197800	12206180	okay and if you watch the video you see me literally go oh boy i mean i just literally
12206180	12211520	it shocked me and you think him looking off was like it sure looks like inbound communication
12212100	12217600	confirming that it looks to me that way but i mean you know he he won't he never said that
12217600	12225340	that was the case and then so i i kind of first of all that kind of violates the etiquette rules
12227160	12227400	Sure.
12227480	12229300	To just sort of throw some, but that's okay.
12229420	12231580	You know, I mean, we're grownups.
12231600	12232640	We did that all the time.
12232720	12234820	We would sort of challenge each other and that was fine.
12235280	12240500	But then we talked for a little bit because I kind of, I was trying to organize my thoughts, how to even respond to that.
12241420	12243260	And then he said it again.
12243380	12248480	And he said, I can now state categorically that Tic Tac is Lockheed Martin technology.
12248760	12250420	So the same exact words twice.
12251000	12251400	Right.
12251400	12258400	Right. And, um, uh, I mean, I haven't actually talked about this, uh, but I will just say this.
12258420	12262400	I, afterwards we got off the air and I said, that's a, such a shocking thing that you said.
12262660	12267480	Um, and I didn't have any time to prepare for it. I think we should do an immediate new show
12267480	12272940	and I should be able to talk to you and interview you about why you make that statement.
12273520	12276800	And he said he wouldn't do it. And we stopped recording together.
12277280	12279040	Got it. Well, that's a bummer.
12279040	12303100	Yeah. But I mean, Ross remains a friend, but you know, this was just a thing that happened, you know what I mean? It's like, and listen, I'm not saying he might not be, I mean, he could be right. I mean, that's possible. But in the immediate aftermath at the time he said it, it did not feel right to me. It just felt like, I have a hard time believing that the thing that David Fravor described.
12303100	12305960	You always want to know how the person knows.
12306020	12316040	Yeah. If you're going to tell me that, then subject, you're a journalist. I mean, he's always talking about journalistic rigor, which I admire him for, you know, he does have journalistic rigor.
12316040	12318340	And of course you don't want to burn your sources.
12318460	12323100	And of course he also talks about protecting sources. I'm all in favor of that.
12323100	12345240	But then it's kind of on the source as well. Like you, it's for something that categorical where so many people's conviction in the whole UFO thing rests on that one case where you have clear data, confiscated radar and a bunch of eyewitnesses all seem super matter of fact, incredible. It's like you kind of have to give the audience something as to how you got there.
12345240	12345920	I think so.
12346040	12348200	And I'm saying this is a huge Ross Coldheart thing.
12348200	12351840	I think he's done foundational reporting on the whole space.
12351840	12353040	I was honored to work with him.
12353080	12353740	Don't get me wrong.
12353980	12363580	I learned a lot of stuff from him, and I wouldn't have been involved in the Dave of Grushling without Ross's sponsorship into that little society.
12363940	12366780	So nothing but good things about that.
12366900	12371840	But I do think if you're going to talk about journalistic rigor, what's good for the goose, good for the gander, as they say, right?
12371840	12386760	So in other words, if that's your plan, then if you make a statement like that, then you got to defend it with journalistic rigor, not later having your producer ask you a question from somebody.
12387060	12389300	You got to talk about it.
12389520	12391360	I don't know what he would say about it right now.
12391400	12393040	You should have him on and you should ask him.
12393120	12393740	I'd love to.
12393760	12394580	I'd love to have him back.
12394720	12396140	I had a great interview with him.
12396620	12397120	Oh, yeah.
12397340	12397500	Yeah.
12398400	12400200	Well, first of all, he's entertaining as hell.
12400320	12400700	Yeah, yeah, yeah.
12400700	12400940	Okay?
12401840	12406040	know he has good sources oh he has great sources he's done like some he's kind of the tip of the
12406040	12412020	spear on the investigative side like he really like puts himself in harm's way to like get all
12412020	12417260	sorts of crazy interesting stories he's completely admirable and the way he does that and then it's
12417260	12423160	interesting on the nimitz thing it's like the thing was flying in ways that like you know craft
12423160	12429580	never could you know actually i interviewed this like old i guess nsa director of research this
12429580	12433740	this guy, Eric Hazeltine. And he was like, he brought this thing up. He was like, what if the
12433740	12439340	object is massless F equals MA. And so it could accelerate at those speeds and like break
12439340	12443240	conservation momentum. If it wasn't, it was like a hologram or something. I was like, I hadn't
12443240	12448180	really thought of that. And that's kind of this really important overlay of thinking about all
12448180	12452740	these videos that are coming out where it's like, well, we don't really know that you're not like a
12452740	12458180	VFX person. You don't know like the tip of the spear of advanced technology. And then I think
12459580	12472240	Then you have to ask yourself, part of what came out in that 2017 New York Times article, what were there American national security things that we could do that you want to call UFOs?
12472260	12472540	Right.
12472820	12478620	Alongside, obviously, a whole treasure trove of data around real anomalous UFOs.
12479200	12479360	Yeah.
12479440	12481380	Was there some intentional conflation made there?
12481480	12487380	Or do you just take at face value this really inexplicable case that I cannot explain?
12487380	12491860	And Nimitz, to me, seems really like, you know, it's very hard to explain.
12491920	12500640	You blew my mind last night because you said to me that when you first heard him make that statement, that you were like, no, I don't believe that.
12500660	12502420	That seems not reasonable.
12502600	12504340	But you're now 50-50.
12504440	12514540	Now I'm kind of, not 50-50 on Lockheed necessarily, but some, yeah, I mean, maybe it's most likely it would be Lockheed if they did.
12514660	12516140	But 50-50 on Man-Made.
12516180	12516400	Yeah.
12516440	12516880	Interesting.
12517380	12524960	changed your opinion over the time yeah it's a good question um i think some of the people who
12524960	12531760	kind of have pushed disclosure over the last 10 years are have ulterior motives and i think i
12531760	12536960	think yeah and then like so i think it's really like a lot of people know that right and they'll
12536960	12541420	say like this person's a bad actor and i'm like but where's the daylight between you and them on
12541420	12546600	the substance and like they can't answer so like but they were on the crash retrieval program and
12547380	12552440	it. And like, well, that doesn't make sense. That makes no sense at all. So the thing that would
12552440	12556920	make more sense would be some sort of advanced, you know, capability. And then you were kind of
12556920	12561720	doing a little conflation thing. And to be honest, I don't really want to speculate beyond that
12561720	12566020	because I'm not trying to out, you know, right. I think there's some fundamental things that have
12566020	12570720	been discovered, like the Byfield Brown effect, which, you know, I'm obsessed with this Townsend
12570720	12574180	Brown character, you know, and, uh, you know, there are things like that where it's like,
12574180	12575840	Like you can't hide that from people.
12575940	12577060	It's like basic science.
12577100	12579120	It's a whole like new lineage of things.
12579300	12584480	But if it's like a weapon and it's like a trade secret around the weapon, I'm not trying to get in the way of that.
12584560	12591120	But that sort of hermeneutic lens is like you have to consider, of course, for that event specifically.
12591600	12594000	It was a vexing thing.
12594100	12594300	Yeah.
12594300	12601080	Because I had sort of taken it as an article of faith that the Tic Tac was, you know, not ours.
12601320	12601660	Yeah.
12601660	12605900	I didn't know the details, but it sure didn't seem to be ours.
12606180	12606400	Okay.
12606440	12610740	And one other thing, one other thing, which is, uh, I know Jake Barber is obviously a
12610740	12616220	source for Ross and, uh, you know, his whole thing is like the psionic assets, like kind
12616220	12621400	of locking and, and, and Ross on other occasions has said, I know about like, I shouldn't do
12621400	12622060	an Australian accent.
12622100	12626820	I know about like, you know, these, these, these, these psionic assets locking onto craft
12626820	12628320	with their mind and flying them.
12628480	12630700	And so that was the whole Jake thing.
12631780	12641920	And so I wonder if you can combine those two declarative statements and say that this was Lockheed tech around flying stuff with your mind.
12641940	12651680	And there are a couple of Lockheed patents, one of which is under this guy, John Norseen, which involves kind of neural imprints and neural interfaces for flying aircraft.
12651680	12657220	aircrafts. And there was a Battelle study on this sort of thing, I think in the early 2020s.
12657600	12661280	That was kind of a follow-up on the Norseene thing where you'd put nanotechnology,
12661920	12665780	because I think the Norseene thing was based on electrical signals in the brain.
12666040	12671520	And so this is an area of active research and you have all the Skywatcher stuff going on. And so
12672560	12677660	maybe there are psychic pilots of these things. And if you think about what is the
12677660	12681640	the highest bandwidth, lowest latency system.
12681860	12683080	It's not a machine.
12683600	12685080	It's the human brain.
12685280	12689320	Here is the biggest thing that has always vexed me.
12689500	12689820	Okay.
12690500	12698780	Many of us, not just Ross, but many people who are researchers today, many of their sources
12698780	12700420	are in the intelligence community.
12700700	12701160	Okay.
12701200	12701540	Yeah.
12701640	12704940	And many of them are active or recently active.
12704940	12711420	and so that's where you're being told certain things but then what if your intelligence assets
12711420	12719160	are working you then yeah yeah so so i it's not that simple no it's like you you have to evaluate
12719160	12727460	every source that ever comes out yes and that's why you know again um all we can ever do whether
12727460	12733900	it's uh whoever's coming out with stuff you got to be transparent as well and so the frustration
12734940	12740300	has always existed between researchers and the people who view their research is they want to
12740300	12745660	know the names why don't these people just come forward and lay it all out yeah and and ross do
12745660	12751480	his credit would always say that's not the way the game is played but there are ways to work around
12751480	12756140	that which is what we just described like you know the skywatcher thing yes flying the craft
12756140	12761140	the mind these public patents and so absolutely you can use open source research never burn a
12761140	12769020	source, but like, uh, kind of, uh, you know, rework in the open source world, uh, you know,
12769020	12773080	through first principles, you know, inductive logic, how you got there.
12773280	12777940	You never want to burn a source. What you do have to do is, um, protect and nurture them. Like,
12778000	12783220	uh, I'm friends with George Knapp as well, who actually he and Jeremy Corbell were also involved
12783220	12789760	in the David crush, uh, bringing, and everybody had to treat David crush for a while with, uh,
12791140	12797180	great care. Yeah. Not to not scare him away, but to create a system of confidence for him
12797180	12804040	to come forward. And, and if they'd, if they jumped too fast or too hard, he might've gotten
12804040	12808960	scared and turned away and we might not have had all the information that he brought to us.
12809080	12813800	Yeah. Well, we've definitely seen an infinite, uh, you know, amount of new information come out
12813800	12820100	about this and maybe we can get, uh, your, you know, former mentor, family friend, John Harrington
12821140	12822500	Let's get him on your show.
12822780	12825240	I think we should all do something.
12826300	12827800	I mean, that would be legendary.
12828020	12829140	That would be an amazing thing.
12829400	12830700	You should try to do that.
12831080	12832600	It would be great.
12832800	12833320	Yeah, go ahead.
12833460	12841500	No, I was just going to say, I mean, this is part of what Dave Grush was asking is like, could you help make this happen?
12841680	12841960	Yeah.
12841960	12859560	You know, I feel I'm in a very weird space because on one hand, even telling this story publicly about him and whatnot really upset my mom because she was still friends with the family.
12859820	12863720	And she made it quite clear to me, he's not in good health.
12863800	12867760	Like if he wanted to tell this story, he would have done so.
12867860	12870400	And I said, okay, I understand that.
12871960	12873340	try and make him tell his story.
12873440	12875160	I'm going to tell the story he told me.
12875340	12877240	Yeah, because maybe he wanted you to tell it,
12877260	12879120	and he even made those statements of like,
12879200	12880120	what if he did?
12880260	12881660	You know, I could always deny it.
12881700	12882120	Right, right.
12882180	12883240	I've watched, Brent,
12883360	12886280	I've watched you go to travel quite a distance on this.
12886360	12887540	When you first told me,
12887620	12889620	we weren't even talking about his name.
12889740	12891540	Well, you should try to reconnect with them
12891540	12892360	at the very least.
12893460	12894160	You know what?
12894200	12895720	Or I just let it happen naturally
12895720	12897600	because I have a sneaking suspicion
12897600	12901060	that somehow all of this is going to lead back to...
12902440	12907240	somehow us coming together. I love it. I don't know how or why I'm not going to force it
12907240	12914140	happening, but I just have a weird sense that it's going to. And frankly, if I wish John Harrington,
12914680	12921700	first of all, I wish him a healthy life for what, what is left for him. But again,
12921900	12929440	I think we've entered a new era where we all have to bear witness. And the reason, uh, Dave
12929440	12935800	Dave Grush and the House Oversight Committee are after Brent to get him Harrington, is he must be an important player.
12936040	12938600	He must know certain things.
12938780	12946440	And, you know, I almost got lost in what you were saying, Brent, but why does Grush want Herring to talk to him?
12946440	12961200	He wants the oral history because according to Grush, which is not something I've seen widely talked about, many documents from a certain period of history where Harrington was active in the Reagan administration have gone missing.
12962260	12962600	They're gone.
12962860	12963360	Okay.
12963420	12970400	And so what they're trying to do is establish the timeline, if you will, but also what was known.
12970580	12976020	And, you know, your story is interesting, but it raises a thousand million questions.
12976440	12978840	And the only guy who can answer them at this point is John.
12978940	12980340	So I hope he does reconsider.
12980580	12984900	I think that would be a patriot at this stage of our country's history.
12985160	12987020	That would make him a true patriot.
12987240	12988020	I love it.
12988020	12995700	Well, on that aspirational note, this has been a really amazing just whirlwind of, I don't know how long we spent, but this was awesome.
12996460	13002180	Bryce, Brent, I can't wait for your podcast to fully come out.
13002260	13004660	I think there's one show out right now.
13006440	13011660	done the first half of season okay so we're on we're we're now we're we've sort of told our dark
13011660	13017060	skies sidebar now we're more into the active investigation of trying to find others and pull
13017060	13021560	it into one big narrative okay sound light and frequency everybody go check it out appreciate
13021560	13027240	anything else you guys want to plug or no you know we're both interested in doing other things we are
13027240	13032660	doing other things um but satellite and frequency which is by the way if people want to find it
13032660	13034100	It's soundlightfrequency.com.
13034220	13040420	But it's kind of our obsession right now because we want to come clean on the story.
13040620	13043480	And we want to not hide it.
13043520	13046780	We just want to get it out there and let the world do with it what they want.
13046960	13049460	Well, that's, you know, it has humanity level implications.
13049520	13051480	As cool as Call of Duty is.
13051820	13054580	You're making like a World War II movie right now.
13054600	13055160	Yes, I am making a movie.
13055260	13056240	Well, that's true.
13056400	13059820	And it's always fun to make anything in Hollywood.
13059820	13064400	would. But what's interesting, and by the way, that takes you back to Disclosure Day, right?
13064480	13070100	Because with Spielberg, obviously he could have made anything in the world and he may not be
13070100	13076420	making a lot more in the future. He said last night at the thing that you and I were watching
13076420	13082580	in the live interview at the IMAX, he was acting like, you know, it takes a lot to get me out of
13082580	13086640	the house these days. Right? Isn't that what he was saying? So who knows if he's getting out of
13086640	13092460	the house again. This might be his last statement. Yeah. Anyway. All right. We enjoyed it. Thank you.
13092480	13096120	Thank you so much. This was a blast. It was so cool. All right. All right.
13103980	13110740	If you want to access our episodes 24 hours early and want to watch them completely ad free,
13110880	13116420	please consider supporting the show by joining our YouTube membership. Just click the link in
13116640	13121780	description to join today. Your support helps us so much and it allows us to keep making the show
13121780	13127140	and go deeper into the kinds of stories we care most about. And a little early access and not
13127140	13134400	getting bogged down by ads, kind of a cool perk. So join today. If you've made it this far in the
13134400	13139940	show, then I know you care enough to hear about this. Our show American Alchemy is growing super
13139940	13145240	fast. It's bursting at the seams and we are looking for an amazing editor to join the team.
13146640	13152360	YouTube editor, podcast editor, trailer editor, or documentary style editor. Maybe you're even
13152360	13158020	a traditional Hollywood editor and you're just really into our content and you want to work on
13158020	13163160	some of the most mind-bending stories in the world. We really want to hear from you. We're
13163160	13168700	especially looking for people who are deep into the content and who have a real editorial eye.
13168920	13173920	Someone who can dig through long and sometimes dense conversations, find the most powerful
13173920	13178360	powerful moments, build tension, create great hooks. Basically, people who can turn these raw
13178360	13184280	conversations into very high quality, almost cinematic episodes. Strong technical skills
13184280	13189440	are a prerequisite, but especially for the documentaries we make, we really need somebody
13189440	13194760	with taste, who has strong instincts around pacing, music, sound design, story structure,
13195680	13200520	you know, all the things. And big bonus points if you're genuinely into UFOs, consciousness,
13200520	13205380	consciousness frontier science and big questions about the nature of reality so if you're a strong
13205380	13210640	experienced editor and you know how to keep audiences engaged and you want to work with us
13210640	13216940	on some of the coolest stories in the world please email all your relevant work and your application
13216940	13222860	to apply at jessemichaelsmedia.com and if you have a friend who would be great for this role
13222860	13227840	please let them know thank you so much and we look forward to hearing from you and maybe working with
13227840	13228020	you
13239800	13242600	Thank you.
