start	end	text
0	5400	And that's when you see that footage and he just unloaded.
5600	8900	He says, I know UFOs are real.
8980	10620	I was inside one.
10900	14580	I know they were made with materials that we can't duplicate, we can't replicate.
15280	19320	First time you ever hear him like, f*** the noise.
21120	22560	My name is Jeremy Korbel.
22740	25040	I seek to weaponize your curiosity.
25440	29580	And I see a white light pop up and stop about 100 feet in the air.
30000	33100	On Weaponized, you've broken some amazing stories.
33240	36080	Matthew Brown, Dylan Borland, Jim Lekatsky.
36220	43600	You told us because you were allowed to tell us that our government has a UFO in its possession and has been able to access the inside of it, right?
43780	44220	Yes.
45600	48540	It's a Rubik's Cube. It's a constellation.
50240	57020	It is a variety of investigations with different hardware, software, and minds on them to exploit in different ways.
57020	60980	is working on a craft is different than working with a craft.
62240	66300	Do you think we get another Bob Lazar coming out near term?
66380	67600	We almost got it, and he's dead.
70640	73100	Matthew Sullivan was fat,
73320	77020	going to testify two weeks about before he died, I think.
77140	80300	And that's why people and the FBI are investigating
80300	82520	if his death was suspicious.
84180	86720	Somebody you know worked on the reverse engineering
87020	89200	of a laser weapon system
89200	92240	from a downed Russian asset.
92620	93420	This is an NHIS.
93640	94360	Last name start with T.
94860	95900	We're not playing that game.
97620	98980	I'm going to pack a beer for this part.
99100	100820	I wanted to have a drink with Jesse.
100820	102100	He's got water because he's an alien.
103480	104760	So this is back and forth.
105120	105980	Rapid fire.
106220	106380	Okay.
106800	107880	Are you independent
109260	110480	or are you controlled?
112280	113680	Bro, let's not get into it, right?
113780	114700	You said you don't want to.
114780	115080	Okay.
115520	116240	So let's not.
116740	120540	want. Bro, this is going to be so awkward for your audience.
132560	135340	Their existence cannot longer be denied.
135340	149220	it. Before we dive into this wild episode, I want to give a huge thank you to one of today's
149220	155720	sponsors, Dose. Dose for your liver is an extremely high quality drinkable supplement. It tastes
155720	160220	absolutely delicious. It makes you healthier. And all you have to do is take it once a day.
160220	163960	I love nerding out and finding the best new health and wellness hacks.
164160	168860	And it's super easy to overlook the biggest internal organ in your body, the liver.
169040	172040	It's your body's most metabolically active organ.
172220	175480	It runs over 500 functions every single day.
175680	177600	It processes everything you consume.
177760	179340	It detoxes you daily.
179480	182680	And it supports your energy levels and your digestion.
183080	187060	A lot of people with bad guts actually don't realize it's linked to their liver health.
187060	191680	What I appreciate about Dose is that they actually have serious research behind it.
191860	197640	Two double-blind placebo-controlled studies showing positive impact on liver enzyme levels
197640	198840	and liver function.
199160	203720	Having data like that is very rare in the supplement space, and it's the reason I was
203720	205020	comfortable working with them.
205360	208200	No pills, no powders, and no icky taste.
208560	212060	Just a two-ounce shot that tastes like tangy orange juice.
212300	215880	It's simple, effective, and super easy to build into your routine.
217060	225180	can save 35% on your first month of subscription by going to dosedaily.co slash jesse or entering
225180	236340	jesse at checkout. Again, that's d-o-s-e-d-a-i-l-y dot c-o slash jesse for 35% off your first month
236340	241000	subscription. I love this product. I want to thank Dose so much for sponsoring the show.
241220	243120	Now back to today's episode.
243520	250340	episode. Jeremy Corbell, Jesse Michaels, this is an honor and it's been a long time coming and I'm
250340	256100	just so grateful for you coming on the show. This is really cool. You need no intro, but I'm gonna
256100	263640	give you one. You broke the OG original whistleblower of the UFO reverse engineering program.
263900	267700	The guy that did it in, you know, there are guys before him like Bill Youhouse, but in the most
267700	270240	most credible, thorough way.
270340	271340	And that's Bob Lazar.
271460	273740	You made an amazing documentary about him
273740	276220	and covered it as thoroughly as anybody,
276260	278280	obviously working closely with George Knapp,
278380	279180	who broke the story.
279240	281020	I was going to say, I did not break that story.
281060	283940	That story got broke because Bob was about to get broken
283940	285180	by opposition.
285360	289020	And George Knapp not only broke that story with Bob,
289140	291560	but he carried it along the way,
291680	293760	making sure his reporting was accurate
293760	295080	to this motherfucking day.
295220	295700	That's right.
295860	296780	Can I say those words?
297700	298620	You could say whatever you want.
298680	299660	We broke the fuck barrier.
300180	300840	We did.
301540	305160	And you and George are close collaborators, longtime colleagues.
305280	306260	He's called him your mentor.
306660	309220	And you guys both host the podcast Weaponized.
309280	310500	Everybody should check that out.
310900	314040	On Weaponized, you've broken some amazing stories.
314200	316080	Matthew Brown, I want to get into.
316220	317680	I want to get into Dylan Borland.
317900	324360	I want to get into another person who breached the hull and walked into a UFO, not in some
324360	329480	some sort of liminal state in a dream, but in a presumably a hangar, an aerospace hangar in Jim
329480	336280	Likatsky. So you've broken some of the most incredible, interesting stories when it comes to
337060	343400	UFOs. And I'm very excited to speak to you today. Thank you so much, Jesse. I'm excited to speak to
343400	346240	you. There are things that people don't know, background things that I think will be really
346240	349900	interesting to people. You didn't mention David Grush. I want to talk to you about how that all
349900	355060	went down. He came over to George Knapp, leaned to him at a bar with the unclassified ICIG
355060	359620	complaint. And we took so much time vetting him to make sure, and I fought to make sure he could
359620	363460	talk in Congress. And he'll tell you the exact same thing. I fought. They didn't want him to
363460	369140	testify. And he's one of many they didn't want to testify. Additionally, what people might not know
369140	373800	is George Knapp and I did break the Commander Fravor story, the Tic Tac story. We did it quietly
373800	382560	on the radio twice before the 2017 new york times yes sir reverse time machine wow people got to be
382560	388560	audio dydex or whatever they got to like go in there and listen i can pull them up well let's
388560	393220	get because you just said something very interesting leaning over at a bar yes with
393220	401680	david grush so what happened there okay so there's so many things where's your audience there's so
401680	405020	so many things Jesse and I want to talk about because this is like actually him and me just
405020	411860	talking. And this is long overdue. So when you ask me a question, I'm going to answer directly
411860	418960	and then we can go from there. What happened there? What happened is we were in Rocket City,
419440	428820	Alabama. And we were there for SCU because there were some people that are not public
428820	436420	that we wanted an opportunity to meet with where it was like we could go somewhere and have a
436420	445960	actual private in-person meeting. So we went to the SCU thing so that we could do a journalism thing.
447840	455600	I happened to be filming because that's why we were there. I was filming and I'm pointing the
455600	459380	the camera george i thought it was just so cute he's like you know gets to this thing he's he's
459380	464620	overwhelmed with all this stuff and like he and i like to just have a beer i'm gonna crack this at
464620	473040	a certain point so bartender gives him a beer and as i'm filming this guy's blocking my shot he like
473040	477700	comes in and he whispers george knapp and i'm protected like a pitbull right so immediately
477700	482040	I capture, I watch him, and turns out that was David Grush.
482740	491020	And he's essentially, we knew about David, but we have to vet every single source, no matter how good they sound.
491400	492260	That's our job.
492440	493780	You got to vet them, right?
493940	495720	And I'm on cosmic time.
496980	499080	Journalists that rush stories out, they want to be first.
499160	499800	I'm going to be first.
499980	500960	I want to be right.
501160	502260	I want to get it right.
504200	510080	so he leaned over and i got it all lip readers know what he said he was kind of trying to do
510080	514640	like he didn't know it was filming now he does now he does what i'll i'll give you an out what
514640	520760	did the lip readers say that he said you know essentially all he said was um my name is david
520760	528960	grush i'm an intel officer you know a little bit of history sure um i am going to come i'm going
528960	537160	going to file or i just did file actually my official icig inspector intelligence community
537160	540800	inspector general which we should break down for your audience a lot of people don't know what that
540800	547600	means inspector general is like the police let's look at it that way how i understand it from a
547600	553880	simpson version right police the ic is intelligence community wraps up all the intelligence communities
553880	561000	at the top of that is ODNI, Office of the Director of National Intelligence. But CIA is under them,
561620	566760	as well as maybe 16 intelligence agencies that are acknowledged within the United States.
568280	573800	So that's what the inspector general of the intelligence community is, is the watchdog
573800	578500	of the intelligence community. And that's very relevant up until this minute we're talking.
578720	582620	Some stuff was in the news a few days ago, and I want to break that down for people.
584820	593520	Grush provides in absolute legal capacity enough information for me and George to begin.
594440	598800	So we have our little side talks and we're like, well, I'm like, George, you know what I got to do?
598880	603180	He goes, yeah, you got to take him to a bar. I go, but he doesn't drink because I asked him,
603220	607760	right? All right, we'll get him anyway. So I met up with him later that night and he watched me
607760	613180	drink a beers, which is glorious. And I always like sip them, you know, just to stay on the level.
613880	616800	I think Gary Nolan was there with us and he did actually take a shot with me.
616840	618060	If he says he didn't, he's lying.
618160	619080	I think he'll admit to it.
619140	620340	Gary Nolan came out to the thing.
620780	623040	And I got to know David a little bit.
623080	627300	You know, how you and I like get to know each other a little bit over time the first time, right?
628080	629500	That's what happened that day.
629640	634700	But then what happened after is what people don't know, which is how do you communicate about something sensitive?
635180	637840	Just like signal, smoke signals?
638080	638780	How do you do it?
638780	646080	it so we got to a point where we knew david grush was not only legit but everything he said
646080	653520	is accurate not just to the best of his knowledge that it is accurate and there's a difference there
653520	664420	so that began the conversation what is the end goal here you're worried right yeah of course
664420	670580	he's worried. He's a lone standing wolf telling the world something they'd never heard before,
670640	674460	always have suspected. And our government has covered it up for all these decades.
674960	681460	I'm getting goosebumps because if I was in his position, think about the pool of people that know
681460	686900	and then the pool of people that really know anything. It was his job to investigate Black
686900	692060	budget programs surrounding UAP. He did 40 depositions, whatever you call them, and more.
692060	695600	Or this guy has put everything on the line.
696120	696560	Everything.
696720	697680	He broke the fold.
697720	698860	It's not for personal gain.
699260	705460	First question I asked him at the bar, you know, I said, you got to tell me what I'm
705460	706380	going to find out.
707000	708020	What's your dirt?
708580	710300	What's the lowest point in your life?
710500	714260	Because if you're telling the truth, that's what they're going to come after.
715240	716080	PTSD, bro.
716220	718800	I was in combat in Afghanistan, 2013.
718800	724180	13, you know, I got diagnosed with post-traumatic stress disorder, you know, sought treatment.
724260	725080	I got help.
725360	726100	Good to go.
726260	731820	But there was an agency that tried to dig that back up and say, oh, Dave still has ongoing
731820	734360	issues, unmitigated.
734560	735860	We need to pull his clearance.
736080	739820	And then I had to show my medical records and be like, no, dude, I sought treatment.
740320	742420	Still do, because that's what you do.
742700	745020	And they tried to use that against me.
745060	745840	It was crazy.
745840	759460	Almost every service person and non-service people I know can have that. So they, of course, attack that in a malicious way, leaked by intelligence community to a fake journalist because fake journalists don't pay people, by the way.
761340	767500	so that's the story of the beer it was the beginning of the potential of having somebody
767500	774540	raise their hand in front of the world america the congress the entire world and say not only
774540	780880	are ufos real but we are reverse engineering the craft we've been exploiting their derivative
780880	786360	technologies for decades we've made very little progress but a little bit and there were biologics
786360	790580	just means pilots, beings, non-human.
790720	792340	And that was the assessment of,
792460	793660	that's what he followed up with.
794580	795820	That's what David Gresh did.
796420	798080	He popped the balloon.
798720	802300	And now we're all just trying to like catch up.
802760	804240	And you're talking about a guy
804240	806300	who handled the presidential daily brief,
806500	808880	was well regarded by a lot of his colleagues.
809080	810920	I also, in the name of vetting,
811080	813400	he was one of the guys who I got to know.
813400	819900	on camera first and brought him out so you know actually cold hard did okay but i doesn't matter
819900	826800	but i also had known him for a couple years before yes sir and and i met some of his colleagues
826800	833860	and they all just spoke about him in super high regard even colleagues who weren't working with
833860	837740	him in an official capacity investigating ufo programs they just worked with him in other
837740	844560	capacities um that are prosaically well regarded you know like handling the presidential daily
844560	848740	brief here's a bullet being in you know the national geospatial agency and i want you to
848740	855040	give his biography and all that but next level find somebody that doesn't like him
855040	862460	find out if they tell you i don't like him but yeah and then they tell you what he did and then
862460	863040	And you're like, aha.
863380	866660	I have met people who don't like him.
866780	869320	And it feels like they have ulterior motives.
869640	869940	Right, right.
869980	874880	But you still, in the early stages, you know, co-worker situation, all this.
874940	876840	You got people like, people don't like him, that kind of thing.
877400	882920	When you're investigating something, you always try to find the people that want to hurt somebody or don't like them.
883000	887520	And see if they can't deny certain truths that you're looking to validate.
887900	889680	That's one tactic in journalism.
889680	912240	The funny thing is, when I try to kind of corroborate his claims with people I meet in the government, I say, hey, like, what about what he's saying isn't true? And they're like, well, a lot of it checks, to be honest. And like, you know, he's pretty above board as far as his background goes. But like, I don't know, it's just this. And they use these like hand wavy ways to sort of explain it away.
912240	916300	way. And I'm like, okay, well, why don't you go a little deeper? Why don't you look into, you know,
916300	921700	if you have the proper clearances, you know, he gave presumably hundreds of pages to Thomas
921700	927200	Monheim, the IC inspector general, not, not allegedly whatever word you said. I don't know
927200	932540	about the amount of pages, but I was like, no, it doesn't matter. Yeah. You're right. Yeah. And 40
932540	941120	firsthand people that worked directly on the craft. Not only that, but, uh, I have reason to believe
942860	945800	there are factions involved in UFO disclosure.
946140	949780	And there's a specific faction that's sort of come out,
950380	952400	you know, and, you know,
952960	955920	is gung-ho about a certain disclosure to a certain extent.
956320	960320	And I think they weren't really anticipating David Grush.
960440	960920	Oh, no, they were.
961100	961640	Yeah.
962000	965980	That was a planned thing is how to move somebody from,
966080	969280	he's lived his whole life, you know, kind of in,
969340	972060	you're not going out there trying to be on social media.
972240	975380	he lived his whole life, I say, in the shadows, right?
975560	977200	This happens with a lot of these intel guys.
977340	979520	They're not used to the public attention.
979700	982900	And then good or bad, it hurts them or it makes them feel better.
983040	985740	I tell them, praise and blame is all the same, man.
985780	988040	You got to be right with yourself and your family and your dogs
988040	990140	and make sure, this guy got dogs,
990280	992820	and make sure that you're solid.
992980	995080	Because that public attention,
995240	998100	when you bring your head out of the parapet above,
999260	1001420	it can really harm people.
1002240	1030100	Absolutely. Well, I also I think it's really important, though, to make clear, you know, upon questioning, you know, him and others. I feel like it's very clear that his sources aren't only the ones of the people who want disclosure to a certain line. His sources go deeper than that. And so there's this constant question of circular reporting. Are you just talking to the people who did nids and Bigelow and all this sort of, you know, external stuff?
1030100	1034300	And they don't believe though, even Dr. Cassidy doesn't believe we should handle disclosure.
1034720	1035960	Don't kick a sleeping dog.
1036160	1039980	That's what I've been told every time I got to the top of the food chain, the highest
1039980	1042120	George and I could ever get to every single time.
1042140	1043480	It's like they practice that saying.
1043600	1049360	So even people that you're naming don't think disclosure is a good thing.
1049860	1054020	So, so imagine the people that are, have their whole lives have been to guard it.
1054100	1055760	You can't get that out of them.
1055840	1057860	That's been their job, protective programs.
1058380	1059520	It's protective programming.
1060100	1070060	Why do you think that, you know, when you get to the inner layers of this program, it always comes out that like, oh, if you knew what I knew, you wouldn't want this stuff out.
1072300	1073940	First of all, you say program.
1074240	1077100	I think it's really important to break that down.
1077160	1078140	People say the legacy program.
1078320	1079640	Dude, that's a holding name.
1079800	1086060	Like Bill is a holding name for a team of FBI.
1086180	1086600	Frank.
1086980	1088180	It's a group of people.
1088600	1089040	Right.
1090100	1096500	program when people say that yeah program there are programs and they are isolated from one another
1096500	1104860	uh so not every single person was a technician directly on a craft that david gresh brought to
1104860	1113100	the icig they had direct exposure to the program with an s right so that that's really important
1113100	1120540	to know. We call it the program, the legacy program. Bro, many names, Palm is Apple in French.
1120600	1127580	I was just told by GSP. Apple is Apple. So different names, same thing, but it's a Rubik's
1127580	1134620	cube. It's a constellation. It is a variety of investigations with different hardware,
1134700	1140280	software, and minds on them to exploit in different ways. Working on a craft is different
1140280	1142300	than working with a craft, right?
1143220	1144460	That's what's so weird.
1144600	1146620	I'm curious to hear if this is your experience
1146620	1149120	because you've done this for decades longer than me.
1149200	1151940	But for my experiences, I always think,
1152100	1155740	okay, in a few months, I'm going to get to the bottom of this.
1155840	1156780	I'm going to figure this out.
1157580	1159780	And then a few months go by
1159780	1164120	and you learn about this whole new weird aspect to this.
1164320	1164880	Careful though.
1165100	1166440	Yeah. How so?
1167280	1170140	Because there are protection programs that dilute
1170280	1177700	sure to misdirect yes and i've and they're seductive they're shiny you want to believe it
1177700	1184140	you have to be careful of the next aspects but it is an onion there's layers to it i didn't mean to
1184140	1189500	say there aren't it's just be careful with it for sure well no i think you have to think with extreme
1189500	1196000	epistemic humility and not epistemic mean not a way of knowing so you can't you can't jump to
1196000	1201120	any sort of conclusion. You can't snap anything to grid. You have to sort of say, okay, I'm going
1201120	1204980	to wait for corroboration for that in the future. But this could be counterintel to like everything
1204980	1211460	you have to process. If you listen to Dr. Lukatsky said on my program with George, you know, he gave
1211460	1217940	a warning about two things. One is the protective programs and the disinformation that he knows he
1217940	1222640	never identified who somebody lied while their hand was up in Congress knowingly, I think he was
1222640	1228240	saying. And then he said that people believe things because they're shown in official capacity,
1228360	1235140	but I'm not talking about stupid nonsense where people are saying Yankee Blue. That was a psyop.
1235240	1241180	They're trying to pretend that existed in the capacity they say. So he warned us against that,
1241220	1250660	Dr. Lukatsky. He also warned us very strongly, if you watch, that we're going to lose the ability
1252640	1257200	this topic without the brightest minds because we're not teaching inside scientifically the
1257200	1262540	younger generations. And he is scared about that, that because of the secrecy, which he doesn't
1262540	1267940	want full secrecy on this, but because of it, we are going to fall behind with the American
1269580	1273660	mechanics of how to interrogate the UAP problem.
1274100	1277980	And that's what's really interesting about his new book, New Insights. At the end of it,
1277980	1284880	He goes into a bunch of modalities and frameworks that he clearly wants spread among young STEM students all over the country.
1284920	1294880	He gets into high frequency gravitational waves and solid state rotating superconductors for gravitational manipulation and like really crazy shit.
1295000	1303520	They should hire you because let me just tell you, most people don't read his book and take from that what he means.
1303520	1309800	and you have to translate complex things into,
1310540	1312000	you don't dumb anything down.
1312120	1315600	You simplify it until the next question is asked.
1315720	1319120	And he needs to practice that because his voice, man,
1319180	1324440	he has actually done more from a knowledge standpoint
1324440	1328840	of transparency on this than I think most people
1328840	1330040	throughout history.
1330200	1332920	If you go and you read his books like you did,
1333520	1335120	But we need bright minds to look at it.
1335160	1336900	We need everybody asking the next question.
1337120	1341680	When I started this, man, people thought it was like UFOs.
1343500	1348940	So now we're at a consensus reality where it's like, okay, there's a there there.
1349660	1351800	But what's the question not being asked?
1352060	1353720	And we're so close.
1354420	1355340	We're so close.
1355480	1362480	Did you find it frustrating when he was on your podcast and you asked him about him stepping inside of a UFO?
1363520	1371140	And he said yes, but then he also was like very clear that he couldn't say much more than what he had said in the book.
1371340	1380240	Is you're officially allowed to tell us that the United States government has in its possession a craft of unknown origin and you were able to access the inside.
1380440	1381520	Is that correct?
1382840	1386480	The wording that you read is correct.
1386760	1389300	Ah, you're going beyond the wording.
1389560	1391300	No, I'm not. I'm not. I'm asking you.
1391360	1392420	Did that meeting happen?
1393520	1394260	And is it true?
1394580	1395380	And it's true.
1396380	1398360	Okay, you're telling us,
1398960	1401340	you told us because you were allowed to tell us
1401340	1404080	that our government has a UFO in its possession
1404080	1406820	and has been able to access the inside of it, right?
1408020	1408500	Yes.
1408700	1411680	Why do you think he was able to get that cleared?
1411740	1413600	The fact that he stepped inside of a UFO.
1413640	1415880	Like why could he get that cleared?
1415980	1417560	I think it's a reasonable question.
1417860	1419000	It's extremely reasonable.
1419100	1422380	But it creates a conspiratorial mindset, right?
1423520	1425300	oh, we've distrust government on this.
1425400	1426740	Why are they allowing it now?
1426900	1428700	It's like people ask questions like,
1428760	1432600	how is Jeremy and George not in trouble for,
1432720	1437160	and how do they obtain such a variety of different products
1437160	1440920	from argument that I'll call sensitive most likely, right?
1444120	1446500	First of all, about me and George,
1446600	1448140	it's called fucking journalism.
1448520	1451880	And if you are not seeing that,
1453520	1461840	looking at the wrong thing. So with Lukatsky, why? You asked a bunch of questions there. So
1461840	1468360	why did they let him? Well, you know, not everybody at a doctor desk, you know, is equal,
1468920	1473920	you know, and you can submit a book in one way and say it's fictitious. So you can submit it and say
1473920	1480240	it's, this is fact. And he did the fact way, right? It's harder. Took a long time. George
1480240	1482540	George knows how long it took with each book.
1483020	1484220	Why did they let him?
1485000	1490700	I know for a fact there are people in the mechanisms of government that let things get
1490700	1493360	through because they're on our side.
1493880	1494360	Truth.
1494840	1497620	I suspect that's why it's not some big plan.
1497840	1501980	Dude, if this was planned, I would kick back, relax and stop and not worry because then
1501980	1503040	we've got a plan situation.
1503720	1505340	This is Vietnam.
1505680	1507240	Everything has been provoked.
1507240	1523140	It's been fought for millimeter by millimeter for years and decades. So what you get from him is the absolute factual information. It's not theoretical. It's factual. And so he says when he doesn't know stuff.
1523140	1547500	Yeah. And he's a senior DIA rocket scientist with a long history. And I think it's important for people to realize there's probably a war going on inside the government. And there are probably elements of the quote unquote legacy program that want itself outed or partially outed. Like there are members of, you know, inside these programs that think the way they're being run is ridiculous.
1547500	1566520	That's why you had the vice president of Lockheed Martin trying to get the craft and hardware that they have obtained a long time ago out the back door into the sunlight through the front door and studied that way.
1566520	1590700	They saw the writing on the wall and it was being facilitated by Dr. Colin Kelleher, Dr. James Lukatsky, a bunch of people they worked with. That's the truth, what you just said. There are a lot of people that realize there's no right, there's no purpose to hold back from human beings the ultimate truth, whatever that might be.
1590700	1617380	I got some guesses, you know, maybe there are UFOs and they're not from here, whatever that means. I mean, why would you build a Ferrari not to go fast? Why would you make something that appears that it could travel amongst the stars if it doesn't? And that gives you a sense of at least one aspect of origin. Of course, there might be more. So yeah, dude, I look, man, it's my favorite topic. And you and I got so many things we can talk about that I agree with what your analysis is.
1617380	1623340	Well, I want to touch on something that you just mentioned, which is the VP at Lockheed Martin. His name was Jim Ryder.
1623460	1623680	That's right.
1623880	1640780	And he gave a very interesting speech called The Garment of the Gods. And it's very strange. It's about the veil thinning. And he talks about extrasensory perception and consciousness. But he's a VP at Lockheed Martin Space Systems who's very well respected.
1640780	1654340	The idea that everything from spoons to stones are conscious is gaining academic credibility. Who wrote that? One of the most senior physicists in Canada. It's the only conclusion we have. Everything is conscious. We're just discussing amount and levels.
1654340	1662400	I find him and Likatsky's language around this topic very interesting. Likatsky talks about Plato's cave and consciousness.
1662400	1668660	consciousness and it affects you yeah to know something this big and hidden it's like um
1668660	1675820	if you've ever taken a psychedelic right you've seen this world around you at all times but you
1675820	1681500	are not initiated to what that world is or means so you might see like a tie-dye or dancing bears
1681500	1689760	of the grateful dead but as soon as you breach the hull of that craft you you see a world that
1689760	1695240	that has always been hidden to you, but has always been there. And that can, it has disturbed people
1695760	1700780	to their core. And then they start getting angry that other people don't get to know.
1701020	1706060	And what, this goes back to your question, what was it frustrating? Why did he not go outside
1706060	1709520	the parameters of his book? Why was he allowed to say that? I told you why he was allowed to say it
1709520	1715180	most likely. Yeah, you can see on my face, I hold my emotions like right here. You could see I'm
1715180	1719560	frustrated. I'm not trying to hurt the guy. I mean, you know, I'm sure they all got mad at me
1719760	1725220	at different times i'm just pressing because i know people want to know and he can't say the
1725220	1730140	words that aren't printed because he's the kind of guy you want protecting secrets for america
1730140	1735720	he's the exact kind of guy you know it's it's so it's so interesting and it's so messy because
1735720	1745080	yes it's like ideally if this thing is like a portal or a gateway the object is uh to a new
1745080	1750360	new sense of the actual true nature of reality yeah this should be for humanity it should be
1750360	1755620	for everybody what is humans human beings knowledge and information we we own that
1755620	1764060	right it is so having that held back you know you know the reason you know okay america first
1764060	1768860	weaponization strategic surprise strategic advantage technological advantage like i get
1768860	1784200	Now that's some like stone age thinking when we're in the Jetsons, you know, that we're past that now. So, but that is, I understand what, so they need to formally acknowledge the known facts, formally acknowledge the unknown facts.
1784200	1792080	they really need to define the terms and boundaries and parameters and topography of what we're looking at
1792080	1798880	because if they don't do that, if they don't, if they give us like this partial disclosure of stuff
1798880	1802720	then we get kind of lost with what it means to be human
1802720	1808740	we get lost with understanding our position in what it means to exist
1808740	1817600	And there might be questions that are unasked there that are profound, that have profound answers that we just haven't, I'm like eating the mic.
1817820	1818620	No, you're good.
1818680	1821260	We just haven't been able to ask.
1821300	1824620	And how do we evolve if we don't have the right questions?
1824920	1832360	So we need, you don't need to tell somebody how to make a nuclear bomb, but you need to tell them nuclear physics exists and you can study it and try to protect that part.
1832360	1857200	So we've got to get to the point where we're all at a consensus reality that matches up a little bit better with actual reality. And if we do that, then we're going to have questions. And those questions, the answers might be a little disturbing if you're a person that gets disturbed, but it will be the truth. And the truth, that's what's going to help us evolve.
1857200	1862280	And so that's why I'm so upset with the secret keeper.
1862600	1878120	Well, it makes sense that they wouldn't disclose it because on the one hand, you're kind of ceding your authority to this higher thing that's flying with impunity at your most around your most sensitive sites around your nuclear installations tampering with the nukes themselves.
1878360	1881780	So you don't want to admit that if you're in some position of governmental authority.
1881780	1904420	And then you don't know as far as, you know, what could confer a tactical advantage to the adversary. Maybe you haven't figured it out, but it's this weird cat and mouse game theory thing vis-a-vis China and Russia. And so it's this weird thing where they have this asymmetric knowledge on the nature of reality, which they should not have any right to vis-a-vis normal people or scientists.
1905060	1911600	But their incentives make it so that, you know, they're just not going to go full open kimono anytime soon.
1911780	1917060	Well, don't go so fast or so quick. I mean, what are we fighting for?
1917060	1918660	Unless we can wrest it out of them.
1919040	1926120	We can provoke. Just how you can't give anybody anything, because all you can do,
1926160	1930300	you put it in their hand, but it's an object. You can't give anybody anything. You can lead
1930300	1936460	by example. You can't take anything. It's not just one person's thing. You need to provoke,
1936640	1941460	and they need to give. And when they give, you need to receive. So I'm not trying to be
1941780	1949360	oblique here. It is an ontological issue. This thing, and ontological, I believe means
1950020	1956420	relating to the existence of being and existence itself, relating to the existence of being,
1956560	1966320	right? So the UFO thing is a symbol. There are things a lot deeper than UFOs, I suspect.
1966740	1968680	I agree. I think it's the tip of the iceberg.
1968680	1975260	bird. Yeah. But it's a symbol. It's a symbol of freedom of thought. Because if you, if we can talk
1975260	1979500	about it with the right words and factual information, then we have freedom of speech.
1979600	1984080	Freedom of speech causes debate. Debate causes thought. Then we have freedom of thought. It's
1984080	1990080	beautiful, man. What are we fighting for? It is beautiful. And I hope we're on the verge of a
1990080	1996200	paradigm shift because, I mean, how do you feel now that the Department of War has a website with
1996200	2002740	with more hits than, you know, people in America. And, you know, we have stuff coming out and you
2002740	2008740	can say that the stuff often is repackaged, repurposed things that have already kind of
2008740	2013720	existed in the open source world. I find it hilarious that that is what's making, you know,
2013720	2018280	the Citadel scientific gatekeepers like Neil deGrasse Tyson take it seriously, is the fact
2018280	2021940	that it gets a stamp of approval from authority. So it kind of shows that they were never doing
2021940	2026340	science in the first place but how do you feel do you feel do you feel vindicated do you think it's
2026340	2032580	going to keep going and we're going to get more or how do you feel about where we're at yeah i i don't
2033720	2040440	self-reflect when i'm when i'm fighting when i'm going forward that's like the death gargle if
2040440	2047340	you're doing martial athletics is thinking about what you just did wrong or you know what happened
2047340	2053900	happened yesterday. You need to be fully forward facing and forward looking. So what I feel is
2053900	2059660	optimistic, but I'm an optimist, you know, but now there's tangible evidence that we should all have
2059660	2065960	optimism, but don't get complacent in that optimism. Optimism is only powerful if there's
2065960	2071140	action behind it. So what we need to do in every single way, every person, we need to fight for
2071140	2077080	what we want. If we want truth, we have to fight for truth. If we want inner peace, we have to
2077340	2078020	for inner peace.
2078460	2079320	Counterintuitive, but it's true.
2080240	2082180	People ask me all the time,
2082300	2083280	what can I do?
2083380	2084460	It's like they feel powerless.
2084820	2085740	I'm not this.
2085780	2086900	I don't have this microphone.
2087180	2087940	I'm starting a podcast.
2088140	2090280	Bro, I figured it out.
2093460	2094580	Use your voice.
2094780	2095760	Now, how do you do that?
2096720	2099220	I talked to some grade school teachers.
2099460	2101480	I talked to some high school teachers.
2101820	2103520	And I talked to some professors
2103520	2104660	at major universities
2104660	2106600	all in one weekend, right?
2107340	2110820	there at the McMinimins UFO Fest, which is the finest thing in the world. You got to come with
2110820	2115640	me next time. You get a golf cart and a six pack of beer. It sounds epic. And I was put in jail
2115640	2125240	one morning and that's a true fact. It's hilarious. So what you can do is you can show other people
2126120	2135160	your curiosity. If you have a class, none of us have the answers. You got a class, teach it. What
2135160	2140900	average singular person with nothing. There are five followers on Twitter and they're like,
2140980	2143660	what do I do? There's a woman that came up to me. She's a little bit older. I'm like,
2144380	2151360	oh, don't worry if you have five followers. Say what you're thinking and tag every representative
2151360	2157660	that is fighting for this. Tag the Department of War. Tag at energy. That's the Department of Energy.
2158180	2163740	Tag them. And here's why I know that's what you should do. Because I get calls from people
2165160	2171320	all the tags and it affects them personally and it starts building. So imagine if everybody did
2171320	2178200	that. Rep Luna, great job. Keep fighting. Don't stop. Oh my gosh. People read that stuff and they
2178200	2183160	go. I mean, I notoriously don't because it's toxic for me. There's organized attempts at that,
2183220	2188760	you know, but that's what the average person can do. If you're a scientist, look at it from a
2188760	2191920	scientific perspective. If you're a philosopher, look at it from a philosophic perspective,
2191920	2196440	it. Teach it, pass it on, show people your curiosity, and they'll be weaponized just like
2196440	2202780	you and me, Jesse. Let's go. Yeah. I want to talk about how you got into UFOs, which is described
2202780	2210140	very well in this new movie, Sleeping Dog. The first person that I ever pointed a camera at
2210140	2215540	and was like, oh, fuck, it's like a Rubik's Cube. You know, I gotta get this person talking.
2215780	2221900	It was really hard was John Lear. It started where a lot of people have to start with UFOs,
2221920	2225480	which is you have to start with the widest possible filter.
2225640	2228700	And for you, that was embodied in a man named John Lear.
2228860	2231540	He taught me how to keep my mind open,
2232100	2234060	but not let my marbles fall out
2234060	2236420	because he was spilling marbles sometimes.
2237400	2238900	I'm going to crack a beer for this part.
2239000	2241320	I wanted to have a drink with Jesse.
2241320	2242620	He's got water because he's an alien.
2243920	2244900	There's my beer.
2248400	2249800	So I like you.
2249800	2252640	I'm not going to repeat what people can watch in a movie, right?
2253900	2255020	I like you.
2255900	2261140	I think like everybody who gets interested in something other than themselves,
2261480	2264580	you know, they look outward.
2266440	2272520	And the ancient Greeks used to say that the stars were pinpricks
2272520	2274400	from the beaks of hummingbirds.
2275220	2277480	So that was a beautiful cosmology.
2277720	2279260	And then all of a sudden science stepped in and goes,
2279800	2281180	It's fucking cooler than that.
2281340	2284000	That sounds cooler than science to me.
2284100	2284740	No, I don't know.
2284860	2286660	The orbiting planets, galaxies.
2286960	2289700	I'm going to take the beaks of hummingbird pinprints.
2290000	2290180	Okay.
2290640	2292660	So I love hummingbirds, man.
2292740	2293440	They're fucking fantastic.
2293480	2293920	They're amazing.
2294320	2294960	What they can do.
2295040	2299540	Anyway, so I got curious.
2301420	2302960	And I've said this before.
2303000	2309400	I heard George Knapp's voice interviewing a guy named Bob Lazar on the radio.
2310620	2314980	they were replaying it on one station probably k rock or something i was a dumbass kid i don't
2314980	2320000	know what station you know i wasn't really tuned into the whole coast coast thing i was 13 and
2321040	2326000	something really happened to me that day and i people make jokes when i say my my curiosity
2326000	2328940	is weaponized so i started making jokes it's like when people call me you know fuck you
2328940	2334020	four name online my family all now calls me four name it's like you have to embrace the thing you
2334020	2342740	So what I embraced in that moment is that Bob Azar said, it's not a reactionary propulsion system.
2343880	2347040	It's a, I think he said, it's a field propulsion system.
2348280	2354260	You're falling where you need to get, which is the story of my life, actually, which is hilarious.
2354420	2355660	But you're like falling to it.
2355660	2358440	And that just like flipped this switch in me.
2358540	2360900	And I was like, holy shit.
2360900	2364500	if what he's saying is true about travel,
2365440	2367600	then distance no longer matters.
2367680	2368500	Because everybody told me,
2369120	2371040	I wasn't into UFOs and stuff,
2371120	2372280	but when it came up,
2372280	2373540	when you're a young kid,
2373680	2375200	it's like all the scientists,
2375400	2376660	like Neil deGrasse Tyson,
2376720	2377660	well, there's no way.
2377780	2379820	Life is probably way out in the universe,
2379960	2381020	but don't be silly.
2381180	2382700	They can't be coming here.
2382780	2384080	The distances are so vast.
2384200	2386040	You'd have to travel the speed of light almost
2386700	2389000	for 36 years to get to our closest planet.
2389060	2389720	All this bullshit.
2390900	2392540	God damn, they really got it figured out.
2393720	2395080	Unless Lazar was right.
2395420	2397820	So I was like, because from rockets to roller skates,
2397880	2399920	it's push something out the back,
2399960	2402060	you go forward called reactionary propulsion system.
2402240	2405860	So all of a sudden, if you're falling into time-space,
2406720	2407860	distance is irrelevant.
2408500	2410540	And I was sitting there as a dumb ass kid thinking,
2410680	2412260	oh my God, is this guy telling the truth?
2412740	2413540	That's what I was thinking.
2413640	2416280	Because I thought then, obviously, it's not hummingbirds.
2416280	2424480	obviously there are tons of planets that are in the goldilocks zones in these hundreds of billions
2424480	2431300	of galaxies not just our galaxy and i'm like is he telling the truth and then i went and you know
2431300	2435460	just like met up with my girlfriend started doing jujitsu more and like just dropped it like it's
2435460	2444180	hot but i never forgot that moment that feeling it taught me that authority is something we bestow
2444180	2449060	upon people, not something that they truly are. They can have more knowledge than you. That's
2449060	2455160	what the word sensei means is born before knowledge in you is born before knowledge in me.
2455240	2463680	So you're my sensei at this, right? So everybody's teaching each other. Um, a sensei is somebody that
2463680	2469660	he has, or she has certain knowledge that's born before. So you pass it on one generation otherwise,
2469660	2475040	was and it's gone because it's a physical art it's not written down it's transmitted physically
2475040	2480720	you have to actually choke someone out right so so to to just back up because i get so excited
2480720	2489880	about this moment i feel it as if it was yesterday um that's how it really got started but i was a
2489880	2496820	kid i was sure i was just gonna do the martial athletics thing my whole life i didn't think i
2496820	2499380	I was smart enough to do other things.
2499440	2500600	And then I thought, well, maybe I am,
2500660	2502100	but this is what I like doing.
2502500	2503840	So I'm going to do what I like
2503840	2504820	because if I do what I like,
2504920	2506020	I'm going to get good at it
2506020	2507740	because I'm going to practice it 10,000 times.
2509720	2511520	Then all hell broke loose.
2511700	2513160	And this is what you were talking about.
2514400	2516560	As you know, we have a new starship.
2516580	2518940	Of course, we have a healthcare center on board.
2519180	2521300	Ask what my new favorite product in it is.
2521520	2523660	Iris Store's Illumina Face Mask.
2523980	2526180	This mask is like a med bed for your face.
2526820	2533040	lightweight, super convenient, cordless, and runs red, blue, and infrared light therapy all at once.
2533180	2539420	The same type of technology NASA studied for skin healing in space. It's safe for your eyes too,
2539580	2544440	so you don't have to sit there like a statue. You can live your life. I've definitely had a few late
2544440	2549240	nights reading about magnetic pole shifts, but with this mask, I look like I actually slept.
2549460	2554780	Did I? That's debatable. It's warm, wireless, convenient, and makes your skin feel super soft.
2554780	2559260	And iRestore is kicking off their summer savings with some very big discounts.
2559660	2568020	Right now, you can get the Elite Plus Illumina Face Mask bundle at an exclusive deal when you use code JESSE at iRestore.com.
2568520	2572500	That's JESSE, J-E-S-S-E, at iRestore.com.
2572800	2575420	Please support our show and tell them we sent you.
2576800	2580240	Because of an illness, I couldn't physically train.
2580460	2581980	So I said, what am I interested in?
2581980	2588520	fell into art fell into then getting a camera that was cool to see that you did the that sharon
2588520	2594920	tate exhibit that was that was amazing i like didn't realize how deep and rich of an art
2594920	2600320	background that you had and then that was kind of an expression of the pain of the illness that
2600320	2605760	you fell into you learned that from the movie okay yeah shit i did okay and it really the movie's
2605760	2610580	really good and i recommend everybody watch it because it really it helped me understand your
2611980	2612200	Okay.
2612280	2615300	And where you're coming from, what you're motivated by.
2615560	2615920	Yeah.
2615980	2621680	And I think UFO space now, you know, I didn't need that from the movie because we've gotten to know each other.
2621800	2621900	Yeah, yeah, yeah.
2622040	2623760	But UFO space can be a hall of mirrors.
2623860	2628960	And if somebody doesn't know you personally, I think it's a really good way to kind of get to know you.
2629000	2633820	That's what the kid sold me on, you know, that and the self-defense mechanism of showing my personal life.
2633960	2640880	But, yeah, but I think that moment you were talking about was, okay, I've got this camera.
2641980	2642860	I pointed it at somebody.
2642900	2644500	They spilled the beans.
2644640	2646080	It was my grandmother, right?
2646320	2650660	And she told me a story about my family that she had kept hidden from everybody.
2650700	2652320	And she was like 90 or something.
2652440	2653480	And I recorded it.
2653520	2654780	I'm like, holy shit.
2655620	2663420	So I pointed it at John Lear because I was like, who can I get to that seems to have
2663420	2664940	these wild ideas?
2665060	2666600	And if I say crazy, it wasn't crazy at all.
2667080	2668160	Very sane, man.
2668320	2670180	CIA pilot did some incredible stuff.
2671980	2674940	The dude has had so many life experiences people don't know.
2675120	2676920	Won a bunch of flight records as well.
2676960	2679000	Like really amazing, esteemed pilot.
2679280	2679560	Bro.
2680240	2681740	So he called me back.
2682440	2682840	Finally.
2683960	2687720	And it was so like, come over, Las Vegas, Nevada.
2687960	2688480	Yeah, I'll be here.
2688540	2689900	It was the weirdest call.
2690060	2692300	And I fucking packed my bags and I look at my wife.
2692360	2693700	And there's a scene in the movie.
2693760	2695580	I know the kid, my voice is all hoarse.
2695980	2697780	That was after that first trip.
2697780	2703300	the first thing michael just i said when you make it when you tell this story don't put anything
2703300	2707980	visually out of order to see it exactly like it happened first time i roll up to his gate filming
2707980	2714320	it like that's all real exactly in the order it happened so because of his openness to me
2716000	2721620	i mean he didn't tell me shit about ufos at first but he was testing me right but um that's how it
2721620	2726840	started and then i would just see these these floods of people over the years just coming to
2727780	2732800	he let everybody in they tell him sometimes the craziest and you could tell they weren't
2732800	2739160	wrapped so tight stories and he just listened like like he cared because he did care and then
2739160	2746860	other people come in and they were cia fbi nsa um amazing pilots i mean just all these people
2746860	2752040	this world of people that i would never have had contact with because i had a camera they would
2752040	2752780	Talk with me.
2752920	2756400	Look, they mistook me as an authority figure with that camera.
2756880	2759960	But what John did was he had no filter.
2760880	2761960	And that's the trap.
2763020	2771680	The trap is you belief and actual functional reality start to blur when you have heard it all.
2771840	2772200	Yeah.
2772340	2772720	Which he did.
2773120	2775420	Start talking about soul catchers on the moon.
2776420	2781120	I can't verify his craziest theory, his wildest theory.
2781260	2781800	Yeah, yeah, yeah.
2782040	2787900	can't verify. Yeah, yeah, yeah. Well, what did he tell you that did check? Because I think it's
2787900	2794720	important to caveat about him. He broke the F-117 to George Knapp. He actually knew a lot about
2794720	2800760	advanced aviation well ahead of anybody in the kind of civilian world and was kind of, you know,
2800780	2805080	hanging out at Dreamland at Area 51 before anybody knew it was even real. So he definitely knew some
2805080	2811880	of real stuff bro i have original photographs from 1977
2814620	2826860	groom lake lake level with a chain going across john lear drove out there many times back in the
2826860	2833520	day when security was different he came i'll show you the photographs it's amazing he wrote to me
2835080	2840540	lake you moron let's go wednesday because wednesday was the famous night nights they would fly the
2840540	2846140	sport model so what he did was he sat there drinking beers on the back of his pickup truck
2846140	2853780	with a buddy of his who i know and he snapped a bunch of photos in a row of groom lake at lake
2853780	2858880	level you've never seen a photo like this before unless i put it out or leer i don't know if it's
2858880	2864260	leaked online but i'll i'll give you a print wow then what he did because it's john fucking
2865080	2867040	and they knew his dad, William P. Lear,
2867120	2870420	inventor of the Learjet 8-track stereo,
2870620	2873500	became Motriola, his company, the whole crazy shit.
2874620	2876560	Worked on some amazing stuff with people
2876560	2878560	that you talk about sometimes, by the way.
2878680	2879100	Townsend Brown.
2879520	2880280	Not saying shit.
2880340	2881660	You're going to talk about what you know
2881660	2883520	will be, you'd be my sensei on that.
2884680	2886780	So what he does, because he's so John Lear,
2886900	2889180	he takes his Panera, boom, boom, boom, boom, boom.
2889600	2891680	He sees the dust trails in the desert.
2891700	2892340	You see the dust trails.
2892620	2894340	What the fuck is this guy doing out there?
2895080	2902540	in the back tailgating with a beer, right? He takes the 35 millimeter film thing out of the camera,
2903240	2908800	hides it under his ashtray, puts it in another, does an identical set of photos. And when they
2908800	2914700	came, they said, John Lear, okay, well, you can't be here. And you know, we're confiscating the
2914700	2918940	camera. He goes, no, it's my camera. We're taking the film. They took the film and left.
2918940	2925400	left, John drives home. That's how I have a photo of Groom Lake at Lake level with a chain that I
2925400	2932920	will give you a print of. Whoa, crazy. 77. That was the year I was born. Oh my God. He did that.
2933300	2941720	That's crazy. What did he tell me that was true? He did break the story of the stealth fighter,
2941860	2948280	but it was Ned Day. It was George Knapp's mentor in journalism. Shout out to Ned Day.
2948940	2958620	sip here shout out to ned i've learned about ned from george so john had some credibility
2960320	2968180	he also knew a lot about cia operations in the um when they were flying drugs because he'd never
2968180	2971800	asked what's what was in his flight he'd fly anywhere at any time and he gave me all these
2971800	2976460	like this footage of him going in like these tiny little runways made of dirt flying for the cia
2976460	2978200	Well, we were on Contra situations.
2978380	2980260	He was moving drugs a lot of the time.
2980360	2982880	He says, I don't know, I'm just a bus driver.
2983540	2986260	There's a famous photo of him with G. Gordon Liddy.
2986500	2990860	And you're like, this guy's in with the spookiest of spooks.
2990900	2991260	Right.
2991320	2995260	And that's why people think people would try to influence him in the negative ways.
2995440	2996740	And maybe they did.
2996920	3000140	But most people like me love, there's something about John Lear.
3000220	3000980	He had a laugh.
3001280	3003780	I've only heard one other human being on planet Earth.
3003900	3005620	And one day I hope to achieve this laugh.
3006460	3015020	the most joyous belly laughing, almost like wink at the same time. You're onto something.
3015680	3021420	You're onto something. It's just, it's really inspiring laugh. Um, so he rolled deep with
3021420	3027960	some people. So he verify, verifiably gave good evidence, um, about a whole bunch of
3027960	3032320	terrestrial stuff to the news station in Las Vegas at KLAS. He had a credibility there.
3032320	3060260	He was running for senator or state senator at the time or something. And then he walks in with this UFO madness and nobody, Ned Day, George's mentor, he said, I think he said, if this was true, I would have already known about it, John. George is like peeking over. He's like a young reporter, you know? And he's like, hey, John, I'll check out the files. And that's how it started. So that's why. Did I answer your question?
3060580	3060960	You did.
3062320	3067260	answer questions i'm just pumped no that was a thorough answer describe your first time meeting
3067260	3079340	bob lazar oh wow you know what that's like i now i'm it's so surreal i mean i'm honored to have
3079340	3083420	had that experience myself it teaches you a lot use the word honored a lot like um you know how
3083420	3088360	we all have the same amount of time so people choose if they want to spend it together right
3088360	3094340	It should always be an honor with somebody you're hanging with because you're both choosing in space-time with limited amount of life.
3094500	3097660	But anyway, so first time meeting Bob Lazar.
3098060	3100480	Well, first of all, reverse the tape.
3100560	3103280	You know that I wanted to know if he's a liar or not.
3103800	3105720	That was the only thing I wanted to know.
3106260	3112520	If he was not a liar, then distance doesn't matter.
3112680	3114320	That's in my brain, caveman brain.
3114380	3114860	That's what I thought.
3114920	3116860	I want to know if he's a liar because the distance doesn't matter.
3118360	3123800	line of thinking. So John kept telling me that George Knapp won't talk to anybody because I've
3123800	3129900	been trying for years to get to George. Bob Lazar, there's no way. But he does, you know,
3129900	3134280	John always wanted him to come for like a birthday party. He always had these big birthday parties,
3134340	3139880	really wanted to brag that Lazar was his friend, right? So he kept kind of telling me, you know,
3141600	3145520	maybe Lazar will show up this year. And I'm always like, fucking call him then, you know,
3145520	3147780	I'm like, I would love to just, no cameras.
3147840	3149720	So what happened was, answer your question.
3151040	3157680	One day, I'm just filming with John like I did every day for years or every week.
3157720	3159600	At least I'd go out there every two weeks.
3159980	3162920	So, oh God, what happened?
3163200	3164880	Oh, and he goes, Lazar's coming over.
3165000	3165920	It's the first thing he says to me.
3165980	3169540	I go, oh shit, because I got my cameras already all set up.
3169540	3170440	We're doing our daily thing.
3171340	3173660	How well known was Bob at the time?
3173780	3174060	Right.
3174080	3175120	See, it's very different now.
3175520	3176340	It's very different.
3176480	3178100	So niche.
3178300	3179000	Yeah, right.
3179180	3184620	So like, nobody knew his name unless you're a UFO nerd on the Paranet.
3184800	3185320	Right.
3185740	3188540	So like a very popular city councilman or something.
3189940	3191200	Less than that.
3191220	3191780	Less than that.
3191780	3194740	But in UFO land, he was UFO Jesus.
3195140	3196820	You know, he was the Messiah.
3197080	3197540	Yeah.
3197660	3200940	You know, the unwanted, like he didn't want the attention.
3201100	3203640	It's the weirdest conundrum of a guy.
3205520	3211840	at a UFO. Is he real? Does he even really exist? So my first experience meeting him was like,
3211940	3216440	first I go total respect mode. I'm like, I can't, I'm not even a filmmaker, never made a film,
3216520	3219660	putting away all the cameras. I don't want him to feel like he's walking into a bear trap.
3219780	3225620	And I'm like, John, just talk with your friend. But I knew that all that was out there were these
3225620	3231820	tiny little clips of him, the small little hard to find interviews. And that the majority,
3231820	3238800	majority 99% of what you read by getting to know Lear and all this wasn't true so here's my pitch
3238800	3244100	he comes in I'm just looking at him you know um really good to meet you yeah I'm making a movie
3244100	3253980	uh I think um Bob when I got a respectful moment of silence Bob um I don't know if you're telling
3253980	3262860	on the truth but i do know from knowing john the entire world within this ufo little silo
3263620	3267520	is saying things that aren't true about you and in three minutes of you talking
3267520	3275540	would completely change the dynamic of the ratio of what people know because it's just not out there
3276160	3280720	do you mind if i push record and ask you a couple questions about ufos
3280720	3290860	and that's when you see that footage and he just unloaded i know there are alien craft here
3290860	3298140	from another planet i now i saw other ones but i was inside one i know it was not made on earth i
3298140	3303740	know it was made with materials that we cannot fabricate we cannot duplicate and we've never
3303740	3309980	been able to i know it uses a power source that's so advanced that we could only dream of something
3310720	3313020	and the energy density on it is phenomenal.
3313480	3316380	And I was just looking at him like, holy fuck.
3317420	3321340	First time you ever hear him like, fuck the noise.
3322740	3324520	So I thank him.
3324520	3325440	He sits down with Lear.
3325660	3326920	I never release this footage.
3327080	3328180	Michael put it in the movie
3328180	3329540	because I gave him 20 years of my footage
3329540	3330580	and he just used it.
3330700	3334320	And he's with Lear and he's arguing with Lear
3334320	3337040	about Lear's crazy ideas, right?
3337940	3340420	And so you see Bob all the way back then,
3340940	3343900	being like the rational dude.
3344320	3347620	The greys were controlling the soul sucker on the moon.
3347640	3350440	And when you die, it sucks up your soul and it gets reprocessed
3350440	3352160	unless the greys steal it.
3352220	3353620	I mean, come on, John.
3354040	3355240	What the fuck?
3355860	3363200	And it just, what it was like was like, okay, now I really got to find out.
3363460	3365760	Well, he's a walking mind fuck.
3367420	3368440	That's a cool term.
3368520	3368900	He is.
3370720	3377640	the same motivation as you and as you know and i and and i you know as of a few years ago probably
3377640	3384740	netted out more skeptical than believer when it came to his story not necessarily the like surface
3384740	3388500	level details but i thought maybe there was sort of like a cover for something else or something
3388500	3392040	how do you know the information is all that you whatever information you have you have to base
3392040	3396800	your assessment a hundred percent and i at the you know at the time and even now have immense respect
3396800	3401360	respect for Jacques Vallée, sort of godfather of UFO research. And he had said some negative
3401360	3407120	things. I pushed him on it once at my ranch alone. He and me were sitting there and I love him with
3407120	3410860	all my heart. This is nothing negative, but I pushed him. I don't want to get into it, but like,
3410920	3415180	what, where did that come from specifically? Why do you say that? How do you know that? Do you know
3415180	3419960	that? Are you just saying that? And I'm just saying, yeah, we are friends, but I stick with,
3420000	3426500	I stick where I stand on that one. It wasn't compelling, but, but dude, he's incredible.
3426800	3432000	everything else yeah yeah is compelling but that that idea of but you stress you wanted to know
3432000	3437620	where he was coming from you felt is there something i don't know right tell me i knew
3437620	3442760	where it all came from the i know exactly specifically who it came from why they said it
3442760	3447820	what their secondhand knowledge is that all in the scientific world they start spreading around
3447820	3454320	that somehow so you know that he's a marionette you know right he's some sort of mk ultra like
3454320	3461620	he'd yeah yeah but but i i do want to address one thing which is that i did have and do have
3462160	3472080	a secret and that's for me and what that is is why i knew that bob lazar was telling it as it is
3472080	3480200	meaning a facility like that exists exactly what's inside of it exists i wanted to find out if lazar
3480200	3484920	was actually there and saw it for his own eyes or if he was lying and being used as a marionette
3484920	3492400	so that day i knew for the first time because i asked him certain questions i knew that it was
3492400	3498860	worthy of deep deep deep investigation it took me so you already knew about the existence of s4 i
3498860	3504680	say that in i say that in the movie that there was a lot of people knew about the existence of s4
3504680	3509540	theoretically uh-huh what i'm trying to it sounds like you had a pretty good source what i'm what
3510200	3516320	do is go as far as I can, but we have to respect one thing as a journalist. When someone says to
3516320	3526620	you, um, this is my, this is for you to know, not to say if you break that one fucking time,
3526680	3531500	you're done. Yeah. Nobody will ever trust you. And it's so tempting sometimes. Of course. I'm
3531500	3535880	just trying to say as cleanly, I'm not being oblique. I'm like, you know, it's a bright room,
3535880	3546660	sunglasses off i'm trying to tell you what i can while respecting my oath yeah of course and that
3546660	3555900	is that i didn't go you had good reason to believe yes i had i had very solid good reason to know
3556900	3563460	that lazar was correct now was he there right was he there and did he see it you know because
3563460	3568020	that's another trick that's played when you're spilling information, like use people as emissaries
3568020	3573460	to propagate a truth or a lie. So I hope I explained that to the satisfaction of your
3573460	3579800	amazing and beautiful audience. And you know, that's that I had cause to want to bullet test
3579800	3587360	Lazar. And then meeting him was the first step to me saying, okay, this guy is not a liar,
3587360	3589780	but I need to really find out.
3591080	3593220	Legend has it that in 1943,
3593600	3595880	the Navy tried to teleport a ship
3595880	3598320	in what's known as the Philadelphia Experiment.
3598660	3600840	And it worked, sorta.
3601080	3602840	It disappeared, reappeared,
3602920	3605560	and then half the crew got atomically fused
3605560	3606560	into the ship's walls.
3606820	3608520	Others just vanished.
3608840	3611080	No one was where they were supposed to be.
3611260	3613620	Talk about a breakdown in communication.
3614380	3616000	You know what that sounds like?
3616160	3617000	Your team.
3617360	3623580	before you had Quo. This year, upgrade your system to a workspace that keeps your team from
3623580	3628680	shattering across dimensions. If you've ever tried to schedule a meeting across five time zones
3628680	3633980	in six different platforms, you know the horror of losing people to the ether.
3634520	3640720	That's why today's episode is brought to you by Quo, spelled Q-U-O, the business communication
3640720	3647300	system built so you never miss a call. Your entire team can handle calls and texts from one shared
3647300	3653800	number, so no more missed messages or dropped conversations. Everyone sees the full thread,
3654040	3660020	replies are faster, and customers actually feel taken care of. It's the number one rated business
3660020	3665840	phone system on G2, which is the premier place where you review these sort of workspace applications.
3665840	3672620	It has over 3,000 reviews there and more than 90,000 businesses rely on it to stay connected.
3672880	3674660	So it has an amazing track record.
3674820	3683540	No vanishing, no fusing into calendars, just your team fully entangled and synced across time zones, timelines, and even caffeine levels.
3683840	3685440	Money is on the line.
3685560	3687600	Always say hello with Quo.
3687600	3695740	Try Quo for free, plus get 20% off your first six months when you go to Quo.com slash Jesse.
3696180	3699540	That's Q-U-O dot com slash Jesse.
3701180	3705560	This guy is not a liar, but I need to really find out.
3706180	3714620	Yeah, and I think something I want to talk to you about is the fact that you really corroborated
3714620	3716560	his presence at S4 Area 51
3716560	3720760	because you spoke to some other people
3720760	3724660	that were there that flew the Blackbird.
3725120	3726420	Really cool fucking plane.
3727460	3728620	Yeah, I mean, look,
3729260	3731000	in so many ways, not public,
3731120	3732060	but also public.
3732160	3734340	I got one dude on Ancient Aliens
3734340	3736220	to give his testimony that, you know,
3736240	3738160	he saw Lazar there, you know.
3738280	3738640	Wild.
3738840	3740720	Yeah, getting off, getting on a bus.
3740760	3742480	It doesn't prove flying saucers,
3742520	3743660	but it proves Lazar was there.
3744620	3772640	Oh, dude, there's so many things like that. That's that's what I always say when people are like, do you believe him? I'm like, I 100 percent at this point think he was there and I 100 percent think S4 exists. And then I'm high probability on the story. You know, it's like I can't say I'm 100 percent, you know, but after spending time with him, why I say he's a walking mind fuck is I asked him all my most skeptical questions and the dude didn't bat an eye.
3774620	3778680	controlling everything and to him he's probably annoyed right because he hears all these things
3778680	3782740	ad nauseum and this is like you know one of his last kind of media tour maybe he does something
3782740	3788860	else but as you know he hates media and he's just getting like all these skeptical questions thrown
3788860	3796000	at him from this kid he just met and uh and he was handled all of them gracefully and he's a great
3796000	3800300	uh he's a great human being and he's a fighter people don't know that like he is he's very
3800300	3801260	very strong.
3802320	3803080	He does.
3803100	3807680	He just doesn't want more drama in his life and he doesn't want to cause more pain,
3807700	3808500	which I can relate to,
3808520	3809340	to his family,
3809420	3811760	to his beautiful wife and all the animals.
3811780	3814940	He's had five heart attacks since you're allowed to say that.
3815040	3815320	Yeah,
3815380	3816000	it was on,
3816000	3816840	it was on our episode.
3816860	3818060	He talked about it publicly.
3818280	3818680	Okay.
3818760	3819880	So yeah,
3819960	3821040	there's a lot of person.
3821040	3821280	He said,
3821280	3821960	it's just from stress.
3822060	3823480	He said his arteries are clear.
3823720	3827640	I've had five heart attacks from stress and other things from stress.
3827800	3828920	And look,
3829020	3829140	man,
3830300	3835760	personal stuff away because I've had problems with that. Um, but there was something in what
3835760	3840940	you said, um, just kind of meeting him. It's, it's not good enough to say, well, I met him and I can
3840940	3846340	tell he's, he's, he's not a liar. No, I want a tangible, actual, actual proof, you know? And
3847280	3854180	oh yeah, I found that. And so the question then becomes, do you protect this guy? Do you blow up
3854180	3860740	his life. Dude, I started making the movie. Here's what happened. I never sign anything with anybody
3860740	3866960	and I don't make them do it. So a show was all in the movie and I go, look, here's the deal, man.
3868240	3876620	I'm not a filmmaker, but I want people to see who you are. It's not about proving anything.
3877280	3883880	I just want them to see how I've gotten to know you after all these years. We've become friends.
3884460	3891000	you've let me in your life um so look at it through through that lens and i i said it's a gamble
3891820	3898280	right now you're so terrorized by anytime you say something people twist it and they get angry
3898280	3905220	at that time jesse people were really angry at bob he was you know it was attack attack attack
3905220	3910540	now he's like with you up on stage in austin and everybody's cheering everybody loves him but
3910540	3911660	But imagine the risk.
3912000	3914720	So I say, look, I don't know if anybody's going to pick up this movie.
3914880	3915400	I don't know.
3915860	3917740	But watch it.
3918440	3919420	Think about it.
3919740	3921380	And you can ask him.
3921440	3922080	I said this.
3922240	3925900	I said, if you want, I'll scrap the whole thing.
3926580	3927560	I didn't have you sign anything.
3927940	3930860	This is, to me, I think important.
3933200	3937060	So I give him the movies with his wife and popcorn.
3937960	3938520	Let's watch it.
3938560	3939260	And there's excitement.
3940540	3946320	pretty neat, you know? And he'll call me right after, call me right after. 24 hours goes by,
3947000	3953920	not a call. 48 hours. I mean, I have like the receipts, like my, but I thought it was so funny
3953920	3960220	being shot at. So I just calmed myself. I said, okay, okay, that's going to go on. He calls me
3960220	3965800	and he, you know, he gets that, you know, he's struggling because he knows how many years I spent
3965800	3969100	and he knows that I want to do this.
3969200	3970660	I want the world to see this.
3971300	3973060	And it was just like, no.
3974820	3976240	And I go, okay, well, what?
3976700	3978340	So here I am being calm.
3978800	3980360	I can actually do that, by the way.
3980720	3983500	I can instantaneously be calm, but I don't like to.
3984680	3985680	So I calm myself.
3985960	3989360	I say, okay, what did you not like?
3989460	3991280	But then, well, why did you show?
3991440	3993600	He didn't yell, but he's like, why did you do this?
3993600	4001080	and I go oh let me walk you through why I did that scene why I showed that personal part of
4001080	4008060	your life oh well that makes sense okay I'm winning here I'm winning you know I'm like okay
4008060	4017160	well what else we went through the thing and he to his credit he's like okay you know you made a
4017160	4024340	you made a good movie i okay and i'm like so that was the moment where the world almost didn't see
4024340	4031080	it and how that would have changed things is that people would not have seen who he was as a human
4031080	4036600	and he would have been this totem pole that you could just put gasoline on and light it on fire
4036600	4043560	or worship and you should do neither it'd probably be relegated to like deep corners of the wet like
4043560	4048680	like reddit forums and shit like people wouldn't really i mean because then you guys went on rogan
4048680	4054240	and that is the most viewed rogan episode of all time i think it has like 66 or 67 million
4054240	4063300	views or something hungry people hungry for this to joe's credit it also took an act of god to get
4063300	4071200	bob there and like joe um had asked me about my first film patient 17 he actually the first
4071200	4078840	First DM I ever did was Joe taught me via, it was a public post.
4078920	4079660	You probably find it.
4079720	4081600	And I was like, I don't know how or something.
4081720	4083440	And he goes, dude, you have to follow me.
4083600	4085420	I'm like, oh, so I follow.
4085640	4086300	And then you learn.
4086340	4087500	And I never sent a DM.
4087740	4089100	And it was about patient 17.
4089700	4091260	So it was like this weird thing.
4091320	4092800	It was a movie I did before.
4092920	4094520	I want to talk about patient 17.
4094520	4118620	And so then Joe, to his absolute credit, kind of kept tabs, I think, on the stuff going along the way. We weren't friends or anything at that time. It was like, you know, you never know where you stand. But he just asked me out of the blue one day how I remember it. He asked me, can you ask Bob and you guys come on the show?
4118620	4122860	show. And I don't know if it was the size of the show or anything. I'm not following,
4122960	4127840	I'm not tracking that stuff. And it was big though. So the thing is, I said, Joe, it was a
4127840	4135100	phone call. I'm like, literally a month ago, two months ago, this came out. He said he would do
4135100	4140880	one interview, one. And I took him on Larry King. That was like the one thing he would do to promote.
4141100	4145560	Let me just sit next to me. The one thing. And I said, I don't want to do that. But Joe said these
4145560	4154220	these magic words to me. He goes, can you just ask him? And before I talked, I thought, can I,
4154260	4159940	I can, okay, I can. So yes, I can. Absolutely. Cause I would love it. I would love for him to
4159940	4164760	be heard more, right? Not just about the film, just Bob, you know, and, and how cool have somebody
4164760	4169880	else who can interrogate him. You know what I mean? And so, so then in a long form, you know,
4169880	4174740	Larry King was, I love, you know, great, great legend, but he's got the suspenders and it's like
4175560	4181740	sort of format you know rogan's just yeah unnatural yeah rogan's got the long form you know and for
4181740	4186680	people to build trust that's really important but i wasn't thinking about nothing i was just like
4186680	4191840	in this um world state where it's like ufo vietnam and someone's asked me to pull this guy
4191840	4196420	back out somewhere to go on it was months after the initial movie came but right before netflix
4196420	4204060	got it so basically the funny thing is is that um i mean it's hilarious i was he goes
4205560	4211380	a disc jockey? Bob said, I go, Bob, look, George and I are coming out because we have a premiere
4211380	4218140	or a screening, um, in Michigan. So we're coming out. Let's just talk about it then. So I remember
4218140	4224560	texting Joe, like, um, okay, I'm going to need you to ask him because I've really tried to do all
4224560	4228340	this stuff with Bob, you know, and I don't want to. And so then there's this really funny phone
4228340	4235160	call and George is standing over here. And we, I said, Bob, just get on the phone with Joe, dude.
4235560	4239620	good dude, dude, just get on the phone. Like you can say no, but just hear the dude out. You know
4239620	4244500	how people, Bob, you know, fill in the voids on you. Just don't fill in the voids. Just, just talk
4244500	4250900	to him. And I was like, so I get him on the speakerphone and, and Joe talks to them. And
4251400	4259580	I remember Bob saying, okay, I'll, I'll think about it. That's a win, right? I hope it works.
4259660	4264780	You know, you know, I hope it works. I would love to see that. George snapped a photo at that exact
4265560	4271720	behind us is this 80s poster of like john lear's face with lazar and nap and there's me and bob
4271720	4278140	leaning over and that's the moment that really like bob lazar was about maybe to tell the world
4278140	4284340	one more time what happened to him on a big ass platform and just do it i mean different than a
4284340	4293540	movie right and my by golly did he ever and that episode i think why people loved it so much
4293540	4299020	is because we are all starved to know the one thing.
4299840	4301240	Is this true?
4302320	4303260	Any of it?
4303960	4304860	All of it?
4305320	4306140	Some of it?
4307320	4308180	I don't know.
4308800	4310240	But it was cool as fuck.
4311320	4312960	It was cool as fuck.
4313060	4313800	Joe got him.
4314060	4314960	It was amazing.
4315360	4317120	And he didn't put the bone down, right?
4317400	4318640	He didn't put the bone down.
4319780	4321500	So you could stop there.
4322440	4327040	but he's had on, I get so joyous,
4327060	4328580	even if I don't agree with somebody,
4328760	4330560	what they're saying, people are like,
4330800	4331340	Bob's a liar.
4331440	4333720	I'm like, okay, well, I can tell you what you don't know.
4333940	4340300	But he's brought it into a popular culture thing
4340300	4342380	where I think a lot of us wouldn't exist
4342380	4345040	in the same way with this if he didn't,
4345040	4347860	he allowed the discussion to occur.
4348280	4351340	Well, you were inextricably a big part of that.
4351500	4353980	So, you know, I hope you just take that as a compliment.
4354400	4356680	I was sitting in the room.
4358800	4366320	I want to get into some other amazing people that you've sort of broken out into the public and are now part of the whole UFO conversation.
4366960	4368760	Who is Dylan Borland?
4369040	4369380	Okay.
4369420	4372760	Do you think your audience would prefer if I just give you really short, direct answers?
4373340	4373840	No.
4373920	4376720	I think they want the full, deep.
4376760	4378100	I love what we're doing now.
4378200	4380580	It's just getting into it and, you know, talking naturally.
4382500	4382640	No.
4382820	4383080	Okay.
4383240	4383460	Yeah.
4383700	4384380	Dylan Borland.
4384520	4385080	That's Larry King.
4385540	4385900	Okay.
4385980	4386340	That is.
4386400	4386740	Thank you.
4386740	4387760	All respect to Larry.
4387760	4388080	No, no, no.
4388120	4388820	He was awesome.
4388840	4390880	You know what he did when I walk in with Larry King and Bob?
4391160	4395260	I'm like, you know, nervous, but for Bob, because I'm making him do this thing early
4395260	4400860	morning, I come in, Larry King looks at me and he just like winks at me like a 1950s,
4400860	4402380	like you're going to be okay, kid.
4402460	4403940	But I wasn't the nervous one.
4404160	4405500	You know, it was funny.
4405580	4406540	He was a cool dude.
4406640	4407580	He was a cool dude.
4407860	4408220	Yeah.
4408220	4409920	So Dylan Borland.
4410080	4418040	So friend, intelligent, balls like church bells.
4421100	4422620	A man of faith.
4427040	4427800	Husband.
4429220	4430960	Animal lover and protector.
4432460	4433220	Honest.
4435220	4436460	Nervous at times.
4442220	4450160	endured extreme adversity endured extreme adversity he doesn't have a roadmap because
4450160	4456500	other people got shit cleared by getting stuff cleared he would expose himself
4457860	4464640	so he has to dance a line until they let him talk and he's endured
4466260	4474540	extreme adversity like you said and people don't know all that i was just with him for five days
4474540	4481140	we were just having a good time at mcminnville you know and i know i'm trying to keep the private
4481140	4490720	stuff out but he just say he's very loved and has a loving relationship um and is an absolute
4490720	4497080	absolute, in my assessment, honest, straightforward.
4497460	4498560	He has a little OCD like me.
4499100	4500260	He's like, did you lock your room?
4500360	4500860	I'm like, I think so.
4500860	4502660	He ran back up to check the door.
4504320	4507380	So he's fastidious is what I like to call it
4507380	4508640	when someone's like that, fastidious.
4510340	4513100	That's who Dylan Borland is as a human being.
4514160	4515660	he also
4518300	4520520	is somebody that
4520520	4522140	you should trust
4523120	4524980	what did he experience
4524980	4525860	okay
4525860	4528160	that I can talk about
4528160	4531200	he told you
4531200	4532080	in congress
4532080	4534660	is there was a large
4534660	4536080	triangular shaped craft
4536080	4538460	that was near the NASA hangar
4538460	4540980	it moved over towards him
4540980	4542740	it
4543100	4551040	had zero sound. It had electrostatic, like the smell of rain. His phone had interference,
4551240	4557280	went hot, went out. All the classics. It was between one to two stories thick,
4557480	4562660	equilateral triangle. I could never see the top of it. And the edges were 90 degrees.
4564740	4571040	There were four lights in total, one light on each corner and a larger light in the center,
4571040	4573320	two to three times the size of the corner lights.
4573440	4576560	The craft itself was this black metallic flake paint,
4576660	4581960	but on top of the craft was this gold, lava, plasma,
4582080	4585440	some type of fluid going over and around the craft.
4585880	4587520	A little lava, plasma.
4587620	4590060	That was something that if I had a nickel,
4591180	4595500	for every time someone described the seemingly intelligent,
4595500	4605460	Intelligent, gold, undulating hue that engineers have described to me.
4607640	4613000	They can't describe the exact, they're engineers, it really bothers them when they don't have the words for something, you know?
4613840	4615160	What it made them feel.
4615920	4616800	An intelligence.
4616960	4621680	Now, Dylan didn't say that part, but if I had a nickel for every time I've heard that.
4621680	4627160	So yeah, that's undulating lava, lava lamp style gold,
4627480	4630340	and then shoot straight up.
4631520	4634960	You'd mistake it as a star and then took off
4636140	4637600	on a military base.
4638280	4639740	That's what you know.
4639980	4642840	And the world really knows up till the very minute,
4642940	4646480	basically, of what he experienced, but a lot more.
4646600	4647520	Sounds like there's a lot more.
4647600	4650660	I have direct firsthand knowledge and exposure
4651680	4656260	Crash recovery, reverse engineering, integration of technology into redacted.
4656900	4660440	As well as the most important piece of technology on the planet.
4660700	4662420	And it's not the craft themselves.
4663800	4665320	It would be the power source.
4666340	4668560	You can make that assessment yourself.
4669280	4679380	Is your sense that that craft was being housed at the military base or was doing sort of recon from above at the military base?
4679380	4683460	or is it like anybody's guess and he's open to either interpretation?
4684020	4686640	Yeah, if he doesn't know, I can't know.
4686840	4687740	I don't know.
4688680	4690240	It is a conundrum.
4690480	4692360	What was it doing?
4692580	4693340	Were we operating?
4693460	4694040	Was it ours?
4694220	4696760	Is it a program where we utilize things?
4697000	4699840	I mean, look, if we have that technology, everybody's been lying to me.
4700780	4704280	So if we have it, I really want us to have that technology.
4704620	4705920	And there are some arguments.
4706620	4707860	You believe we have crafts.
4709380	4714880	saucers and hangers oh no we do yeah yeah yeah the but but i'm saying i guess what i'm saying is
4714880	4722380	some people claim that we have a modicum of control over them like even lazar you know they
4722380	4728440	gave him the impression that we were flying it obviously it seems that way yeah low performance
4728440	4734120	test so these triangles there is evidence that would make me think that we've done something
4734120	4740440	like a retrofit, but it's not something that there's a thumbprint for that is easily findable.
4740580	4746460	I don't think there is one. So I think at best what we're doing, and this leads into other things
4746460	4750240	that were told to me by an intelligence agency that I said for the first time publicly, because
4750240	4756600	my lawyer said, well, if they said that to you, you can. Dylan never said it to me. They did.
4756840	4762540	And that's well documented. So I was able to say three things last weekend that were never said
4764120	4770720	couldn't answer any of them and to to to get to your i'm sorry get to get to i think can you say
4770720	4776560	what the intelligence agency said yeah yeah i i can but then we go off on a whole different tangent
4776560	4781260	it's just broke news it's breaking today while we're doing this okay it's just high level the
4781260	4786660	yeah i i can but let's just finish this one little triangle thing sure which is i think um
4788060	4807000	There is evidence that we, meaning the United States, have been able to put a non-human power source into a constructed body of other craft.
4807240	4810260	The problem is, is it can't handle it.
4810320	4812260	It's like putting a Ferrari engine in a Pinto.
4812500	4815580	And then you try to drive that fast on those wheels, you're dead, right?
4816660	4822140	i'm at at this point the evidence has directed me to that that we've made some exploitive derivative
4822140	4829640	technologies based on it but the skin of the craft but non-human power source the ability to make it
4829640	4835520	work at all well even if you can't retrofit it onto some but that's what it's it sounds like
4835520	4842980	what you're saying does so i'm thinking that it just does work okay and then you're trying to
4842980	4846400	to harness that and not have the wheels break off.
4846540	4847120	You know what I'm saying?
4847260	4847480	Sure.
4847620	4848980	So it's like, you know, you can.
4849680	4850840	Slap it on there and.
4851020	4851900	Slap it on there.
4852020	4852520	Yeah, exactly.
4853160	4855240	So that's to the best of my knowledge.
4855500	4855700	Yeah.
4855820	4858400	Without getting too specific and in the weeds for your audience,
4858480	4860380	that's to the best of my knowledge.
4860640	4860800	Sure.
4861200	4865080	And then the three things I said, is that what you wanted to know next?
4865100	4865600	Yeah, yeah, yeah.
4865720	4865920	Okay.
4865920	4887120	So I said that I was directly told by a lead of the ODNI's DIG, the Director's Initiative, that Dylan Borland drew four drawings, I think it was, which was a lie.
4890060	4898440	he did draw three for the icig because it was filmed so why the lie we'll talk about that but
4899580	4906680	i think it was i think it was four drawings is what they said so one was the craft and everybody
4906680	4915420	knows that that's just he saw it at a base doesn't know anything but the odni told me
4917260	4921720	he had told them about Project Rubik's Cube.
4922560	4925820	Now, if that is a classified UAP program,
4926880	4929000	then nobody should be telling me that,
4929100	4930960	especially if it was said in a skiff.
4931600	4933960	Now, the problem is, I already knew about it.
4934680	4935540	Multi-source.
4936980	4939580	I don't know the full nature of Project Rubik's Cube,
4941120	4943580	but I think they were trying to entrap him
4943580	4945540	to see what he had said to me in Georgian private.
4947120	4953240	to me but i knew about it already multiple sourcing right so george and i were like when
4953240	4961360	od and i told us that we said you said it not us yeah so so he shouldn't get in trouble to be clear
4961360	4966620	well he can't he can't he never said he never said it so i asked him on stage but his face did look
4966620	4971500	down in i don't know i don't know what he looked i try not to look at him i said i'm not even going
4971500	4976940	gonna look at you yeah i wasn't trapping him either no sure you know i called chuck mccullough
4976940	4983220	yeah prior yeah like like earlier that morning and i said here's the deal you know od and i was
4983220	4987640	targeting me and george and they were targeting us and all these whistleblowers and then we got
4987640	4992300	proof by the way the cia the whole thing that happened in congress we'll get to that if you
4992300	4998760	want so they're targeting us but i said chuck they told me about project rubik's cube and kind of long
4998760	5004280	long silence with Chuck and there's two more things. And he goes, well, he goes, you're a
5004280	5009140	journalist. You have no, they have no authority that if they said that to you, it's on them,
5009160	5016140	that's on them. I said, so I can say it. Yeah. Can I try to get Dylan to confirm that? And he goes,
5017200	5022720	essentially as a lawyer, right? If he knows or doesn't know that he does, he is not in a legal
5022720	5029720	position to admit or anything about that. And I said, well, I'm going to ask him if you say I can
5029720	5034760	say that on stage, because I think it's important people now know. And I know Dylan can handle
5034760	5039420	himself. Nothing pre-planned. He stood up in front of Congress and handled himself, right?
5039740	5040720	So I asked him.
5040720	5057100	I was told by an ODNI agent that Gillen testified to ICIG, the police of the intelligence agencies, that there is a UFO program.
5058320	5059680	And it's called Nubit's Cube.
5060900	5062260	That's what he said.
5062880	5069420	that's what that's what i've heard from the odni which they shouldn't be calling me and telling me
5069420	5077140	what was described in the skiff should they right so i'm a journalist so i listened and i am
5077140	5080880	testifying can you believe me or not i'm a bearded tattoo journalist or a great mentor you don't need
5080880	5088880	to believe me project rubik's cube dylan i'm not gonna be looking dude have you have you ever
5088880	5100820	testified to ICIG about a UAP program containing UAP called Project Rubik's Cube.
5103000	5103960	Let me collect my thoughts.
5110660	5112700	I am not in a stiff.
5114520	5116300	I am not going to jail.
5119280	5122440	I can neither confirm nor deny that if you want me to answer your back question,
5122760	5125300	ask for our candidacy for the whistleblowers,
5125480	5127960	ask Congress and the executive branch to give it to us,
5127980	5128860	and I'll answer that question.
5129120	5129920	Go ahead, guys.
5133540	5138140	In my read, that says if he is protected as a whistleblower
5138140	5141200	and they want him to be able to talk freely,
5141760	5143880	then he will absolutely talk about that.
5143940	5145200	So he didn't confirm nor deny it.
5145260	5145720	Smart move.
5145940	5146100	Yeah.
5146280	5147240	Now it gets weird.
5148880	5154380	the intelligence agency george was on the call through the intelligence agency they said he drew
5154380	5162660	obviously the triangle that he saw or whatever but in the icig that he drew a pyramid shaped
5162660	5170100	power source pyramid triangle by angle of observation pyramid shaped power source
5170100	5178000	non-human we're talking about nhi i don't know if we publicly said where that was being housed
5179260	5185960	But I have already reported this to multiple agencies that were trying to find where the legacy shit was being held.
5186060	5189740	So this is like, I already reported all of this, what I knew, right?
5190620	5191060	Factually.
5191740	5192840	We're holding facilities.
5193080	5197440	When they're trying to hide it from DOJ, who's trying to find out where this stuff is.
5199200	5200500	As a journalist, right?
5200500	5204700	When the American government says they're hiding from us,
5205520	5209240	I openly will try to help an agency go hold them accountable,
5209400	5210300	like another agency.
5210600	5211900	Oh, I'll fucking help them.
5211900	5212280	No problem.
5212340	5213060	I'll tell them something.
5214060	5216280	We're not talking about sources or witnesses.
5216500	5217780	Nothing to do with that.
5218600	5223580	Third thing that was told to me by ODNI
5225060	5229700	is that Dylan did a drawing of like,
5230500	5231400	A hieroglyph?
5232380	5235400	And by the way, these were told to me they were classified.
5236540	5241040	Why would you classify a symbol?
5242180	5243140	What the fuck?
5243820	5244940	What the fuck?
5245980	5251580	So I imagine the symbol is somehow associated physically on the pyramid.
5253200	5254320	That's trippy.
5254500	5255120	Yeah, bro.
5255380	5258760	Well, because when you said pyramid, I started tripping out
5260560	5282180	The pyramids all over, you know, disparate civilizations from thousands of years ago. You can go to the Yucatan in Mexico, you can go to Peru, and you can go to Egypt, and you can go to, you know, Cambodia. And, you know, one of the sort of, you know, most common things is a pyramid. That is sort of a very common structure.
5282880	5297900	And then what I also find fascinating is there now there's a guy named Filippo Biondi, who I've had on my show. He's an Italian radar scientist who, with synthetic aperture radar Doppler tomography, has found these this energy grid is what he believes it is.
5297900	5311360	At least we know it's tubular, 20 meter long, eight of these things with coils wrapping around them that go a kilometer deep, tens of meters down below the pyramid.
5311980	5314040	I've hosted a debate on my show.
5314140	5320980	I don't know for sure if it's real, but it does seem like he found some anomaly under there and there is something under there.
5320980	5322660	I looked at the Italian stuff too.
5322760	5323920	I mean, there's something under there.
5323960	5325180	Seems like there's something under there.
5325180	5329460	Didn't Joe talk about some tic-tac-shaped metallic object they also found? Is that real?
5329660	5336300	That's in the labyrinth that Herodotus and Pliny the Elder and Ben Van Kirkwick is now sort of reporting on.
5336420	5337500	Good beer, Pliny the Elder.
5337980	5340860	Pliny the Elder. We had to get him in somehow, Pliny.
5342980	5345740	But yeah, and so I know less about that.
5345900	5350540	But Egypt's so weird because it seems like there's like an underground city.
5350540	5359140	Even the most conventional archaeologists, I think, would say that there's so much going on underneath all of these kind of topological structures.
5359260	5362480	Even the Sphinx, there definitely are shafts below that.
5362580	5371600	Even Zahi Hawass, who's like the embodiment of gatekeeping in the region, former minister of culture, will admit that there's a shaft below the Sphinx.
5371640	5374200	And for whatever reason, it's all locked down.
5374520	5380380	And I don't know, if you're Egypt, you've got to be thinking, what's the number one GDP boosting thing we can do?
5380540	5386640	dig figure out what's under there you find some new exciting you know discovery that's like for
5386640	5391520	all mankind everyone's going to visit and be excited and celebrate being the disclosure
5391520	5396500	president wouldn't it be great i mean president trump has forced this mandate and is following
5396500	5403140	through so far look whoever does this first is going to be hero for the rest of their life hero
5403140	5403820	Zero for eternity.
5404040	5410820	But you're talking about something outside of my scope of knowledge and ability.
5411060	5415140	Like I've heard of all these things, but let's, to bring it to.
5415340	5417440	So, but maybe it's the UFO power source.
5417600	5421400	Is this, this pyramid, there's some, maybe there's something about the pyramid shape.
5422000	5422520	Yeah.
5422540	5427880	So that's now, I'm going to tell you what I pretty much, I'm pretty confident.
5427880	5454740	And there's pyramid tubulin in the microtubules of the brain that Roger Penrose and Hamerov think are responsible for collapse of the wave function and consciousness. And even Hal Puthoff, who's out here in Austin, talks about this as his best model of consciousness. And there are rumors of UFO legacy programs recruiting psionic assets to call in craft mentally. And so the tubulin pyramid structures in the brain might have some sort of part in that.
5454740	5464980	Okay, so now when you talk about tubulin brain structure collapsing, the waveform of consciousness, I am lost on what those words represent in functional reality.
5465100	5467620	However, sounds fucking cool.
5467960	5471500	I don't know about the whole psionics thing.
5471920	5472500	Yeah, what do you think?
5472600	5473800	Do you think that's real?
5473900	5475880	Just top level thing.
5476220	5476480	Yeah.
5476720	5478280	Like the Skywatcher stuff.
5478440	5479140	Do you think any of that?
5479240	5479860	So I'm not.
5481540	5483580	And Greer pushes this stuff.
5484740	5485160	Two things.
5485220	5485340	Yeah.
5485500	5493840	One, when I'm talking about a pyramid power source in a classified ICIG,
5496020	5499000	alleged drawing from Dylan, again, he didn't tell me.
5499080	5502320	And he still says, I can't confirm or deny, but I'd love to have the authority.
5502380	5506380	The symbol, I think the word was used to me,
5506400	5513500	I think on the thing, we're talking about something that you could put in other stuff,
5514740	5520420	So if we're talking about a power source, I'm imagining that's how we would retrofit
5521100	5521540	things.
5521760	5523020	But I'm not sure on that.
5523100	5524280	Like, let me report back to you.
5524400	5531840	Just the multitude of sources that we've got, it's all aiming towards this idea that there's
5531840	5536840	different parts of technology that are held by different groups.
5537160	5541280	And that's why DOJ is like saying, remember, I mean, it was a public thing that we're like
5541280	5542140	trying to find out.
5542140	5547720	It's a public thing that Brett Burleson was going to places for different hardware.
5548680	5550360	So I'm not speaking out of school.
5550680	5555380	What I'm trying to say is there are certain different types of hardware that I understand
5555380	5556540	to be held in different places.
5556820	5558480	So I'm not talking about big pyramids.
5558620	5562480	I'm talking about something that appears to maybe movable as a power source.
5562840	5564860	Now, you just went somewhere else.
5564880	5568860	I want to catch you back on where you left off, but I wanted to qualify that.
5569040	5569480	No, yeah.
5569600	5570260	What was the last?
5572140	5581000	think this idea of cyanide gas is that real so what people don't know is that a homeless guy
5581000	5592960	came up to me in 2013 and said look up wow yeah and i looked up and i saw like a globe like just
5592960	5599480	a i don't know you know balloon you know so then i started i think it was 2013 no no i'm sorry
5599480	5609760	sorry that that's no that was in 2004 because or 2005 right after i was sick so this homeless guy
5609760	5615900	says look up right um i'm looking up it's a little bit more than that uh what happened was
5617140	5624120	i got a message on a youtube video that i posted because i saw this thing in the sky
5624120	5628220	and i didn't know what it was i filmed it's called this i called it the silver surfer
5629600	5635060	um just it looked like these zigzaggy things do you know this part of oh this is cool you got to
5635060	5639720	hear this okay so zigzaggy things and i pulled out my phone i'm filming walking in santa monica
5639720	5648680	with my now wife right and we had a different pup lucky three legs so i filmed this shit in the sky
5649460	5658800	post it onto youtube next thing i know bill nye the science guy is saying oh i don't know um
5659480	5663620	He probably superimposed brine shrimp onto the film.
5663760	5672260	It could be sea monkeys, which are brine shrimp, shot in the right light and superimposed on the blue sky with the shaky thing.
5672480	5673660	I immediately go on Google.
5673720	5675040	I look up what brine shrimp is.
5675120	5676060	It's sea monkeys.
5676300	5678780	And I was like, I was fucking pissed.
5679120	5683580	So I like, I thought people on TV that were science people had like scientific method.
5683700	5686640	I don't even know how to superimpose nothing on iPhone footage.
5686720	5688540	At the time, I was like, just barely.
5689480	5695720	Bill Nye man yeah what was the first year of the iPhone uh 2008 I think 2008 so we'll look you know
5695720	5699400	what but I think of Bill Nye I'm like that's what's such a bummer because he's you know he's
5699400	5704400	like this Mr. Rogers character of science but I'm like I'm obsessed with using you of shrimp brine
5704400	5709120	yeah it gets better I'm super obsessed with getting the right date so you can look up the
5709120	5713540	video yourself that's how you know the date yeah um I oh so maybe it was a little later I used to
5713540	5720460	kicked in the head for a living. I literally, when it comes to dates, I have to keep all in a phone
5720460	5726040	and I use photos. So if you guys look up silver surfer, it's probably one of the first videos on
5726040	5732000	my YouTube is probably there. Um, what happens is he goes on the news. I get pissed off cause I
5732000	5736220	didn't know about news. What are you doing? Right? So I call the news station. I said, wait a second.
5736280	5739880	I didn't superimpose anything. And they just dismissed me. Right. And I'm like the fuck,
5739880	5741520	but they did this like story about it.
5741620	5746040	So I went to deep dive investigation on my UFO sighting.
5746060	5748460	I mean, I went into like forums and like Facebook
5748460	5749380	and like, what was it?
5749400	5753180	It was called like, you know, all this stuff, MySpace.
5753620	5756860	And I found all these people that had also filmed it.
5756880	5759080	I got six angles of this shit, right?
5759280	5760880	So I went like crazy, bro.
5760940	5764020	I was like, no one's gonna tell me, you know,
5764040	5765500	that I superimposed Brian Shrimp.
5765980	5767480	And I literally-
5767480	5768600	That's such a weird accusation.
5769880	5775480	literally yeah yeah oh you might be a nice guy um i literally it's probably a science guy as well
5775480	5782420	i don't know yeah i don't know no there's oh good bill nice guys so then i just like so then
5782420	5788760	what here's the deal man i get six angles of this thing yeah so i can then figure out where it was
5789480	5793960	i figured it out there's a bunch of people online it's a funny story i tell you later about online
5793960	5802580	mind who was there but figured it out and i got the footage from the helmet cam of the red bull
5802580	5809360	skydiving team with iridium flares that look like the silver server so i debunked my first ufo case
5809360	5816120	in life so that's how i i like finally realized like you know you gotta fucking uh make sure and
5816120	5820340	talk about it i didn't never said it was ufo i just asked the question well well even then it
5820340	5825000	it was a UFO. It was an unidentified flying object. But I solved it and I realized you can
5825000	5830140	solve it. I remember writing into like some UFO thing goes, Hey guys, guys, I have a solved UFO
5830140	5834500	case. They were so not interested in a solved UFO case. It's a problem with, uh, you know,
5834520	5840400	a lot of the reporting. Yeah. They don't want the debunks, but that was kind of like a funny
5840400	5847380	thing. So, um, where I realized that people were disingenuous and that they were just saying shit
5847380	5849940	and that they're not authority on stuff
5849940	5851380	and they're not even scientists sometimes.
5851640	5854280	There are so many layers to that story
5854280	5859320	because it does eventually get debunked by you more accurately,
5859480	5862200	but there's a fake debunk as well.
5862500	5863840	And so you want the right debunk,
5863880	5868220	but then you also want the community to say that the debunks are important
5868220	5871180	and they didn't care about the ultimate debunk.
5871180	5872900	I would say debunk.
5872900	5881000	I would say, so debunking means you already have an idea and you have to fit it into that idea.
5881440	5885000	Yeah, or it means you were presenting it for sure as not human.
5885040	5886640	You weren't just saying, well, what is this?
5886900	5889140	Analysis is important, right? Analysis.
5889360	5895840	Some of the UFO videos that are going to come out from the government had deep, deep, deep analysis, like instantaneous acceleration.
5896280	5897940	That is what you're seeing in that video.
5898040	5899460	They did not want that video out.
5899460	5905500	Yeah. But even then, do you think that there are possible ways to poke holes in it and that there might be?
5905720	5907980	Oh, yeah, dude. And look, one day, you know.
5908080	5909480	Like if it were massless.
5909820	5911680	If I get more, was massless?
5911740	5918700	Like if it didn't, if it was some sort of, you know, looked real, like it had mass, but it was a hologram or something.
5918780	5925680	It got a weapons grade lock on it. And by the way, how do I say this?
5925680	5929120	Because you can technically look like you're breaking Newton's third law.
5929700	5934660	Okay, so you've got the debunk, not the debunk, but the plausible theory.
5934660	5935600	And I'm not saying I believe that.
5935600	5935900	No, no, no.
5935960	5938620	Look, new information, I'm going to absorb it.
5938760	5945060	But we learned this the hard way life did, people did, in a cool way.
5945240	5953080	So yes, sure, Jesse, maybe that's not a UFO spacecraft that is instantaneous.
5953080	5957660	If you give me information, you should give it to the government, first of all, because they disagree.
5958240	5960500	But, you know, because they have eyes on all the assets.
5960600	5961640	Well, I'm sure they know that.
5961860	5963300	So here's my point.
5963340	5966280	That was a deep dive analysis that came out, right?
5966380	5968620	Because George and I obtained and released it.
5968700	5970220	Our government hasn't released it.
5970240	5973100	I'm sure there's a pilot, a mission report on that.
5973220	5974080	I want that.
5974160	5975540	The world should have that.
5975740	5976620	So, yeah.
5976640	5979040	And at some point, you do your best, you put something out.
5979140	5981900	And then maybe it's not what you were told or what the government thought.
5983180	5986480	is because in these, they call them tranches of releases,
5986700	5989200	there's going to be good information and bad information.
5989540	5992020	And that's why we want it out.
5992080	5993420	So people, really bright minds,
5993480	5994940	the internet can solve shit real quick, right?
5994960	5997860	That's why I struggle with video myself
5997860	6000120	because I'm like, I'm not a VFX guy.
6000320	6000900	I don't know.
6001060	6002420	So I see some of these videos,
6002480	6003600	I'm like, they look compelling to me,
6003680	6006360	but you could probably give me some bullshit
6006360	6007980	and I would probably think,
6008080	6010740	maybe that looks compelling too.
6010780	6012840	So I just try to not even weigh in.
6013080	6014780	Let me argue why it's tip of the spear.
6014920	6015300	Okay.
6015900	6016700	Right now.
6016720	6017800	Now, this should change.
6017880	6018520	This should change.
6018520	6019420	But right now, it's tip of the spear.
6019500	6023860	Because, man, if you were with me 15 years ago, one video from the military.
6023860	6024680	Are you kidding me?
6024700	6026180	You'd go crazy, man.
6026760	6031040	You're going to get bad stuff inside these UFO drops from the government.
6031060	6036400	Not because they're trying to trick you, but because certain products have been highly evaluated.
6036600	6038200	And there's multi-sensor platforms.
6038200	6044440	Some they can't show you, like with the 2019 100 UAP swarms.
6044700	6046260	Some were pyramid in shape.
6046540	6050120	Some were, look, there are other platforms.
6050200	6054220	So when you have multi-platform, multi-sensor, some of that's going to be really good and
6054220	6056700	well thought out, and the government should be giving that up to you.
6056740	6059100	But some of it's going to be like, this looked cool.
6059240	6060900	That pilot says, that was all crazy.
6061240	6062560	And that's the pilot report.
6062760	6065680	But here's how we learn the hard way in a good way.
6065680	6072880	in those 46 videos that's the tip of the spear just to begin the process the last the first
6072880	6078580	tranche of stuff that they put out george knapp and i had reported on something called the bagdad
6078580	6083920	phantom we released seven images which were still shots because obviously people are leaking shit
6083920	6088900	so i don't even we we make it in a way so we could never even know sometimes but we validate
6088900	6094940	everything but we put it out we told people here you go it's cold it's running through here and
6095680	6100260	video, dude, right? And all of a sudden, it wasn't a video. We just stitched together the images.
6101160	6106820	But the process worked. They knew that people knew about that case. So guess what was in that
6106820	6112780	first tranche was the actual video of the Baghdad Phantom. That felt good to me and George because
6112780	6117480	we're like, look, we're pushing transparency. But what people missed, if you look and read
6117480	6122420	through all the documents like a psychopath, there is a mission report of that collection.
6123340	6129040	So that's before it gets into the disinformation arms of the old arrow, because now everything's
6129040	6130300	going to be thumbs up from what I understand.
6130520	6130880	Maybe.
6130920	6131280	Maybe.
6131300	6133940	No, I'm just, I'm going like this, but we're going to hold them accountable and they know
6133940	6134480	that we can.
6134520	6135920	They know exactly how we can.
6136100	6136240	Yeah.
6136300	6141060	So one of those ways is look at the mission report from the Baghdad phantom that was supposed
6141060	6145260	to be declassified in 2047.
6146280	6146640	Whoa.
6146760	6147780	Just the mission report.
6147940	6149060	Well, that's cool that that came out.
6149180	6149540	It did.
6149700	6150680	Because what it does.
6150840	6151700	What does the mission report say?
6152420	6166980	Look at what the pilot said. It's very simple. It just shows the process is working before it gets twisted by intel agencies like Arrow has been acting like one in the past, given maybe future props.
6166980	6173700	drops. So that is what I'm saying is you learn that when you put something out, if the pilot
6173700	6178540	report was like, oh no, we knew what this was, then I would know that wasn't a UAP. When they
6178540	6183740	label it UAP, when they talk about how it went by them super fast and they tried to keep the camera
6183740	6190620	on it, right? And they got as much footage as they could. It reinforces what I said. Central
6190620	6195220	command has a bottleneck to UAP information before it gets to the people who legally it's supposed
6196980	6202620	even Arrow. So we informed them about that and about the bottleneck at CENTCOM because we found
6202620	6207720	out about it. And anything else of note that the pilot said in the back? No, it's really simple.
6207900	6213700	It's just an example of a mission report that goes with footage that you were told about three
6213700	6218380	years prior to it through proper reporting. And it should give you confidence, confidence that
6218380	6224480	reporting is working and that pushing this way works. You mentioned Arrow. Under Kirkpatrick,
6224480	6229560	it does feel like it was not only like a, you know, an Intel agency or something,
6229600	6233680	or a modern Project Blue Book kind of trying to dismiss, you know, many UFO cases.
6234280	6236100	It seemed even more nefarious than that.
6236140	6238600	It seemed like maybe it was acting as like kind of a fly trap.
6238820	6245060	Like it was explicitly getting leads on the cases that I'm most familiar with.
6245100	6246380	There's some of these nuclear cases.
6246620	6252900	Arrow, the people that took the testimony from these veterans, did not record them.
6254480	6256880	A couple of the veterans were told, well, we're taking notes.
6257060	6263880	Well, if you're conducting a serious investigation, you want to tape record every word, every grunt, every syllable.
6264180	6267820	And they did not record any of the interviews, according to the veterans.
6268260	6274440	And they wouldn't take notes, but they would maybe take high level notes about where, you know, certain evidence would lie.
6274580	6279600	And then they might even go and try to find that evidence and destroy it in certain cases.
6279600	6285420	It just seemed like a total limited hangout with ties to UFO Legacy program.
6285620	6291780	Like the definition of bad actor agency is my sort of rough assessment.
6292020	6293660	But what's your assessment?
6294100	6299180	For people to say I don't answer questions directly, here's a direct answer.
6299400	6300900	You are 100% correct.
6301700	6303120	It is exactly my assessment.
6303260	6305040	And I can back it up.
6305800	6307360	And there are a number of ways.
6307360	6314280	in a court of law arrow was acting as a counter intelligence against the
6314280	6320920	American public to siphon out what people knew and then to be able to clamp
6320920	6321860	down on them.
6322000	6323960	It was a honey trap.
6324440	6327880	It was a disinformation campaign.
6328840	6329560	Dr.
6329840	6334000	James Lakatsky even said that on our podcast,
6334040	6335000	mine and George's,
6335000	6336120	you know,
6336120	6336320	he,
6336400	6336760	he says,
6336780	6336900	well,
6337360	6342200	acting like it, aren't there? Something like that. This is a known thing. Now I have direct,
6342280	6348060	specific knowledge and evidence of exactly how that mechanism worked, recorded, documented.
6348360	6348520	Whoa.
6348720	6353900	Oh yeah, bro. So for example, if somebody, but there's a lot of good people that work at Arrow,
6353960	6357760	by the way, shout out to the good people. I do know some good people that work at Arrow,
6358640	6364620	but under Dr. Sean Kirkpatrick, all the way up from the NASA people that are sources of mine,
6364620	6367500	who have told me what it's like in the room with him,
6367540	6368520	what he tried to do,
6368600	6375140	to the direct harassment of witnesses.
6375580	6377040	I'm not talking about dismissal.
6377040	6379300	I'm talking about harassment threats.
6379480	6381960	And I'm not sure how far to go right now,
6382080	6383680	but imagine it's recorded.
6385300	6386300	So, recorded.
6386840	6388800	So, in the court of law,
6388980	6393020	I could prove that Arrow was intimidating
6396420	6397140	blessing, whistleblowers.
6399420	6400020	It's wild.
6400340	6400660	Yeah, man.
6400780	6401640	So fuck them.
6402320	6404200	Sorry, in that old version.
6404420	6406900	Now, I hear that Dr. Kozlowski,
6407680	6409640	everybody I know that knows him professionally
6409640	6411080	before he was in that role,
6411880	6413920	my job is to have sources everywhere, right?
6413960	6414340	Yeah, yeah, yeah.
6414380	6415860	What do they say about before?
6415860	6416560	That he's a great guy.
6416760	6417680	Okay, I've heard similar.
6417700	6418540	That he's an honest guy.
6418660	6418920	Yeah, yeah.
6419920	6422120	Now, he is in Project Blue Box.
6422120	6428040	it's the modern version much more sophisticated the battlefield is is cyber the battlefield is
6428040	6432880	social media it's pr notice what he asked for when he went up the last thing with jill abrams
6432880	6439240	all he asked for wasn't more money he asked for public trust because he realized coming into that
6439240	6446180	job poor guy after it was just kind of shit on by kirkpatrick and shit on by tim phillips
6447060	6454440	right coming after whistleblowers publicly on like linkedin when are you kidding me is that
6454440	6459680	in your job description project blue box dude it is worse than project blue book a book you can
6459680	6466920	open a box how do you get in and and it's it's so bad it's so bad because it's you can literally
6466920	6475440	tie its inception to legacy programs so kirkpatrick was at saic if you study ufo legacy programs saic
6476180	6481740	stuff. Ronald Moultrie, who is office of, you know, undersecretary of defense, had Battelle on
6481740	6487560	his resume and scrubbed it. If you, again, study anything about UFOs, in fact, you can even go back
6487560	6493760	to the Pentacle Memo at the inception of Blue Book. And Battelle was behind the scenes doing
6493760	6499280	sort of, you know, the more real stuff while Blue Book was kind of doing the front facing things.
6499680	6503700	So, you know, definitely legacy stuff going on there. It's obviously, you know, very close to
6503700	6509200	right pat uh you know ohio state a lot of interesting stuff happening in that sort of nexus
6509820	6515640	so it's it's people where you don't glenn gaffney is on the board of arrow you see and glenn glenn
6515640	6521760	gaffney is director of science and technology the cia who's blocking ufo transfer between lockheed
6521760	6527080	and bigelow which we just discussed with lakatsky so you have three people who like the guy that
6527080	6531780	george knapp said his name with his hand raised that's right congress glenn gaffney that's right
6533700	6541020	non-human intelligence crap i have a name for you go ahead glenn gaffney cia so those are the three
6541020	6548260	people who are supposed to be helping we the american public make sense of ufos congressionally
6548260	6553360	mandated it's crazy dude bro i'm so glad you you're tracking of all this because
6553360	6558980	the average person is not and not everybody can track all that so like um
6558980	6576980	And putting that out in a digestible way, explaining that to people, that there is a generational pattern of relationship, just like you would have in any organization or agency or group of people, cabal.
6577260	6578260	I don't know the word.
6578640	6581180	Edgar Mitchell said like a group, a secret group of people.
6581360	6582220	Is that what he told you?
6582300	6583880	He said a secret group of people?
6584020	6587580	Because I know you interacted with Edgar Mitchell, the sixth man to walk on the moon.
6587680	6588640	Sixth man to walk on the moon.
6589340	6594840	allegedly some people would say um yeah i don't want to get into that he um neither here nor there
6594840	6602220	he absolutely in the film you see there was the last filmed interview before he died from what i
6602220	6608580	understand at this time um spent many days with him and he was very clear with me he really let
6608580	6614160	me in he knew that time was ticking we became friends he lived for a little while after but
6614160	6615960	but that was like the only filmed,
6615960	6616840	like, you know,
6616840	6619060	cameras in his home kind of interview before he died.
6619580	6620860	I lived longer,
6621180	6624640	but then we got down to brass tacks.
6626040	6628840	And yes, that's exactly what he said.
6628860	6630060	He told me who he talked with.
6630520	6633280	I knew about the Wilson Davis thing long before.
6633960	6634360	Wild.
6634480	6635040	Of course.
6635120	6635300	Yeah.
6635360	6637640	You know, the things that George and I can't say,
6638060	6638680	you know.
6640180	6640860	Look, man,
6642600	6643380	there is a,
6644220	6645540	I wish it was organized.
6645880	6648480	There are groups of people holding information back from me
6648480	6649480	for no good fucking reason.
6650280	6652300	And the idea is, how do we get it out?
6652420	6653600	We can't take it.
6653760	6655680	But Mitchell talked about some sort of cabal,
6655740	6657080	some sort of closely knit.
6657180	6657300	Yes, he did.
6657380	6657620	Interesting.
6658140	6658780	Yes, he did.
6658880	6660620	But not that he knew everything.
6660900	6661080	Sure.
6661300	6664100	And I didn't dodge your Sionics question.
6664220	6666080	We should get back to that for your audience, right?
6666260	6669760	But yeah, Dr. Mitchell talked about how,
6670000	6671820	because look, six-man walk on the moon.
6672040	6673460	People want to talk really boring.
6674160	6681120	New Mexico, bro. Right. Yeah. He behind the scenes and in front of the scenes tried to be an advocate
6681120	6685840	for truth and transparency on this because he knew it was true. The whole enchilada.
6686020	6691360	It's so interesting to me, the dynamic around this whole topic is you have people like Edgar
6691360	6697020	Mitchell. You have Wernher von Braun at the end of his life talking to Carolyn Rosen.
6697120	6698400	He texts me sometimes.
6698640	6699140	Oh, amazing.
6699460	6699980	And she's cool.
6699980	6719860	And she's talking about some planned alien invasion. And then you I feel like you have modern equivalents of them where it's like guys who are really well respected in their agencies or, you know, with their past credentials, people like Likatsky or Hal Puthoff. But those guys, everybody I just mentioned considers themselves an outsider.
6719860	6732460	Yes. And that's interesting about this whole topic, because you have guys who are have very high security clearances who can, you know, walk into all these places like no questions asked.
6732600	6746740	Bigotless. Yeah. No, there's bigotless. OK. You have to. So what do you what do you. Yeah. It doesn't matter. Your clearance is need to know. It's very simple. Yeah. There are bigotless. That's what happened.
6746740	6749680	but there's a cabal that's deeper than
6749680	6751340	Wernher von Braun, I think of Wernher von Braun
6751340	6753840	he's on the
6753840	6755720	inside of what he needed to know
6755720	6757880	like how Bob was on Power and Propulsion
6757880	6760060	with Project Galileo
6761280	6762220	but worse
6762220	6763720	you have
6766440	6767600	I hope
6767600	6769140	there is a cabal
6769140	6771940	that is planning how to
6771940	6773900	do this right, I don't think so because everything
6773900	6775740	has been provoked and forced
6777300	6784860	But yes, all these people you know that you would imagine, like Hal Puthoff, maybe he also just can't tell you certain things, which I know for a fact.
6785000	6785100	Yeah.
6785360	6786920	I know there's a lot he probably can't tell.
6786920	6800860	For example, somebody you know, and you might know this, but somebody you know worked on a laser weapon system from a downed Russian NHI spaceship.
6801560	6802420	Someone you know.
6803100	6804300	Have they told you that?
6804940	6805340	Nope.
6806740	6811120	saying that because you're on camera no i really don't know what you're talking about okay so
6811120	6816420	somebody i'm extremely curious somebody you know yeah worked on the reverse engineering yeah of a
6816420	6823520	laser weapon system yeah from a downed russian asset this is an nhia last name start with d
6823520	6828200	we're not playing that game in front of the camera i'm trying to well there's one person
6828200	6832720	who said something along those lines okay in a document you're an investigative bro okay
6832720	6834020	Okay, here's the deal.
6834740	6837760	What I'm saying to you is that even if they wanted to,
6837900	6840060	they can't tell you how much they know.
6840160	6841840	Now, are they in this cabal planning shit?
6841880	6842500	Oh, fuck no.
6842620	6843680	Who those people are?
6844200	6845600	Highest, highest up on the food chain,
6845700	6848580	all I found is the cabal of people who want you not to know,
6848700	6850060	not the people that do know.
6850680	6852600	Did you really hear what I just said?
6852700	6853260	Because that's important.
6853400	6856940	I found the people that want you not to know,
6857900	6861880	but not the people that do know the full thing.
6862720	6868140	know that anybody does yeah i i don't know blind men touching different parts of an elephant there
6868140	6872620	we go i i can relate to that the parable yes something like that so the question is that's
6872620	6877620	apparently what general neil mccaslin told tom delong it's in secret that was an op because no
6877620	6882760	general like that by the way um he's a boomer okay i've learned what that word means now i had to
6882760	6891900	look it up which i'm not ashamed of it's a cool word boomer um basically anybody from that era
6893580	6900160	of national defense will never do you think he sits back and listens to blink 182 do you think
6900160	6903700	that guy honestly on his free time do you think he had been to a concert i don't know why is he
6903700	6909000	talking to tom right um love tom did some amazing stuff you know he pushed this forward yeah good
6909000	6914300	for tom yeah so i i really i'm a huge fan of his i think he's awesome his music too yes i don't and
6914300	6920400	and as a person and as a person i think he's no dude i think he gets a lot he gets a bad rap
6920400	6926740	sometimes absolutely vigilante like really helped get a lot you know shake the tree down and get a
6926740	6931760	lot of let's make this clear yeah tom delong is yes he's a rock star but that's a tiny little
6931760	6937540	piece of who he is he is like you he is curious he is fascinated he called me back in the day
6937540	6941620	before he's ever he's genuinely fascinated genuinely he used to read all the books with
6941620	6946480	the blink thing and he he george is always making me get on calls with people and i don't know who
6946480	6949860	who they are. And he says, really want you to talk to him. I remember this call driving home
6949860	6956220	from Vegas from, uh, right after I kind of got to know, um, some, somebody else, but I'm driving
6956220	6962840	back and Tom calls me. He's not like in the UFO world in any way at this time. And he's just
6963620	6968420	talking to me. He knew so much about the UFO thing. So people put them in as like, Oh, this
6968420	6971380	rock star and blah, blah, blah. That's not what I'm saying. I'm not saying they wouldn't talk to
6971380	6975100	him because he's a rock star, dude. He trained with George Knapp on like how to make his approach,
6976480	6982480	face and his fame to get in there you know he got into like a locky little soiree tom fucking did it
6982480	6987880	dude he pushed in he got through he went for it he became proactive instead of being a consumer
6987880	6993320	he was a consumer for years like all of us reading books he did that man and he gets a bad rap
6993320	6997820	because people jealous they weren't in that room with tom or they weren't in this with tom dude
6997820	7003560	he's a good dude and he's super knowledgeable on the uap thing um but when i said it was not
7003560	7010940	off this is important to me sure the distinction of that so george is helping to sharpen the pitch
7010940	7019860	of tom and hooking him up with some people people don't know about was look you got a bad rap you've
7019860	7026480	had to keep this secret and that's going to change so you need to look like the good guys because
7026480	7030400	you are good guys you were just protecting america but now it's gone too far it was something like
7030400	7032100	That was in a WikiLeaks email, yeah.
7032560	7033300	Oh, okay, yeah.
7033480	7036240	So, okay, so, wow.
7036420	7041060	So what happens then is you got this boomer.
7041300	7043920	Now, do you think, when I say it's part of an op,
7044060	7045380	I'm not saying it's bad.
7045640	7046600	I'll explain the op.
7047460	7049780	But do you think someone like that,
7049840	7051660	charged with protecting our national security,
7051920	7054200	which, by the way, he's fucking missing right now.
7054320	7054580	I know.
7055440	7056640	So that's interesting.
7056800	7057480	That's really wild.
7057600	7058640	Because if that was like Russia or China
7058640	7059780	and they got him alive somewhere,
7060400	7061600	What does he know that they want?
7062200	7063420	Not UFO related.
7063620	7065420	What if it's some rogue element of the program?
7065800	7067400	Well, so that would be really sad.
7067680	7069640	And that would be really fucked.
7071640	7074520	So I have trouble believing it's an adversary.
7075660	7077940	I'm just saying all options on the table because we don't know.
7078020	7078180	Sure.
7078300	7079000	But what's the op?
7079240	7080420	So a guy like that.
7080580	7080800	Yeah.
7080880	7083240	He ain't gonna talk to Tom DeLonge.
7083360	7084260	He didn't listen to his music.
7084260	7084780	He's a boomer.
7084820	7086880	And he has this oath like Lekatsky.
7087040	7089440	You think Lekatsky be calling up rock stars?
7090400	7097340	no, no. So when I say op, it's not a bad thing. That was an operation, meaning there were people
7097340	7101560	trying to get shit out. Now, not all of it is true. And don't be one of those people that
7101560	7104100	believes everything just because someone gives you one good piece of information.
7105160	7109560	So if you look at that, and if I look at history, here's what I would think. Here's my
7110160	7119060	putting on a little theoretical hat. I'm thinking that Hillary Clinton thought that she was going
7120480	7139980	And I think that certain people knew that the information was dying and that we needed bright minds just a little bit. We just need a little bit of knowledge out there. Or maybe she thought she'd be disclosure president because her husband really tried until they crushed down Webster Hubble after asking, look back at your history.
7139980	7147600	so clinton tried maybe she could be the disclosure president okay how do we pave the way you do an op
7147600	7155100	right you not negative like actual information authorized from the white house people in the
7155100	7160840	white house now you can start seeding because when come time because i'm gonna win she thought
7160840	7166760	everybody thought everybody thought there was no way this guy donald j trump could become president
7166760	7167300	Remember that?
7167600	7168140	Oh, yeah.
7168220	7168980	People thought that, right?
7169000	7171240	I'm not a political person, but I remember people saying that.
7171300	7172640	No, he was a complete sleeper.
7172640	7173480	There was no way.
7173820	7174280	Yeah, yeah, yeah.
7174300	7175220	Okay, that's what they're telling me.
7175320	7182400	So basically, this guy, McCaslin, one of many that Tom was talking to, obviously.
7183120	7183840	WikiLeaks, you mentioned.
7185860	7186260	Okay.
7186700	7187860	So then what happens?
7188720	7189120	Wow.
7190140	7190540	Shocker.
7190860	7191800	She's not president.
7192420	7194860	So what happens to everybody that was part of that?
7196760	7200080	is prepping the battlefield for disclosure,
7200700	7201840	which we all want,
7201880	7203680	as long as it's true what they tell us
7203680	7208200	and not a fear campaign, right?
7208260	7211800	So if it's truth, what do they do?
7212020	7214880	What do all these people do now that that didn't work?
7215900	7217040	You gotta pivot.
7217780	7218640	You gotta change.
7218820	7219740	And we're starting to see,
7219760	7221340	we've seen that if you've been paying attention.
7221620	7222460	Who are those people?
7222720	7223860	Good people, bad people?
7224080	7224840	What do they want?
7226760	7232520	Well, there was definitely a threat narrative that came out of, you know, elements of that group.
7232640	7236220	But that was very, it was very like, you know, they're prepping the battle space.
7236260	7236600	You're right.
7236640	7237840	You know, they're doing recon.
7237900	7239060	They're looking at us.
7239180	7242480	And I've always had an issue with that narrative in particular.
7242640	7242760	Yeah.
7242840	7248740	I think it's sort of, I think anyone that says they're only good or they're only bad is so ridiculous.
7249000	7249300	Yes.
7249760	7250240	Absolutely.
7250780	7251100	You know?
7251220	7251680	Yeah.
7251800	7253260	And can you trust them?
7253260	7262620	So if like a ET comes to you and says, I come in peace, you're going to destroy the world with your technology, you know, spread the word.
7262840	7266740	You can't take anything at face value in either direction.
7266960	7269860	Like with any human, the words don't matter.
7270180	7270620	That's right.
7270780	7271300	It's the action.
7271420	7276660	And if somebody speaks in absolutes about intent on either side, I don't trust them.
7276720	7277040	I'm like.
7277140	7279920	Because you're an individual and every individual has different intent.
7280060	7280860	Why would it be different?
7281340	7282520	But we can organize.
7283260	7284040	So let's look at the fact.
7284080	7285780	The fact is they've turned on nukes.
7285800	7286740	They've turned off nukes.
7286780	7288320	They didn't stop Hiroshima and Nagasaki.
7288780	7290280	They've constantly been watching.
7290400	7291920	We call them the watchers, right?
7292100	7295660	They've been watching for what seems like the beginning of a quarter of human history,
7295700	7296440	whoever they are.
7296580	7297520	Is it one group?
7297600	7298280	Is it two groups?
7298460	7299300	Actions or-
7299300	7300320	Who freaking knows?
7300380	7300680	A zoo.
7301100	7302280	Are they angry at each other?
7302340	7303040	Are we a commodity?
7303380	7304640	Are they protecting us?
7304940	7309980	Fact is they haven't like neutralized everybody's brain where you're walking around like a robot,
7310220	7310420	right?
7310480	7311400	So that we know of.
7311460	7312240	That we know of.
7312300	7312500	Yeah.
7313260	7318320	out i know a few robots but uh so the threat narrative let me hit that on the head with you
7318320	7324580	yeah oh me too i think it's fucking ridiculous because if you talk to people that actually had
7324580	7329720	interactions it's like a mixed bag some people it's like the greatest thing in their life other
7329720	7334520	people is terrifying totally like patients i'm terrifying he didn't tell me that so after i saw
7334520	7340180	it got cut out of his leg um this is a guy with an implant they called it an implant i had it
7340180	7344740	isotopically analyzed for zinc 64 one time and they wouldn't give me it back i talked with jacques
7344740	7350000	ballet showed him the results it was way beyond the scope of terrestrial zinc 64 isotopically i'm
7350000	7355360	not a fucking scientist but it had isotope ratios that you'd never find on earth and roger lear took
7355360	7360600	this out of this patient yes this was this last we can get to page 17 threat narrative this is for
7360600	7366400	you i'm talking to you i don't give a shit about this yeah i agree with you here's the thing why
7366400	7370760	Why? Why do they have that narrative? Don't look at them like bad folks. Like why?
7370940	7376620	I think it's probably some sort of armaments build up in space and, you know, things of that nature.
7376620	7380880	You're a deeper thinker than me. All I'm thinking is it's their fucking job.
7381360	7384680	Sure. Yeah. When you're a hammer, everything looks like a nail. That too.
7384900	7392220	So all these people are coming from a military intelligence, national defense standpoint.
7392860	7396000	They have to think about it. It's in their blood to think about it.
7396400	7420000	I would just say one, I would add one thing to what you just said, which is I agree with that. And then it's like, why now as well? So like there's some sort of ramp up in the threat narrative. It seemed like around that time. And so maybe it's because we're in a nuclear multipolar world. But like the nuclear thing had been happening since the 50s, 60s, 70s, the tampering with the nukes and stuff.
7420000	7426260	So like the going public about this could be a threat seemed to start at that time.
7426320	7426900	I don't know why.
7426980	7427360	I'm curious.
7427580	7428580	That is fact.
7428800	7430260	But let's play that out.
7430380	7436660	Is that because there is a threat in their minds that.
7437520	7438400	Yeah, it could be.
7438420	7439820	It could be genuine on there.
7439860	7441040	They can really believe it.
7441040	7441740	I suspect it.
7441800	7447460	I don't feel like they're trying to make humanity scared of it.
7447520	7448620	Like on the big scale.
7450000	7456000	message i'm getting from all of this movement it for me it's more of curiosity let's say they did
7456000	7460480	that let's say that there it's an operation to control people that's ultimately what you're
7460480	7464940	saying is that i think you correct me if i'm wrong no i'm not even going that far i think it's
7464940	7471020	possible um anything's possible anything is possible and i what's that with this yeah with
7471020	7476580	this and i think it's a smoke screen i think it's a rorschach test and i think it could get used for
7476580	7482960	blue beam style stuff it could you know religious awakening it could get used to clamp down and then
7482960	7489660	it could be extremely uh libertarian and subversive of any kind of institutional authority structures
7489660	7495620	and so it has this infinite superposition of possibilities attached to it and i do think
7495620	7500180	people are trying to manage the narrative i think they're trying to manage the narrative and shape
7500180	7506780	the narrative less than some of the people I meet on like, you know, Reddit forums or whatever
7506780	7512000	think they are. Like you meet these people and they're like just earnestly into it. And maybe
7512000	7516520	they've been socialized in certain spheres to believe certain things and that shapes their
7516520	7521200	belief in implicit ways. I think there are less sort of, you know, bad actors, I think, than
7521200	7527000	some of the people on the internet think, you know, that's for fuck sure. But yeah, you know,
7527000	7534200	So look, I mean, we just listed a bunch of bad actors, but it's like there are bad actors, but it's not everyone.
7534740	7541100	And I find it interesting. There's a certain type of person who's it's like they're so they're real.
7541160	7545120	They're angry and they're railing against the control system around UFOs.
7545120	7548700	Like it's like this parapsychological control system around this whole topic.
7548700	7551540	And my second order thought is always,
7552320	7555220	if you're spending all your time so angry at this,
7555340	7557360	you're probably part of the control system.
7557520	7559260	You're probably falling prey to it.
7559460	7560920	Well, not only falling prey,
7561160	7565100	but you are allowed to run psychological campaigns
7565100	7568140	of disinformation on the American public as Americans.
7568240	7569660	That is legal. That is law.
7569960	7571140	You're allowed to do that.
7571260	7572100	Is that true?
7572600	7574540	That's what, from my understanding,
7574820	7576580	like Google that shit, look it up.
7576620	7578140	But from the Obama era,
7578700	7584880	The idea of protective programs and being able to seed American news.
7585000	7586040	Look, we've been doing it anyway.
7586040	7586300	That's interesting.
7586420	7586880	Did it start?
7587020	7589500	It became legalized somehow under Obama?
7589520	7592060	That's what smarter people, legal scholars that I consult.
7592180	7592480	That's fascinating.
7592560	7594320	I don't know if that is accurate.
7594460	7595760	So I'm not a legal scholar.
7595860	7602740	But that makes me wonder about some of the UFO-related narratives that popped up around that time.
7603120	7607580	Because maybe it was on the back somewhat of, you know.
7607580	7608500	Well, fact check.
7608700	7610480	The Obama law change or whatever.
7610740	7612060	So fact check me on that.
7612220	7614020	That is my understanding, right?
7614040	7616480	It's propaganda, the idea, right?
7616540	7619440	That we're allowed to deceive the American public
7619440	7621440	for protective programs, right?
7621660	7624000	That is 100% legal.
7624140	7626880	And now the new terrain is all digital
7626880	7629040	because that is the way that we consume information.
7629440	7632400	So the real battlefield is the battlefield
7632400	7633900	of freedom of thought.
7634040	7637700	And that occurs on social media, in news,
7638700	7644300	all media that is consumed and they've gotten very very savvy to the point where you if i mean
7644300	7650060	it's so easy like if you get a ai to look at the repeated words and the timing in which people post
7650060	7653920	and when they created their accounts dude i've got a whole list of people everybody says i should
7653920	7660440	block because it's an organized attempt to take a single post i i had to say and then you know
7660440	7670280	diminish it and make me less credible. So that world exists. And it's called shaping the emerging
7670280	7675760	UAP narrative. And why I've said that now for the 400th time on camera is because I was exposed to
7675760	7681860	a CIA document that gave the mandate. The mandate was to shape the emerging UAP narrative, which I
7681860	7688800	thought was so interesting. Not control, not stop, shape it. As if they know this narrative is
7690440	7694420	do we shape it and i'll tell you there is a new source was there anything specific about how they
7694420	7702460	were shaping in what direction so the documents that i was um i am familiar with yeah are cia
7702460	7713720	documents yeah i reported those to fbi with george because it is illegal what what they started
7713720	7722280	started saying in it is Commander Fravor misidentified his instrumentation. And I was
7722280	7726460	thinking, it was picked up on radar, motherfucker. How the hell did he saw it with his eye? What are
7726460	7730160	you talking about? There were five other sets of eyes up there. So I started thinking about,
7730180	7735480	as I'm exposed to this, like, is this document real? First of all, I was just exposed to it.
7735520	7739160	I don't know how better to say it here legally. I was exposed to it. Never had possession of it.
7739160	7747100	don't have it was exposed to it. How I validated that document was through DOJ. So this document
7747100	7755700	was talking about shaping the emerging UAP narrative. I will tell you this. There is a
7755700	7765360	news publication that popped up right around the Lazar movie coming out era. And I saw them
7765360	7772700	grasp the ground and the terrain that is a cia stood up
7775580	7780860	media source and they were trying to say oh this is a real it's like this is like an outlet that
7780860	7787020	this is an online publication and you know the name and it's like yeah bro yeah bro so can you
7787020	7792160	can you say or what the i'll talk to you in person about it but i think i think we want the world to
7792160	7795740	to think and question and then review.
7796100	7798400	I gave you enough information now to know.
7798560	7802540	That is a CIA stood up media outlet.
7802740	7803660	Okay, so what are the clues?
7803800	7805820	It popped up around the Lazar time.
7806180	7807800	Yeah, one of the best.
7809800	7811260	Yeah, around the Lazar time.
7811460	7813440	Maybe I'll text you more specific.
7813540	7815700	We'll put some images in and just fucking blast them out.
7815780	7817780	But there's a bunch of people that work for it
7817780	7818420	that are good people.
7818500	7819600	They have no fucking idea.
7819720	7821280	They're literally just getting a job.
7822160	7828100	have to kind of operate this from overseas is another hint right um on this publication and
7828100	7834560	are they ufo specific or so that's what's funny is um yes and no like there's other really good
7834560	7839360	articles and writers and there's like great valid stories but when you need something seeded
7839360	7847840	into the media as cia it's great to have a bunch of people working for this and then any story that
7847840	7852660	comes down from the king you put in and you know exactly which writers to talk about you know to
7852660	7858540	talk to to see them some very special information that is breaking news it's so classic textbook
7858540	7865300	cia we go back to you know even um i heard that a lot of the journalists you know were on payroll
7865300	7870040	we've got their names now and what they were paid and all this stuff all the way down to people you
7870040	7875520	really trusted back in the 60s whoa right because of operation mockingbird this is public knowledge
7875520	7880360	right so if this i think i might know what publication you're talking so if they can't
7880360	7887220	buy you yeah if they can't seduce i'll use that word like seduction whatever that means like you
7887220	7893540	know something alluring if they don't have a blackmail on you and then they try and can't
7893540	7898360	get you to bite on that blackmail then they're kind of running out of options so what can they
7898360	7906780	They do. They can start to diminish your public profile and they can threaten you. And that's the
7906780	7915360	way you control somebody. Now, they're not trying to stop people who have loud voices because you're
7915360	7922220	useful. These are intelligence operations, right? You're useful to them if they can get one of those
7922220	7928160	five things I just mentioned to shape what you're saying. And that's what's so dangerous. I mean,
7928360	7933560	got to be squeaky clean, watch your back. You got to document everything. When Chuck McCullough says
7933560	7940060	in my movie, not my movie, Michael Luzofsky's movie, I gave him 20 years of footage. He made it.
7940180	7944280	And to my chagrin, if that's the right word, like I had to ask my whole family, like, is it okay?
7944480	7948380	Can I show the dog? You know, he wants to do this. It should be protection. He's saying it's
7948380	7955740	protection. So what, what my point is, what are they, what are they doing by shaping the narrative
7955740	7962260	that's already emerging. Is it sinister? Is it what Jesse Michaels said right now? Is it to
7962260	7967680	create a level of control and threat so everybody goes, oh God, big daddy government, protect me
7967680	7974560	because there's something coming like a big craft really slowly to earth. Oh my God, so scary. Or is
7974560	7981780	it to acclimate you for something that they know is going to occur? That's the other possibility.
7981780	7985840	and I hear mutterings of that all the time,
7986100	7989100	all the time of like, you know, certain dates.
7989300	7994920	And, you know, and I almost like the book of Matthew
7994920	7997520	of like, you know, only God knows the day
7997520	7998900	or whatever on the apocalypse.
7998940	8001600	That applies to, and that has its own stigma
8001600	8002980	and I shouldn't even say, you know,
8002980	8005040	reference those things in the context
8005040	8006500	of kind of a more scientific conversation.
8006660	8009520	But I think that applies to this, you know,
8009520	8011640	2026 or 7 or 35
8011640	8013640	no one knows only God knows
8013640	8015680	or only some omniscient force knows
8015680	8017480	or it's just complete and utter
8017480	8019620	bullshit or it's a complete BS
8019620	8021740	and the funny thing is I can call
8021740	8023780	BS like I did on that I tried to get out
8023780	8025660	ahead of you know you're behind the eight ball
8025660	8027660	I'm gonna be ahead of the eight ball yeah and then when I
8027660	8029440	came out and said look all these intel people
8029440	8031760	I have taken all of this information
8031760	8033720	these conversations all this data
8033720	8035560	I basically run it through
8035560	8037740	a way
8039520	8049720	words and i found that i and very directly to was trying to be utilized to propagate oh you want
8049720	8053120	something really special is happening like something really special but i'm just going to
8053120	8058060	tell you what the fuck tell everybody if it's really special it's important right so the
8058060	8063080	manipulation of me that's why i came out and said look my fear is that you're going to be told that
8063080	8069340	there is a craft slowly moving to earth and it's bullshit and then you know just the world i was
8069520	8071040	I was told that too.
8071260	8071760	You were.
8071920	8072300	Yeah, yeah.
8072300	8073340	I knew it.
8073420	8079980	But I always just, whenever I get something like that, I just don't like, I'm like, I know what you're doing.
8080080	8081200	This is passage material.
8081500	8081640	Right.
8081800	8082460	This is a test.
8082640	8088440	It's probably some sort of bizarre passage material slash can I trust you hybrid.
8088640	8089080	Right, right, right.
8089200	8089560	Or something.
8089620	8091280	And I'm like, either fucking way.
8091400	8093640	I just don't want to like ever mention it again.
8093680	8094940	My fear is that.
8095780	8099060	And then if somebody totally independent says something, then I'm like, okay, maybe.
8099520	8113460	You're one of the reasons why I would say that publicly because I knew I'd get shit for it and everybody would cut that up and make me seem like a crazy person. I said it out loud. It's because people like you have said to me that you were getting that same shit.
8113460	8119600	it oh yeah now all these people speaking loudly are getting the same messaging and it's like so
8119600	8124600	we have to defend against that or we become a part of that machine and mechanism now ultimately end
8124600	8130500	of the day i don't fucking know but i highly fucking doubt that that is yeah accurate assessment
8130500	8137660	of what's happening in 20 20 36 whatever yeah yeah yeah but hey i'd be wrong do you think i think
8137660	8141720	there's something so unique going back to lazar there's something so unique about him because
8143920	8148120	kind of hapless, like, normal person engineer.
8148840	8150500	He's not, he doesn't have any sort of
8150500	8152540	counterintel background or anything like that.
8153020	8156960	Do you think we get another Bob Lazar coming out near term?
8157080	8158380	Because I think that's what a lot of people want.
8158500	8160240	I don't think they want the person
8160240	8163860	who saw the thing on the document
8163860	8166380	or that, you know, who knew the other guy
8166380	8167800	and that person worked directly.
8168060	8170660	You know, I think they want another Lazar.
8171020	8171740	We almost got it.
8172260	8173040	And he's dead.
8173460	8182340	to tell me more you know about this right sullivan right yeah okay so a little example yeah fact
8182340	8189040	he was to testify behind closed doors matthew sullivan for everybody's sullivan watching right
8189040	8196300	um matthew sullivan was one of the 40 people that you know that that number's loose um there's
8196300	8201400	probably more that David Grush brought to the attention of the ICIG.
8202800	8211080	Matthew Sullivan was fact two weeks about before he died, I think, going to testify.
8211100	8214780	We call it behind closed doors because you know how many people I've taken in to speak
8214780	8217680	in DC that you will never see publicly.
8217880	8220680	This is to inform them, taking them in to testify.
8220960	8221820	You're under oath.
8221880	8222640	You're in a skiff.
8222880	8224180	I have facilitated.
8224240	8224620	Over 10?
8224700	8225180	Yeah.
8226300	8251340	Oh, yeah. Yes. So the question is this. Matthew Sullivan, now I didn't know him personally, but I knew he was going to testify. And that is testifying. And that's why people and the FBI are investigating if his death was suspicious. Because it ain't out of not pull the math.
8251340	8278380	Now, he could have just been PTSD and broken down and scared, but that's not the word on the wash. So I don't have any direct knowledge that I can talk about of that case. But I do know the FBI is looking into it and there's a congressional letter. And I do mention, if you read between the lines, I didn't know that this could be public. I didn't know this was going to be public. He's one of the two people that I'm talking about when I say, you know, mortal crimes.
8278380	8288600	um we don't know it's a suspicious death and um he was going to testify behind closed doors
8288600	8297280	he had direct direct hands-on with the craft that would be like lazar wouldn't it so man
8297280	8305000	they wanted to stop lazar they don't want people that would convince everybody out because now
8305000	8307120	Were you in touch with Matthew?
8307120	8308440	It's a really sad story.
8308700	8310040	And I just know.
8310380	8310820	Okay.
8311320	8313400	I was kind of trying to figure that out recently.
8313580	8317480	I get a lot of signal messages and they delete a lot.
8318380	8324420	And I did get a message from him and it deleted.
8324520	8327080	And usually I try to be good about keeping those,
8327240	8328420	but it was on a thing.
8328740	8330440	But I never talked with him.
8330780	8333180	I was trying to figure that out because of my memory.
8335000	8340120	you on my phone what happened that's a bummer man it's a bummer because i was hoping maybe he
8340120	8346380	was reaching out because i could take people from embryo scared dylan borland you see him in the
8346380	8352200	movie that audio he knows i speak always on speakerphone and by my nest cameras he knows
8352200	8357660	that so dylan borland um he knew that i was doing that for our own protection so in the movie you
8357660	8363920	hear him really scared and that's way before we knew that we were going to get him standing hand
8365160	8370120	country and be able to testify. That road is so hard. It takes me two and a half months sometimes
8370120	8375460	for national security people to vet some of the witnesses that I want to testify to you.
8375740	8379800	A lot you'll never hear about. You never got to hear Daniel Goccarell. Small story,
8379920	8385680	but I had him unweaponized after. He saw a triangle. But these badass motherfuckers
8385680	8389000	that worked on the programs, you have to understand they're so locked down. They're
8389000	8392980	not in there because they're trusted. They're in there because they have legacy generational trust.
8392980	8409620	Most of the people in the legacy atmosphere, it's not because just you are trusted. It's because your grandfather was trusted. Your father was trusted. You got kids who are going to be trusted in that same intelligent circles.
8409620	8412480	So they're so tightly packed in there.
8413160	8419000	To get somebody to break out of that cage is dangerous for a lot of reasons.
8419580	8420800	Because why would you do that?
8421360	8424440	You have to think this is so critically important.
8424880	8426460	Otherwise, keep your head down, do your work.
8426520	8428300	You're on one of the coolest projects on planet Earth.
8428480	8428920	Literally.
8429980	8431240	Do you understand what I'm saying?
8431400	8431580	I do.
8432180	8432620	Yeah.
8433160	8436040	That's crazy that maybe he was taken out.
8436180	8437440	I don't know, bro.
8437560	8438320	The timing's weird.
8439620	8448320	say about that but i yeah let the doj do their job okay damn but like you feel pretty confident
8448320	8454300	that he was working directly on the craft to the best of my not do i feel very confident absolutely
8454300	8460180	do i have all the information no but i think people that have more information than me and
8460180	8466180	knew him should speak to you not me interest about him is there going to be somebody man it shouldn't
8466180	8470860	be on a Bob Lazar. Our government should come forward. And this is the problem. The first
8470860	8476700	release is a bunch of videos, a bunch of documents. Wait a second. Didn't David Grush raise his hand
8476700	8483780	and say that we have been generationally exploiting non-human technology, hand to God and to country,
8483920	8489940	and say that we have these programs? And didn't he say that we have alien bodies?
8490900	8494440	Didn't he say that? Oh, shit. Where was that in the releases?
8496180	8499260	C. Inspector General said this is urgent and credible.
8499560	8506040	Sure. But now we got a real issue. The ICIG is the police of the intelligence community.
8508640	8516140	That might come out later. The question being this, who's the real watchdog here? Can we trust
8516140	8522580	them? Well, it doesn't seem like they've acted on Grush's report that he handed in in 2022,
8522580	8523740	22 four years ago.
8523880	8524720	So man,
8524860	8525460	I don't know.
8525600	8526000	You know,
8526120	8531080	I hear there's a guy and I hear he's a really good guy.
8531340	8534640	And I hear that he is the current ICIG.
8534800	8538340	And I hear that his name is Christopher Fox.
8539280	8545420	And I hear that if someone like him being active ICIG wanted to,
8545460	8548420	and didn't have to recuse himself for some reason,
8548460	8550320	that there's actually four people.
8550360	8551360	Cause I've talked with Chuck.
8552580	8556000	in American history. So he, you know, pretty much, I'm pretty sure he knows the job.
8556300	8564740	I think if they wanted to, that they could rapidly come to conclusion on that ICIG report.
8565160	8572420	I think the ICIG, I think that they also have the video footage of Dylan Borland's testimony.
8573080	8580660	So I think that this could be very rapidly sorted out if people wanted to, you feel what I'm saying?
8582440	8588400	think. The one thing I didn't tell you, because we got into a different space, is the fourth thing
8588400	8599540	that I heard directly from ODNI is that Dylan Borland drew a fourth drawing of a sensor system.
8600260	8606080	Oh, but that's really classified because it's not UFO related at all. Now, wait a second. They were
8606080	8611580	asking me, did he draw that for me? Motherfucker, he drew me a triangle on camera. Didn't draw
8612580	8639400	Here's what I know as fact. Dylan Borland wouldn't even know what the fuck they're talking about or how do you draw a censor system, Jesse? You're a smart guy. You're basically a fucking scientist. How do you draw a censor system? So they lied to me. Why did they lie to me? They lied to me to get Dylan Borland on treason, which carries a life sentence or death penalty.
8639400	8645580	they lied to me about matthew brown saying he's a jew hating racist that's so crazy when i told
8645580	8652620	him he was at a jewish wedding he was like what by the way he's part jewish let's let's back up
8652620	8660560	and tell people who is matthew brown okay i just want you to know that od and i ran an operation
8660560	8666480	for nine months not all of them are bad people actually all of them are good people but some of
8666480	8672140	them are doing a job. What their mission was, their mission, if I had to assess, it's just my
8672140	8679440	opinion, was to co-opt me and George to go against whistleblowers and to fabricate evidence,
8680020	8686780	fabricate evidence against an American hero, a whistleblower named Dylan Borland, to fabricate
8687620	8694220	evidence against Matthew Brown, to pressure everybody into a corner. But why? Ultimately,
8694220	8703860	to control Congress's ability and ambition to continue what they're doing, having hearings.
8704660	8711280	I could probably prove that. Actually, I could prove that in the court of law.
8712700	8721120	So, wow, motherfucker, we got that going on. Then put on top of that, did you see a few days ago
8721120	8724560	that the head of the DIG, the Director's Initiative Group,
8724640	8729600	which was the part of Odie and I that came to me and to George first,
8729820	8732800	and we provided them a ton of whistleblowers and people
8732800	8735100	just saying, hey, telling the whistleblowers,
8735200	8737560	we don't know if we can trust them, but do your best, right?
8738680	8739560	And they did it.
8739680	8740980	Most of them talked with them.
8741060	8743160	I think very smartly David Grush didn't.
8744080	8746460	I don't think, I am confident,
8746620	8749080	Tulsi Gabbard was completely unaware
8749080	8760500	aware that the CIA was running an operation through ODNI on journalists, on whistleblowers,
8760600	8766320	who were bringing in saying they have ultimate authority to protect you. You can tell them
8766320	8770980	anything, right? But wink, wink to the whistleblowers, like really careful, throw them
8770980	8775720	some underhanded pitches first to make sure they're not running something. Here's what we find out.
8775720	8783860	a few days ago a cia agent goes in front of congress and he says i ran the dig he got
8783860	8790140	emotional in it he's like the cia he said i ran the dig the director's initiative under tulsi
8790140	8794180	and i don't think she was aware that she had these rogue elements you know like we're talking
8794180	8799740	about little cabals from the cia by the way running this op on us and he says
8801680	8809900	like he's a whistleblower he says he found out that when he was running the anomalous health
8809900	8819740	effects the covid cover-up and the uap initiative of the dig
8822040	8824540	that they found out, and he's CIA,
8825060	8830160	they found out the CIA was spying on the whistleblowers.
8830880	8834360	That means everybody that we brought in,
8834420	8836000	their computers, their cell phones, everything.
8836060	8837060	He's self-admitting.
8837580	8838700	He's self-admitting.
8838940	8840060	CIA's response was,
8840640	8843100	he wasn't authorized to speak to you on Twitter.
8843260	8844440	You're like, what the fuck?
8844460	8845680	You're not denying those claims?
8845760	8846480	That is illegal.
8846780	8847960	He said that's illegal.
8848140	8848700	He got emotional.
8849800	8856060	John, John something the third. I don't know him. Oh boy, we should have a talk. Because if you ran
8856060	8865740	the dig, did you know that they were trying to entrap me, George, Dylan, Matthew, Lou Elizondo,
8869040	8875580	Lukatsky, Jay Stratton? Did you know that as the head of the dig? Did you know that?
8875580	8880360	but I suspect I want to see the unclassified version of that report.
8880980	8881980	Who's Matthew Brown?
8882140	8882760	That's what you asked.
8882940	8883200	Yeah.
8883260	8883540	Okay.
8884200	8884720	Wow.
8884980	8886260	That's a bro.
8886340	8886780	Interesting.
8886880	8887840	And that's just breakfast.
8888020	8888960	Let's get to love.
8889020	8894020	You have the agency that's supposed to oversee all other intelligence agencies being red
8894020	8897920	teamed by what's supposed to be a subordinate agency in the CIA.
8898040	8900860	That's a pretty wild phenomena.
8901140	8905460	I think that's why people like you because you just took a very complex thing that I
8905580	8911040	very emotional about because they tried to hurt people i care about and use me to do it and you
8911040	8920220	just made it simsified i try thank you yeah okay who's matt brown while they are observing the
8920220	8927800	russian vessels a large black triangle materializes or decloaks or something the point is is it did
8927800	8934100	not move it appeared above the directly above these ships probably no more than 200 meters
8936720	8941560	courageous as fuck i mean just goosebumps courageous as fuck matt brown
8943440	8946420	absolutely 100 worthy of your trust
8948720	8955960	has a loving family relationship i met his dad his mom i think two of his brothers
8955960	8965480	brothers um talked with his wife um he's got cats you know he said to seems like a kind of a gentle
8965480	8974160	soul he's he's he's not as fragile as people think he because you know he'll tremble when he gets um
8974160	8981780	angry like or scared or nervous and i'd be nervous as fuck too um i snuck him in you know to have a
8981780	8985760	secret congressional briefing with three members who all said yes to me.
8986760	8988740	Like snuck him in with my camera crew.
8991620	8995360	He has balls of steel.
8996580	8997780	He's so smart.
8997920	8999220	What an asset to America.
9000120	9000560	Patriot.
9000800	9001720	He's a patriot.
9003080	9003900	Worthy of your trust.
9003960	9004440	I said that.
9004460	9005080	I won't say it again.
9006720	9009800	He revealed the Mac of the Constellation to the world.
9009900	9010200	Mm-hmm.
9012380	9013440	that was a thing.
9017280	9020560	He has endured more than I'm comfortable saying here
9020560	9023060	from a personal standpoint.
9023260	9025840	He was at the office of the Secretary of Defense, right?
9026000	9026560	State Department.
9026920	9027920	He was at the State Department.
9028020	9028860	Yeah, that was his main job,
9028940	9030620	but he was at Pentagon before that.
9030780	9032140	And he had TSSEI.
9032520	9032980	Yeah.
9033040	9035260	He was doing some audit or something.
9035340	9039520	How did he run into all of this UFO-related info?
9040880	9041280	Fuck.
9041780	9046340	think matt should talk for himself so so you notice sometimes people say i don't i am so
9046340	9052780	protective of people and you know there's so much that goes into my brain that like
9053380	9060660	i have to be um gentle with because one wrong little word and i expose something they didn't
9060660	9065560	want exposed about them personally and then they get harassed but but high level he was doing some
9065560	9069460	some routine thing, and he bumped into documentation.
9069760	9070760	I can tell you this part.
9070920	9071080	Yeah.
9072480	9075200	So on a shared Intel Link server,
9076240	9079380	there was something misappropriately uploaded.
9080320	9081820	So anybody can go in.
9081940	9084060	But at the time, he was kind of in a purgatory.
9084260	9087020	It's like, fuck, he has to basically clean up a bunch of files.
9087180	9089420	Now, he's fastidious also, a good word, right?
9090160	9092120	So he goes in and looks through everything
9092120	9093100	and puts them in the right place.
9093100	9101060	boom sees immaculate constellation the heck is this right it actually had a picture of lou
9101060	9107260	elizondo on it not that lou made that it was saying that lou came forward in the uap space
9107260	9114140	but it caught his attention right okay and then he starts going through it and he's like dude this
9114140	9121480	is not supposed to be on this server so what did a real patriot like matthew brown do first thing
9123100	9129860	he goes to his boss or his boss's boss and he's like um you know hey this was not supposed to be
9129860	9136980	there i was not supposed to see this it looks like a working report um and they're like okay cool
9136980	9141080	goes back to his desk or whatever and i hope i'm saying this right and matt you can speak for
9141080	9149060	yourself and you will very soon people are going to find out so how i understand it is he was so
9149060	9156020	so nervous by how they reacted to the spillage, they call it, where you see something that you're
9156020	9160040	not supposed to be read into, that he's like, dude, they're going to throw me under the bus
9160040	9164980	if I need to tell somebody else. So he goes and tells somebody else. And the reaction kept being
9165380	9171080	this like, okay, but like no assurances to him. Are you doing the right thing?
9172220	9176500	So that gets under your skin. You get a little worried, right? I mean, your whole career is
9176500	9178540	is your clearances.
9178580	9181060	If they even put your clearances in purgatory
9181060	9183020	like they did to Dylan for years,
9183660	9185200	they're not saying you don't got it.
9185520	9188000	And these are people trusted by our government.
9188220	9191840	In Dylan's case, really, really trusted, bro.
9191900	9194220	I can't say the agencies specifically he worked for,
9194300	9196320	but you could subcontract for the big ones.
9198380	9200640	So there's Matthew alone.
9201460	9202500	Who are you going to call?
9203280	9203720	Batman.
9204120	9205620	Who are you going to call, dude?
9206500	9211420	So he proactively, being a very thoughtful person, documented everything.
9211840	9218440	Every move, everything documented for self-protection also because he's like, why did I get exposed
9218440	9218780	to that?
9219180	9225100	And also I think as a curious guy, he had some time on his hands and probably kept his
9225100	9228420	eye out for UAP information, right?
9229340	9235820	And here's a guy that like an all-source analyst, I don't think he was, but like one, you kind
9236500	9241640	putting together what they call the mosaic and you look for what you know to be true.
9242740	9247460	Then as a dutiful, patriotic person, when he realized what was going on
9248060	9252980	and how dangerous it was, and that's as far as I'm going to say about that, he can talk.
9254040	9257720	Because not everything's cleared for him yet. He can't like go ask State Department again.
9261240	9264780	He came to me very early on.
9269340	9279940	and was able to get that information into the hands of the people that I trusted,
9281260	9287200	and I do trust still, and were in position of power and could assess it.
9288160	9290100	That's how it began with Matthew Brown.
9290680	9291520	That's how it began.
9291740	9293040	He didn't know who to trust at first.
9293040	9309920	He made some mistake or, um, we won't get into all of that, but some people are not worthy of your trust at all. Journalists don't try to pay people ever. Jesse.
9310500	9310900	Interesting.
9311140	9312260	That's not a journalist.
9312560	9313240	There was something.
9313620	9316080	Bro, let's not get into it. Right. You said you don't want to.
9316140	9316460	Okay.
9316820	9317600	So let's not.
9317680	9319020	We can if you want, but.
9319100	9321480	Dude, let's talk about things that excite us.
9321500	9321740	Okay.
9323040	9330920	will understand yeah so one day people will understand what makes me angry i didn't know
9330920	9336980	anything about i know you didn't possible pain that's why you no no look we're not saying
9336980	9340980	specifics yet don't make it no i know you might have just made an assumption well i think i made
9340980	9345320	a correct assumption but we can just move on this is gonna be so awkward for your audience but hold
9345320	9351380	on jesse and i we made one agreement going on is that there's you know we're we're just going to
9353040	9357200	ourselves and talk about what makes us happy and inspires us and and sparks our curiosity it's
9357200	9360660	basically what we said last night right yeah exactly so i want i want to do that you know
9360660	9367820	this is and to your credit i did say i like to focus way more on the truth than people drama
9367820	9372300	right right right i think it's so much more interesting but but but it's an important
9372300	9380600	heuristic if a person is also you know a conduit for information so people people drama i stay out
9380600	9389520	out of, but dangerous people, I inform everybody about it. Because the thing is, is that you got
9389520	9393800	to know who to trust. So you're not working in government. I'm not working in government. So
9393800	9399140	we sign none of these NDA shit. We don't got to do fuck all when it comes to UAP stuff, right?
9399240	9407380	With listening to what people tell us to do like daddy, right? But other people do. So the stakes
9407380	9412380	stakes for them are so much higher. So imagine if there were a bunch of whistleblowers and they go
9412380	9419460	to the wrong person to say, I need to see if you can get me from embryo to hand to God and the
9419460	9427480	American public, right? And you go to the wrong person. That could be one of those five traps I
9427480	9436880	told you. And then you're controlled, they own you and you're fucked. So if you're outside of
9437380	9438720	that might feel dramatic to you.
9438780	9440480	The problem is that it's true,
9441400	9443280	and that is a real issue.
9443480	9444720	So let's say you've got,
9445660	9448240	I get photos from people at Wright-Patterson,
9448340	9450180	and they've got up on their cork boards,
9450460	9451740	you know, weaponized stickers,
9452500	9454460	Jesse Michaels podcast, their favorite.
9454500	9455660	People come up to me on the street
9455660	9457500	and tell me that they love your podcast.
9457660	9460220	I sent you videos with some of your fans.
9460520	9463800	So like, you get people in these offices,
9463860	9465800	and they're just fans, okay?
9465840	9467000	They don't know much about UFOs,
9467380	9469800	They saw some shit on radar, this happened or that happened.
9469900	9474440	And then you narrow in from those, let's say that's 5,000 people, right, that have hit
9474440	9476820	me up in the last year that are inside government.
9476980	9478220	Then you narrow down.
9478480	9481120	So now you've got, let's say, 500 people.
9481420	9488120	So those 500 people, they know something a little bit more very specifically about UAP
9488120	9489480	and whatnot and the reality.
9489960	9493320	And then you narrow down to, let's say, 50 people.
9493320	9499860	now they feel like they want to tell congress or senate or a formally report i'll get those calls
9499860	9504000	how do i formally do this what's the mechanism who can i trust not trust and i'm like okay well
9504000	9508280	here's how you do it i'll link you with them we'll make a call i'll bring you in if it's really
9508280	9513600	important i'll meet you there we'll do this signal is okay for that then you get from those what was
9513600	9522980	that 50 people you get in and you narrow down to let's say 10 people now those 10 people they know
9523320	9530740	something more. And those 10 people, they really need to tell people, but okay, so you got to deal
9530740	9538860	with those 10 people. Then you narrow down to, let's say, five people. The amount of information
9538860	9548940	they have compared to those 500, 5,000, it's like critical. It's provable. It can be national
9548940	9556880	national security issue. It could be dangerous. How hard is it, do you think, for someone like that
9557380	9564160	to break from the fold and say, I've fucking tried everything. I am now going to leak something
9564740	9571900	to a journalist I trust, which is an illegal act. And I've never solicited. I actually tell people
9571900	9576300	like a young kid called me from a base and you know, blah, blah, blah. And I go, stop,
9576300	9581820	stop don't even talk to me you got a long career ahead of you whatever you saw or think you saw
9582280	9587240	keep it in your head and one day you'll be able to speak freely about it do not tell me you know
9587240	9591900	that joke i have going right now don't call me and i've got that number that's what that's born from
9591900	9597820	i say to people don't call me ever again find me in 10 years when we're living in a different world
9597820	9603140	you got a long life ahead of you it's not that important for your life and your family but i'm
9603140	9607700	I'm just trying to show you that the amount of people that know dude,
9609020	9615560	but then the amount of people that know that would think it's so important to
9615560	9618200	leak something is so minuscule.
9618640	9625340	It's so tiny that it baffles me to this day that people all day,
9625440	9629660	every day contact me and George and they put that trust in us and they should
9629660	9631260	and we're trustworthy and,
9631280	9631980	and you know,
9631980	9632700	we do get leaks.
9633140	9637280	We assess them for years and we, our primary thing is do not hurt American security.
9638260	9643000	I think that's why we've been effective, but I'm just trying to show you, man, like you
9643000	9644100	talk about a cabal and all this.
9644160	9648580	I don't know who knows all this, but I know who doesn't want you to know about it.
9648680	9648860	Yeah.
9649680	9653880	Matthew Brown's super interesting to me, especially your, your interviews with George
9653880	9661200	Knapp and him, uh, because he obviously ran into some pretty hardcore, you know, immaculate
9663740	9665120	quarantining, censors, different types.
9665120	9667520	To be real clear, Matthew Brown is not a leaker.
9667540	9669060	He did everything by the book
9669060	9670300	because we just went from that conversation.
9670440	9670860	Yeah, yeah, yeah.
9671440	9673300	That wasn't the segue in my head.
9673300	9676280	Matthew Brown tried to do everything under God
9676280	9679260	that he could do the right way, and he did.
9679380	9683500	He got pre-pub from State Department, you know?
9683620	9685360	So it's like just, boom, here we are.
9685380	9686820	Matthew Brown, you want to say something, go.
9686980	9687460	Yeah, yeah, yeah.
9687680	9690720	Well, so he ran into all this kind of documentation
9690720	9698960	of this stuff and he saw video and you know photos and that sort of thing um and then he has kind of
9698960	9705260	a whole worldview that he's kind of associated with his findings that feels almost like gnostic
9705260	9711500	in nature and he talks at the end of the interview he says you know um people are a resource maybe
9711500	9720180	for the nhi and he says things that to me are extremely intriguing because i prefer actually
9720720	9724900	ways, like the sense-making layer, like what's the worldview, what's the ontology that, you know,
9724920	9729480	you were talking about earlier that comes from all of the data, not just what's the data. Sometimes
9729480	9735360	I think we, we over-index on the data itself. So I mean, extremely like my curiosity is peaked
9735360	9740880	and then my other side of my brain is like, but how did he come to that conclusion?
9741000	9745820	It's a personal thing. Sure. Yeah. So everybody, again, I don't want to speak about people. They
9745820	9749860	They speak by themselves, but he has a very fascinating mind.
9750000	9757380	I can say that from his own personal stuff, the way he sees the world.
9758060	9760600	I mean, I learned so much from him.
9760620	9762800	Like a sensei, something's born before him.
9763440	9773380	Even if we disagree on the fundamental nature of that reality, I think what you're highlighting is that online he said some very Gnostic kind of quoting things.
9773380	9779280	things and yeah that's the way his mind talk about almost like a white house timeline manipulator too
9779280	9785860	like they have sort of timeline yeah like they have some sort of ai timeline thing oh really yeah
9785860	9790660	yeah it was like a super super ai hey dude the white house like we should always be ourselves
9790660	9795320	right that's the thing i keep in this interview i keep thinking jesse asked a question he's got
9795320	9803180	got something to say. And then I say so much, we got to just be ourselves. Matthew has a very unique
9803180	9811200	way of thinking. He's so like pointed and fastidious and he'll, he'll be silent a lot
9811200	9817160	of time on calls and just listening. And then he'll say something and it's very thought out,
9817280	9822720	very thoughtful. So I think what you're seeing is what we call personality.
9822720	9829860	personality. Yeah, sure. Yeah. Yeah. I just, okay. Well, at some point, maybe when this is
9829860	9834520	all said and done 10 years into the future of disclosure and it's all acceptable, I want to
9834520	9840960	go deep with him or if I can, at any point, go deep with him on how did he get from the data
9841800	9845300	to that worldview? Cause the worldview is interesting to me. I'm like, what,
9845880	9849540	you know, what happened there? But, um, I realized he's gotta, he's gotta speak for,
9849540	9875340	I don't think that was from, like, if you read the documents or saw the videos that he has testified to seeing, right? He hasn't been allowed yet with his hand up in front of Congress. We fought hard for that. He didn't want to have his face out there, you know, at all. But I think if you read the same stuff, because I know a lot of people that read and saw the same stuff and more than he did, they don't have the same worldview.
9875560	9875920	Interesting.
9876020	9877840	Yeah, yeah. So it's not like in the documents.
9877840	9878720	That's just his interpretation.
9879540	9880020	That's what I'm saying.
9880200	9880380	Okay.
9880980	9882040	Well, that's helpful.
9882240	9889560	I mean, even what you just said is really helpful that other people have consumed the same thing and not come to the same worldview conclusion.
9890220	9892600	Matthew Brown has this much of the mosaic.
9892860	9893400	Yeah, yeah.
9893480	9894460	A tiny, tiny.
9894580	9897300	All he did was be a whistleblower.
9897500	9897780	Yeah.
9898140	9903200	Because there's a lot of other things that he can't talk about that weren't.
9903900	9912880	there's a lot of things, corruption, things to do with, um, WMDs. That was his specialty
9912880	9917880	that, that he also whistle blew on the people don't know about, you know, it's just not public.
9918540	9925540	That's freaky. But, um, on, uh, on another note, cause I'm sure you can't say more about that. Um,
9926220	9930880	and maybe, maybe a good note to, to, to end on and, and, and close this amazing conversation.
9930880	9938700	what do you hope for the world uh you know 10 years from today you know snapshot of where we
9938700	9944320	are with respect to this issue specifically what do you what do you hope uh to see
9945580	9950820	it's like i'm you know i can't look back but i'm trying to look forward now it's kind of um
9952140	9955600	if the truth is that
9958800	9961480	there are technologically advanced craft
9962440	9966620	that they've been here since the beginning of recorded human history,
9966700	9967640	if not before,
9970820	9977460	that all the major technological nations on Earth
9977460	9981420	have started to try to understand
9981420	9987380	and replicate and grow and evolve from that technology.
9988060	9994280	And if the truth is that we've harmed people and lied,
9995240	9998260	our representatives have lied to us.
9998720	10000100	And if that is true,
10001240	10005400	and if we have biological entities that are not from planet Earth...
10005400	10009280	Have you talked to anybody who's said they've seen biologics?
10009980	10010240	Yes.
10010320	10012040	In my work, 100%.
10012040	10012360	Wow.
10012500	10013260	A ton.
10013440	10018140	But Jesse, I need more proof and I can't solicit.
10018140	10018400	Sure.
10018600	10020640	As a journalist, that's a specific word.
10020820	10023640	So, of course, do I believe them?
10024900	10026100	About half of them.
10026180	10027160	The top dogs.
10027860	10033300	Other people, they just want to seem cool or they want to get into my head for later.
10034320	10034900	Yeah.
10035260	10035840	Yeah.
10035880	10036800	I've heard that.
10036800	10043340	that mostly autopsy reports okay yeah anybody like in person with the people have told me that
10043340	10049840	jesse yeah but like like actually a public interview i did once um the anonymous interview
10050540	10055500	um when i brought richard dolan in to interview this man as he was dying on like i think it was
10055500	10059500	like a dialysis machine and we got him out of the thing and he came his wife didn't want him
10059500	10063460	this oscar wolf yeah yeah yeah it's his real name but i wasn't allowed to release that for like a
10063460	10065700	a long time. I have his DD-214s.
10065700	10067420	That's a crazy story. It's fascinating.
10067560	10069460	I had to be real quiet about his real name for a long time,
10069540	10071600	but I have his DD-214s, all his stuff.
10071840	10073100	I was setting up that interview with
10073100	10075320	Reuben Langdon, who set up the
10075320	10076840	entire citizen hearing on disclosure.
10076880	10079520	He saw an alien getting interviewed,
10079620	10080760	according to him, at
10081360	10083040	S4 Area 51, I believe.
10084300	10085180	At S4,
10085960	10086400	we
10087160	10089020	viewed the autopsy
10089020	10091160	film, and then
10091160	10092380	the colonel said,
10093460	10099320	What we've got in here is we're interviewing a gray alien.
10101360	10103980	Bro, that is so in my ancient past.
10104100	10105300	I'd say just watch the video.
10105500	10112620	My impression is that, if I recall, he was one of the people that I'm saying that has said that.
10112720	10114260	Because you asked me, a live alien?
10114460	10119480	No, not a ton of people have said to me they've been or seen a live alien in government capacity.
10120260	10121600	Yeah, versus experiencers.
10124120	10128480	autopsy readouts and I know which autopsy so that you start narrowing it down after the years. And
10128480	10132160	you know, people that don't know each other have kind of run across enough where you're pretty
10132160	10137280	high confidence that we got a component of it. Yeah. But like, I don't, are they cybernetic?
10137440	10144200	Like, are they, um, printed flesh with AI high fucking minds? I don't fucking know. Um, but yeah,
10144300	10148300	I think that's the ultimate thing. So you're asking, you were asking me to go, what do I hope?
10148420	10153140	Yeah. What do you hope? I'm just trying to say, no, no, I'm trying to stay on your,
10153460	10162020	track yeah so it's like ultimately if i keep saying if if this is true if this is true this
10162020	10174640	is my best assessment right then i would hope that those tasked with withholding the fundamental
10174640	10185300	nature of what it means to be human, which is to interact with a larger idea of being,
10186140	10193940	would then stand the fuck down, tell the fucking truth, and let human beings decide for them
10193940	10199800	fucking selves if they can handle it. That's what I would hope. Now, people have hoped for
10199800	10209540	disclosure for a long time, you know, way before me, before I was born. I was born in 77 before
10209540	10215620	I was born. None of them got it. Now we are getting something right now, but we're not having
10215620	10221280	the conversation. No, but I hope it, uh, it snowballs, you know, I think you kind of saw
10221280	10224760	it with the Epstein stuff where like a little bit came out and then people were like, Whoa,
10224920	10229200	there's something there. And then they wanted more and they wanted more and they wanted more.
10229800	10235160	of a sudden representatives in the civilian, you know, Congress who are fighting to get more out
10235160	10240900	and you get more and more documentation and slowly it just kind of snowballs. And I think that might
10240900	10247720	be similar with this topic or JFK or a lot of these things where the consensus just shifts over
10247720	10254520	a long time horizon. So while you can sort of, you know, I know a lot of people kind of belittled
10254520	10260620	this drop or think it's a distraction or whatever. I think it's the beginning of infinity. It's not
10260620	10266680	the end. It's the beginning of a possible paradigm shift. And that's so exciting.
10266840	10272600	The beginning of infinity. I was saying it's the floor, not the ceiling. It is the beginning of
10272600	10276720	infinity. I am hopeful that we're going to get somewhere. But the only way we get there
10276720	10282500	is if we push and we do it asymmetrically. And everybody that has a voice and everybody that has
10282500	10289660	as a desire. Just use it. Just move. Keep talking. Don't take nothing personal. Sticks and stones
10289660	10296180	will break my bones, but words will never hurt me, right? Just push, push. I bet you that tomorrow
10296180	10302960	we will know more than we do today. I bet you when people see this, we'll know more than we knew the
10302960	10308400	day before. And yeah, man, I'm optimistic. I'm glad to have you in the fight. And everybody that
10308400	10313740	that has a microphone or thumbs can just make some noise on that beautiful,
10313860	10314880	inspirational note.
10315000	10316460	Go watch sleeping dog,
10316620	10320960	check out weaponized subscribe and anything else you want to plug.
10320980	10321420	Yeah.
10321800	10322380	Um,
10323180	10329080	I want to say that it took a long time for me and Jesse to,
10329160	10332020	to trust each other because trust is never given.
10332120	10332640	It's always,
10332680	10334880	it's always earned and then it's,
10334880	10335480	it's built.
10335480	10338440	and then every day you keep reinforcing,
10338820	10341820	you know, the trick of being trustworthy
10341820	10343840	is to actually be trustworthy.
10344180	10347980	And so I'm grateful that we get this construct,
10348240	10351420	the room, and we get to do this for the first time
10351420	10355460	and that, you know, we will continue this dialogue
10355460	10359360	until we're old, old, old men.
10359520	10361000	That's what I kept thinking this whole time.
10361060	10363460	It was so fun and, you know, I would love to run it back.
10363460	10373300	Yeah, but just keep fighting, keep pushing, keep doing what you're doing. And I would like to do a two minute rapid fire because I have questions for you. You can put it in your episode or not.
10373380	10373940	Sure. Yeah.
10374060	10376420	So this is back and forth. Rapid fire.
10376620	10376860	Okay.
10377440	10389560	Okay. Did you start this, what you're doing, with the intention to try to get information to the public that you thought was important?
10389880	10390260	Yes.
10391740	10396880	are you independent or are you controlled independent i know
10399160	10406120	um do you have people that support you in your life so that you'll keep going
10406120	10415840	like loved ones and yes yeah i do yeah okay have you found friends that you really trust at this
10415840	10421420	this point in this part of your journey i have yeah on this topic i had before this on this topic
10421420	10429680	on this topic yeah yes for sure yeah yeah will you protect that always yeah before anything before
10429680	10435560	you know relationships over over anything will you tell the truth if you find out something
10435560	10443720	is incorrect and will you tell it loudly oh yeah i believe you thank you jeremy i'm glad i passed
10444200	10452680	It's not a test. I learned those things about you through time. But now maybe people learn about you because you just told it how it is.
10452820	10453420	Yeah, I love it.
10453460	10458500	There we go. You got a lot of people that are suspicious of you.
10458700	10459120	I know.
10459540	10461140	And I was.
10461440	10462220	Yeah, fair enough.
10462460	10462620	Yeah.
10462700	10463680	But here we are.
10463800	10472840	Here we are. It's frustrating to me. And it makes me want to quit sometimes because it's like, fuck, what do you do?
10473720	10477680	The offense on a conspiracy about yourself is always going to beat the defense.
10477920	10481300	You can always say shit about me and whatever.
10481680	10484000	And so I can always say, you're wrong.
10484160	10485220	You're just wrong.
10485400	10486540	And I can point to the facts.
10486700	10488740	But then you can always construct a new thing.
10489220	10493800	And so it's like, yeah, it's tough.
10493980	10494340	I don't know.
10494520	10497580	That is a reality, is that people do want to quit.
10497720	10501880	And that is the work of a very organized attempt sometimes.
10502060	10502480	Sometimes.
10504140	10507460	And we need to identify that and we need to bring it into the light.
10507720	10513560	And you're not going to quit because you told me just now that you do have people that love you and support you about keep going.
10513700	10516940	And it feels like a mission that's higher than me.
10517040	10526040	So that's why the part that wants to quit is the ego that wants to remain intact and wants to stay out of the limelight.
10526140	10527880	Fight or flight. You don't want to be in pain.
10527960	10528920	In pain, yeah.
10529420	10530580	Pain is part of life.
10530580	10559280	And you mentioned stuff around, you know, your your personal life being encroached on. I've had similar things that freak me out. And I'm like, and so it's funny to see that simultaneously. I know you face this as well. You have that you have like creepy shit happening in your personal life. And then simultaneously, you have people calling you a spook. Right. And it's like you're you're be on both you're being flanked. And I'm like, I'm not a fucking spook and go the fuck away.
10560580	10566300	let me you know and and uh and yeah and and i'm sure you feel sympathetic to this as well
10566300	10572100	there's so much that you put out that they wouldn't even be into this shit if you hadn't
10572100	10576700	put the thing out that's so they're fucking using your lexicon and all the stuff you bring out
10576700	10581880	they're taking that but then they're throwing you in the garbage or whatever and it's like
10581880	10588540	fuck off like so the thing is it's not about you i know not about me it's not and i've got
10588540	10593580	tunnel vision. So I'm seeing you right now. I don't see nothing else. You got to do that,
10593620	10598140	but I'm going to correct you on one thing. I hope you find it useful later. Okay. Which is that you
10598140	10603000	said something about defense and you said something about like when you're getting all these attacks
10603000	10609240	from every side and people make you want to quit. Okay. Then they win if you quit. Now quit. If you
10609240	10613280	find a beautiful girl and you want an Island and just like go live over there, you don't need to
10613280	10618220	be doing this. I know that about you. You don't need to be doing this. I don't need to be doing
10618540	10628100	right? But I can, so I will. So the one thing I want to correct you on is the best defense
10628640	10635800	is to outpace, outmaneuver, and outperform. Never look back unless you're reflecting,
10635980	10639080	but your mom and dad and brothers and sisters and your friends will tell you if you're being
10639080	10642940	a bitch and an idiot and help you self-reflect. So they're better at it than you anyway, right?
10643260	10647820	So you look forward, you keep going. If you want out at any time, make it your own choice.
10648540	10652400	The best thing you do when you get an attack is don't look back.
10652420	10653500	Keep moving forward.
10653600	10655360	Don't think about those attacks.
10655460	10656000	Don't let them in.
10656020	10656720	Don't penetrate them.
10656740	10659360	They don't know you and they don't own you.
10659800	10660500	You're independent.
10661300	10662100	Fucking fight.
10662340	10663220	We need you.
10663380	10664440	I appreciate that.
10664620	10665760	Well, thank you, Jeremy.
10665980	10666660	Love you, buddy.
10666780	10667440	You too, man.
10667640	10668300	I am.
10668560	10669520	Oh, that was great.
10669720	10670720	That was so cool.
10670720	10670880	Cool.
10674140	10679340	If you've made it this far in the show, then I know you care enough to hear about this.
10679480	10682100	Our show, American Alchemy, is growing super fast.
10682300	10683560	It's bursting at the seams.
10683720	10686940	We are looking for an amazing editor to join the team.
10687160	10693120	If you're an experienced YouTube editor, podcast editor, trailer editor, or documentary style editor,
10693280	10698080	maybe you're even a traditional Hollywood editor and you're just really into our content
10698080	10702480	and you want to work on some of the most mind-bending stories in the world,
10702640	10704480	we really want to hear from you.
10704600	10707560	We're especially looking for people who are deep into the content
10707560	10710380	and who have a real editorial eye.
10710620	10713860	Someone who can dig through long and sometimes dense conversations,
10714300	10718240	find the most powerful moments, build tension, create great hooks.
10718440	10720680	Basically, people who can turn these raw conversations
10720680	10724460	into very high quality, almost cinematic episodes.
10724840	10727420	Strong technical skills are a prerequisite,
10728080	10733340	for the documentaries we make. We really need somebody with taste, who has strong instincts
10733340	10740080	around pacing, music, sound design, story structure, you know, all the things. And big bonus points if
10740080	10745440	you're genuinely into UFOs, consciousness, frontier science, and big questions about the nature of
10745440	10750540	reality. So if you're a strong, experienced editor and you know how to keep audiences engaged,
10750880	10756620	and you want to work with us on some of the coolest stories in the world, please email all
10758080	10762080	and your application to apply at jessiemichaelsmedia.com.
10762360	10764560	And if you have a friend who would be great for this role,
10764640	10765700	please let them know.
10765880	10768340	Thank you so much, and we look forward to hearing from you
10768340	10769720	and maybe working with you.
10771140	10774920	If you want to access our episodes 24 hours early
10774920	10777660	and want to watch them completely ad-free,
10777920	10779980	please consider supporting the show
10779980	10781780	by joining our YouTube membership.
10782140	10784760	Just click the link in the description to join today.
10785100	10786900	Your support helps us so much,
10788080	10793120	making the show and go deeper into the kinds of stories we care most about. And a little early
10793120	10797960	access and not getting bogged down by ads is kind of a cool perk. So join today.
10818080	10818780	Thank you.
