start	end	text
0	8100	I have probably somewhere in the neighborhood of 60-something photographs of things on Mars that are clearly alien.
8480	13000	Is it possible that there was a civilization on Mars thousands of years ago?
13160	16140	When did you start to believe there was life on Mars?
16320	17120	Well, you saw the square.
17360	17640	Yeah!
17900	19520	That square on Mars from that photograph.
19520	19720	Is that real?
19980	20580	Yes, that's real.
20780	21360	Is that real?
21980	22760	That's real.
22960	24940	That's three feet long and that big around.
25140	26380	That was taken on Mars.
26680	28120	That's laying on Mars.
30000	32060	are like hibernation chambers.
32280	35720	They're trying to survive until somebody comes to save them.
36000	37180	Wow, that's amazing.
37740	39060	But that's not the coolest thing.
39240	40420	That's so cool, though.
40460	42340	You're saying that you remote-viewed a pyramid
42340	44020	on Mars a million years ago.
48280	51000	Know that feeling when you're exploring a new city
51000	54620	or a new country, and suddenly you realize you're out of data
54620	57760	or stuck with one of those overpriced local SIM cards?
57760	59860	Well, that used to be my travel story.
60080	64140	Until I discovered Saley, the amazing sponsor of today's video.
64400	67660	Imagine downloading one app, installing your eSIM just once,
67880	71720	and then being connected to over 180 countries with affordable plans
71720	74260	that wipe out those crazy roaming fees.
74520	77700	Whether you're hopping between cities or traveling across regions,
78180	79600	Saley's got you covered.
79840	84640	I personally remember one trip where I was stranded at the airport with zero Wi-Fi in sight.
84940	87260	Instead of scrambling for a sketchy SIM,
87760	94160	simply opened the Saley app, chose a plan, and was back online instantly. No lines, no scams,
94160	98820	just seamless connectivity. So here's the deal. If you're planning your next adventure, do yourself
98820	105020	a favor and download the Saley app. Get an exclusive 15% discount on Saley data plans.
105300	110660	Use code AmericanAlchemy at checkout. Download the Saley app or go to Saley.com
110660	116060	slash AmericanAlchemy. From there, you can scan the QR code on your screen or head over to the
117760	122960	this video. Stay connected, save time, and travel smart with Saley. Happy travels and thanks for
122960	140100	listening. I'm here with the legendary Joseph McMonagle. You are known as remote viewer number
140100	146380	one. And in my mind, you are sort of the archetypal remote viewer as part of the Stargate program.
147760	151740	I think you're as or more gifted than any psychic in the world.
152020	157220	And you've developed some open source protocols that you now teach as well.
157460	163900	You won the Legion of Merit for over 200 instances in which you added to military intelligence.
164020	165340	You've saved countless lives.
165660	169120	And so thank you for your service and thank you for having me here.
169340	170680	I am honored to be here.
171140	171940	Of course you're welcome.
172260	173080	Thank you, man.
173280	175020	Well, let's get into it.
175020	182640	I think a lot of people, when it comes to the psychic question, they wonder if it's just this innate thing you're born with or whether it's trained.
182880	184620	Well, everybody's born with it.
184980	190680	What you have to understand is if you went back 400,000 years, we didn't even have language.
191780	196880	So the typical grouping of people was a family unit.
197000	202340	It would be like 12 to 15 people, you know, from the older all the way down to the youngest.
202340	206400	and we actually didn't have a language.
206440	207780	We couldn't speak to one another.
207860	209500	We started out grunting and pointing.
210420	212480	So the men did the hunting
212480	215460	and the women did the gathering back in those days.
216140	219740	So you were at high risk just doing either one of those
219740	222160	because the animals were extremely dangerous.
222660	225360	So if there were six men, eight men
225940	228500	circling an animal for a kill,
229120	232100	they had to know what each one of them was doing
232340	234940	and if they were in the right place and doing the right thing.
235660	236940	The same thing with the women.
237020	241480	If they were out gathering in a place where they were looking for roots, let's say,
241520	247240	and it was tall grass and a saber-toothed tiger came into that grass, you couldn't see it.
247560	253480	But instinctively, just like you see deer doing today, all the women's heads would come up.
253760	257440	And they'd all look in that direction and start backing into a crowd
257940	260040	because there's more defense in a crowd.
260040	274380	So it's almost like with the development of writing and other senses that have become more emphasized in modernity, we have lost this innate ability to communicate with nature and through instinct.
274380	280400	instinct. Think of it this way. Eventually, one family unit met another family unit. They
280400	286360	decided to share the same cave. So you're sitting in the cave and your strong point
286360	292180	is that you can actually almost read somebody's mind. In other words, you're reading other
292180	296660	human beings because you've been doing it your whole life and you're just starting to
296660	301940	develop a language. So you're sitting at the fire and the guy across from you is a new
301940	307460	stranger first time you've ever had a stranger sitting there and he's kind of
307460	312380	ogling your spear you know like oh man that's a good-looking spear you pick
312380	320680	that up he's a dead man he starts checking your woman out you know so that
320680	324680	didn't work so mother nature does what it always does when it has to fix
324680	331460	something it probably installed an early filter of some kind maybe it was in the
331940	334860	somewhere the mind interchanges information.
335100	338140	Yeah, the corpus callosum, which divides the left and right.
338200	338580	Exactly.
338700	343860	So it probably did that in order to just slow it down a little bit,
343920	346640	make it a little more harder to perceive.
346860	347380	Well, that's interesting.
347560	349020	Have you heard of Julian Jaynes?
349180	350600	You know, the origins.
351080	355080	Well, he talks about the bicameral mind and the origins of consciousness
355080	358180	and how there is a splitting between left and right brain.
358580	361600	And the corpus callosum is that sort of splitting.
361940	367920	you think about schizophrenia, it deals with anomalies in the corpus callosum. And Kim Peek,
367960	374160	who's a famous, he's the inspiration for Rain Man, actually had cephalitis. And that allowed him
375260	380280	seemingly to download all of this information as if it was from the cloud or something. And so
380280	385660	it does seem like there's a part of that brain which divides the left and right brain when
385660	391900	actually hindered, allows for more downloads. Yeah, and we did a lot of studies when I went
391900	398180	from the Army into the research lab. We did a lot of studies while doing remote viewing,
398360	403260	and it turns out there were a lot of things we discovered. Some of them were
404320	409760	there are actual brain cells throughout the nervous system, so if you want to talk about
409760	417400	mind you have to talk about the entire body now because the entire brain is in the nervous system
418000	425960	and it's also in the head in the skull your senses are exquisitely sensitive for a lot of stuff but
425960	431620	we don't pay any attention to it because if we have a problem we go see a doctor or we look it
431620	438920	up in a book or whatever uh we didn't have to have that instant understanding for what was going on
439760	444040	Atrophies naturally. And what I find really interesting is, I don't know if you're tracking
444040	448700	this, but one of the number one podcasts in the country right now, something called the telepathy
448700	456100	tapes, and it's nonverbal, often autistic children who have extremely high rates of clairvoyance.
456360	463300	And so one has to wonder, is there opportunity cost with the language that we have developed?
463520	467700	And when you're not relying on that language, do you revert back to a more primordial form
467700	473660	form of communication. Well, it brings consciousness into an arena where you no longer are sensing the
473660	480240	surroundings or the, it's called situational awareness. Your focus is taken off of that,
480240	486080	and it's into how you're going to communicate, what you feel about the person across from you,
486100	492000	what you're sensing from them. So you, the warning system that was very functional
492000	498780	dysfunctional 200,000 years ago becomes more dysfunctional. Well, you take somebody and put
498780	507420	them in combat for a lot, or you put a policeman on the beat at night alone, or firemen's in a
507420	513100	building on fire, they got to know when to like back out of that fire because the building's
513100	520340	going to collapse, or where not to go in the alley because it's an ambush. So you become more
522000	524900	the entire area around you instead of just where you're sitting.
525240	529440	When do you first recall as a child being like,
529580	532760	okay, maybe I'm kind of good on this sort of psychic stuff?
534120	538380	When they decided, some of the gangs in the area decided
538380	540480	they needed me as a token white kid.
541840	543340	That didn't work for me.
544140	548140	To literally mentally scout what might happen to them or something?
548140	565120	Well, it was more of a, I didn't feel comfortable with people that I know might have not liked me as much as the other kids or were waiting for me to be alone with my change from going to the store for my mother or something.
565560	577660	You know, it, it, it became a danger for me in many cases, just going to the store because I had that $5 bill in my pocket or something, that kind of thing.
578140	584880	Do you remember any specific instances where you got some download as a child?
585120	585720	As a child?
585940	588080	Yeah, you knew something was going to happen before it did.
589640	592020	Not so much specific instances.
592160	597620	I just remember being alert all the time and hearing voices sometimes that would tell me,
597660	603400	don't do this, don't do that, or back off, you know, don't go down that road, go down this road.
603400	609160	And I remember we were on the phone one time and you were talking about just shamanic traditions generally.
609460	614800	In the beginning, the people who kept small tribes of humans alive were shamans.
614840	619820	And often shamans, from like a physical perspective, wouldn't be the most adaptive.
619960	624660	They might be sickly or protected actually by the group, by the tribe.
624920	625140	Right.
625140	629000	but extremely, from like a group selection level,
629140	630780	extremely adaptive for the tribe
630780	633820	because they're essential for scouting
633820	635300	what might kind of come around the bend.
635360	637420	The shamans make all the decisions.
637640	643820	I mean, they notice things like a blackbird lands on a certain limb,
643940	646720	faces a certain way, and it means something to them,
646800	651560	but only because it's tied to maybe what the weather's going to do.
651560	656820	but they're not they're not observant enough to know the weather's changing but they are
656820	663580	observant enough to notice the blackbirds so they they sort of superstitiously anchor things
663580	670060	being caused by the environment that relates to changes and things that are going to be dangerous
671420	674940	fascinating yeah so what point do you get recruited for the military
674940	681020	in the military you mean for remote viewing no i mean generally see you were in vietnam
681560	695120	Yeah, but my first tour, when I joined the military, my original AIT, Advanced Individual Training, was for a thing called the Sidewinder.
695300	706460	It was a track-mounted 6th 106th Recolus rifle barrels, and they used them for anti-tank and bunker busting, that sort of thing.
706740	709820	So I actually wanted that.
711560	718200	wanted to fly fixed wing, but I couldn't because I had a problem with my eyes for depth perception.
718460	725280	So they said, you can't fly with glasses. So pick another MOS. So military occupational
725280	732540	specialty. So I picked the Sidewinder because I really thought it was cool. So I went eight
732540	740140	weeks to AIT for that. And as soon as I graduated, everybody got sent to Vietnam except me. They
741680	747980	the Army's decided to obsolete your weapon system.
748380	751280	They're going to turn it all over to the South Vietnamese Army.
751760	753440	So you need to find another job.
754760	758640	So go out on the base and find something you like.
759120	763140	So I spent two days walking around the base, and it's a training base.
763240	764940	It was Fort Jackson, South Carolina.
766200	769000	So one afternoon, I wouldn't find anything I liked.
769000	772640	So one afternoon I went to the beer hall, which was connected to the PX.
773200	776900	So since it's a training facility, it was empty.
777100	779620	It's just me in there, and I was drinking a beer.
779800	782000	They serve 3.2 beer there.
782160	783120	It's terrible stuff.
783320	788980	But I was drinking a beer by myself, and this man came in, a civilian with a beard,
789580	792180	and he sat way across the room.
792380	794300	And I said, why are you way over there?
794440	796120	Why don't you come over here and sit with me?
796940	797920	And we could talk.
799000	801620	and he said, why aren't you in training?
802100	804520	And I explained to him what I was doing.
805300	807140	And he said, well, maybe I can help.
807300	808340	He gave me his card.
808880	811760	But on his card, all he had was his name on one side
811760	812960	and his phone number on the other.
813720	815620	So I called him the next day
815620	817960	and he told me how to get to his office
817960	819520	and he was working in a trailer.
820580	822280	And so when I went in the trailer,
822400	825580	I found out that he was a guy who was in intelligence.
825580	832340	intelligence and I asked him is there any openings in intelligence and he said there could be
832340	838200	he said but four-year commitment is not long enough you have to have a six-year commitment
838200	845380	because it takes a long time to train so I said well I can't how do you do that so he gave me a
845380	853100	short discharge and I re-enlisted for six years which was crazy back then and uh got picked up
853100	855060	for intelligence and sent to school.
855240	857460	I went to school for 16 months.
858040	860200	I went through three classes.
860340	862960	The first one, 130 people.
863380	865600	I graduated second in the class.
865720	866060	That's amazing.
866480	867020	So.
867220	868540	On what criteria?
869280	871120	This was all about radios.
871220	871560	Okay.
871600	877040	Learning to operate all, you know, Chinese radios, Russian radios, American radios, all
877040	877900	those kinds of things.
878000	879300	So you're pretty technically savvy.
879680	880480	No, I wasn't.
880580	881000	Okay.
881000	882440	That's what the training's for.
883100	886460	The problem was international Morse code.
886620	888440	I had to learn international Morse code.
888800	895920	And I had to learn to send it and receive it with a pencil and an open J28 key.
896640	899180	And I had to be able to do that at 20 words a minute.
900260	902200	20 words a minute is fast.
902920	904620	And I got to 10.
905340	908220	And I was getting closer and closer to graduation date.
908480	911700	And if I couldn't get past 12, I wouldn't graduate.
913100	915580	what they call a 1-1-B, grunt with a rifle.
916280	918600	You know where you go when you're a grunt with a rifle.
919920	925780	So I went out through a hole in the fence to a hotel downtown in a local town
926500	928700	and shot pool and drank beer all night.
929540	930280	Came back.
930460	931880	I was late for class.
931900	936420	I went into the classroom and sat down, and the instructor came over,
936500	939520	and he did one of these, oh, my God, where have you been?
940500	944160	And I told him, I said, I can't do this.
944580	947660	And he put the headsets on me, handed me the key,
947740	949900	and said, you're going to have to or you're going to Vietnam.
950860	960260	So I passed 10, 12, 15, 18, 22 that day in like two hours.
960660	962200	Something popped in my head.
962340	962640	Wow.
963000	965360	And it's just like a language to me now.
965360	970960	know so but even there you're showing this ability to learn yeah whether you're saying you're not
970960	976520	technically savvy but under certain you know duress it's like a language though you know if
976520	981960	you have to translate things in your head while you're listening you're not really learning the
981960	988000	language yeah it's when you automatically know what the person's saying in that language that's
988000	992380	learning the language it's interesting i was talking to this woman named dr diane powell who
992380	994060	who studies a lot of these nonverbal children.
994240	997000	And she was saying that the mind itself is a sense.
997180	999180	And I didn't quite understand what she meant by that,
999260	1001000	but you're kind of corroborating that.
1001020	1002520	Yeah, because you have to understand
1002520	1007220	everything about your senses is a conscious sensing.
1007660	1011700	Your mind is telling you what these things like your eyes,
1011720	1015160	your ears, your nose are telling you about the world at large.
1015640	1018900	The problem is you're locked inside a bone box.
1019220	1019480	Right.
1019480	1025640	So all this out here is just a figment of your imagination that your mind has put together.
1026100	1033020	So the eyes alone, to give you an example, the eyes alone vibrate.
1033180	1037380	And we don't know, we can't even tell it's happening.
1037520	1042840	The reason they vibrate is they're actually giving you two different pictures with big black holes in the middle.
1043140	1046760	Because the back of the eyeballs where the nerve root connects.
1047060	1048980	So there's no rods and cones there.
1049480	1054280	So to get rid of those big black holes, it's called dithering.
1054400	1059560	It produces a multitude of pictures very quickly by vibrating the eyes,
1059720	1064120	and it overlays and washes away the black holes.
1064960	1067180	So then it combines the result,
1068220	1071660	and what you see is what your mind has created
1071660	1075440	out of all that vibratory moving around.
1075740	1079040	So if there's something in the room that you detest,
1079480	1080180	They never see it.
1080620	1089700	And there's lots of stuff you can find on the internet now, like where they say, you know, tell me how many times these two guys pass a basketball.
1089940	1091180	And you're focused on something else.
1091180	1092260	You're focused on that.
1092640	1099160	And when the film's over, they'll say something like, did you see the six foot four guy in the gorilla suit?
1099340	1100900	You go, get out of here.
1101040	1102860	Have you ever heard the term flicker rate?
1102980	1104260	Does that mean anything to you?
1104360	1104600	Yeah.
1104600	1109520	Yeah, it means a lot to me because that has an effect as well.
1110240	1114640	All of our senses are not exquisite.
1114640	1118160	Can you explain what flicker rate is to the average person in the audience?
1118300	1126160	Flicker rate is the existence of something is not fixed.
1127140	1129640	It's here, gone, here, gone, here, gone, here, gone.
1129640	1145320	And the eyes or looking at something like the area that you're staring at, well, that's a flicker rate too because of the multiple vibrations and the repicturing of it.
1146140	1154060	And so if those match up perfectly, sync, it's probable that you're not going to see anything there.
1154320	1156200	It's there when you're not seeing.
1156680	1157800	Seeing not there.
1157980	1159220	Not seeing there.
1159920	1161740	the flicker rates are off.
1162260	1162900	Interesting.
1162960	1166620	So it's almost like a frame rate in a camera or something.
1166800	1167580	Yeah, exactly.
1168540	1172520	You've seen pictures of helicopters where it looks like the blade's not moving
1172520	1173900	and it just lifts off the ground.
1174260	1175600	That's a flicker rate.
1175840	1184400	The prop spin is exactly the same as the actual frame rate of the camera.
1184540	1189280	So it's freeze framing the prop only in that position all the time.
1189640	1196080	And given that you're getting these sort of disparate images that your mind has to sort of reconcile.
1196440	1197040	Yes.
1197220	1205200	It almost feels like whatever symbolic conventions you have in your mind somehow defines what you see.
1205360	1207960	And those are developed culturally from birth.
1208940	1212260	What everybody's told you reality is constructed like.
1212620	1215500	It's all the things that have worked up to that point.
1215500	1222280	and there's a lot of things you will never see because you just simply don't process it.
1222360	1222720	Right.
1223000	1227100	It would be like if someone has never seen a violent act in their life
1227100	1231380	and they're sitting next to a table where a guy is shot and killed.
1231740	1237200	The guy just simply shoots him, drops a gun, puts his hands in his pockets and strolls out.
1237680	1243080	There can be eight people watch that happen and half of them will not have seen it.
1243600	1244160	Right.
1245520	1250660	What you're almost saying is that reality itself might be like radically subjective.
1251920	1253600	It is radically subjective.
1254640	1259460	It's what we intend to see or need to see or feel like we can deal with.
1259720	1264380	And so your intention somehow is super fundamental to what you actually see or your attention.
1264600	1265020	Right.
1265040	1265640	Either of those.
1265800	1269560	But even worse, it's the same with the ears.
1269720	1274240	It's the same with taste and smell.
1275500	1281180	pretty powerful though because smell goes right to the brain it does not mess around with you know
1281180	1287800	being manipulated in any way well the olfactory region is right next to the hippocampus so very
1287800	1294540	nostalgic sense when you when you smell the saber-toothed tiger uh-huh you could bet it's
1294540	1303260	there oh yeah yeah but you may not recognize the smell but smelling it causes you to to freeze
1303260	1309500	frame and say, something's wrong. I can't go any further. I need to back out of here.
1310180	1315580	That's because the smeller just told you it's there, but you have not cognitively known that
1315580	1321460	yet. So you find yourself going through these tests for intelligence and passing with flying
1321460	1328600	colors, especially under duress. I was in the top three of all three classes that I went through.
1328600	1330780	I went from the class of 130.
1331260	1333080	I was second in the class.
1333480	1336420	So I went in another class that had 25 people,
1336500	1338080	and I was first in that class.
1338460	1340980	Then I went to a class with five people.
1341120	1342700	I was the only one in uniform,
1343500	1345480	and I graduated first in that class.
1345740	1348580	So everybody went off to Vietnam,
1349160	1351740	and they retained me for like two weeks.
1352720	1355420	One day they came in and took all my uniforms away
1355420	1360360	and sent me to Lynchburg, Massachusetts with $500.
1360700	1362060	Said, buy clothes.
1362380	1364820	So I bought a whole lot of clothes and a suitcase.
1365580	1370000	Came back, and then the next day they put me on a C-130
1370640	1372900	at an airbase close by,
1373680	1376440	and I made, I think, nine stops that night.
1376820	1381240	And I was in charge of two big pallets of classified material.
1381240	1387760	material. So I had to release it to the proper people with the right credentials. And the last
1387760	1394720	stop we made was one box. And they said, take that with you. And I got off the plane and the plane
1394720	1401700	took off. And I was standing looking at a very short runway in the middle of nowhere. There was
1401700	1408200	a shack made out of metal. And I sat on this log because there was nobody else there. And it was
1408200	1416180	warm and wet. And over on the left, the water was like pale blue. And on the right, it was deep
1416180	1424980	purple. And that island went off in both directions as far as you could see. But none of it was wider
1424980	1430840	than three football fields. So it's like a shoestring. And I said, where in the heck am I?
1431560	1438920	And a guy pulled up in a baby blue Jeep wearing shorts, white T-shirt, and flip-flops.
1439360	1441500	And he walked over and he said, are you Joe?
1441620	1442380	And I said, yeah.
1442480	1443620	And he said, I'm your boss.
1443740	1444740	My name's Sal.
1445940	1448220	And I was on a Lutheran in the Bahamas.
1448840	1454820	My first tour was 18 months within a whisper jet where I grew up.
1455760	1459700	And so your initial job is transporting classified material?
1460040	1460200	No.
1460840	1463040	I can't even talk about my initial job.
1463300	1466220	My cover was Air Sea Rescue.
1466880	1467400	Interesting.
1467680	1473200	So it was interesting because I was a lifeguard, a Red Cross lifeguard.
1473320	1475440	I could instruct people on how to swim.
1476200	1479900	And half the unit couldn't swim, and we were supposed to be saving people.
1480580	1484020	So I taught people who couldn't swim how to swim.
1484700	1486480	But that was covered for something else.
1486500	1486780	Right.
1488060	1490580	That's like a weird movie here.
1490840	1492080	It's like a sitcom or something.
1493100	1497840	And it turns out there was a man there who, he was a diver,
1497920	1504100	and he used to clean the legs of oil wells out in the Gulf of Mexico
1504660	1507640	until he got sucked into the mouth of a fish once.
1508280	1510000	It scared him so bad.
1510200	1513240	You know, a big grouper that's the size of a Volkswagen,
1513980	1517360	just when they open their mouth, creates a vacuum.
1517360	1528860	in. And he was cleaning the legs of this big floating platform with a steam wand. And this
1528860	1534860	grouper was very curious. So it came up behind him and it opened its mouth and he got sucked
1534860	1540960	backwards into this fish's mouth. And it didn't hurt him or anything. It just, he got stuck in
1540960	1542200	this grouper's mouth.
1542480	1542880	Jesus.
1543120	1544600	And they spit him out finally.
1544920	1547080	And it frightened him so bad
1547080	1548020	he quit his job.
1548400	1550940	And was rehired by
1550940	1553140	the downrange people
1553140	1554680	at Cape Canaveral
1554680	1555960	to clean the connectors
1555960	1557320	on underwater cables.
1557580	1558640	It was pretty gnarly, man.
1558700	1560540	Speaking of gnarly and intense,
1560800	1563440	you fell out of a helicopter?
1564020	1565200	No, I didn't fall out.
1565380	1566140	What happened?
1566140	1566820	Were you pushed out?
1567080	1569620	That was in the latter part of 67.
1571240	1575380	And we had these helicopters that had special jobs they did.
1575980	1577440	And we had three of them.
1577580	1581620	And they were special because they put larger engines in them.
1581940	1587720	And we had electronic equipment mounted in them that did certain things, which was classified.
1588960	1593780	But it really hurt the enemy, what we were doing.
1594120	1597580	It took them about two months to figure out what we were doing.
1597580	1600920	and they took out all three helicopters in 10 days.
1601820	1605660	I was in one of those and we were coming into Pleiku City to land.
1607000	1610740	And in Vietnam, because of the heat,
1610880	1613880	a helicopter can't just lift off and land
1613880	1617940	unless it's in a higher elevation because the air is too warm.
1619000	1622300	So at Pleiku City, you would take off like a plane.
1622400	1624560	You start moving down the runway and lift off.
1625200	1626620	The same with landing.
1627580	1630420	We were landing this one day, coming off a mission,
1631520	1634840	and they said, they call our number and yell,
1634960	1635900	break right, break right.
1636100	1637960	And we roll over to the right,
1637980	1640600	and this big bomber came in all shot up.
1641820	1644200	So we had to wait until they cleared the runway.
1644320	1647540	So we went out over the trees just outside the runway,
1648200	1650260	and we're hovering there because it was cooler.
1651640	1655640	So because it was cool, we had the front doors open,
1657580	1666760	side to the outside with my feet on the skid i was just being cool in both both ways cool sitting
1666760	1674060	there and cool from the air and uh we got hit right in the belly with an rpg and it blew the
1674060	1681000	helicopter up it fireballed and i woke up on the ground um jesus basically i got blown out
1681720	1684740	fell probably a little over 100 feet.
1684860	1685480	That's wild.
1685540	1686380	And landed.
1686380	1686700	You survived.
1687420	1691960	I landed in the sitting position, you know, just bang,
1692240	1694340	with my legs out, sat.
1696160	1698740	I could see my rifle in front of me.
1698780	1699860	It was dusk.
1700580	1705160	And the forward observer who saw that happen radioed back
1705160	1709960	that he didn't think there were any survivors.
1711000	1713080	Nobody could have survived that because it fireballed.
1713640	1718200	But since we had all the doors open, everybody was blown out of the helicopter.
1718600	1723020	Nobody died, but people were really messed up.
1723280	1725220	That's a miracle that you survived.
1725720	1730020	Well, I tried to reach for my gun, and the pain made me pass out
1730020	1735600	because I had compression fractures from my jaw to my butt.
1735760	1739380	Ah, your spine must have been just completely messed up.
1739420	1740020	Oh, it was.
1741000	1748020	nerves as a result of that so i i couldn't get to my gun so i i found a big rock and i pulled my
1748020	1754460	boot knife out rolled under a bush and laid there all night and you could hear people in the brush
1754460	1763940	poking around so i think it was uh vc or somebody looking for us vc vietcong yeah so the next
1763940	1767940	Next morning, they found me and took me to the mass unit and put me in traction.
1769040	1776300	They put these screws in my skull and hung wire with springs with these heavy sandbags,
1776480	1777680	and I was on this cot.
1778220	1782320	And I was like that for maybe not quite two weeks.
1783260	1788460	And when you're stretched out like that, you become very relaxed.
1789160	1790480	It takes a lot of the pain away.
1790480	1795880	way but then they came in one morning and the nurse said you're gonna we're gonna have to get
1795880	1802080	you out of here because we have a lot of people coming in we need the room so they took me out of
1802080	1808780	traction and i'll tell you the one thing you never want to experience yeah is when your spine's been
1808780	1816760	stretched for like 10 days or so and then you swing your feet off the cot and stand up everything
1816760	1820500	goes back into place, you don't want to know what that feels like.
1820500	1820960	Oh, God.
1821200	1822140	Oh, man.
1822540	1824460	So I said, I'm still hurting.
1824680	1825820	And they said, here.
1826160	1830680	And they hand me a jar about the size of this cup full of Percocets.
1831060	1832460	And they said, walk it off.
1832960	1835500	So I took the Percocets and went back to the unit.
1835640	1836480	Jesus, man.
1836700	1837460	And I walked it off.
1837860	1840200	And you eventually recovered?
1840580	1843020	Or did that persist through your life?
1843020	1846140	I didn't recover completely, but I recovered to the point I could deal with it.
1846760	1856240	That's a true miracle. Do you think that that experience, that sort of trauma as a result of that actually enhanced or affected your psychic ability in any way?
1856380	1868300	No. What enhanced my ability, I would hear things, feel things, and I would just react to them without actually thinking about it.
1870760	1872580	I'm looking for an example
1872580	1874620	I was at a place called
1875400	1876480	Two Bits
1876480	1878320	which was a fire base
1878320	1880880	and we got hit really hard
1880880	1882340	one night and they said
1882340	1884560	your job while you're here
1884560	1886600	is if we come under attack
1886600	1888660	you go to the CTOC
1888660	1890820	the Combat Tactical
1890820	1891700	Operations Center
1891700	1894260	and go inside the bunker
1894260	1896060	and run the radios
1896060	1897880	be in control of the radios
1898300	1903380	So when we were attacked, I took off, went to the bunker,
1903920	1907340	and I was going down the steps into the bunker,
1908040	1909720	and I heard somebody yell, freeze.
1910380	1913780	So I stopped, and I looked around, and the whole bunker disappeared,
1914700	1915620	just vaporized.
1916140	1922260	Some guy got in there with probably a backpack of plastic and blew it up.
1922900	1925680	So everybody in the bunker was either killed or wounded.
1925880	1926340	Jesus.
1926560	1927440	And I woke up.
1928340	1932500	40 feet away, face down in the mud with a battle going on,
1933680	1938780	and found a hole and crawled into it and stayed in the hole,
1938960	1942860	hoping nobody got in the hole with me for the rest of the night.
1943020	1945980	And when dawn came, they broke contact and left.
1946900	1951880	And so I got tagged for the—I had flakes of metal in me.
1952620	1956520	And I got tagged for going back to the MASH unit and having the metal taken out.
1958320	1966340	that's the kind of thing you you hear things you will stop like when you're in the jungle you just
1966340	1973620	stop because something tells you not to go any further and when that happens i i just go to
1973620	1979980	ground i just drop and hide well you seem more tapped into that layer than than anybody and uh
1979980	1985320	thank you for your service because i think you're known for your service in the psychic context more
1985320	1988320	more than the fact that you're a combat veteran.
1988420	1991020	But clearly you've gone through a lot of pretty intense stuff.
1991320	1996100	I spent, well, 13 years for sure overseas.
1996760	2000300	And if you count temporary duty, probably a little longer than that.
2000620	2005820	At what point does the CIA become interested in psychic spying
2005820	2007580	and how do you get roped into all of this?
2007620	2015020	Well, in 1972, Russell Targ and Hal Puthoff, Dr. Hal Puthoff,
2015780	2019100	wrote an article that I think it was called Nature Magazine.
2020140	2022360	Then they wrote a book called Mind Reach,
2022540	2025360	and that got some notoriety.
2026180	2029120	And so they met this guy.
2029220	2033180	He was a police commissioner, and he was an older man.
2033340	2034120	He's retired.
2034880	2037720	And he made a claim that he could do psychic things.
2037820	2039320	So they tested him, and he could.
2040240	2043840	So they had him do a remote, what they called remote viewing.
2045320	2053700	that it was called uh project scan aid or something in the beginning so they brought him in and one of
2053700	2060340	the targets he did he actually blew the target but he got something else when he did it um
2060340	2069700	the target was an old cabin in the woods and it belonged to uh a cia man who was observing all
2069700	2076600	all this. He brought the target in because you got to be completely blind. So Hal Puthoff didn't
2076600	2082160	know what the target was. Russell Targ didn't know. And neither did Pat Price, only the CIA
2082160	2089940	guy who brought it in. And he was not present during the viewing. So what Pat Price did is
2089940	2097340	instead of describing this old cabin in the woods, he described a clandestine site, which happened to
2097340	2105340	be fairly close to the cabin, but over here. And when he described that, they were surprised,
2105960	2111480	and they asked him to tell them about the inside. And he started talking about,
2111580	2118840	this is a clandestine site. There's safes in here, five-drawer safes. And they said,
2118920	2125580	look at one of the safes and tell us what's in there. So he named the project names of like
2127340	2130140	I'm not saying it's files within the top drawer of the safe.
2130460	2132580	It turns out all that was true.
2132820	2133260	Wow.
2133540	2138840	And when they found out, the CIA went, whoa, you know, this is really fascinating.
2139680	2143340	So they came and they tested him on a couple sites in Russia,
2145720	2150760	areas in Russia which we knew existed but could not get into.
2151460	2154200	And he not only reported on them with accuracy,
2154200	2168360	He talked about machinery and stuff there, like a big tower and these things they called doors, these giant slices out of a giant steel container, that sort of thing.
2168500	2180040	And they were obviously testing controlled nuclear reactions inside these steel spheres to power lasers, stuff like that.
2180040	2192540	If I'm putting my skeptic hat on, you know, somebody from the audience is hearing this and they're saying you can get inside safes and you can drop sensitive, you know, Soviet sites.
2192900	2196020	What is protecting our Q codes right now?
2196020	2196540	Nothing.
2197420	2198080	Really?
2198320	2198740	Really.
2200180	2207300	So basically anybody engaging in psychic spying or remote viewing can access the nuclear codes.
2207300	2213100	Yeah, except that it's probably one in 2,000 people would have to be interested,
2213460	2216580	train for a lot of years to get to that level.
2217160	2220700	And then you'd have to have a natural capacity for it.
2220980	2222680	And most don't.
2222920	2226720	But that doesn't mean it can't be used for intelligence purposes.
2227380	2232700	I can take someone, instruct them on how to do remote viewing,
2234280	2238140	and give them a target that I don't even know what it is.
2238260	2239500	It'll be in a sealed envelope,
2239560	2242460	and they'll tell me stuff about it that's valuable.
2242860	2244980	You did this with me and a friend.
2245160	2245580	Yeah.
2245640	2248820	And my friend got it right, and it freaked us all out.
2249360	2252600	I did a program in Japan
2252600	2260160	where I had a fourth-grade class in the Northern Island, Hokkaido,
2260160	2264400	and I had a fourth grade class down in Kyushu
2264400	2266100	and I was in Tokyo
2266100	2269060	and we put a row of fax machines in
2269060	2271320	and I had a sealed envelope,
2271380	2273380	which nobody knew what was in it,
2273400	2275260	under a red cloth on a podium.
2275720	2279640	And what I did is I trained the two classes of kids
2279640	2283300	in like 10 minutes on how to do a remote viewing.
2283900	2286300	And then we had them do the remote viewing
2286300	2288640	and draw the first thing that came in their mind
2290160	2298740	in and we posted all those returns. So we had 70 pictures on the wall. Seven or eight of them at
2298740	2306220	the bottom were just lines, just straight lines, just a mix, a mass of straight lines. Everything
2306220	2313480	above it, almost 70 pictures were stars. Every way you could draw a star, five-pointed star,
2313480	2317440	Star David, asterisk stars, six-pointed stars.
2317600	2321900	I mean, every way you could possibly draw a star, these kids did that.
2322080	2325200	And there were a multitude of different stars that were alike.
2325560	2327580	And we pinned them all up on the board.
2328300	2334940	And then after they all had faxed something in, we went to a commercial break.
2335120	2340800	When we came back, I pulled the folder out, the yellow folder out from under the red cloth,
2340800	2345480	off, cut the end off and pulled the target out and showed it to the kids on the television.
2346440	2353880	And we had cameras in both school, school rooms. What the target was, was a small aquarium with
2353880	2361100	a starfish. Wow. Do you have this? The kids went crazy. And this is televised? Yeah. That's amazing.
2361260	2367520	31 million people. Can we get the footage? I don't have, I don't, well, maybe I do.
2368080	2370500	I'm sending all this stuff to Rice University.
2371000	2371660	Very cool.
2371720	2372780	The archives of the impossible.
2373120	2373380	Yeah.
2373480	2374100	That's amazing.
2374600	2374880	Yeah.
2374880	2376920	And after 10 minutes of training.
2377040	2377380	Yeah.
2377560	2381420	And 400 people in the audience pull out their handkerchiefs.
2381420	2385000	They were all so emotionally taken by that.
2385160	2385580	They were.
2385640	2386420	It's unbelievable.
2386520	2391720	Do you think kids have a kind of preternatural ability to do this?
2391780	2393380	No, they just don't know they can't.
2393400	2394840	Well, that's it.
2395060	2395220	Yeah.
2395220	2398320	See, they haven't been spoiled by their training all their lives.
2399600	2405420	Remote, what people need to understand, remote viewing is not about learning anything new.
2405980	2410900	It's about unlearning all the bad habits that we make about leaping to conclusions,
2411060	2413860	making assumptions on very little information.
2414360	2417820	Well, you've given me all sorts of interesting information across the years.
2417960	2420780	I remember when I was asking you, how do you do this?
2420980	2422660	You said something super interesting.
2422700	2424320	You were like, I tell my ego to run away.
2425320	2427240	I give my ego something to do.
2427340	2433520	If I can't get my ego out of it, I'll put my notebook in my pocket and go out and cut grass.
2433940	2435820	And so that's fascinating.
2435900	2438280	And that somehow allows you to be a better receptacle.
2438380	2439160	Yeah, yeah.
2439300	2440960	You got to get your ego out of it.
2441240	2445240	And then the other interesting thing that you've said, and this is a little better known,
2445880	2451080	is that you have to separate the transmission or download from the analysis.
2451080	2458800	Yeah, well, actually you need to analyze it, but you don't up-analyze it, you down-analyze it.
2458940	2459680	What does that mean?
2459780	2462780	For instance, your subconscious has no language.
2463420	2466040	The information probably comes out of the subconscious.
2466840	2471380	So since it has no language of its own, it borrows from your memory.
2472140	2477140	So let's say the target is a sewage processing plant.
2477140	2485600	A few people have ever seen a sewage processing plant, but it looks somewhat similar to an Olympic swimming pool.
2486060	2491280	So your subconscious will give you the image of the last swimming pool you saw.
2492060	2498980	And the thing you don't want to do is you don't want to come to the conclusion based on that that it's an Olympic swimming pool.
2499140	2500020	That would be a mistake.
2500780	2503140	What you do is you tear it apart.
2503780	2506460	Why did I get the image of the swimming pool?
2507140	2510160	What about that is real and what about that is not?
2510340	2512460	And so you do things.
2512500	2517560	You ask yourself questions about that entire thing that you just got.
2517680	2519920	Things like, would I swim in it?
2520060	2520780	Oh, God, no.
2520940	2521380	Why not?
2521880	2523880	Well, taste it and find out.
2524780	2529240	So you're asking kind of like behavioral proxy questions or something.
2529580	2532880	And you break it down into the base element.
2533120	2533920	Oh, that's fascinating.
2534240	2536420	Without deciding what it is.
2537140	2547540	never say a sewage processing plant. You would say things like round pool, some kind of fluid,
2548320	2554480	stuff floating in the fluid, spinning, something spinning in there, a chemical,
2554620	2558140	it's breaking down a bad smell. It's almost like you have this
2558140	2563520	multi-dimensional database in your head and you have these connections between sewage,
2563520	2568200	swimming pool and you have to actually sever those connections and just go directly at the target
2568200	2575420	through these other kind of you analyze you break it down through analysis by asking your mind what
2575420	2583680	feels good what doesn't feel good about the image and and you can tear it down to pieces now if you
2583680	2591380	learn to do that the first thing you want to do is a sketch and the reason you do a sketch is it
2591380	2594140	It comes out of a different area of your mind.
2595200	2597760	Sketches are like gestalts.
2599360	2600580	Let's say it's a bridge.
2601140	2604760	If you try to sketch a bridge, you may not know it's a bridge,
2604900	2608640	but you'll do a sweep, you'll put something on both ends,
2608840	2612980	and you'll put a repeating pattern, like Xs all connected together.
2613440	2616340	That's the grid work underneath the bridge, okay?
2616340	2616500	Okay?
2617100	2620260	You won't draw what you see,
2620440	2626000	but you'll draw the parts or pieces that make you want to say something.
2626780	2629600	As soon as you do that, you don't come to a conclusion.
2629800	2635020	You retaste the target and you put down something that you have down-analyzed.
2635480	2641100	So by the time an analyst gets it, it doesn't look like anything specific.
2641440	2643440	But the analyst, you have to remember,
2643440	2648220	is working on a problem and he has collected all the data that's possible,
2648440	2649560	he or she.
2649820	2651780	And so they're sitting at a desk.
2651840	2656840	They know everything about the target except the answer they're looking for.
2657160	2662500	They get your material and it guides them to an area that they may look at
2662500	2666600	a different way and they'll just go, wow, that's it.
2666720	2667680	That's the answer.
2668180	2671100	But the answer is not displayed.
2671880	2680980	it's just referenced in a way so the other parts of it are when you're doing when you're learning
2680980	2687100	to do this you have a monitor somebody who can guide you that they act as your left brain because
2687100	2694200	you want to be totally in the right brain when you're doing this and i'm saying that not as a
2694200	2696160	a reality, but as a function.
2697240	2701660	Because in reality, right, left brain does not reside
2701660	2703720	in right and left side of the hemispheres.
2704540	2707180	It's actually in both hemispheres.
2708040	2709400	It's a way of thinking.
2710020	2714600	Right brain is super esoteric.
2714660	2715140	Intuitive.
2715380	2717460	Yeah, intuitive, all that sort of thing.
2717700	2719460	Left brain is analytic.
2720160	2722120	It's where you would make a conclusion.
2722120	2724680	But you have to be very careful about that.
2724820	2729180	So the person who's doing the left brain thinking is the monitor.
2729760	2734140	So let's say the remote viewer is getting something and they write something in.
2734620	2738100	That left brain monitor can say, I can't read that.
2738200	2738720	Print it.
2739540	2740480	You print it.
2740540	2741340	That makes it clearer.
2741700	2749020	So they're operating to ensure that whatever is represented is good enough that it says something.
2749140	2749820	Can be analyzed.
2750060	2751200	Yeah, can be analyzed.
2752120	2753620	So this whole process.
2753820	2757980	And what we found over time is that for some reason,
2758800	2761880	when someone nails the target,
2763020	2766500	it sometimes is because the analyst, or not the analyst,
2766540	2770320	the monitor has asked exactly the right question
2770320	2771760	to elicit the right answer.
2772400	2775460	So in reality, both are being psychic.
2775700	2777780	One knows it's being psychic.
2777920	2779020	The other person doesn't.
2779080	2780020	Oh, that's fascinating.
2780020	2786620	Because people think of the analyst as kind of this like full left brain thing, but it actually takes intuition to know what question to ask.
2786760	2797980	Now, there's a couple examples of experiments that were done by the Russians that they totally bought into because it worked three times perfectly.
2798680	2801600	So they said, this must be the way it works.
2802800	2807400	And so because of that, it's how they ran their psychic unit.
2808440	2813900	when we got that material from them when perestroika came and we went over there and
2813900	2818940	met them and got the whole box of material and brought it back what we discovered was
2820040	2827380	the experiment was done perfectly everybody involved in the experiment was completely blind
2827380	2833020	okay but at the very outset when they it was all done with target mice
2833020	2842220	mice. At the very outset, when they went to this place where they actually breed target mice and
2842220	2848000	control mice, they all come from the same litter. So this guy went there and said,
2848200	2858740	we need you to randomly number 12 target mice and 12 control mice. And the guy said, okay.
2858740	2861500	And he used a random number generator to do that.
2861520	2863380	He'd push a button, it would give him a number.
2863440	2865600	He'd shave the mouse tummy and put it on.
2866680	2868840	He'd tattoo it on the mouse.
2869280	2873240	So he did that with 24 mice, one through 24.
2874020	2875320	Some of them were controls.
2875500	2877740	He wrote them on the paper when they were controls.
2878020	2880220	Some were randomly selected target mice.
2880760	2882200	So all the numbers were different.
2882620	2885900	They put them all in a cage and sent them to the Ural Mountains,
2886060	2887440	1,600 kilometers away.
2888740	2890480	As soon as you put all the mice in one cage,
2890720	2892360	you're competing for sex and food.
2892680	2894240	So their anxiety goes up.
2894840	2901140	So the task for their remote viewers, so to speak, their psychics,
2901260	2905620	was decide which are the target mice, which are the control mice,
2905800	2910640	and only in the target mice raise their anxiety high enough to make them sick.
2911780	2912700	They did that.
2912920	2917440	They sent the mice to another lab that didn't know what was going on,
2918740	2922040	killed the mice, analyzed the chemicals in their brain,
2922160	2925780	and listed the mice from top to bottom,
2926920	2929900	most anxiety-ridden to least anxiety-ridden,
2930020	2933380	and drew a line between the top 12 and bottom 12.
2933880	2935300	It was a perfect match.
2935960	2938440	All the bottom ones were controls.
2938880	2941280	All the top ones were target mice.
2941520	2941780	Wow.
2941960	2942960	They did that three times,
2942980	2945520	and outside of one mouse pair, it worked perfectly.
2945660	2946040	Wow.
2946120	2946800	All three times.
2948840	2958040	psychics to target American congressmen, senators, cabinet, president.
2958200	2960720	Do you know of any specifics there as far as?
2960740	2961600	Yeah, it didn't work.
2961800	2964760	It didn't work because the methodology didn't work.
2964880	2966740	And what was the fatal flaw?
2966740	2968340	What was wrong with the experiment?
2968480	2970080	Everything was done double blind.
2970400	2971160	Can you tell me?
2971440	2972200	I will tell you.
2972200	2981080	the guy they told to sort the mice by virtue of the fact that he was sorting controls from target
2981080	2990080	mice he he did that psychically to give them their answer at the end so he was the only psychic
2990080	2996440	functioning person in the whole thing their psychics were not oh that's fascinating you
2996440	3001140	understand yes your selection process is gonna be all off i've used that experiment to give
3002200	3005920	at one of the largest pharmaceutical companies in America.
3006160	3006560	Wow.
3006860	3010920	And I said, the reason you come up with a drug every now and then
3010920	3016060	that cost you over a billion dollars and 10 years to manufacture
3016060	3020680	and it fails is because you don't believe in psychic functioning.
3021080	3023960	And somewhere in your process, you have a psychic.
3024180	3024540	Right.
3024600	3027020	And they're giving you exactly what you want to see.
3027180	3027440	Right.
3027580	3030180	So because you don't buy into it.
3030700	3031700	It doesn't work.
3032200	3037160	cost you a ton of money. Well, yeah, you get into these because of that kind of epistemological
3037800	3041260	tautological loops. Right. Yeah. Because if you have, you know, it's like whenever I put out
3041260	3045480	anything around this subject, you have to get, well, James Rand, you know, you should win a
3045480	3049320	million dollars if you are able to prove this. No, you don't. I can tell you about that too.
3049380	3052860	Well, yeah, because I mean, we're talking about it right now, but if there is an effect inherently,
3052960	3058260	then there are experimenter effects and there are witness observation effects. Right. And so
3058260	3064680	So if anybody present comes in, you know, completely trying to be a skeptic, it's going to affect the experiment itself.
3064940	3068460	The scientific method involves a priori skepticism.
3068620	3074620	And so we're talking about kind of an epistemological paradigm shift, not just a scientific paradigm shift.
3074740	3077380	Except your perceptions are wrong.
3078360	3078540	What do you mean?
3078540	3079340	I'm going to tell you why.
3079500	3079720	Yeah.
3079720	3090340	Because there are things from a scientific standpoint that when we tested them, absolutely guarantee that a psychic function will not occur.
3091200	3092360	Absolutely guarantee.
3092600	3095920	And you can test it a million times and it just will not work.
3096060	3098460	How do you do that? How do you turn off the psychic function?
3098780	3104780	The sun is above the horizon on the earth from where you're standing.
3104900	3107080	You're looking face into the sun.
3107080	3111960	You just did a fourfold reduction in your psychic functioning.
3112380	3112800	Interesting.
3113080	3117020	Where you are on the planet at what time and what day has an effect.
3117180	3117820	Why is that?
3117940	3119320	Okay, now I'm not finished yet.
3119420	3119720	Okay.
3119760	3120000	Okay.
3120460	3123360	There's things like that we know to be true.
3123480	3123860	What else?
3124100	3127780	Well, I'm not going to go into all of them because there's too many.
3127920	3128260	Okay.
3128280	3132660	But if they list all those things and hand it to somebody and say,
3132740	3136800	if you're doing any three of these, you will not function right.
3137080	3142360	Okay. And then somebody comes in the door and says, we have a problem. We have somebody being
3142360	3147900	tortured to death. We need to know where they are. You'll violate it all because of the intent.
3149200	3155680	Intent overrides everything. So what you're saying is correct. But if the intent is an imperative,
3156000	3162580	you will override it all. So there are exceptions and you got to watch out for that because
3162580	3168440	Because people who say, no, we did everything to block viewing, they're wrong.
3168620	3170520	You can't block it completely.
3170880	3178640	Well, you're almost, this is, you know, kind of an extrapolation, but it's almost implying that there's an intelligence on the other side aiding you.
3178880	3183200	Because if your intent matters at all, like, why should it?
3183240	3191040	You know, if it's just this kind of mechanical deterministic scientific process, why should your intent be able to override any of these conditions?
3192580	3195680	Attention, attention to detail, and expectation for outcome.
3195920	3196200	Okay.
3196420	3200840	If you're the only one dealing with that, it'll work.
3201060	3203900	If there's five people involved in that experiment
3203900	3207960	and none of them are focused on that, it may fail
3207960	3214260	because there is just too many possibilities for failure as a result
3214260	3217160	because the intent is not just your intent.
3217640	3220880	It's everybody's intent that's involved in the experiment.
3222580	3229720	grad student being paid to act as a monitor, he doesn't care what happens. Automatically,
3229740	3234900	any scientist coming into the room, which is what you're talking about, they don't care if it works
3234900	3239940	or not. They get to publish, they get famous for their publishing. So whether they're successful
3239940	3245180	or unsuccessful is immaterial because they're supposed to be indifferent to the outcome.
3245180	3253240	come okay but in remote viewing if you have a scientist monitor all the people involved five
3253240	3259900	or six people and you do a remote viewing and the intent is to save a life everybody's on board
3259900	3267420	it'll work every single time fascinating yeah so there's a lot to this that comes out in the
3267420	3274300	science and the study of it if you don't know the science in detail it's so easy to fail
3275180	3277580	screw up, all those kinds of things.
3278280	3283140	With regard to the Amazing Randy, the payoff was not a million dollars.
3283520	3289120	It was investment that would pay you eventually a million dollars over 30 years.
3289340	3291180	What kind of intent is that?
3292620	3296540	Secondly, he's the one who picks the target, does the judging,
3296640	3298420	and tells you whether you're right or wrong.
3298580	3299260	So he could rig it.
3299260	3302480	I'd never participate in an experiment like that.
3302480	3310900	um i've been challenged so many times to do a live remote viewing double blind on camera in a
3310900	3322200	in a prime time way in front of 25 million or more people that anybody else would shy away from that
3322200	3326700	yeah it's been successful every time well yeah you've done more televised remote viewings than
3326700	3333800	anybody in the history. And what's interesting to me, the most controlled example of that I ever
3333800	3339120	did was for National Geographic in the San Francisco Bay Area. They used three different
3339120	3347160	film crews, so nobody was talking to anybody else. It was protected targets. It was randomly
3347160	3353220	selected. I was completely blind. Ed was completely blind. The entire film crew in the room was
3353220	3358780	completely blind and I absolutely nailed it. You get a feeling like she had to park somewhere
3358780	3365200	through a tunnel or something or under an overpass, like a walkway of some kind under an overpass,
3365500	3372160	open area in the center. There's some kind of artwork of some kind in the center,
3372300	3378520	but this artwork is very bizarre. Set in gravel, stone. And when they put it on television, they
3378520	3382940	I said, but you can't tell much from one result.
3383360	3388180	They knew when they said that, that I had done probably 12,000 of those.
3388540	3389620	What were the targets?
3389660	3390080	Do you remember?
3390300	3392100	The target that I did for them?
3392180	3392360	Yeah.
3392480	3394940	It was the end of the Dumbarton Bridge.
3395220	3395500	Wow.
3395740	3399920	In fact, I did it, the entire remote viewing was a minute, 30 seconds.
3400320	3406460	And I heard the director go, and I said, I guess that's too fast for national television.
3406460	3410180	And I said, so what I'm going to do is I'll sit in the front seat.
3410260	3413220	You put a camera behind me and I'll tell you how to get to the target.
3413440	3413920	Wow.
3414240	3414980	Which I did.
3415460	3416500	You taught him.
3416740	3417000	Yeah.
3417320	3417800	Unbelievable.
3418400	3423180	Yeah, you clearly are not only precocious yourself, but you're amazing at teaching others.
3424520	3432060	Well, if you understand it, people, unfortunately, people in Stargate program
3432060	3434540	that came after the original six
3434540	3442280	were terrified that they couldn't, like, do it blind.
3442820	3444220	So they got hints.
3444840	3450840	I will tell you that if it's not done completely blind
3450840	3455440	and you don't understand all those other things about the science,
3455720	3459920	in all probability, it will fail more times than it will succeed.
3460740	3470960	If you truly participate and do it in agreement with the science that says, don't do this, do this, or if you do this, it'll fail.
3471460	3478240	If you pay attention to that, you're going to be sevenfold more probable of being successful.
3478500	3482960	That seems to be a through line in everything with quote unquote parapsychology.
3483160	3483640	Everything.
3484460	3485120	In life.
3485300	3485500	Yeah.
3485540	3487920	If you take a shortcut, the thing doesn't really work.
3487940	3488560	Exactly right.
3489920	3495200	talking about things that involve our perceptive abilities and our ability to kind of render the
3495200	3502120	material world visually and and and memory wise and our ability to do that is somehow super dependent
3502120	3508300	on going through the right the proper process yeah and being instructed properly and not not
3509000	3514720	circumventing that kind of inorganically there's perceptions about it like i'll give you a major
3514720	3521460	perception that is like crazy people say okay it's remote viewing can a blind
3521460	3526820	person do it he's been blind for life I believe better than most yeah okay
3526820	3531660	because they spend their whole lives imagining what the world outside their
3531660	3536360	skull looks like there they've been remote viewing longer than anybody was
3536360	3540580	the saying goes when one sense goes others get stronger get a lot stronger
3540580	3547820	and if the mind is a sense then the other thing that that i think is very strange is no matter
3547820	3553580	what you do to demonstrate it it always goes back to religion when somebody wants to evaluate it
3554180	3560600	it's like if it doesn't fit the religious belief yes it's uh the work of the devil i think somehow
3561140	3566660	science has become religious it's become dogmatic it is very dumb and the priestly citadel in this
3566660	3572920	case just wears like lab coats the the origin story is basically natural selection and darwin
3572920	3577560	sort of this primitive to progress deterministic religion but it's completely religious because
3577560	3583140	there are all these these gaps in that story and carl popper's famous you know uh philosophy of
3583140	3586920	science guy used to call those materialist promissory notes because they're all these
3586920	3591780	exactly right and we would just on loan we would say you know we could fill in these gaps you know
3591780	3596180	with these placeholders that actually don't make any sense and there are tons of anomalies so
3596660	3598520	But I want to, you mentioned James Randi.
3598540	3598960	Yeah.
3598980	3602780	And, you know, he's this magician who would debunk a lot of this stuff, but not.
3602780	3603200	Of course he will.
3603340	3604720	And kind of a bad faith actor.
3605160	3610200	He actually had a contemporary named Ray Hyman, who was.
3610200	3610720	I know Ray Hyman.
3610760	3611420	You know Ray Hyman.
3611420	3611620	Yeah.
3611620	3612720	So University of Oregon.
3613000	3617040	And he came into studying the Stargate data.
3617300	3617580	Right.
3617600	3618780	Very skeptically.
3618780	3625940	He's, again, a colleague of James Randi's, along with Jessica Utz, who is the president of the American Statistical Society.
3626660	3631780	personally, too. And also you hear her speak and she is just completely beyond reproach as far as
3631780	3636760	her integrity. She's probably one of the top five statisticians in the world. A hundred percent. And
3636760	3641800	she goes through all the Stargate data and she says, not only is this replicable, the P values,
3642080	3646960	which is, you know, basically the probability that you get this stuff. Off the chart. Off the chart.
3647040	3652420	Way, way more replicable than psychology, for example, which we all take pretty seriously.
3652420	3655320	And so I think it's important context for the audience.
3655400	3657960	But let's get back to the core chronology of Stargate itself.
3658300	3661340	So 1972, the CIA starts to get intrigued.
3661940	3665640	I've heard from Hal Puthoff, who's one of the founders of Stargate,
3665640	3669000	along with Russell Targ, that another guy named Ingo Swann,
3669660	3671900	who's this artist in New York City.
3672100	3675540	They brought him from a monody center in New York to California.
3675920	3677260	Yeah, and he was eccentric.
3677540	3679040	He was a gay artist.
3679040	3686320	And the way Put-Off speaks about it is that they put a thermistor inside of a Faraday cage.
3686540	3690120	And then Ingo Swann was able to affect that with his mind.
3690360	3692380	Is there something to that story?
3692440	3697040	We did five years of experiments to prove psychokinesis.
3697860	3699720	That's affecting something with the mind.
3700880	3704420	In five years and a whole lot of millions of dollars,
3704420	3709540	We were never able to protect the target from outside effects.
3710160	3716860	So you can never say the person did it or a truck hitting a metal plate on Route 5.
3717980	3719740	Wouldn't a Faraday chamber do it?
3719960	3720180	No.
3720300	3720920	Why not?
3721320	3726400	Because there's a million things that can make it go off, like with a strain gauge.
3726400	3733400	there's a million strain gauge events that will occur from a short at the
3733400	3739200	bottom of an elevator shaft to half a mile away so there's so many things in
3739200	3744880	reality that will cause it to happen just because somebody walks in the room
3744880	3750640	and they look and it happens doesn't mean they did it okay you got to be
3750640	3754940	really careful about that we took we but if you have if you're if you're blocking
3756400	3761800	magnetic field. What can get in there? You can't do it. You can't fully block that? No. We put
3761800	3768080	things in a small Faraday cage. We doubled it. We floated the whole thing on air. Yeah. Okay.
3768540	3776160	We put it in a room that was concrete, 30 inches thick. Okay. We grounded everything. We did
3776160	3782280	everything you can possibly do to isolate the target. It was going off all night long when
3782280	3783260	and nobody was even there.
3783280	3783600	Oh, really?
3783940	3784400	Yeah.
3784500	3788040	So if you can't isolate the target,
3788160	3790880	and we spent a huge amount of money trying to do that,
3791420	3793600	if you can never isolate the target,
3793700	3795340	how can you say it's a human doing it?
3795400	3797860	Do you think Ingo Swann was a good remote viewer?
3798300	3799760	Oh, he's an excellent remote viewer.
3799800	3800040	Okay.
3800240	3801320	I knew him really well.
3801400	3802500	We used to eat dinner together
3802500	3804940	because we were both employed at the same place.
3805680	3806140	Absolutely.
3806300	3808820	And what were some instances,
3809120	3811280	there's some famous stories I know about with you,
3812280	3819380	mind of the early days, you know, great successes. Well, I can't speak to his successes because he
3819380	3826620	did everything in the lab and not in the wild, so to speak, you know, where it's a real test.
3826860	3831940	Do you want to tell your famous submarine story? Well, I can. It was not just me, by the way. It
3831940	3837260	was another man named Hartley Trent. We both worked the submarine. He's dead now. He was a
3837260	3841600	better viewer than I'll ever be. You need to understand that. Well, that's a lot coming from
3842280	3842620	That's high bar.
3842860	3846300	There were two people better than me than I will ever be.
3847160	3848940	So if you can imagine that.
3849120	3849600	Who are the two?
3849660	3850140	Hartley Trent.
3850480	3855700	Hartley Trent and another guy that I can, I promised him I'd never say his name in public.
3856460	3856940	Okay.
3857060	3858400	He's a retired colonel.
3858440	3860060	Just going to make people more intrigued now.
3860200	3861060	That's too bad.
3862920	3864360	None survived anyway.
3864360	3872800	Anyway, so one of the things that we had as a target, it was a building, a really huge building.
3872900	3877400	You could put like the Mall of the Americas in Minneapolis inside that building.
3877620	3879800	And it wouldn't touch the walls or the ceiling.
3880020	3880240	What?
3880320	3880820	Yeah.
3880900	3884100	And it was detached from water.
3884240	3886900	It had no relationship to the harbor.
3887380	3889620	And it was set off the harbor.
3889860	3893180	And it had guards, fences, everything around it.
3894360	3898800	railroad tracks going in, carrying in tons of stuff and coming on empty.
3899200	3902400	And they couldn't buy a picture of the inside of that building.
3902740	3907960	They were offering, I think, $2 million at one time for one picture of the inside of the building.
3908120	3908880	Couldn't get it.
3909820	3915140	It was bumped up from a number of different intelligence agencies to the National Security Council,
3915300	3916820	which is as high as you can go.
3916940	3917340	Absolutely.
3917340	3919080	That's run by the vice president.
3919160	3922580	It has representatives from all the other agencies there.
3923020	3923980	What year was this?
3924360	3925900	That was 79.
3926400	3927580	Okay, so under Cardiff.
3927580	3928480	The latter part of 79.
3928620	3928880	Yeah.
3929600	3932840	That was like my third target that I ever worked on.
3932980	3936960	I don't know which one it was for Harley, but we both worked on it simultaneously.
3937760	3940980	We just didn't know each one of us was doing that.
3942920	3951320	What I got was a really unique submarine because they were violating one of the major laws of submarines.
3951520	3953000	They were putting two submarines together.
3954360	3956840	It looked like two giant seas coming together.
3957740	3961160	And they were using a whole new kind of welding methodology,
3961480	3963280	which were high-intensity lasers.
3963800	3966340	They were welding with a certain protocol.
3968800	3974780	And the hull was done in a way that I can't go into, but it was different.
3974980	3980100	And I said there were 20 tubes, but they were all slanted,
3980180	3983020	which was the first submarine ever built with slanted tubes.
3984360	3987540	the Soviet Navy would have to stop to launch,
3987760	3989260	which made them a target.
3990240	3992540	So they slanted the tubes
3992540	3994700	so it could be launching while it was moving.
3995480	3997800	Every rocket on board was a Mir 5,
3998140	4001160	which meant it had five guidable warheads.
4001440	4003240	So when it reached apex,
4003560	4006460	the warheads could detach and go to different cities.
4007220	4010200	Every warhead was like 50 megaton.
4010200	4017520	ton. Hiroshima was less than one megaton. So you can imagine the damage it would do.
4017620	4018620	So these are hydrogen bombs.
4018940	4027200	It could sit, yes. It could park 100 miles off America's coast and eradicate us in 18 minutes.
4027420	4029020	There'd be nothing we could do.
4029200	4031480	And that's really the front line of nuclear war.
4031620	4040000	Right. That was the most astounding weapon system ever built. Okay. And it was the TK-08
4040200	4043540	which was the prototype for that kind of submarine.
4044140	4047920	It had many of the attributes that came out in Hunt for Red October,
4048260	4051500	seven years later, eight years later, I can't remember now.
4051660	4053700	But all these things.
4053860	4055580	And we filed that report.
4055860	4057780	We did that in about four hours,
4058380	4061940	filed that report with the National Security Council.
4062820	4064340	It was sent back immediately.
4064340	4071260	immediately the the head analyst was the guy in charge of the whole russian floor at langley
4071260	4077400	his name is robert gates yeah langley cia oh robert gates ended up becoming secretary of defense
4077400	4085120	the director of cia and then that in the uh secretary of defense okay he sent it back
4085120	4092360	note on top total fantasy because they didn't think that submarine could exist and in well
4094340	4100960	could it right and so he sent it back and it had been taken to the national security council by
4100960	4107780	another admiral by the name of uh jake stewart and i knew jake really well and when he brought
4107780	4114220	it back he said uh he was sitting with me in a room and he said uh this really upsets you done
4114220	4119820	it and i said no i don't care he said no you care because there's a red line going up your neck
4119820	4127340	you're really pissed so i said no no i said uh he says what do you want me to do and i said take it
4127340	4134100	back and he goes okay and he stood up and i said wait i put a paper on top and i said
4134100	4142360	we'll be launched in 112 days jay so on the way he stopped at the national reconnaissance office
4142360	4148180	office because he knew that usually i'm not wrong especially when i'm pissed
4148180	4157060	so he arranged for 114 days out to have pictures taken of the harbor where it would have to be
4158140	4165700	at the same time i attached another note somebody asked me how big is this submarine because i was
4165700	4172720	saying this is really a huge submarine and my answer to that was it's 30 feet shy of the length
4172720	4178620	of a soviet aircraft carrier oh my god it's a monster okay how big is that for the audience
4178620	4185560	scale wise i don't know about link that's why i had to say 30 feet shy okay like the soviet
4185560	4192080	aircraft carrier yep you can imagine something launches jets yeah match with a submarine massive
4192080	4197220	I said it was between 60 and, I think, 60 feet and something else across.
4197620	4198060	Mm-hmm.
4198260	4198860	Wide.
4199040	4200100	Very wide.
4200260	4200440	Yep.
4200540	4201140	Okay.
4201460	4205860	So he arranged to have overhead take pictures.
4206900	4212560	114 days out when the pictures were taken, it was the side of the building was gone,
4212740	4219160	trench cut to the harbor, and the submarine was tied up to the side of a Soviet aircraft carrier
4219160	4222820	to block view of it from the entry to the harbor.
4223660	4226380	And this is north of the Arctic Circle,
4226460	4231020	so the harbor was frozen a long time, usually every year.
4231500	4234720	So they had these two giant icebreakers sitting there.
4234840	4236740	They had broken up all the ice in the harbor,
4236820	4239800	and it was sitting tied up to the aircraft carrier,
4239960	4245160	and it actually is 33 feet shy length of the Soviet aircraft carrier,
4245240	4246400	so I miss it by three feet.
4247300	4248860	All the bay doors were open.
4249160	4252980	So we collected more intelligence in four days on that one submarine
4252980	4255800	than the entire Soviet subpack in history.
4256100	4257060	That's remarkable.
4257460	4258600	It then disappeared.
4259300	4260700	No one ever saw it again.
4261320	4265080	And they made eight more, and nobody ever knew about the other eight.
4266320	4270380	But you can assume, based on the data we were able to collect,
4270620	4275960	we defeated their weapons system because now we could identify it easily in the water,
4275960	4279680	put a hunter-killer on it and track it everywhere it went.
4279860	4280580	That's a miracle.
4280820	4281160	Yeah.
4281520	4285720	Kind of like possibly global cataclysm-saving
4285720	4286760	Yeah, right.
4287100	4288580	intelligence that you provided.
4288720	4291340	That's primarily why I got to Legion of Merit.
4291460	4292100	That's amazing.
4292280	4294100	Did Robert Baker ever come back, say,
4294200	4295200	Hey, Joe, I'm sorry?
4296100	4298320	I embarrassed him badly with it.
4298400	4301280	And I embarrassed him three more times.
4301640	4302240	Did you?
4302500	4302980	Yeah.
4303160	4303900	What's another example?
4303900	4305280	He won't be in the room with me.
4305960	4306240	Yeah.
4306360	4310700	If he comes in a room like the congressional cafeteria or something,
4310760	4314460	and I see him, I will stand up and go, hey, Bobby, how's it going, buddy?
4314600	4315480	And I'll put my hand out.
4315740	4316760	Now it's a door kiss.
4317000	4318580	Any other examples you could talk about?
4318780	4318840	No.
4318860	4320800	I can't talk about the other examples.
4320800	4321200	Okay.
4322520	4325420	But that's the kind of successes we were having.
4326520	4332680	Harley Trent shared in that, but he died, unfortunately, relatively soon after that.
4333440	4336360	Can I add one more story to just the Carter year?
4336560	4336700	Sure.
4336940	4339320	Rosemary Smith is a psychic.
4339880	4349320	And I think a TU-22 Russian bear bomber had basically dropped lower than the treetop.
4349420	4351920	It had been downed in Africa.
4352200	4358300	All of Africa was given as the target to this psychic spy named Rosemary Smith in California.
4358300	4363340	and she draws a three square mile little circle right in Zaire.
4363540	4366920	And it's basically where they find the TU-22.
4367040	4368260	There were three psychics.
4368460	4368840	Yeah.
4368900	4370680	They all drew circles.
4370820	4373040	They were all in three different cities when they did it.
4373040	4373720	That's amazing.
4374040	4375300	All the same map.
4375460	4375760	Really?
4375760	4378920	And they brought the maps together, all three circles interlocked.
4379220	4384460	And Jimmy Carter says that was the craziest thing I've ever experienced in my presidency.
4384460	4387600	He was holding our file in his arm when he said it.
4388300	4396740	file with a red stripe. It said, it said grill flame on it. And one of the reporters, he was
4396740	4402480	saying, we found the Russian plane. We've returned everything on it to the Russians.
4402920	4409400	What was important about it was it was carrying two city busting nukes. Everybody was looking
4409400	4414120	for it, especially every terrorist organization in the world. Nobody could find it because it
4414120	4416440	It disappeared over the Congo, supposedly.
4417280	4424040	Harley Trent, in fact, said it was parked on a road right there in the area of Zaire.
4425580	4427200	Nobody could understand that.
4427280	4433400	What he was saying the whole time, roads in the Congo and in Zaire are rivers.
4433820	4436040	There are no road roads.
4437060	4440300	All roads in Central Africa are rivers.
4440820	4443220	And that's what he was saying the whole time.
4444120	4445060	I didn't know he was saying that.
4445140	4446500	He needed some more down analysis.
4447100	4449000	But that actually happened.
4449100	4453780	And when he said that, our cover name changed.
4454180	4455500	We got moved around.
4455940	4457140	The office changed.
4457540	4463340	Everything changed because the president basically outed us on national television.
4463500	4464100	Right.
4464980	4469920	That turned on, remember Anderson, the guy who would write articles on it, everything?
4470280	4471020	No, who's Anderson?
4471020	4477720	He was in, I can't remember if it was the Washington Post or, I think it was the Washington Post.
4478060	4479660	And he started to cover the psychic spy program.
4479660	4483720	Yeah, he started covering hunting for information on the psychic spying program.
4483900	4484220	Interesting.
4484740	4488420	And he would pick up little tidbits and put out articles on it.
4488480	4492900	But it made it more difficult for us.
4493260	4497560	Joe, any other core stories that you can talk about that aren't classified from that time?
4498400	4501780	There's a lot of them that I could talk about if I had the sheet with me.
4502960	4507580	We had what's called the blue briefing books.
4507780	4513880	It was two books, two folders with 160 successes in it,
4513920	4517340	which were just like the submarine, okay?
4517840	4519100	That kind of weight.
4519320	4519960	That's amazing.
4519980	4521940	I'll give you an example of another one.
4522240	4523920	The MX missile program.
4524240	4524880	Remember that?
4524880	4529800	They were going to produce another 30,000 miles of railroad tracks.
4530200	4534840	They were going to have hundreds of cargo cars, railroad cars.
4535160	4538920	They would all be identical right down to the serial numbers on the locks.
4539520	4544380	Only one in 20 would have an actual launcher in it with an ICBM.
4545300	4547820	And once a week, they'd ship them all around
4547820	4551320	so no one would ever know where the actual launchers were.
4551320	4557780	and that would make mutual shared destruction more important.
4558000	4559160	It's kind of like a shell game.
4559460	4560360	Yeah, like a shell game.
4560520	4563780	It's based on the old shell game but with much higher stakes.
4564380	4566200	The name of the game is MX.
4567340	4572500	It's object to hide our newest ICBMs from the enemy, ensuring their survivability.
4573640	4578280	The enemy will know where a missile could be, just as we know where the P could be,
4578940	4580260	but not where it is for sure.
4581320	4587320	Instead of three shells, each MX missile will be hidden in any one of 23 protective shelters.
4587540	4591500	And what we did is we notified, we wrote a white paper.
4591560	4593040	It's called a white paper, one paragraph.
4593220	4597700	We sent it to the Situation Room in the White House and said, won't work.
4598640	4599320	Why not?
4599420	4601560	Because we can tell you where it is every time.
4602940	4605500	They actually tested that for a year.
4605500	4609340	and they had an actual live newt
4609340	4612060	and possible storage areas for it.
4612080	4613580	And once a week they moved it.
4613920	4616640	And every time they moved it, we told them where it was.
4617980	4621340	As a result, they canceled the MX missile program,
4621660	4624680	which ticked the Air Force off mightily
4624680	4626540	because they were put in charge of it.
4626980	4630180	It was a $100 billion project.
4630460	4630980	Oh, my God.
4631460	4633300	We saved the government $100 billion.
4633300	4641140	dollars. And I have a letter in my file. I know Dr. May has one in his from Senator Cohen thanking
4641140	4647640	us for saving a hundred billion dollars. Also remarkable, but would the Soviets have figured
4647640	4652180	it out given that they had sort of some core deficiencies in their own psychic spy program?
4652260	4657100	Maybe, maybe not. Right. They still could have figured it out even with the flaw. Yeah. I mean,
4657100	4659340	It's like, who knows?
4659600	4667040	And that's one of the problems because I got brought into the project in October of 78.
4667580	4671620	By July of 79, we knew there was no defense against remote viewing.
4672200	4678380	So for the next 20-something years and millions and millions of dollars,
4678560	4681340	we tried to develop a defense against it.
4681700	4684500	There still is no defense against remote viewing.
4684500	4694080	it fails on its own enough i mean 40 of the time it just doesn't work but all intelligence
4694080	4701260	modalities fail exactly so it's not inferior to other ones and when i hear that the program was
4701260	4708500	sunsetted because it only works 60 of the time that makes no sense and as well as the rationale
4708500	4714180	that there's no defense against it but if it's offensively useful why would you use it especially
4714500	4716960	if it's stopping, you know, mutually assured destruction,
4717220	4720080	as it has at least 160 times, probably more,
4720160	4721260	because that was early on in the program.
4721400	4724300	My area of expertise was ICBM sites.
4724580	4724900	Okay.
4725120	4728240	Big, large areas where rockets were in the ground.
4728480	4728760	Wow.
4729000	4731160	But you could see the shielding over them,
4731280	4734320	so that was easy to see with overhead pictures.
4734580	4738960	But when I hear stuff like that, there has to be a program now, if that's what...
4738960	4740620	The pictures were perfect.
4740800	4744040	And I even asked them once, why am I remote viewing something
4744500	4745660	take perfect pictures up.
4745760	4747340	And they said, here's the thing.
4747440	4748880	You draw the whole place.
4749540	4753240	So when we take a picture, we can only get the surface.
4754100	4756520	We match the surface against your drawing.
4756900	4761620	And if you're 80% correct, we can assume you're 80% correct about what's under the ground.
4761840	4766200	And we can retarget those areas with different technology.
4766360	4766840	Wow.
4767040	4767620	To prove it.
4767740	4768120	Wow.
4768180	4770720	So that's the value of remote viewing.
4770900	4772800	It can be used a million different ways.
4774500	4784860	If the incremental value is understanding on a more granular level what stockpiles are underground, how would that ever get sunsetted and taken out of government?
4784860	4801560	It got sunsetted because a vast majority of senators and congressmen caught dead standing next to a remote viewing psychic would never get reelected because it was used as a weapon against them in the reelection.
4802580	4811460	I think if I'm the government and I'm hearing these things, I would immediately put a boatload of money towards remote viewing.
4811540	4813660	I'm just telling you, I'm telling you the reality.
4814100	4814900	Because of a stigma.
4815300	4816220	Here's the thing.
4816860	4821720	We were basically super supported by five presidents.
4822040	4822300	Okay.
4822300	4832040	We were super supported by senators and congressmen who could not be hurt, like Senator Cohen, Senator John Glenn.
4833160	4837860	These senators had been in Congress so long and were so powerful.
4838320	4845780	They're up here, and they could say, yeah, I use those guys, and nobody could say that's crazy to them.
4846000	4847780	They'd still get reelected.
4847780	4856720	At the very bottom, agents in the field who came and asked for help, hundreds of lives we saved there.
4857420	4859720	They knew us intimately.
4860020	4865500	They loved us because of what the data was that we could give them as early warning.
4866360	4868580	They really needed us.
4868940	4876760	It's the bureaucrats in the middle, okay, who are afraid for their job, afraid to get reelected.
4877780	4885240	The guys in the middle are the guys who have to justify and write up why you need so many tanks.
4885440	4887860	And why you have to spend the money on it.
4888040	4895920	And people are going, starting to ask, well, if you can just walk in and plant a charge and blow something up, why do you need the tank?
4896360	4898920	If remote viewing tells you where to put the explosive.
4899240	4904080	It's always the middling bureaucrats that have the most perverse incentives.
4904080	4912140	And there's this concept, Baumol's cost disease, where the objective of a bureaucracy is just to extend the bureaucracy.
4912280	4914840	And it's not to do anything more efficiently, actually.
4914960	4916120	That's the opposite.
4916260	4918320	The other part of it, it's even worse.
4919100	4924440	It's the bureaucrat politician in the middle that actually starts the war.
4925020	4925720	That's right.
4925920	4926200	Okay?
4926460	4932220	Has no skin in the game, and his kids and family will never be affected by it.
4934080	4942080	wrong with that picture? Dr. Strangelove. Yeah. During the Vietnam War, I was brought TDY,
4942400	4947880	temporary duty, to the Pentagon because demonstrators were throwing balloons full of
4947880	4956400	blood and stuff on military going in and out of the front entry of the Pentagon. My job was to
4956400	4962900	capture some kid that was throwing stuff, bring him in, fingerprint him, tell him what was going
4964080	4972420	and then release them, scare them into not doing it anymore. I didn't do that. I'd grab up three
4972420	4976740	or four, and I'd cuff them together in a string, and I'd take them under the bridge where nobody
4976740	4982180	could see. And I know they thought I'm going to be beaten up down here. I'd take them down,
4982200	4987100	and I'd say, don't panic. I'm not going to do anything to hurt you. You need to understand
4987100	4994540	saying this, we don't start wars in the Pentagon. We're forced to finish them. You want to stop this
4994540	5001720	war, go to the other end of the mall and hit the guys in the suits with the balloons. And then I'd
5001720	5007120	release them and they'd run away. Well, what I forgot is they got cameras all over the front of
5007120	5012980	the Pentagon. So they'd see me taking these kids under there and then them running away. So my
5012980	5016940	My three-month TDY was cut to two weeks, and I was sent to Europe.
5017600	5018040	Wow.
5018500	5018780	Okay.
5019860	5025860	I didn't, I, you know, I can understand why they didn't want to go to Vietnam.
5026300	5026600	Yeah.
5026820	5027880	It wasn't righteous.
5028340	5028660	No.
5028860	5031400	When I was there, I could tell you it wasn't righteous.
5031940	5032380	Yeah.
5032640	5035600	Well, you have all, I mean, you just look at the Pentagon Papers,
5035600	5039620	and you look at how cynical the discussions around the Vietnam War were
5039620	5042260	at the highest levels in the Pentagon and Oval Office.
5042980	5054760	And I have seen two letters, and I did my last college course to get my degree, was on the politics of the Vietnam War at the end.
5054980	5066760	And I saw a letter from Kissinger to President Nixon saying, I'm not going back over there to negotiate for any more prisoners because I hate those brown people.
5067020	5068640	I don't like their food.
5068720	5069880	I don't like their smell.
5070080	5071700	I don't want to be there anymore.
5072980	5080220	said to him, you don't have to because anybody in Laos or Cambodia, we said, should never be
5080220	5086620	there in the first place. So we don't have to worry about them. So all the enlisted captured
5086620	5093840	in Vietnam were all taken to tiger cages in Laos and Cambodia. They all died there because they
5093840	5101420	were written off. It's horrible. It's horrific. And yeah, Kissinger was kind of the ultimate,
5102980	5104880	He felt it was like the world was his sandbox.
5105540	5109120	And he actually studied at Harvard under Tom Schelling.
5109140	5116120	And Tom Schelling and a bunch of his, you know, classmates there all, like, tried to do an intervention at the White House.
5116620	5118760	And they're like, what are you doing, man?
5118880	5121020	Like, what's gotten into you?
5121900	5125860	I think the whole thing, the whole, you know, it was all based on this, like, domino theory.
5126060	5126440	Right.
5126760	5130060	Which was, I think, a misreading of George Kennan's long telegram.
5130060	5135760	At the end of the Second World War, you know, Ho Chi Minh fought for us against the Japanese in the whole war.
5136100	5138220	His Viet Minh did that.
5138960	5141260	His Viet Minh and he were never communists.
5141340	5144180	They were nationalists, okay?
5145320	5156160	When the war ended, they did that, by the way, because John Donovan delivered a very rare butterfly collection to him, a parachuting end with it taped to his chest.
5156160	5164700	he started the or was the main progenitor of the oss time well wild bill donovan yeah wild
5164700	5171560	bill donovan yeah he talked ho chi minh into fighting for us and so the vietnamese fought
5171560	5177220	for us during the whole war at the end of the war ho chi minh sent an impassioned letter to our
5177220	5183900	president and what he said in the letter is that here's a copy of our uh our national constitution
5183900	5192300	It was identical to ours. He had direct quotes from Jefferson. I mean, it was exactly.
5193240	5194760	They were totally allied with us.
5194860	5195200	Yes.
5195340	5196660	It was against the French.
5196660	5205460	And all he wanted was, please do not allow the French to come back to claim their Indochina plantations.
5205600	5205840	Yeah.
5205840	5222240	Okay. The French, on the other hand, said, oh, you're starting NATO? Well, we're not going to be a member unless you support us in our quest to go back to Indochina. So the president made a decision. NATO was more important than Vietnam.
5222240	5230780	Vietnam. Yeah, there you go. And I think Ho Chi Minh felt like Wild Bill Donovan had saved him.
5230980	5237280	He did. Yeah, and he felt a real collegiality there. And then, yeah, things just took a weird
5237280	5244840	turn. And I think that was maybe one of the primary reasons why the CIA then went into South
5244840	5253500	Vietnam and try to consolidate Vietnam into their version of a single country, which you can't do.
5253620	5258020	You cannot enter a foreign country and try to run it. It never works.
5258260	5262940	It also, yeah, the nation building thing doesn't work. And it begets a misunderstanding of history
5262940	5269800	or belies rather, you know, with Vietnam, Afghanistan, you have certain territories
5269800	5272900	that whether it's China vis-a-vis, you know, Vietnam
5272900	5275700	or the Russians and the British vis-a-vis Afghanistan,
5276140	5277200	you're not going to win.
5277700	5281000	Afghanistan will never capitulate to anybody.
5281100	5285220	The amount of dialects, how tough the people are,
5285380	5288600	the nooks and crannies they know how to hide in
5288600	5289820	that you're not familiar with,
5289940	5292100	you're just screwed at the outset.
5292180	5294140	It doesn't matter how much manpower,
5294180	5295400	what resources you have.
5295900	5299300	There's a guy that lives just across the border in Pakistan
5299800	5301140	He lives in a mud hut.
5301240	5309360	He's got a big point of granite rock sticking up out of his floor.
5309860	5313820	He makes AKs out of old pieces of aircraft.
5314100	5314320	Wow.
5314600	5319400	He hammers it out with an open fire on that granite rock.
5319580	5319840	Wow.
5319960	5320520	And they work.
5321080	5324600	Now, they're not very accurate, but they never jam and they work.
5324760	5327140	You get back the truck over them, they'll still work.
5327200	5327920	Well, that says it all.
5328060	5329320	That says it all right there.
5329420	5329640	Yeah.
5329800	5336660	Yeah. That's true. Absolutely. It's remarkable. So I want to get into some weirder stuff because
5337280	5344420	you, I mean, you've made headlines for remote viewing Mars, for example. Yeah. That was a DOD
5344420	5350880	target, by the way. So explain the context. How is that a DOD target? Well, one of the things that
5350880	5357880	they found out is that I was having spontaneous antibodies since my near-death experience in 1970.
5359800	5363340	near-death experiences, but that one was really profound.
5363640	5365300	Was this falling out of the helicopter?
5365600	5369800	No, this was being poisoned.
5370140	5370900	Being poisoned?
5371220	5375540	Yeah, I was delivered DOA to a clinic in Passau, Germany from Austria,
5376680	5380360	and I had not had a heartbeat for almost 40 minutes.
5380480	5380760	What?
5382160	5386920	Now, I'm not going to tell you that my heart wasn't beating for 40 minutes.
5387020	5389320	It could have been beating once every five minutes.
5389800	5392040	But it was enough to keep me alive, okay?
5392980	5399740	When I got to the clinic, the doctor there saved my life, basically.
5400440	5402880	I got transfusions, a whole bunch of stuff.
5403020	5406780	But I was comatose for 20-something hours.
5407640	5409240	And I suddenly sat up.
5409540	5411800	I became conscious, and I sat up.
5412040	5415640	And the German patient in the room with me looked at me and ran out of the room.
5415740	5418220	He went out like a scalded duck.
5419800	5426820	him i said god's a white light you can't die so chill and out the door i found out later
5426820	5434380	when i looked at him he said god's a white light god is a white light wow you can't die and and he
5434380	5440760	looked at me and freaked and ran out the door later he said when i looked at him my eyes had
5440760	5447060	turned crystal blue and i had fire coming out of them no way yeah that's what he said so the doctor
5447060	5453840	came in and I said to the, I turned to the doctor and I smiled and I said, oh, I'm still here. You
5453840	5461060	know, God's the way light. You can't die. Well, he sedated me. I went back to sleep on the way
5461060	5466900	driving to Munich. They told me to mention Munich, Germany, put me in a rest home. That's when they
5466900	5473240	told my wife, my first wife, that I was still alive for, for almost a week. She thought I was
5473240	5478600	dead jesus yeah do you remember i mean you're coming out of this experience saying god is a
5478600	5484900	white light you can't die yeah uh do you remember that as being sort of a conversion experience did
5484900	5490620	he feel a sense of divine content so profound i just can't tell you i when when it happened
5491160	5496760	i i was eating getting ready to eat at dinner with my wife who they had brought to meet me we're
5496760	5501700	going to stay a weekend in this guest house and she was going back to quarters and i was going
5503240	5508860	can't tell you what I was doing, but I was going back to work. And the guy that brought her was my
5508860	5515160	friend that worked for me. So he brought her there. He was going to leave and we talked him into
5515160	5519120	staying and having dinner with us. And then he was going to leave and we were going to stay there
5519120	5527480	a couple of days. Well, we had before dinner drinks. Well, I drank part of the drink. I started
5527480	5531060	I started feeling like I was going to projectile vomit.
5531400	5534000	So I didn't want to be in the restaurant doing it.
5534060	5536400	So I said, excuse me, and I headed for the door.
5536520	5537600	And I was in a rush.
5539180	5541800	When I hit the door, it was a swinging glass door.
5541920	5545380	When I hit it with my hand, it was like somebody snapped their fingers.
5546060	5550560	And I was standing outside on a cobblestone road with my hands out like this.
5551500	5552500	And it was raining.
5552680	5555640	It was a soft, like one of those soft summer rains, you know.
5557480	5558480	and threw my palms.
5558760	5560560	And I went, what the hell?
5560980	5563080	And I looked up and there was this figure
5563080	5565040	half in and half out of the door.
5566040	5567500	So I drifted over there.
5567640	5569920	And as I was, that should have been a giveaway, by the way.
5570560	5571860	I drifted over there.
5572000	5575620	And as I was going over, my friend came out,
5575680	5576800	pulled me up in his lap.
5578140	5580620	Back then, there was no such thing as CPR.
5581860	5583800	So he started punching me in the chest
5584340	5585560	and yelling at me.
5587560	5593960	well you know and every time he hit me in the chest i was in my body in excruciating pain
5594500	5601560	looking up at his face and i was trying to say stop and about the time i get the stop out i'd
5601560	5608300	be back standing on the cobblestones watching this happened like four or five times and then i stayed
5608300	5616440	stayed out. And I watched. And he got up. My wife dropped to the pavement with me.
5616760	5622680	And then he showed up with my car and put me fireman's carry into the back seat. It was a
5622680	5627920	little bug, a Volkswagen bug. And they took off. And I was like, whoa, wait a minute.
5629000	5636020	So I'm like zipping along beside the car. Back then, they had to go through two checkpoints,
5636020	5643120	checkpoints, Austria to Germany, which meant running the checkpoint, which they did, and
5644180	5648900	drove a little ways, then went out and back in again, because they had to get to this
5648900	5655920	city called Passau, which is down in the southern tip of the area, and he got me to a clinic,
5657080	5659920	and when they got there, it was just getting dark.
5661520	5669240	car. Just getting dark meant it was around 7.50, 8 o'clock. He picked me out of the car,
5669360	5674840	fireman's carry. He's a huge guy. And he carried me to the door of the clinic and it was locked.
5675280	5681780	And I'm standing there watching all this. And I'm like, well, that's weird. Why would they
5681780	5688280	lock the door? Maybe I'm dreaming. And he started kicking the glass door and the inner door opened
5689920	5696260	with the keys. What I didn't know is in Germany, at eight o'clock, they lock all the doors.
5696660	5701940	So you go to an emergency room or clinic, you get in by ringing a bell. Well, he had me in a
5701940	5706840	fireman's carry, so he's kicking the door with his foot. When the doctor came out, he was in a
5706840	5712960	wheelchair. I went, oh man, it's getting better every minute. Why would a doctor be in a wheelchair?
5713340	5718640	Well, it turns out he was partially retired and that's how he made extra money. He fell in
5719920	5726760	at the clinic. So I watched him carry me in. He dumped me on this table in the emergency area,
5727720	5733640	big bright lights overhead, and they started cutting my clothing off and sticking tubes in
5733640	5740940	me and whatnot. And I got bored. I started drifting away from the table, and I felt heat
5740940	5746800	on the back of my neck. And I thought, this must be the light, one of the bright lights I'm bumping
5746800	5753960	up against and when i turned around to look i was enveloped in this extremely intense white light
5753960	5763940	it was like perfect did he feel love oh nothing but and i i had no fear everything went away
5763940	5772340	in terms of threat so i'm floating in this white light and i could see perfectly you i thought at
5772340	5775380	At first, you know, this is really bright, but it didn't hurt my eyes.
5776340	5779260	And I thought, oh, this is it.
5779480	5782380	This is like, you know, where I want to be.
5782560	5785560	And this voice in my head said, you can't stay.
5786600	5787640	You have to go back.
5787820	5790480	And I started looking for something to hold on to.
5790720	5793020	I didn't want to leave.
5793360	5801540	And that's when I second snapped the fingers and I sat up and looked at the German patient and told him that.
5801740	5802120	Wow.
5802340	5805060	so it was very profound.
5805280	5807280	I stopped carrying a gun.
5808120	5809720	Nobody would work with me.
5809920	5810400	Why?
5810460	5812060	Because they thought if they got in trouble,
5812140	5813140	I couldn't do anything.
5814500	5817920	It turned you more into a pacifist or something?
5817980	5819240	No, not pacifist.
5819780	5821340	There was something, you know,
5821360	5826700	I took martial arts from age 14 to a couple years ago,
5826900	5828220	a few years ago.
5828220	5833520	and so I, you know, I don't need a gun.
5833820	5836860	I can defend myself pretty well, you know,
5836860	5837780	unless they have a gun.
5838740	5840420	But if they have a gun,
5841180	5844620	your chances of defending yourself are minimal anyway.
5845080	5846320	Anyway, I just stopped.
5846400	5847480	Didn't want to hurt anybody.
5849380	5852580	It turns out, since nobody would work with me,
5852600	5853380	I had to work alone.
5853700	5856840	And working alone, everybody was terrified of doing that.
5858220	5861720	I didn't care because dying is so what?
5862780	5868200	So that's just changed your outlook wholesale since then about life, death.
5868460	5871540	You can't cease to exist, so what are you worried about?
5871800	5877800	And it sounds like non-existence, at least in your case, seemed pretty loving and gentle.
5877840	5887760	Well, the other problem involved here is the fact that you become extremely depressed.
5888220	5896340	it being here really not there oh yeah and that happened with you yeah i was for six months
5896340	5903660	i thought of probably 15 ways of taking my life really yeah isn't it comforting though knowing
5903660	5908200	oh it's very comforting that's always kind of the backdrop like that's not how you think about it
5908200	5914980	you think about i'm stuck in this primitive backwoods back alley back yeah you know regressive
5914980	5917720	Yeah, regressive place where nobody understands.
5918280	5918640	Yeah.
5918880	5920400	So you don't want to be here anymore.
5920720	5927900	And so one night, I'm asleep, and I was awake in the middle of the night
5927900	5934400	by an entity that snatched me out of my body and speech slapped the crap out of me.
5934520	5934860	Really?
5935240	5936260	With words.
5936560	5937480	What did it say?
5937540	5942020	What the entity was saying, and I couldn't tell if it was male, female, or what it was.
5942020	5944160	It was saying, what are you, that stupid?
5944980	5949560	You know what's going to happen when you do eventually die.
5950520	5957260	Why aren't you enjoying this place, using this place, teaching people in this place?
5957500	5960240	Seems like a pretty good entity giving you some tough love.
5960300	5962160	He was trying to get me to wake up.
5962320	5965300	Any visuals on the entity or just felt like a voice?
5965740	5967140	No, just an unbodied voice.
5968060	5971660	And me trying to argue and getting slapped down for it.
5971700	5971960	Wow.
5971960	5972240	Wow.
5972460	5976800	And so when I woke up that morning, I was like totally different.
5977060	5977500	Wow.
5977740	5978960	It was like, oh, yeah, okay.
5979200	5980340	I don't care anymore.
5980600	5980920	Yeah.
5981040	5986120	So everywhere I went, I did my job best I could.
5986480	6000260	I did my job usually alone until I met this colonel who said when they consolidated all the intelligence people into one place in Augsburg, Germany,
6001960	6008960	square foot building, I met this one colonel and he said, I need somebody who really understands
6008960	6016560	physical security. And I said, I'm your guy. And he said, um, I'm going to send you to this place
6016560	6025060	and I want you to test it. So I was matched up with another guy. Um, and he and I, I'm not going
6025060	6030920	to say his name because I don't think it's fair without asking him, but he and I broke in to this
6031960	6032220	facility.
6034060	6035320	What was the facility?
6035600	6037780	It's a consolidated intelligence
6037780	6039040	place. It had
6039040	6041860	German equivalent to the CIA, French
6041860	6044000	equivalent to the CIA, British equivalent
6044000	6045620	to the CIA, our CIA,
6046760	6047940	Army, Navy,
6048140	6049720	Air Force, everybody
6049720	6051220	was in this building
6051220	6054200	in Europe. Really? It was a consolidated
6054200	6055860	headquarters. It's like a UN
6055860	6058120	of intelligence. Yeah, kind of like that.
6058320	6059280	Can you say what country it was in?
6059500	6061620	It was in Germany. It was in Augsburg, Germany.
6061960	6062140	Yeah.
6062360	6064780	So I was there.
6066400	6067780	We broke in.
6067920	6071620	I was the detractor.
6071660	6074280	I was the guy who got caught going over the fence.
6074760	6077340	What they didn't know was while they were capturing me,
6077420	6078940	he was going over the other fence.
6079820	6080380	Okay.
6080740	6083220	So I got hauled in.
6083480	6088540	The MPs are very unrelenting when they capture somebody like that
6089500	6093780	because I had to wait for exactly an hour
6093780	6095660	watching a clock on the wall
6095660	6099040	while they were trying to get me to tell them who I was,
6099040	6100620	where I was from, what I was doing.
6101320	6104080	And I just resisted until that time.
6104100	6106820	And at that time, I identified myself and said,
6106860	6108000	bring your commander in here
6108000	6109920	because you guys have been screwing up big time.
6110220	6112760	But why were you assigned to this in the first place?
6112780	6114400	They were testing the security of the building.
6114480	6115280	So there's a red team in.
6115400	6115880	Yeah.
6115880	6116020	Yeah.
6116040	6116240	Yeah.
6116300	6118940	So they're testing vulnerabilities to strengthen them.
6118940	6126180	So the guy came in and he realized who I was and he was very upset because he got written up.
6126240	6131060	Because that's when I told him, my partner's been in your building for over an hour.
6131440	6136840	And he planted these cards, clip-on cards, said bomb all over the building.
6137760	6139500	And they didn't stop him.
6139560	6140560	They didn't question him.
6140680	6141440	They didn't do anything.
6141560	6143020	He was going in and out of places.
6143300	6145540	And he was wearing somebody else's badge.
6145880	6146600	took off their coat.
6148220	6148740	Jesus.
6149860	6153300	So the security was obviously lax.
6153800	6155380	For a facility housing.
6156020	6157880	That's when we got moved in there,
6157960	6160720	and we were physical security for the building from then on.
6160840	6161160	Okay.
6161460	6163880	And there were a lot of weaknesses,
6164120	6166600	and we toughened it up,
6166680	6170720	and we found out there were three people going in and out with fake badges.
6170960	6171360	Wow.
6171580	6174640	And, I mean, it was terrible.
6175940	6178840	but this commander kept getting written up,
6179600	6182580	and so he really didn't like me much.
6183560	6188660	And so I spent a long time overseas working in these things.
6189200	6191120	So when I finally came back,
6192300	6196320	the general ordered me back to the headquarters,
6197100	6200180	and I'd always said, no, I'm not going back to the headquarters.
6200400	6201900	That's a bunch of paper pushers.
6202320	6205080	I've been doing a real job overseas all this time.
6206440	6209380	so I called this friend of mine in the Pentagon.
6209480	6211200	I said, can you get me reassigned?
6212360	6215220	He said, let me check, and he came back,
6215260	6217420	and he said, man, you're in trouble.
6217600	6219660	You go into the headquarters, and I said,
6219720	6221380	no, I don't want to go to the headquarters.
6221680	6222580	Give me something else.
6222620	6223620	I don't care what it is.
6224260	6225660	He said, I can't.
6225940	6227600	This is like a three-star.
6227860	6230760	He's saying, you're coming to my headquarters,
6231080	6232640	and I'll have a choice here.
6233280	6240700	so I said what's my A-Lat and D-Lat scores that's your scores for competence with a language
6241480	6247460	oh you match those I said oh that's great so now I'm qualified for any language on the planet
6247460	6255200	so I said what's the highest language need in the U.S. Army he's a Chinese Mandarin I said okay
6255200	6258240	okay, I want to learn to read it, write it, and speak it.
6259780	6263100	Holy cow, man, that's two years at Monterey immersed.
6263540	6265440	And I said, I'll take it.
6266140	6267900	So he cut me orders from Monterey.
6267900	6270920	And Monterey is the CIA language school, right?
6270920	6272140	It's not just CIA.
6272360	6273560	It's all the military.
6273820	6276700	Everybody in the government needs to speak a language fluently.
6277920	6282660	It's two years and two months there for Mandarin to read it, write it, speak it.
6283280	6286740	and the day you start, you can no longer use English.
6287940	6288800	That's how you learn.
6290800	6292740	So I got there on a Saturday.
6294480	6299360	I was unpacking my bags, and the orderly came in and said,
6299500	6301820	there's some general on the phone wants to talk to you.
6302360	6306240	Okay, so I went down to the orderly room, and I answered the phone,
6306340	6307840	and he said, do you know who I am?
6307980	6309680	He told me his name, and I said, no.
6311560	6313620	his name was General Roya
6315900	6317460	why aren't you at my headquarters
6318300	6319340	and I said
6319340	6320780	oh well
6321560	6324060	the army decided they need me
6324060	6325160	to speak Mandarin
6327060	6327640	bullshit
6327640	6330300	you will be in my office
6330300	6332300	9 o'clock Monday morning
6332300	6333520	in full dress uniform
6334300	6336220	and don't let the screen door
6336220	6337080	hit you in the butt
6338120	6339380	slam the phone down
6340200	6346340	now that's on the phone receiver the orderly all across the room said that sounded like an order
6346340	6355060	to me you could hear it everywhere and so i packed my bags and went to that course so when i got
6355060	6360320	there they put me in uh officer's course which i couldn't understand because i was in e7 sergeant
6360320	6367420	first class monday morning i showed up in his office reported as i was supposed to at nine
6367420	6368280	nine o'clock in the morning.
6369340	6372360	And all these people came in the office,
6372400	6377260	and he said, I'm going to make you a warrant officer.
6377560	6379100	I went, wow.
6379880	6381900	Because I was always complaining
6381900	6384440	because I could never get my warrant packet out the door.
6385080	6386640	Well, he made that decision.
6386860	6390180	So they pinned warrant bars on me,
6390200	6391860	and he said, I'm putting you in charge
6391860	6395160	of your military occupation, especially for the world.
6396300	6399100	and I said, I can't do the job.
6399320	6400240	And he said, what?
6400440	6401920	And I said, I can't do the job.
6402020	6403920	There's 28 chief warrant officers
6404740	6407060	that will be working for a warrant officer.
6407720	6409180	They're not going to do what I tell them.
6410220	6412660	You know, there's a year of probation as a warrant officer.
6413580	6416100	He said, he turned to his secretary, he says,
6416220	6417440	can I promote him?
6417640	6419620	He said, you can do anything you want, General.
6420100	6421820	He said, take those pins off.
6422060	6424380	He made me a chief warrant right there.
6424480	6424860	Wow.
6425160	6430800	so he says, I can't get them to do what you tell them.
6430820	6433460	That's up to you, but you're in charge.
6433560	6435420	Your desk is in the office above mine.
6436400	6441620	So that's where I was working when he found out that he had,
6441760	6446980	I think, this thing called Condola Wish starting at Fort Meade,
6447600	6450380	and he was nervous about it because he didn't understand it.
6451320	6453500	He called it a hinky project.
6455160	6461320	He said, I want you to go to Stanford Research Institute
6461320	6463700	and find out all you can about it,
6464440	6465560	and then come back and brief me.
6466300	6469900	And that's when I went and did these six remote viewings.
6470260	6470700	Interesting.
6471000	6471440	Yeah.
6471500	6475080	So you were almost doing it on behalf of this general.
6475080	6476400	Yeah, I was just collecting information.
6476460	6477560	You were collecting information,
6477780	6479820	and then you ended up actually a part of the program.
6480140	6481980	And then when I came back, he said,
6481980	6485420	I went down to his office and my desk was empty.
6485580	6485800	Yeah.
6485860	6486880	All my stuff was gone.
6487040	6487300	Yeah.
6487500	6488280	I said, what happened?
6488820	6493880	He said, I'm going to have to assign you to Fort Meade for this project.
6494020	6494200	Wow.
6494760	6497660	And I was like, oh, please don't do that.
6497900	6498100	Mm-hmm.
6499580	6502740	Joe, what happened on Mars a million years ago?
6502880	6504060	What did it look like?
6504060	6505600	Set the scene for us.
6505600	6522200	Well, going back to that, DOD decided, since I had spontaneous out-of-bodies, that I should try to learn how to control them to see whether I could collect intelligence doing that too.
6522960	6529200	So they hired Bob Monroe to help me with that because he's the guy, journeys out-of-the-body guy.
6530000	6531980	So they actually paid him to train me.
6531980	6539780	so every thursday night i would leave right after i finished the remote viewings i would drive them
6539780	6550140	down to the institute here in this town and uh crash i get there about 11 and then early in the
6550140	6556040	morning on friday i would start working in the lab with bob we worked there friday saturday sunday
6556820	6562480	and I go to bed Sunday night and I get up at 4 a.m. or whatever and drive back for me to do
6562480	6570100	remote viewing. So I did that for a long time, many months. And so I was being trained in that
6570100	6576940	when I was taking a nap. It was a Saturday evening. I'd been working for two days with Bob,
6577100	6584740	so I was tired. So he was doing some kind of work in the lab and I was taking a nap in the
6586080	6587480	chamber we have in the lab.
6589160	6590680	And he woke me up.
6590700	6592660	He said, I have some people here from DOD.
6593440	6594600	They brought a target.
6594800	6596220	And I said, oh, really?
6596400	6599580	He said, yeah, I have the envelope in my shirt pocket.
6600080	6601640	They gave him a sealed envelope.
6601660	6603280	He folded it over and put it in his shirt pocket.
6604020	6606600	And I have a card here with GPS locations.
6607100	6609440	So I'll read them to you, and you tell me what's there.
6610600	6615600	So the first GPS location he read was a huge pyramid.
6616800	6620420	and I said, right away, I said, this must be a new discovery,
6620980	6622060	because it's huge.
6622140	6624000	It's way bigger than the one at Giza,
6624720	6627100	and it's got monster rooms inside,
6627280	6630240	which is not making any sense to me at all.
6631840	6632520	That's okay.
6632580	6633960	Just report on what you're seeing.
6634160	6635180	So I did that.
6635880	6638960	So I went through six of the seven targets,
6640240	6642560	and whatever was there, I described it,
6643120	6645520	and it turns out everything I described was there.
6646580	6649360	and I came out of there.
6649460	6653220	I couldn't do the seventh because I was exhausted, so I stopped.
6654420	6659060	And at the end, I started getting an image of human beings
6659940	6665520	that were trapped in a place where the atmosphere was turning bad.
6666400	6669160	I couldn't figure that out, so I said to Bob, I said,
6669920	6671400	the sun looks really weird.
6672200	6674980	He said, I don't care about the sun.
6676040	6677020	tell me what's going on.
6677800	6681800	So I said, evidently there's some kind of calamity here.
6681960	6684120	So I started thinking maybe this is a future target.
6684320	6684940	I didn't know.
6686600	6688700	But the whole time I thought I was on Earth
6688700	6689800	and it was a new discovery.
6691220	6693380	And so I came out of there and I said,
6693460	6697700	it's obvious that these people are dying for some reason,
6697800	6698860	but they're human.
6699320	6700860	They're just really big people.
6701000	6704000	They're like twice our size, 12 feet tall.
6704000	6713140	but they're just like us and they're dying and these pyramidal places are like hibernation
6713140	6722240	chambers they're trying to survive until somebody comes to save them and uh he says what is this
6722240	6729060	target it's just like a new discovery or something and the guy from dod said bob monroe has the
6729060	6734300	a target in his pocket. So I pulled it out of my shirt pocket, opened it up, and it said Mars,
6734400	6743640	1 million BC, which made me angry. And I'll tell you why. I hate doing a target where I cannot
6743640	6752980	prove ground truth, because then I don't know if it's real or I'm inventing it. It doesn't do me
6752980	6760300	any good and I can't actually sit there and say this is exactly 100% correct.
6760460	6761140	It's unfalsifiable.
6761480	6764140	Yeah, unfalsifiable but unprovable.
6766020	6767880	So it made me angry.
6768020	6769120	So I said, give me the card.
6769200	6771460	I took the card and the envelope and put it in my shirt pocket.
6772500	6779420	I said the next time I'm at JPL, Jeff Repulsion Lab in California, I'm going to find out whether
6779420	6783520	they have negatives of these locations and get them.
6784520	6787520	And Bob said, I'll never give that to you.
6787680	6789820	And I said, they damn well better
6789820	6793660	because we pay for all those pictures with our taxes.
6793960	6796600	They can't classify those pictures
6796600	6797620	because they're in space.
6799700	6801740	So next time I was in California,
6802620	6805840	I went to JPL and they have a big counter
6805840	6808120	where you go in and buy pictures of space.
6809420	6812040	So I went up to the counter and the guy said, how can I help you?
6812100	6815000	And I said, I have this card here and I hand it to him.
6815460	6823240	And he looked at it and I said, I'd like to see the four by four negatives for those locations on that card.
6823720	6826980	And he went, oh, this is the old city on Mars.
6827320	6829900	He turned around and pulled a drawer open and gave me a packet.
6830000	6832040	Add all the negatives inside.
6833240	6835140	So they're in my book, Mind Track.
6835400	6835840	Wow.
6836020	6836280	Yeah.
6836380	6837900	So what do the negatives show?
6839420	6839980	I described.
6840360	6841320	It shows pyramids?
6841480	6842600	It shows a big pyramid.
6842680	6844820	It shows an old fort.
6844960	6845960	It shows a wall
6845960	6846800	that's collapsed.
6846800	6847120	On Mars?
6847720	6848160	Yeah.
6848340	6849240	Can I see them?
6850320	6850620	Yeah.
6850980	6852300	I'll get a copy
6852300	6853080	of my book downstairs
6853080	6853700	and bring it up
6853700	6854360	and show it to you.
6854560	6855100	I mean...
6855100	6856720	Wow, that's amazing.
6857160	6858560	That's not the coolest thing.
6858740	6859900	That's so cool, though.
6859940	6860500	You're saying that
6860500	6861820	you remote-viewed a pyramid
6861820	6863480	on Mars a million years ago
6863480	6864020	and we found...
6864020	6865320	How do we have imagery
6865320	6865680	of that?
6866220	6867760	Oh, they're mapping Mars.
6868540	6868980	Yeah.
6869420	6870820	But that's not the coolest thing.
6870860	6874660	So it's negative images of those locations now on Mars.
6874780	6874940	Yeah.
6874980	6877140	And you can see the pyramids.
6877760	6879220	They're heavily worn.
6879360	6882040	There's just much damage to them.
6882120	6884020	But it's clear they're pyramids.
6884160	6884520	Yeah.
6884840	6888020	That, like, look like they were man-made.
6888140	6888320	Yeah.
6888380	6889280	In fact—
6889280	6891060	Why do they look like they're man-made?
6891100	6893560	Well, I'll give you the reason why I know they're man-made.
6894260	6895580	There's an impact crater.
6895580	6902440	And on the side of the impact crater is a triangular piece of land that obviously has been constructed there.
6903120	6905780	And in the center of that is a four-sided pyramid.
6906560	6907940	Now, here's the cool part.
6908800	6913280	You know the place of the camera, which is circling Mars.
6913460	6915940	You know exactly where it is when I took that picture.
6916640	6918680	You know where the sun is in relationship.
6919420	6924760	So you know by the shadow, you can compute the size of the impact crater.
6925580	6928380	and its sides by the shadow of the sides.
6929280	6933020	The side shadow in this particular case was a quarter of an inch.
6933420	6936820	That quarter of an inch represents about 3,000 feet.
6937280	6940360	So the impact crater walls are 3,000 feet high.
6941420	6945060	That four-sided pyramid on that little triangle piece of land
6945060	6950360	on the edge of the impact crater has got a shadow 2 1⁄2 inches long.
6951200	6953000	Now tell me how tall that is.
6953580	6954780	That's not a pyramid.
6954800	6955800	That's a shard.
6956460	6958460	And it's thousands of feet tall.
6959280	6963060	And I actually asked the guy at JPL.
6963300	6965340	I went many times at JPL.
6965600	6967680	I said, what the hell is that?
6968160	6969480	He goes, I don't know.
6970060	6971900	Best guess is it grew there.
6972860	6974420	And I said, you're out your mind.
6974860	6979480	If it was an impact crater that occurred after it was there,
6980320	6981060	it would have blown it away.
6981360	6982100	I think it was from an hour.
6983000	6984500	after the impact crater.
6984860	6988160	The shard was put there after the impact crater.
6988240	6988800	By who?
6989060	6989640	Right.
6990940	6991520	What?
6991860	6992280	Exactly.
6992920	6995680	And what would the, I'm even trying to think of like
6995680	6997860	what the purpose of the shard would be.
6998920	6999640	Don't know.
6999880	7001100	That's fascinating.
7001460	7002700	Do you have images of that?
7002960	7003180	Yeah.
7003220	7004680	But here's the thing.
7004840	7005900	This is awesome.
7005900	7013540	I went out of my way to get a hold of other negatives.
7014020	7017820	And each negative is probably 50 by 50 miles on Mars.
7018440	7025600	So you have to look at that negative over a long period of time, line by line by line.
7026900	7032900	I have probably somewhere in the neighborhood of 60-something photographs of things on Mars
7032900	7035340	that are clearly alien.
7035960	7038180	Really? Like what else?
7040000	7047000	Okay, before we look at the evidence that Joe has, let's set the scene here on the possibilities of life on Mars.
7047180	7050220	A question with a long history and numerous theories.
7050560	7059120	More than a hundred years ago, American astronomer Percival Lowell suggested that certain features that were being observed on Mars were not natural.
7059120	7064400	Back then, in the late 19th century, the idea that Mars had seasons, vegetation, flowing
7064400	7067460	water, even large rivers, was kind of popular.
7067640	7070400	We had to speculate because we had no way of knowing otherwise.
7070820	7075940	A lot of this speculation was fueled by dark areas and irregular looking patterns observed
7075940	7076700	on Mars.
7076960	7082380	But Lowell went as far as to claim that parts of these dark areas and patterns were purposefully
7082380	7085740	built irrigation systems designed by a Martian civilization.
7085740	7093540	civilization. These theories were contested well into the 20th century, but the question of trees, lakes, and Martians was eventually put to rest
7093540	7097980	when the Mariner 4 space probe photographed the planet up close in 1965.
7098700	7103240	These photos revealed an inactive planet, barren and apparently lifeless.
7103460	7110260	Although, there seemed to be clear evidence of water having existed in the past, with extinct riverbeds and basin-like
7110260	7115380	formations. And therefore the question remained, if there was no sign of life currently visible
7115380	7120700	on the planet today, could it still have existed in the past? Perhaps due to the presence of a
7120700	7125980	technologically advanced civilization. In the mid-1970s, the Viking orbiters sent back an
7125980	7131260	image that caused quite a stir. A mile-long structure that resembled a human face staring
7131260	7137640	out into space. The infamous Face on Mars. This structure provoked a lot of speculation for more
7137640	7142700	than 20 years. But eventually, higher resolution images seemingly put that question to bed,
7142900	7148280	at least for most. The established narrative was that this was all just a case of pareidolia,
7148560	7152780	the same psychological effect that makes us see familiar shapes in the clouds,
7152960	7157700	nothing but some shadows and angles of light. Questioning this interpretation became synonymous
7157700	7163400	with quackery and conspiracy. The region of Mars that the face is located on is called Sidonia.
7163400	7171980	Some researchers believe that the face is just one part of a larger set of structures in this region that also demonstrate unnatural features,
7172240	7180700	perhaps even displaying specific design characteristics that suggest geometric patterns and intentional positioning, like stellar alignments.
7180840	7188380	They claim that Cydonia contains multiple pyramids, basically the remnants of a city, all eroded over millennia.
7188380	7195840	These formations appear to be aligned in highly unlikely ways, raising the question of whether their placement is entirely random.
7196060	7197960	But it wasn't just the region of Cydonia.
7198180	7208440	In the Elysium area, at the north, probes photographed huge pyramids, some 500 meters high, some with four sides, just like the Great Pyramids of Giza.
7208640	7213760	And near Mars' south pole, Mariner 9 took pictures of what looked like ancient ruins.
7213760	7218620	These ancient ruins were even informally dubbed by their team as the Incan City.
7218880	7223420	Elsewhere, vast areas of monolithic structures, tunnels, even other faces,
7223740	7227920	seem to defy explanations that they came from only natural processes.
7228320	7234340	To be clear, I'm not at all denying that many of these features could just be explained by basic Mars geology.
7234760	7236080	But take this thought experiment.
7236400	7241920	If similar structures and patterns were imaged on Earth using modern techniques like LIDAR mapping,
7243760	7246460	and made origins wouldn't be so controversial at all.
7246620	7249780	So why does the same conversation seem totally off limits
7249780	7250940	when it comes to Mars?
7251260	7253020	What if these structures are ancient?
7253200	7256240	What if they're millions, even billions of years old?
7256500	7257760	This raises another question.
7258000	7259640	Are we seeing all the data?
7259820	7262080	We must trust that organizations like NASA
7262080	7264680	are sharing these images and data transparently.
7264860	7266700	But this has been questioned in the past.
7266940	7268780	For instance, Stanley McDaniel,
7268980	7271620	a professor emeritus at Sonoma State University,
7271620	7276600	University, wrote a 200-page book about NASA's failure to properly investigate the structures
7276600	7279860	on Mars, and questioning why that was the case.
7280120	7284860	Richard Hoagland made similar claims in, admittedly, his very controversial book, Dark Mission,
7285140	7286400	The Secret History of NASA.
7286700	7289640	Which brings us to the most recent chapter in this story.
7289920	7296060	In 2001, the Mars Global Surveyor captured an image that has only just made its way onto
7296060	7300140	the mainstream, causing a stir on X and gaining some high-profile attention.
7301620	7304300	shows a square structure with clear right angles,
7304460	7307040	possibly spanning several kilometers per side.
7307320	7309660	The geometry suggests a high potential
7309660	7311920	that this could be an engineered structure.
7312280	7314740	Of course, the square on Mars is being explained away
7314740	7317160	by skeptics as a natural geological structure,
7317320	7320460	and it might be, but the point really is that we don't know.
7320680	7323160	Moreover, we've only imaged a tiny fraction
7323160	7325700	of the Martian surface in significant detail,
7325880	7329040	and we've physically explored only very small portions
7329040	7330660	through robotic envoys.
7330800	7332840	So we don't know what we don't know.
7333060	7334400	And yet, despite this,
7334540	7337080	the idea that there could be artificial structures on Mars
7337080	7338740	is given no credence at all.
7339000	7339840	Now, here's the thing.
7339940	7341620	If you suggest that life could exist
7341620	7344120	in some basic microscopic form on Mars,
7344300	7346420	even right now, perhaps under the surface
7346420	7348500	or in some particular unexplored zone,
7348780	7351360	I think that even the professional skeptic
7351360	7353040	would accept that as a possibility.
7353380	7355960	Even President Trump openly floated the idea
7355960	7358220	that life once existed or still exists
7359040	7359360	planet.
7359520	7363880	There's no reason not to think that Mars and all these planets don't have life, you
7363880	7364020	know.
7364160	7367740	And there is plenty of evidence to suggest this to be a distinct possibility.
7368140	7373760	In 2003, methane was detected in the Martian atmosphere, an organic molecule usually seen
7373760	7374880	as a marker of life.
7375100	7380020	Its source is still debated, but it could be that microbial life exists somewhere below
7380020	7381120	the surface of Mars.
7381380	7385640	In 2015, researchers stunned the world when they claimed to have finally found definitive
7385640	7390440	evidence of salty liquid water flowing on the surface of Mars in the summer months.
7390640	7394900	Moving water has long been considered a crucial marker for the possibility of
7394900	7399140	evolution to occur like it did on Earth. Another presumption was that life could
7399140	7402920	not have survived on the surface of Mars because it's always lacked a global
7402920	7407260	magnetic field or a magnetosphere. However, in the last couple of decades
7407260	7411540	evidence has been gathered to suggest that Mars did have this protective layer
7411540	7415440	layer, and it was probably stripped away sometime in the distant past.
7415780	7420100	This means that there could have been a long period of time where Mars had rivers, lakes,
7420280	7424500	perhaps even oceans, all protected by a functioning magnetosphere.
7424780	7428440	We've even got our hands on physical evidence for Mars to investigate.
7428720	7432940	In 1984, scientists found a Martian meteorite in Antarctica.
7433360	7436820	It was codenamed ALH 84001.
7436820	7442460	When the meteorite was examined, they discovered microscopic structures that resembled fossilized
7442460	7442880	bacteria.
7443440	7448080	The discovery even prompted President Clinton to make an official televised announcement
7448080	7451100	on the possible discovery of life on Mars.
7451180	7458580	Today, rock 84001 speaks to us across all those billions of years and millions of miles.
7458940	7461780	It speaks of the possibility of life.
7461780	7466660	So from this fascinating but orthodox scientific viewpoint, we can look at numerous pieces
7466660	7470320	of evidence, even the evidence of what you see around you on Earth.
7470540	7475940	That if life is possible on Mars even today, the likelihood that it could produce complex,
7476020	7481760	even technologically capable life forms in the past should not really be that controversial,
7482080	7486740	especially when we consider how much more there is to find out about our most similar
7486740	7487780	solar neighbor.
7487780	7492220	But on the other side of the spectrum of orthodox theories and controversy, there have been
7492220	7493640	some more interesting claims.
7493980	7498960	For instance, in 2020, Haim Eshed, the head of Israel's space program for nearly 30
7498960	7504200	years and three-time recipient of the Israel Security Award, made a shocking statement.
7504400	7509660	He claimed that the United States and other nations have had direct contact with a galactic
7509660	7515100	federation, some kind of coalition of alien races that have interacted with us for years.
7515100	7520100	According to Eshed, these beings have instructed governments not to disclose knowledge of this
7520100	7524200	to the rest of the population yet because they want to avoid mass hysteria.
7524360	7529560	He went even further however, suggesting that American astronauts are actually working alongside
7529560	7533020	these extraterrestrials in an underground base on Mars.
7533320	7539080	Now of course, we can't confirm or deny this, but those interested in ufology will
7539080	7543160	know that this isn't the first time that claims of meetings or secret treaties with
7545100	7549720	Something slightly more grounded is a theory suggested by researchers like Graham Hancock.
7549940	7556160	He states in The Mars Mystery that there could be some connection between the symbolism of these eroded monoliths
7556160	7559940	in a place like Cydonia and the ancient civilizations of Earth.
7560220	7564000	At this point, who knows? There are a lot of possibilities on the table.
7564160	7570540	Even the question of what happened to Mars to create this seemingly lifeless place is full of fascinating theories.
7570540	7576380	Over the last decade or so, Dr. John Brandenburg, a plasma physicist and propulsion scientist,
7576700	7582300	has found evidence to support his hypothesis that planetary-wide catastrophic events may
7582300	7583700	have occurred on Mars.
7584020	7589960	His theory suggests that high concentrations of particular elements created only via rapid
7589960	7596280	processes like in thermonuclear explosions may have been caused by a nuclear war on Mars.
7596280	7599500	Perhaps a lesson for us here, but also maybe the reason
7599500	7601260	we are only able to see the remnants
7601260	7603100	of our neighbor's lost civilization,
7603460	7604820	if it existed at all.
7605000	7606380	But here's something to ponder.
7606580	7608160	When our guest, Joe McMoneagle,
7608240	7610040	was tasked with remote viewing Mars,
7610220	7612580	the coordinates and time period were chosen for him.
7612860	7615920	The full transcript of the session has been declassified.
7615980	7617260	You can read it for yourself.
7617580	7618860	Now you have to ask yourself,
7619140	7620820	was this just a random exercise?
7621240	7623600	Or were those specific geographic coordinates
7623600	7625240	already known to be significant?
7626280	7631260	parties who requested the information that had provided the coordinates to the top remote viewer
7631260	7636140	in the country. It seems we will always have questions about Mars until we get there to see
7636140	7641200	it for ourselves. Because for as long as humans have watched this bright red wanderer move across
7641200	7646160	the night sky, they've always asked themselves, what's happening there? Maybe there's a reason
7646160	7652080	we keep being drawn to it. Because something else is going on. Or it was going on in the past.
7652080	7653940	This is a bone on Mars.
7654120	7654520	Okay.
7655040	7656160	That's on Mars?
7656480	7657260	That's on Mars.
7657520	7658360	That's a bone.
7658720	7659240	What?
7659780	7660300	Yeah.
7661160	7662380	Certainly in a stone.
7662660	7664340	That does not look like a stone.
7664420	7665740	And you got these from JPL?
7666020	7666540	Yeah.
7666860	7667380	Really?
7667620	7672000	Come right off a negative of Mars in their mapping series.
7672280	7673600	See these little buildings?
7674300	7675940	One there, one there.
7676700	7677920	Here's three in a row.
7678480	7679000	Buildings?
7679000	7679460	Yeah.
7679500	7680460	This is on Mars.
7680600	7681740	Here's a building over here.
7682080	7685020	Is it a picture from a rover or is it a picture from a telescope?
7685460	7687480	It's a picture from a mapping.
7687900	7689180	Here's a curly cue.
7690540	7694960	It's a picture from a mapping satellite.
7695060	7697760	That's a satellite making maps of Mars.
7698060	7698440	Wow.
7698720	7702960	That is a non-natural edge.
7703660	7707060	You don't get a 30-mile edge like that.
7707820	7708480	Wow.
7708480	7709300	By nature.
7709720	7711080	That's a sheer cliff.
7712160	7713140	30 miles.
7713440	7714500	30 miles.
7715200	7717120	Now I'll show you where it comes from.
7718080	7719200	Ah, here it is.
7721900	7723140	That's that edge.
7724840	7726920	It's just a deep chasm.
7727820	7729980	That's a perfectly straight edge.
7730120	7736680	It comes out of right here and goes straight as an arrow all the way across and then fades into the ground there.
7737420	7743840	Here's a cavern, and it's got all this, like, wire stuff on the top.
7744080	7745740	So that's a subterranean cavern?
7745740	7747320	That's a subterranean cavern.
7747400	7749960	You cannot see into it, but it's very deep.
7750120	7750700	And there's wiring?
7751400	7752220	That's wiring.
7753380	7754840	Here's the interesting part.
7755820	7758760	When we first caught this on Mars,
7758940	7761040	there was a bright red light right here
7762620	7764680	that's gone out since we caught it.
7764740	7766300	I actually have a photo of the light.
7766680	7768040	What? What do you think?
7768100	7768760	Bright red light.
7768980	7769900	What do you think the light was?
7771420	7774120	Well, that almost implies that there's something there now.
7774500	7776260	Yeah. Let me show you something else.
7776300	7779040	So there are people at JPL who definitively think.
7779080	7779380	There you go.
7779660	7780520	Is that real?
7781160	7784040	That's real. That's three feet long and that big around.
7784440	7784920	That's.
7784920	7788880	And it's got buttons on it and a rotating thing there.
7788880	7790040	That was taken on Mars.
7790340	7792140	That's laying on Mars, man.
7792260	7795700	And if you sent that to like a NASA photo instrumentation specialist,
7796680	7801680	They'd say, what they'd do is they'd say, bullshit, that's not off of Mars.
7801860	7802760	Well, I have the negative.
7803180	7804260	You have the negative.
7804380	7804500	Yeah.
7804920	7807100	So they can say whatever the hell they want.
7807140	7808820	And you can back it up with these JPL guys.
7809120	7809260	Yeah.
7809640	7810080	Wow.
7810980	7812920	So I will send you that.
7813180	7813840	Thank you.
7813960	7816620	Okay, and I'll send you something else very similar.
7816920	7818960	Joe, I appreciate it, man.
7818980	7819540	This is amazing.
7819860	7820440	Not a problem.
7820680	7823060	So JPL is just sitting on these.
7823320	7825220	Yeah, but you've got to understand something.
7825500	7825940	Uh-uh.
7826900	7831960	you got to know exactly what negative you're asking for to get the picture.
7832300	7834080	Why would they hide this information?
7834080	7835020	They're not hiding it.
7835080	7836760	They're just not talking about it.
7838800	7841900	But it's so mind-blowing and important.
7842280	7845360	I mean, the other interesting thing, I'm just thinking as you're saying all this,
7845460	7848340	is that it's been hypothesized even by conventional science
7848340	7852520	that at one point habitable life existed on Mars
7852520	7855640	and it was stripped of its magnetosphere maybe due to an asteroid impact.
7855640	7856440	Because it was moved.
7856680	7865200	something passed through our solar system and took inner area planets
7865200	7868840	and moved them to outer areas, outer rim.
7869040	7872360	And outer rim planets were moved to inner rim.
7872620	7874540	What do you think moved through our solar system?
7874560	7882080	Some big object passed through our solar system that did that with its gravity field.
7882320	7882720	Yeah.
7882860	7882980	Okay.
7882980	7887060	It probably stripped the atmosphere of Mars at the same time.
7887260	7889020	It's impossible to know now.
7889580	7895900	It could be a wild planet out there doing an elliptical orbit that takes 20,000 years.
7896200	7899420	Any other alien artifacts that you saw in these negatives?
7899580	7899860	Sure.
7900020	7900740	What else?
7901880	7904700	I'm not going to go there because this is all going in a book.
7905080	7906760	But I got to tell you this.
7908440	7911960	In my opinion, this is just my opinion.
7912980	7917700	I think sufficient evidence exists that we, in fact, might be aliens.
7918140	7919700	And what is that evidence?
7920040	7922300	That evidence is the way we treat our planet.
7923520	7924420	Not well.
7924580	7927660	All we do is take, take, take, take.
7927960	7933940	We're the only animals on this planet that has no respect for our nest.
7934240	7936380	So you think we were imported here?
7936680	7939280	I think this is where we came, maybe, from Mars.
7939280	7948040	So maybe some remnant survivors of that cataclysm or something, or explorers, maybe before the cataclysm came here?
7948140	7964940	I think there were people that got stuck on Mars and tried to survive by hibernating. I think elements of people on Mars went all different directions looking for help or another place they could go, and I think some of the people wound up here.
7964940	7974800	now what happens when you jump to another planet you leave all your industry behind
7974800	7979420	so the only thing you have that's advanced technology is the ship
7979420	7986500	hmm you cannibalize the ship till you've you've used every single part on it for something
7986500	7992880	When you run out of that, you slowly devolve back to sticks and stones.
7993300	7998280	And the reason why is you can't just build a manufacturing plant.
7998840	8011240	You have to start at the very base, work your way forward, develop leisure time, all the skill sets necessary, and go through all the steps to eventually build a manufacturing plant.
8011460	8016060	You wrote a fantastic book that I recommend everybody read called The Ultimate Time Machine.
8017520	8021980	you hypothesize something very interesting about how the pyramids of Giza were built,
8022080	8027260	which is a subject of endless speculation because people don't think that with prosaic,
8027260	8032060	conventional, you know, civil engineering techniques, we can actually build the pyramids.
8032080	8032760	So what do you think?
8033020	8036380	We might have poured the stones, mixed them and poured them.
8036560	8038340	What does that mean, poured the stones?
8039140	8044260	Over a long period of time, concrete turns to stone.
8045080	8053300	when they build a skyscraper or a house with poured concrete the first 25 years you live in a house
8053300	8060400	that concrete is not hard it's hardening it takes a hundred years for concrete to harden completely
8061280	8064900	once it hardens it then starts converting to stone
8066900	8070720	10,000, 20,000 years later, it's rock.
8071000	8073620	And if you test it, it's rock.
8073940	8077600	And you may say, that looks an awful lot like granite.
8078520	8083660	But it may be that it was actually mixed and poured at the time it was set.
8084180	8084740	Okay.
8085080	8091300	So there are places where the stones look like pillows that were put in place.
8091300	8102120	They wrap around other deformations and look like they literally were made out of clay and put in place and then got hardened.
8102220	8104660	So that implies, yeah, hardening process, basically.
8105040	8105880	That's fascinating.
8105920	8109860	It would explain the megatonnage because you can't really carry that in solid form.
8110340	8112180	Well, there may be ways you can.
8112460	8112900	Sure.
8113100	8113500	So.
8113500	8121340	Well, that was the other thing you said in that book, is that there was water that allowed for the transport of these larger—
8121340	8123300	What I said was they built reed boats.
8123640	8124000	Uh-huh.
8124160	8133620	They actually harvested the stone up the Nile where the quarries are, loaded the stones in the boats, and brought them down.
8133860	8138880	And where the pyramid is, they dammed it and just flooded that whole area.
8138880	8141420	and as the water level came up,
8141440	8144080	they rolled the stones off the boats in place.
8144300	8145060	Yeah, interesting.
8145480	8145740	Yeah.
8146080	8150100	I mean, what a sophisticated, amazing use of nature.
8150560	8151900	Yeah, why not?
8152140	8154280	And what do you think the purpose of the pyramid was?
8154380	8156180	This is also a subject of endless speculation.
8156180	8157400	I think it's a transmitter.
8158160	8158680	Okay.
8158880	8159200	Transmitter.
8159400	8159920	Of?
8160900	8163640	Whatever they want to, whoever they want to talk to.
8163820	8166360	You know, go back to the time of their creation
8166360	8167660	and figure out where they're pointed.
8169000	8176900	orion's belt before this last uh procession around the north star polaris uh it mapped fully to
8176900	8182260	orion's belt okay so this was i think around 10 600 bc is when it shifted and before that
8182260	8188520	uh you know yeah mapped to orion's belt which is always uh the place in across mythologies
8188520	8194780	and civilizations uh it's the place the souls would ascend through the the path of souls uh
8194780	8202160	That idea that on death, our soul makes a kind of leap up to the heavens and then makes a journey along the Milky Way.
8202680	8212000	And that that journey is full of challenges and difficulties on which we will be assessed for the use we made of the incredible gift of life.
8212540	8215760	That idea is found all over the world.
8216040	8216880	Supposedly, yeah.
8217100	8217840	Supposedly, yeah.
8217960	8219980	Maybe that's how we went back to Rheinsfeld.
8220260	8220820	Maybe.
8220980	8223140	It's a matter of us.
8223560	8224420	Oh, that's nice.
8224780	8230600	know yeah maybe they're sort of uh celestial ascent i can tell you there's ways of using
8231280	8238580	the uh chambers and things within the pyramid chemically to make emitters interesting you can
8238580	8244140	make a giant emitter of emitter of what everything from light to whatever you want to emit
8244140	8250440	frequency wise that's so fascinating have you ever remote viewed the crucifixion no
8250440	8256640	Yeah. I unfortunately cannot pick my targets because then I wouldn't know what I'm looking at.
8257200	8260940	So to be blind, it has to be somebody else picks my targets.
8261220	8264740	You've never gotten curious, though, and said like, okay, I have this pretty amazing skill.
8264740	8266060	Oh, I'm curious about a lot of stuff.
8266320	8269180	Yeah, but you want to stay disciplined about being tasked.
8269180	8272800	Yeah, if I'm going to do a remote viewing, it's got to be within protocol.
8273340	8279060	Have you ever been tasked with remote viewing any historical events that are religious in nature?
8280920	8288420	yes anything they weren't western religion they were something else like what um
8290420	8298800	i got i was targeted on sometimes temples and things in japan temples like shinto temples
8298800	8308360	no not shinto way before shinto like when uh back around 249 a.d there is a record in the royal
8308360	8312620	Royal Court of China, a woman named Himiko.
8312960	8317320	And Himiko exchanged ambassadors with the Royal Court of China.
8318120	8321120	She is the only female empress that ever existed.
8322060	8323960	She ruled for 76 years.
8325000	8326960	There's virtually no records of her.
8327620	8329700	And she ruled in peace.
8330600	8334600	She converted all Japan from hunting gathering,
8334600	8339000	for which the warlords constantly fought over territory
8339720	8341100	to the rice culture,
8341380	8343520	which locked them down to the land,
8344280	8345360	stopped all the warring.
8345760	8349500	So she was also a shaman.
8350280	8351240	She had her own temple.
8351280	8352100	Her mother did.
8352280	8353520	Her grandmother did.
8356220	8358980	She came from two of the most powerful families,
8359020	8361420	one on Kyushu Island
8361420	8364120	and one on the tip of the main island.
8364600	8365800	down south.
8367780	8370820	I was hired to do remote viewing,
8371120	8373680	and then we would go over to Japan
8373680	8376640	and look at the places I said things existed.
8377800	8380580	And we think, we believe,
8380680	8384400	that we found her summer palace,
8384620	8386660	her winter palace, her temple,
8386860	8389700	her mother's temple, and her burial mound.
8389880	8390200	Wow.
8390240	8393000	And why were you tasked with looking into this?
8394600	8396020	group in Japan.
8396720	8398400	They're mostly from Okinawa.
8400580	8402440	I'm not going to pronounce this correctly,
8402640	8404200	but it's called the Nohanai group.
8404420	8406340	And what they do is
8406340	8408520	they try to develop
8408520	8409880	proof of
8411140	8412420	mythology that's
8412420	8414300	recorded. Now, since
8414300	8416340	there's this short little line on her
8416340	8418520	in the Royal Court of China, they know
8418520	8419180	she existed.
8419860	8422420	They know that the Emperor of China
8422420	8423300	gave her
8424600	8427540	ghost mirrors, gave her a gold ring,
8427720	8429420	gave her some other gifts
8429420	8431520	and exchanged ambassadors with her.
8432140	8436080	But that's the only proof is that one line
8436080	8438720	written in the records of the Royal Court of China.
8439400	8443060	So everything else about her is a myth.
8443820	8447000	And what we did is we de-mythed it
8447000	8450980	by showing those things as belonging to her.
8451180	8453020	And did you do anything special about her?
8454600	8456860	She introduced the rice culture to Japan.
8457160	8461780	She consolidated all of what existed then and called it Japan.
8465940	8470760	She ensured that there were no wars fought between the warlords anymore.
8471420	8473480	All the warlords wanted to marry her.
8473540	8474780	She was absolutely gorgeous.
8475560	8481340	But she could read their minds, too, and she would just show up when they were planning to do something.
8481440	8481660	Wow.
8481700	8483380	And they always wondered, how did she know?
8483600	8484020	Wow.
8484600	8491780	of thing incredible i mean there's just so many things that she's known for and uh there was this
8491780	8499860	sudden change in japan at her time so there's about 70 years of total peace there where that
8499860	8507440	was allowed to happen your aforementioned colleague inga swan wrote a book called penetration yeah and
8507440	8512520	it's one of the weirdest books i've ever read in my life yeah where he talks about remote doing his
8512520	8513700	normal remote viewing work,
8513880	8518040	and then he is approached by a guy named Axelrod.
8518200	8520840	And it's a guy in a suit, and he's very mysterious.
8520880	8522060	He blindfolds Ingo.
8522200	8525100	Ingo goes to, you know, some deep underground location,
8526340	8528500	and they see a UFO together,
8528760	8532440	and then he's told to remote view the dark side of the moon,
8532560	8535400	and he sees an alien base on the dark side of the moon.
8535820	8538000	And then he says some really interesting,
8538080	8540060	he ends the book around theory,
8540060	8543760	And he says that there's space side and there's earth side.
8543960	8551140	And they're almost alien spaces and they're earthly, you know, man and woman spaces, human spaces.
8551780	8553720	And what do you make of all this?
8554480	8556340	Well, I knew Ingo really well.
8556740	8560560	And I will tell you that when he was writing a book, he always talked about it.
8560620	8567520	He would come into the lab and he would say, this is where I went the last couple of days.
8567520	8570860	this is how I'm writing and this is what I wrote.
8571100	8574140	He even let some people read part of the manuscript.
8575640	8578160	He was very clear about what he was doing
8578160	8581880	and he talked about it a lot before it was published.
8582720	8584840	Penetration came right out of the clear blue.
8585360	8586980	Never spoke a word of it.
8587060	8588120	It just suddenly appeared.
8589200	8590760	I think he's playing a game.
8590920	8591400	Really?
8591480	8592040	Personally, yeah.
8592280	8593160	What was the game?
8595040	8601100	he wants to see how far he can take people interesting maybe i don't know i have no idea
8601100	8607680	but i can tell you that he never wanted to discuss it he said read the book that's all he ever said
8607680	8613260	well he would say things like i was at the uh groceries doing you know buying fruit or whatever
8613260	8619400	in the in the fruit produce aisle and i see a an alien on earth and i know she's an alien and she
8619400	8622820	She realizes that I recognize her and she's ravishing or something.
8623520	8624840	It's just so strange.
8625000	8626000	Yeah, it is strange.
8626100	8628920	So you think he was sort of playing a game.
8629040	8629780	That's interesting.
8630120	8630880	Playing a game.
8631020	8632660	That's my feeling.
8633260	8638260	But then we were eating dinner one night and he said,
8638440	8640200	I finally figured you out, Joe.
8640300	8641020	And I said, you did?
8641360	8642220	What did you figure out?
8642540	8645560	He said that you're an iconoclastic son of a bitch.
8646880	8652980	and i said jeez ingo i didn't know you cared and that night when we got back to the motel
8652980	8658820	our two rooms were side by side uh-huh when he put his key in his lock i put my key in my lock
8658820	8664100	we turned the locks and he went into his room and i pretended to go in mine uh-huh backed out
8664100	8669360	locked the door and ran down to the office and i said do you have a thesaurus or a dictionary
8669360	8670960	She said, why?
8671100	8673860	And I said, I don't know what iconoclastic means.
8676000	8682080	What it means is I'm a destroyer or disprover of structure.
8682840	8688780	If somebody says, this is why this happened, I'll show you why it isn't.
8689220	8689800	Okay?
8691300	8693060	I don't buy anything.
8693060	8698240	and unless I have evaluated it myself,
8698620	8702980	gone through all the jumps and, you know, checked everything,
8703180	8707620	and then I might say, in all probability, this is true.
8707960	8709460	I do find it interesting.
8709640	8713420	We're sitting amidst a UFO craze right now.
8713520	8717040	Like, we're at peak mania when it comes to UFOs in the zeitgeist
8717040	8718600	where everybody's talking about disclosure,
8719420	8722780	sometimes in healthy ways, other times in weird, unhealthy ways.
8723060	8725000	With the kind of ulterior motives and agendas.
8725780	8730260	And a lot of the early interest in UFOs did come out of the remote viewing community.
8730780	8732220	And I do, I find it interesting.
8732360	8736560	You have a guy like Hal Puthoff move on from remote viewing.
8736640	8738520	I mean, he's still, you know, interested in it, obviously.
8738600	8745640	But he goes on to work on sort of like secret science lineage stuff alongside UFOs.
8745640	8746000	Right.
8746100	8749860	And then you have Russell Targ being like, I'm kind of skeptical of UFOs.
8749860	8750000	Yeah.
8750000	8751540	So what do you make of that?
8753060	8756700	I know both of them really well, and I know why Hal's interested.
8757380	8760380	I also know Jacques Vallée for a long time.
8760520	8760720	Yep.
8760740	8761840	I know him really well.
8762600	8764960	Almost everybody, I knew John Mack.
8765540	8766340	You knew John Mack.
8766440	8769740	I was in England when he was there, and I sat at the table with him,
8769760	8770820	and we talked about some stuff.
8771120	8771700	When he died?
8772040	8773420	That day he died, yes.
8773420	8773860	Oh, Jesus.
8774180	8777740	He remembered a paper in his hotel, and he went back to get it
8777740	8779880	and looked the wrong way when he stepped off the curb.
8780040	8781880	Are you conspiratorial about that?
8781920	8782180	No.
8782180	8782600	Okay.
8783060	8784840	was an honest accident.
8785520	8787680	You know, Americans looked the other way,
8787680	8790720	and the cab killed him that was doing 50 miles an hour.
8790880	8794100	So he never, if he had looked the right way,
8794220	8797580	he would have seen that they drive on the wrong side of the road.
8797660	8797960	Right.
8798180	8801160	So, but I know all these people,
8801200	8806240	and I know they have an honest interest in the reality of,
8806320	8807780	is it or is it not?
8808100	8808580	Okay.
8809540	8810240	That's fine.
8810480	8812400	And I'm agreeing with them.
8813060	8816100	There's a guy named Ryan Wood that I know really well.
8816180	8817680	I knew his father even better.
8817820	8818220	Bob Wood.
8818460	8819340	Yeah, Bob Wood.
8819480	8825560	And I went to a number of crash sites with him, which all turned out to be our planes.
8826020	8826500	Really?
8826580	8826840	Yes.
8826960	8828340	Well, he doesn't think that, Ryan.
8828540	8832460	No, he does about some of them because we found evidence of it.
8832620	8836140	And we talked to people who were actually there.
8836280	8837560	They're in their 80s.
8837620	8839360	But he wouldn't say Roswell or Kecksburg.
8839440	8840380	No, no, no.
8840380	8843900	No, I'm talking about the ones that I was with him on.
8843960	8845940	He's gone to a lot of sites.
8846040	8846480	Sure, yeah.
8846740	8848480	I only went to two or three with him.
8848520	8850100	You wrote a great book about all this.
8850160	8853560	Yeah, so, you know, there's a lot about that.
8853720	8860160	And now I've had UFOs shown to me in blow-up photographs by some of those people.
8860320	8860960	You told me that.
8861000	8864500	You told me Jacques Vallée showed you a photo of a UFO coming out of a lake.
8864500	8864620	Coming out of a lake.
8864780	8865180	Yeah.
8865300	8865480	Yeah.
8865800	8869300	And he kept saying to me, check it out.
8869340	8870140	I check it out.
8870380	8873040	he said, did you see what I'm seeing?
8873120	8873960	I said, what?
8874220	8875520	He said, look at it.
8875600	8878100	I looked at it, looked at it, looked at it.
8878260	8881300	And I finally said, maybe I'm not seeing what you're seeing.
8881480	8883860	And you missed the, you don't see the, you didn't see the UFO in the lake?
8883940	8884860	No, I saw the UFO.
8885140	8885420	Ah.
8885660	8887580	He said, look at the cows.
8888380	8891120	Every cow in that picture was looking at the UFO.
8892180	8892580	So.
8892740	8893640	I want to see this photo.
8893840	8895000	The pilot never saw it.
8895180	8896140	I'm going to call Jacques after.
8896140	8897740	It flew right in front of his plane.
8897820	8898960	The pilot never saw it.
8899240	8899640	Oh.
8900640	8903380	So there's plenty of evidence of UFOs.
8905220	8906620	So there probably are.
8906880	8908120	What do you think the UFOs are?
8910740	8912500	Could be alien, might not be.
8912640	8916740	The problem I have is when people say the graves are aliens.
8917360	8918120	No, they're not.
8918160	8918620	They're robots.
8919400	8922040	That's what the smartest people I know say,
8922180	8923940	is that they're sort of droid-like robots.
8924080	8924400	They are.
8924500	8927800	Because they're single-minded, they have a function,
8927940	8929540	they do their function, and that's it.
8930380	8936660	sort of this cold implantation, genetic collection, gamete collection.
8937000	8938360	And why are they doing that?
8938400	8945000	And they say, oh, they look like this, but they have no nose and no mouth.
8945460	8946940	Well, of course not.
8947040	8947540	They're robotic.
8947960	8950780	Who are they doing that collection on behalf of?
8951400	8953160	Maybe the people that sent them here.
8953760	8955120	you gotta realize
8955120	8957960	if we have any interaction
8957960	8958840	with aliens
8959480	8961340	it's gotta be from one star
8961340	8962400	to the other
8963300	8965280	that's not done with a UFO
8965280	8966820	or a fire wagon
8967500	8969000	that's an instantaneous
8969000	8970060	jump
8970660	8972620	this planet to this planet
8972620	8975380	they don't even need a spaceship to do it
8975380	8976900	because they're never in space
8976900	8978840	do you think we have the capabilities
8978840	8980180	of doing that?
8980300	8980700	no
8980700	8981780	Sending people to other, okay.
8981940	8982200	No.
8982300	8983780	But you think maybe some other planets
8983780	8985200	have the capabilities to do that?
8985200	8986740	If they're a million years ahead of us, yes.
8987020	8987260	Yep.
8987260	8992480	Now, a lot of people are concerned about the threat,
8993300	8996600	what are they here for, why are they messing with us?
8996960	8998180	And I will tell you,
8998860	9002480	if they have that capacity to jump star to star,
9003240	9004600	they've been here a long time.
9004920	9006380	If they meant us harm,
9006500	9008180	we would have been toast a long time ago.
9009120	9009560	Okay.
9010700	9011300	Why are they here?
9012040	9014720	Maybe it's because we're doing something
9014720	9017580	that they don't necessarily approve of.
9018020	9021200	The first UFO ever recorded
9021200	9024900	was within seven days of the detonation
9024900	9028080	of the first atomic weapon in Trinity in New Mexico.
9029100	9031220	That's the first one that ever appeared.
9031820	9033180	Ever since then,
9033340	9036560	they've had a huge interest in our atomic weapons.
9037360	9039140	They've zeroed them out.
9041240	9043560	denatured them so they won't go off.
9044260	9052600	And the last one that Putin tried to launch as a test exploded in its silo.
9053420	9058260	So there's other reasons that we don't understand.
9058400	9060120	We're not paying attention.
9060480	9063600	You're saying Putin made an attempt and a nuke exploded.
9063600	9074440	As a warning, he probably took the nuke off the top and launched out of a nuclear storage facility.
9074460	9077640	But it exploded possibly due to UFO interference?
9077920	9079520	Right inside the nuclear storage facility.
9079520	9080680	Is there a record of this?
9080840	9081300	Yeah.
9081300	9082580	Well, as far as I know, yeah.
9082860	9084620	I'm not aware of this.
9084680	9085060	That's amazing.
9085260	9086220	Most people aren't.
9086320	9089320	But that's what he tried to do as a warning.
9089540	9089920	Wow.
9089980	9093420	He's constantly saying, oh, I'm going to have to use a nuke.
9093600	9094480	Oh, constantly.
9094560	9097980	He and Medvedev are, it's dog whistles of nuclear war constantly.
9098180	9100680	And, you know, I think he has a tattoo that says.
9100820	9104940	Which is stupid because that's the end of the world.
9105060	9108340	Because our retaliation is not going to be just Russia.
9108620	9109060	Yeah.
9109120	9112300	It'll be China, Russia, Tehran, North Korea.
9112820	9116000	Everybody who has a nuke that we can get hit by.
9116220	9116540	Yeah.
9116780	9119060	And if we do that, the whole world's toast.
9119520	9122780	I remember being on the phone with you once and I asked you about aliens.
9123600	9126080	said, I think we might be turning into them.
9126620	9132140	Oh, I thought what I think I said was, I'm not sure we aren't alien.
9132480	9132700	Yeah.
9133100	9136420	But it was almost like they were a future version of us, too.
9136500	9137780	Might be, might not be.
9137940	9143420	I wouldn't pretend to know what their interest is or what their desire is.
9143820	9147020	All I can say is I don't think they mean us any harm.
9147500	9151760	They're concerned about our inability to improve.
9153600	9157440	Can we get these negatives, the photos on Mars?
9157760	9159920	I can show you one or two.
9160300	9161160	That'd be amazing.
9161480	9162620	I can send it to you.
9162800	9163740	That'd be awesome.
9165040	9166860	No, I'm not going to send you a bunch of them.
9166860	9167680	I'll send you one or two.
9167720	9168600	Whatever you want.
9168600	9171060	That are absolutely for sure bizarre.
9171880	9172980	That's remarkable, man.
9173400	9174120	That's incredible.
9174740	9177000	Well, I appreciate that, and that means a lot.
9178320	9182040	Joe, 2025 feels like it's getting really weird.
9182280	9183400	It is getting weird.
9183600	9189400	Do you have a convergence of all sorts of like tech singularities with AI and quantum chips?
9189780	9194300	And the UFO thing has become this just mad craze.
9194360	9198740	And then geopolitically, things feel like a total powder keg, like as unstable as they've ever been.
9199400	9201240	What do you see coming down the pike?
9201420	9202860	Are we going to make contact with aliens?
9203060	9204040	Are we going to destroy ourselves?
9204200	9204960	Are we going to make it through?
9205960	9210500	I think at the last minute, we're going to have a direct interaction with them.
9210500	9214440	and it's going to be straighten up, fly right.
9214720	9215560	The aliens.
9215600	9217580	Or we will ensure you fly right.
9217860	9218820	The aliens.
9218920	9219620	The aliens will.
9219900	9222760	They're going to say, you guys better get your act together.
9223080	9223540	Right.
9223560	9227020	See, here's my belief.
9229840	9235680	Humanity is meant to improve, to grow, to learn, to be better.
9236800	9244140	but right now we're stuck in a period of great avarice greed money that almost
9245740	9250580	it's hard to tell when somebody has any kind of a baseline in morality or ethics
9251320	9259000	it's it's like it's a bad feeling and it's scaring people i think the aliens are here to stabilize
9259000	9268400	that to stop that crap, you know, like grow up. Because humanity needs to improve because right
9268400	9278360	now we're at seven and a half billion people. No, we're at nine billion plus. We stopped being
9278360	9284780	able to produce sufficient food to feed people at seven and a half billion. I don't know, you
9284780	9297060	You probably weren't old enough to remember a time when the poor could go to a place and buy excess food from the government for virtually nothing.
9297400	9300000	Five-pound block of cheese for a buck.
9300200	9300580	Right.
9300680	9301540	Stuff like that.
9301740	9304960	There is no excess anymore.
9305440	9311980	There are people dying of starvation who can't get food, and yet we keep having more babies.
9311980	9321720	babies. The reason for the increase in population has to do with the old. Old people, in order to
9321720	9329780	be cared for in most countries where they have no retirement, no care about the people, nothing at
9329780	9336540	all to do with the people that get old, they rely on their families to take care of them, to protect
9336540	9342060	them. If they have eight children, they have a possible chance of survival at an old age.
9342460	9349320	Even if they lose half their kids to disease or whatever, those remaining four or five kids will
9349320	9356180	take care of them in their old age. They won't starve to death or die ugly. The problem is,
9356840	9364500	that's not good because we keep increasing the numbers the way it should be. Governments
9364500	9372720	exist because the people want them. The people design governments to support them.
9373560	9379060	It should be all about the people. It's not about making profit. It's not about saving money.
9379360	9385860	It's not about low taxes. It's not about any of that crap. It's about what the people want,
9386000	9392240	the people get, and the people are taxed for. It's straight up. There's no corruption.
9393040	9394360	that's what's necessary
9394360	9396900	are there any alien bases you've remote viewed on earth
9396900	9397880	where we might be able to
9397880	9401440	I did the three bases
9401440	9402180	that
9403100	9403700	that
9405480	9407460	supposedly are alien bases
9408180	9409520	I drew all three
9409520	9411340	of them and all
9411340	9412920	three of them when I drew them
9412920	9415320	back then were classified
9415320	9417340	so I could never talk
9417340	9419160	about them publicly but I
9419160	9421080	told the people who
9422240	9429260	what they were. I could say it now because it's known. They're over-the-horizon radar sites.
9429920	9437460	That's why our entire DEW system went away, because we have bases in the world which are
9437460	9444140	designed to look over the horizon. So if Russia or China were to launch a weapon,
9444340	9451940	when it's a couple hundred feet off the launch tube, we'll see it. Not eight minutes before it
9452240	9459280	us on that apex on that very sober note joseph mcmonigal this has been an honor i appreciate
9459280	9465500	your time man and this is a a really wide-ranging incredibly informative interview and uh thank you
9465500	9470980	for having us oh you're welcome man and you can come back again if you want appreciate you awesome
