start	end	text
0	5060	This week's guest is Rupert Sheldrake, a brilliant scientist in the worlds of
5060	9500	parapsychology, consciousness, and biological systems. His work has been
9500	14040	widely criticized as pseudoscience by people too lazy to look into his
14040	19180	protocols and too dogmatically mired in materialist reductionism to be open to
19180	24060	its profound implications. Sheldrake has spent decades showing that humans and
24060	28800	animals can learn things from their surrounding information fields, or as he
30000	35360	fields, that babies can sense when their mothers are near, that humans know beyond a reasonable
35360	41260	doubt when we're being stared at, and that animals can sense earthquakes and other natural disasters.
41500	47100	Most of these things are things that children intuit and often know are true. They are also
47100	51940	all things that we have experienced many times in our lives if we're being honest with ourselves.
52340	57720	But we live in the age of disenchantment, of rationalism, of your eyes are playing tricks on
57720	59180	on you, don't trust your mind.
59400	62400	So we are taught to override our everyday experience
62400	65780	in sensory phenomenology with materialist dogma
65780	67500	that says that the universe is random,
67660	69720	that we only have four physical forces
69720	71980	that attenuate over space and time,
72100	74300	and that DNA is the only mechanism
74300	77540	of inherited information transfer in biological beings.
77840	80700	Sheldrake pokes holes in Darwin and natural selection,
80900	84240	but also shows that the neo-Darwinians, like Dawkins,
84460	86620	aren't even true followers of Darwin.
87720	92720	The physical constants in physics are sometimes actually averages of fluctuating measurements.
93140	98640	He's basically a nightmare for the priestly citadel of modern academic scientists, and
98640	102580	all the more so because he's Cambridge-educated and Harvard-affiliated.
102800	108600	Many conventional scientists ignore or actively dislike Sheldrake, but more often than not,
108800	113860	they secretly admire his boldness, willingness to work outside the beltway and follow his
113860	114300	intuition.
114300	120140	Among an elite intelligentsia that is over-educated and taught what to think and not how to think,
120360	122400	Sheldrake is a rare gadfly.
123060	125840	Rarely are skeptics able to debunk his protocols.
126220	128520	Their misgivings are generally summed up by,
128680	130120	but that can't be so.
130680	135300	But as you'll see in this interview, Sheldrake is an eloquent defender of his experiments.
135660	140720	In 2013, Rupert Sheldrake's TED talk was censored and taken off YouTube,
140720	146040	tube, because in Ted's opinion, while science has not moved far in solving the riddle of
146040	150960	consciousness, Sheldrake's ideas are so radical and far removed from the mainstream
150960	156160	scientific thinking that we think it's right for us to give these talks a clear health
156160	161680	warning. Besides the absurdly condescending nature of these statements, do we really think
161680	166160	that if we ever get to some ultimate theory of consciousness, that it wouldn't drastically
166160	170520	drastically deviate from the modern scientific mainstream? Why do we assume that it would be
170520	175520	mere punctuation at the end of a sentence we've already written? What sort of hubris does that
175520	180800	involve? That is usually not how science works. We did this interview in his beautiful home in
180800	186560	Hampstead in London, and I was fresh off having just debated scientific skeptic Michael Shermer
186560	192660	in Italy, and so I was extra fired up to speak to a fellow heretic in Sheldrake. In this conversation
192660	198260	we discuss the truth behind electromagnetism, the sense of being stared at, how consciousness
198260	205060	exists outside one's mind, and why so many people have false impressions about AI. We also get into
205060	210780	his long close friendship with the legendary Terence McKenna. Finally, we even get into one
210780	216520	of his trippiest but less well-known books, The Physics of Angels, which explores traditional
216520	221580	traditional conceptions of angels and how they might work in a modern scientific context.
221860	225400	Obviously, this has big implications for the modern UFO conversation.
225880	230500	So without further ado, sit back and enjoy this wide-ranging conversation
230500	237020	with today's scientific heretic, but tomorrow's scientific hero, Rupert Sheldrake.
239660	243140	I'm here with one of my heroes, Rupert Sheldrake.
243960	249760	You know, my show is sort of known for actually exploring phenomena like UFOs, but people
249760	253720	probably don't know that I was actually originally interested in parapsychology and mind over
253720	256380	matter effects, and that's mainly attributable to you.
256460	258520	My father was a massive fan of yours.
258660	261760	The whole show, you know, I have you to thank for.
262040	268000	And we met six years ago, and it was an honor to meet then, and it's an honor to do this
268000	268220	now.
268220	274660	and you have traditional academic credentials and that's why I think you piss off academia
274660	282320	so much because you've really gone off on your own path and explored all sorts of exciting
282320	287260	phenomena that lay outside of kind of conventional models and so I'm excited to be here.
287320	293560	And the final thing I'll say is actually I have you to thank for my job because in my
293560	298580	first conversation with Peter, Peter Thiel, who I ended up working for, I brought you up,
298940	303680	and he was like, I think you remember, I remember him kind of looking at me, and with like a, you
303680	308160	know, specific face, where he's like, oh, this guy's kind of, you know, a little, he's into
308520	314640	Rupert Sheldrake, he's a little weird, like in a good way, and so, you know, I always say that
314640	317940	when people are like, why did he hire you? I'm like, I don't know to this day, but I did bring
317940	325980	up Rupert Sheldrake. Well that's certainly a surprise, yes. Why is that a surprise? I didn't
325980	331840	know what sorts of things he was interested in and I'm surprised he was interested in my own work.
331980	336740	Well I think generically he's interested in people who think differently and he's always
336740	341040	looking for who the modern heretic is because that's always hard to spot. It's easy to spot
341040	347140	the historical heretic and I think they get vindicated over time and even as an investment
347940	354740	probably not bad to do that as a mental exercise. And so you'd be a good candidate for that.
354900	358020	I don't know if you take that as a compliment, but I mean it as a compliment.
358280	359600	Yes, all right. Good.
361060	366620	Well, thank you for having us. And I guess, why don't we start with, do you think consciousness
366620	374000	is sort of this irreducible prime mover? It's like the fundamental layer is consciousness.
374440	377120	Would that describe your sort of worldview?
377940	385920	I don't think of myself as an idealist. The idea that consciousness is primary and everything
385920	392380	is ultimately consciousness is called idealism. It's the mirror image or the exact opposite
392380	398340	of materialism. Materialism says everything's matter and even when you get consciousness
398340	404680	like in human brains it's basically just matter and it's not really doing anything. Whereas
404680	409660	Whereas idealism says everything is consciousness and matter is sort of dumbed down mind.
411920	417620	So materialism has a problem explaining consciousness and I think idealism has a problem explaining
417620	423500	matter because it's not exactly clear how consciousness could give rise to electrons
423500	428400	and atoms and salt crystals and trees and things.
428400	438520	things. I don't find either of those philosophies particularly helpful. I spend a lot of time
438520	445400	thinking about how consciousness might be related to electromagnetic fields. That's
445400	451140	one reason that in the last few years I've been particularly interested in the nature
451140	459740	of vision. Because in vision, everyone agrees that this depends on the electromagnetic field.
460540	466080	When I see you now, the light that's coming into my eyes is traveling through the electromagnetic
466080	476480	field. Light is electromagnetic radiation. Somehow, I'm forming an image of you sitting
476480	480520	sitting there as a result of the light that comes into my eyes.
480860	486120	And the official theory is the light comes into my eyes, inverted images on the retinas,
486240	491160	changes in the ganglia, up the optic nerve, changes in the visual regions of the brain.
491420	496100	And then, all that's clear enough, it's been studied, you can measure it and all that,
496200	498940	you can have brain scans, no problem about that.
499300	502380	But then the question is, how do I form an image of you?
502380	508420	And the official theory would be that somewhere inside my brain I produce a three-dimensional,
509580	516160	full-color virtual reality display inside my head, and that my image of you is actually
516160	517180	inside my head.
517260	521660	There's a little Jesse somewhere inside my head wearing a red t-shirt and stuff.
521880	523480	It's all inside my head.
523580	527880	And it's only an illusion that my image of you is where you seem to be.
527880	534400	What I'm saying is that that theory, which is believed with passionate intensity by a
534400	539720	lot of people within institutional science without a shred of evidence, no one's ever
539720	542380	seen a virtual reality display inside the head.
543140	549220	What I'm saying is that that bizarre theory that it's all inside the brain is not backed
549220	555020	up by evidence and much more persuasive is the idea that's believed in by virtually
555020	560500	everyone in the world except scientific intellectuals in Western universities,
561980	567940	including children under the age of 10. What everyone else believes is that when light comes
567940	574280	in, changes happen in the mind, in the brain, and then the images are projected out. So my image of
574280	579920	you is exactly where it seems to be. It's in 3D in full color, but it's located right where you're
579920	587140	sitting and it overlaps with you as it were. So everything I see is projected out of my
587140	591880	mind so my mind is extended beyond my brain, filling the whole world around me.
592060	595740	Well this would comport with some of your famous experiments around the sense of being
595740	596840	stared at, right?
597900	602820	That's why I do them. Partly because I'm interested in the feeling of being stared at in its own
602820	605080	right as an unexplained phenomenon.
605080	612440	And if you were to pull nine people out of ten on the street, they would probably say, you know, that they've experienced this anecdotally.
612460	615920	I think most people are like, yeah, I could kind of tell somebody was looking at me or something.
616120	621060	And it's just this, they were like, when you're crossing your crosswalk, you almost look off the car.
621260	626300	Like your awareness of the car coming at you somehow will like, will block it.
626340	631480	And you can say that's superstition, but I think everybody has that sort of instinct and maybe it's actually an adaptive instinct.
631480	636520	And so you're saying that your mind is almost a transceiver and it's emitting?
637060	637580	Yes.
638520	646240	When I project an image of you to where you are, my mind has this image in it.
646300	650520	It's going in the opposite direction to the light and it's somehow touching you.
650840	652560	It's overlapping with you.
654380	655580	So what am I?
655600	659640	Am I just a product of a holography of your mind?
662260	667740	The neuroscientist Anil Seth here in Britain calls it a controlled hallucination, that
667740	669940	our perceptions are controlled hallucinations.
670100	675700	I'm perfectly happy with that idea because we can also have images in our dreams when
675700	676720	we're not seeing things.
676940	678960	Those are kind of hallucinations.
679820	686060	But during perception, visual perception, the images I'm producing and projecting are
686060	687920	normally coinciding with what's there.
687920	692660	If they're not, then it's an illusion or hallucination, which also occur.
693640	699200	But the easiest way to see how our minds project is to think of what happens when you look
699200	700160	at something in a mirror.
700740	705880	When you look at something in a mirror, what I'm suggesting, in fact what physics textbooks
705880	713360	tell you as well, is that your light comes in, say here's the mirror, the light's bent
713360	718360	bent by the mirror comes into my eye, but I project out images that go along with the
718360	723020	light coming into the eye, but when it gets to the mirror, the mirror acts like a kind
723020	728620	of beam splitter, and the virtual image produced that I'm projecting out goes straight through
728620	731460	it because it's virtual, not physical.
731660	733220	It doesn't get bent by the mirror.
733480	738860	So all my projections that I'm normally projecting out that coincide with what I'm seeing, when
738860	745240	When you look at things in the mirror, now behind the mirror as virtual images, that's
745240	748340	the standard physics textbook explanation of virtual images.
748740	755320	So oddly enough, although this theory of sending images out from the eye is totally heretical
755320	760440	within science, it's actually taught in physics textbooks to every school child to explain
760440	763600	mirror images because they can't explain it any other way.
763600	767800	So what would be emitted from your eyes in this case?
767840	770120	Or is it that you'd have to look for a candidate there?
770480	773300	Well, I spend a lot of time thinking about this.
776340	781880	Because one way would be to say that you have something that's emitted that's purely mental
782720	785320	and it's not really very closely coupled to the light.
785400	787220	It just happens to go in the opposite direction.
787220	797780	direction. Another possibility would be that light itself can flow in both directions.
798360	804380	And there's a theory of quantum entanglement, not quantum entanglement, quantum theory called
805020	809720	the transactional interpretation of quantum mechanics due to John Kramer.
810060	811300	And developed...
811300	813100	It's a handshake between the present and the past.
813100	818420	That's right. Well, and recently developed by Ruth Kastner, who's another quantum physicist.
818980	825960	And what Cramer says is that when light leaves, say light leaves your t-shirt, red light leaves
825960	832920	your t-shirt, it comes into my eye absorbed by a cone cell in my eye. At the very moment
832920	839740	that those pigments in the eye absorb that photon, they send out a reverse, as it were,
839740	848180	antiphoton that moves from the future towards the past. The one coming from your t-shirt
848180	852160	to my eye is from the past towards the future, it's flowing in the normal direction, causal
852160	859460	direction. But at the very moment it hits my, it's emitted by your t-shirt, my eye emits,
859480	865680	as it were, an antiphoton going the opposite direction. So the two form a kind of standing
865680	872040	wave linking that which is seen with that which is seeing it. And so there's
872040	877000	an actual connection through the light itself, according to this interpretation
877000	882580	of quantum mechanics. Now if I look at you from behind and you don't know I'm
882580	889400	there, I'm projecting my image onto your back and maybe the light rays are
889400	895180	connecting me with your back. And if, no one knows how, if you can somehow
895680	902060	that, then the sense of being stared at, you see, ties in with vision. It has to be tied
902060	908020	in with vision. It happens in response to vision. And one of my most recent papers on
908780	915200	the sense of being stared at, which is scientifically called scopasthesia, from scop as in microscope,
915480	924300	seeing asthesia, feeling as in anesthesia, synesthesia. My most recent paper on the subject
925680	932480	scoliosis and its implications for theories of vision. By examining almost a thousand
932480	939260	case histories of people responding to being looked at, both the people who've responded
939780	946260	and the people who've done the looking, I've got stories from both sides, it emerges that
946260	953320	in real life this happens almost always in a directional manner. Say you look at somebody
953320	960000	from an upstairs window, this is a typical example in my case history collection, looking at someone
960000	967260	walking past from an upstairs window, if they feel you're being stared at, they don't think,
967660	973740	in fact they don't think at all, they just turn and look straight at the person looking at them,
973820	979900	it's a directional response. And it works with animals as well, animals respond directionally
979900	987000	to human looks and humans respond to animal looks. And so I think the sense of being stared
987000	993620	at is very deep in animal nature. It's to do with vision. I think it evolved originally
993620	999060	in connection with predator-prey relations because a prey animal could tell when a hidden
999060	1003740	predator was watching it would stand a better chance of escaping than one that couldn't
1003740	1012080	tell. So there'd be natural selection in favor of this. I think this is very common, and
1012080	1016620	I think it does tell us something about the nature of vision, which is why I'm so interested
1016620	1024320	in it. But nobody has a clue why this is happening. If you look at the number of people in the
1024320	1031020	world investigating scleropsthesia, I think the total number is probably around three
1031020	1038540	at the moment. I'm one of them. There's virtually no attention to it because it's completely
1038540	1043400	taboo because from the point of view of regular science, the mind's nothing but the brain.
1043500	1049200	All your thoughts are inside your head. If you look at someone from behind, there's no
1049200	1053540	way these thoughts, which are just electrical changes inside your brain, could influence
1053540	1060100	them 100 yards away. Therefore, the official scientific position is this doesn't exist.
1061020	1066820	non-existence, it's a superstition, it's pseudoscience, it can't possibly exist, therefore it doesn't,
1066860	1071040	and therefore it's not a valid topic for scientific investigation.
1071500	1075740	It's especially provocative because you're almost saying that the measurement of an object
1076380	1078340	is affecting the past in some ways.
1078520	1086040	Like your perception is, you're sort of flowing something back onto the object and then your
1086040	1091500	your perception of it is somehow dependent on that backwards flow as well.
1091720	1094160	Or there's maybe kind of a retro-causal model,
1095700	1097540	or causality goes both ways,
1097680	1100360	future into present and past into present or something.
1100680	1101440	Yeah, I think so.
1101660	1105220	So I think if you look at a distant star that's, say, four light years away,
1106020	1108520	when you see the star, I think not only...
1108520	1111660	The light's coming to you, so it takes four light years to get to you.
1111780	1113860	But on this transactional theory,
1113860	1121580	theory, you're sending your visual images from now to four years in the past when the
1121580	1128380	light was emitted from that star. It's actually moving not only out across space but backwards
1128380	1135860	in time. You see, there are some people who, the philosopher Alfred North Whitehead, thought
1135860	1142360	that the whole of mental causation is retrocausal, that our minds work in the opposite direction
1143860	1148420	the past, whereas regular physical causation works from the past towards the future. They
1148420	1157780	overlap in the present. Our minds are concerned…conscious minds are primarily concerned with possibility.
1159140	1166620	All the possible things you could do or say…our minds…contents of consciousness are possibilities.
1166620	1170960	possibilities. This is extremely clear in dreams where there are nothing but possibilities.
1172940	1178120	But normally they're constrained by the sensory information, but it's all about possible actions.
1179520	1186760	And so when you have a lot of possible actions in your mind and then you choose to do one
1186760	1190940	of them, as soon as you do that, like the collapse of the wave function, the collapse
1191600	1195780	of these possibilities is something you actually do. And when you actually do it, it becomes
1196620	1201240	fact that can be measured. But possibilities are not physical facts. They're possibilities.
1201820	1209900	They're real, but they're not physical. The realm of consciousness is what's happening
1209900	1215780	in consciousness is real but not physical because it's about possibility. Consciousness
1215780	1221080	is about forming intentions, and intentions are things that are going to happen in the
1221080	1227520	the future. There's a sense in which this virtual future acts back on the past. Like,
1227680	1235720	both of us formed an intention to be talking here right now. Sure enough, we're doing it,
1235780	1240560	and it's an objective fact being recorded on cameras and by microphones and so on. By
1240560	1246080	all the normal scientific criteria, it's an objective physical fact. But before it happened,
1246080	1253280	happened, we had this date and time that existed only in the future, and our activities were
1253280	1259520	directed towards it. You came here, and you travel here, and find your way here on the
1259520	1267120	underground railway, and that kind of thing. Your actions were directed towards a future
1267120	1273300	goal, and in that sense, the future goal in your consciousness worked back on your past
1273300	1275960	to draw you towards this point now.
1276200	1279700	Yeah, and it's even been shown in quantum computations
1279700	1281100	you can reverse qubit positions,
1281380	1284980	and there's temporal non-locality in double-slit experiments
1284980	1287400	where it seems like measurement of something in the present
1287400	1288480	is affecting the past.
1288820	1293740	And so I almost wonder if there are levels of mind or something,
1294540	1298420	if you are literally experiencing shards of the future at some point,
1298480	1302620	if the future can't actually send semantic information back
1303300	1303520	time?
1305540	1306680	Well, I think it can.
1306920	1309220	I don't think it does it all the time.
1311200	1312160	Like synchronicities?
1312460	1313920	Is that sort of it?
1314000	1317220	Well, synchronicities by definition are things that happen at the same time.
1317660	1319480	But I think what you're talking about is...
1319480	1322780	Well, the Jungian sort of like a deja vu experience.
1323120	1323580	Yes.
1323640	1325540	Well, that I think would be more...
1326080	1329340	It's as if you've known the thing in the future and then you're re-experiencing it in the
1329340	1329620	present.
1329620	1336840	Well, where that shows up most is in precognitive dreams. Lots of people have precognitive dreams.
1337020	1341120	You dream of something a day or two. It's usually only a few days before it happens.
1342940	1347600	But precognitive dreams are much more common than most people think, partly because we
1347600	1352900	forget most of our dreams. As soon as you start writing your dreams down and remembering
1352900	1361120	remembering them, then I've done it myself. You start noticing precognitive aspects to
1361120	1367060	these dreams. It's happening all the time. Sometimes more spectacularly than others.
1367160	1373660	When the 9-11 World Trade Center disaster occurred in New York, it occurred to me that
1373660	1380820	this would be a fantastic research opportunity. Within three days, I had posters up in Washington
1380820	1388740	Washington Square, and I ran a series of ads in the Village Voice asking, did you dream
1388740	1394460	of the World Trade Center? And I have a collection of more than 75 dreams that people sent me.
1394960	1401240	They fell into three main categories. One were of dreams that people were on planes
1401240	1406400	that were flying into skyscrapers, really scary dreams. Not necessarily the World Trade
1406400	1412520	Trade Center, some were the Empire State Building, some were the Sears Tower. They weren't necessarily
1412520	1418500	in New York, but they were flying into towers. The second category were people trapped in
1419220	1426120	blazing buildings, the panic of being trapped in a skyscraper that's on fire. The third
1426120	1432180	category were walking down city streets with an eerie sense of doom and vast clouds of
1432180	1433680	dust rolling down the street.
1434280	1439260	All of these things, of course, happened, and all of them were widely seen on TV.
1440800	1446620	So I think what people were actually dreaming in advance was the dreaming of their actual
1446620	1452780	own experience of seeing these images on TV or of hearing about the disaster after it
1452780	1452800	happened.
1452800	1453780	It's like a pre-memory.
1453940	1454680	A pre-memory.
1454860	1455120	Yeah.
1455300	1461920	And some people who do research in this area, in psychic research, suggest that things like
1462180	1469520	could be called pre-call as opposed to recall. Yeah. Yeah. There was a story of a resident artist
1469520	1477520	in one of the towers, actually, because they had some artistry program. And he did a rendition of
1477520	1488340	him as a Tuskegee Airman with old XP-40 fighter jets all flying into him. And this was 12 days
1488340	1494360	days before 9-11. I have to look up his name, but it's just wild. You can't attribute that
1494360	1495320	to chance, I think.
1496160	1500620	Yes, it's this kind of thing. And then there were some people who just didn't go into work
1500620	1501880	that day because they had premonitions.
1501880	1502660	They had a weird feeling.
1503020	1507660	There was a whole article about it in the Washington Post. This wasn't just some obscure
1507660	1513220	psychic researcher. There was an article called Lucky to be Alive in the Washington Post that
1513220	1518020	actually told the stories of people who hadn't gone to work that day for a variety of reasons.
1518340	1525000	so strange. You know, there's a book, I think, in the early 20th century, 10-ish years before
1525000	1530300	the Titanic, and it describes this big ship called the Titan, and it has all these sort of
1530300	1535120	blue-blooded elites on board, and it, you know, hits an iceberg and goes down, and it's like a
1535120	1541600	literal description of the Titanic. And that seems to be way more common, I think. And the more you
1541600	1548260	notice it, I think that begets noticing it even more or something. So I think there's no doubt
1548340	1561000	that precognitive dreams happen. They've been known throughout all history. Research on
1561000	1566160	precognitive dreams has been done mainly by psychical researchers. The problem we have
1566160	1572000	in all these areas is that because of this dominant scientific orthodoxy of mechanistic
1572000	1578000	materialism, none of these things should happen according to that model. Therefore, they don't
1578340	1583640	according to standard defenders of mechanistic orthodoxy. And they have all these skeptic
1583640	1590060	organizations. There are actual skeptic organizations like the Committee for Skeptical
1590060	1596620	Inquiry, publishers of the Skeptical Inquirer. I just debated Michael Shermer, who I know you've
1596620	1602120	debated before. And it's bad Bayesian reasoning because you just have this bucket of impossible
1602120	1606520	and you place all these things, like all your experiments, you just place it in the bucket
1608340	1612920	prior knowledge is going to be lacking. It's going to be bad. It's a priori disinterest.
1613380	1619200	I know. Basically, it's defending a worldview by rejecting things that don't fit
1619200	1626820	in, explaining them away. Long ago, Thomas Kuhn, the philosopher of science, the historian
1626820	1632300	of science, in his theory of paradigms and paradigm shifts, pointed out that at any given
1632300	1636900	stage of science, you have an established orthodoxy, which is taught in the schools
1638340	1644080	what frames accepted practice. But there's always anomalies, things that don't fit in.
1644280	1650360	And the response of the orthodox to the anomalies is to ignore them or deny them or explain
1650360	1655880	them away. And psychic phenomena are exactly that in the present mechanistic materialist
1655880	1661320	orthodoxy. And the result is that the number of people who do research in these areas is
1661320	1667420	very, very small. And none of them receive any official funding from government funding
1668220	1672100	Foundation, that kind of thing. Yeah, and then people complain about the lack of
1672100	1677220	progress, and you do like a comparison of funding from like, you know, it's like the
1677220	1681440	Large Hadron Collider is like 15 billion dollars or something, they just... all of
1681440	1686180	parapsychology research, probably 30 million over the last hundred years. I'm
1686180	1690300	just throwing out a number, but it's like... Well, it's not... The biggest funding
1691300	1698000	for parapsychology is the BR Foundation in Portugal, BIAL.
1698580	1703280	And about half their grants go to parapsychology.
1703500	1707100	So I think it's probably in the order of about a million dollars a year.
1707300	1709720	And that's the biggest funding agency.
1710960	1714760	National Institutes of Health is what, 35 billion dollars a year?
1714940	1720640	It's this bizarre phenomena where a lot of elite universities in the US had parapsychology
1721300	1727400	whether it was Duke with the Ryan Center or Princeton Paralympic Paralab or SRI at Stanford.
1727800	1732480	And almost all of the people involved in the programs came out of these, you know,
1732500	1737240	researching random event generators or remote viewing or whatever, saying there is something
1737240	1743160	here. Like none of the people who were involved came out or very few of them came out being like,
1743220	1748400	you know what, I found nothing. And so it's this bizarre thing where we just decided to sort of
1748400	1754060	wholesale discount all this stuff and there are issues with parapsychology and
1754060	1757520	at least in its present state and that I think it's hard to instrumentalize and
1757520	1764000	scale up I think it's more bound up with person's moral development and character
1764000	1767540	progression or a kind of internal coherence than we'd like to admit or
1767540	1772580	something so it's like I have a mentor named John Valentino who helped run the
1772580	1775680	the Princeton Parapsychology Lab pair under Bob John.
1776540	1779080	And I think he would say that, you know,
1779080	1780440	so you have a random event generator.
1780640	1781840	You take this binary computer.
1782020	1784220	It produces ones and zeros on a graphical interface,
1784440	1788120	but it's tied to something that we think of as random and quantum mechanics,
1788200	1791560	so like radioactive isotope decay or quantum tunneling.
1791700	1793180	And you have the observer,
1793200	1795720	and the observer is able to skew it towards ones and zeros.
1795740	1798160	It's supposed to be this perfect coin flip that doesn't make any sense.
1798440	1801980	But what John would say is that your sort of internal alignment
1802580	1807900	or coherence, which sounds kind of woo-woo, actually affects your sort of z-score,
1808020	1811540	or the statistical distribution that you would get as a result.
1812040	1818840	And I think that just breaks too many priors for conventional materialist reductionists,
1818840	1820940	because all of a sudden they're saying, you know,
1821620	1825120	the state of the observer is important for what is observed.
1825520	1829980	And that kind of comports with the model you just mentioned of the mind being a transceiver
1829980	1835040	and you imposing actual elements of the image that you're seeing onto the thing itself.
1835460	1839080	But I think it's just too much for science to look at.
1840140	1844540	Well, I think there are a lot of individual scientists who are very interested in these
1844540	1844960	things.
1845280	1851400	And because I've talked about them openly for a long time, whenever I visit scientific
1851400	1856340	institutes, I always have the experience of people coming up to me when no one else is
1856340	1864400	is listening in the drinks reception or the tea reception. They look both ways and they
1864400	1870180	say, I'm really interested in your work. I've had these experiences, these telephone telepathy
1870180	1875540	or I've been interested in morphic resonance and so on. And then they say, but I can't
1875540	1880360	talk about it here because everyone's so straight. And then a few minutes later, another one
1880360	1885960	comes up and says almost the same things. And by the time four or five are done, I say,
1886340	1890860	you're not alone. There are several people in your own department who think like this."
1890860	1894140	They said, no, there aren't. I said, yes, there are. They said, how do you know? I said,
1894180	1896720	because they've just told me, him and her and him.
1898140	1904040	The thing is that within actual institutional science, most scientists are in the closet
1904040	1910700	about their own personal views. They're frightened of this culture of dogmatic materialism and
1911820	1915900	won't apply for grants or do research in this area, partly because there aren't any grants
1916340	1920840	hardly any, and partly because it would endanger their career to do research in these areas.
1921380	1926040	But they don't even talk about it usually with colleagues unless they know them very
1926040	1930800	well and trust them because they're afraid of being thought weird. But if you take the
1930800	1938780	actual opinions of actual scientists, it's not the case that 99% are pro-materialist,
1939420	1944440	skeptical denial position about these things. The majority are open-minded. And in fact,
1946340	1951100	themselves. I agree. They just have to tiptoe around it. They're kind of epistemically constrained
1951100	1958360	at the start. And it's this sort of publish or perish. They're addicted to sort of prestige,
1958460	1963520	and they're sort of always prestige hounding. I mean, a good example I've noticed, and I don't
1963520	1967820	want to bash him too much, but it's like on the UFO world, which I'm really interested in the UFO
1967820	1973040	alien thing, which is very in the zeitgeist right now. And there's this professor, and we've had
1973040	1978700	some early conversations you know four or five years ago and you know i i've been interested in
1978700	1984220	this kind of time travel hypothesis or some the idea that uh you know what we're seeing and i want
1984220	1988200	to get into this because i know you wrote a book called the physics of angels which might touch on
1988200	1995840	this a little bit but the idea of what we're seeing is more of an emanation from man uh versus
1995840	2001760	some you know little green man from zeta reticuli and anyways i'm with him at some conference and
2003040	2009220	And I'm like, I'm like, if you actually use inductive logic, these things are probably not from other planets.
2009380	2013400	And he like looks at me and he sort of like whispers and he's like, you're right.
2013560	2015080	Like he's like, I agree with you.
2015140	2020200	But he like can't say it publicly or something because like the alien thing is popular and he needs to get funding or whatever.
2020320	2022080	And it's just lame.
2022340	2028320	Like I would just be so bearish academia on a go for basis and bullish people like yourself,
2028320	2037180	especially if we can get more patronage out there for serious work in what are considered fringe areas,
2037480	2042180	because you have to tiptoe around and dance around, you have to posture constantly,
2042460	2044200	you can't engage in earnest real thinking.
2045320	2049820	Yes, it's a shame. In certain areas of academia that's definitely true.
2050220	2056100	I'm curious to hear more about your recent paper on the sun as conscious.
2056100	2061580	I wrote this paper called Is the Sun Conscious? which is published in the Journal of Consciousness
2061580	2067140	Studies which is a fairly mainstream journal to do with the nature of consciousness.
2068680	2074980	The reason I'm interested in it is partly because in many traditional societies it's
2074980	2076740	always assumed that the sun is conscious.
2079520	2085880	The Japanese think the sun is a goddess, the Greeks thought the sun was a god, but in our
2086100	2091820	this enchanted modern worldview. It's just a physical object obeying mathematical laws.
2092120	2098680	A nuclear fusion reactor. Yes. I was interested in this conflict between
2098680	2104200	the older views, which was also in medieval Europe. It was generally taken for granted
2104200	2110200	that the sun and the other stars were conscious beings. Plato thought the sun and the planets
2110200	2115300	were what he called visible gods. We still call the planets by the names of gods and
2116100	2126340	like Venus and Mars and Mercury. The context for writing this paper was the upsurge in
2126860	2132700	academic philosophy of panpsychism, the idea that consciousness is throughout nature, that
2132700	2140580	consciousness is not just confined to human brains. The reason that panpsychism has become
2140580	2147740	become influential within academic philosophy in the last 20 years or so is because of the
2147740	2155280	hard problem of explaining human consciousness or animal consciousness as well. Why it's
2155280	2161660	a hard problem is that the prevailing worldview within institutional science is mechanistic
2161660	2167100	materialism, the idea that the whole universe is made of unconscious matter that behaves
2167100	2173960	lives mechanically in accordance with mathematical laws. There's no God out there, no spirits,
2173980	2181060	no angels, all that's make-believe and it's just ideas in human minds and therefore electrical
2181060	2186700	or chemical patterns in human brains. There's nothing out there. That's the standard view.
2187780	2193140	The whole universe is made of unconscious matter. Then the problem arises, well, how
2193140	2198440	How come we're conscious if everything is meant to be unconscious matter and our brains
2198440	2199180	are made of matter?
2200320	2206380	Why does matter become conscious in our brains and possibly in the brains of a wide range
2206380	2211520	of other animals, but nevertheless confined to brains with the whole of the rest of the
2211520	2219400	universe utterly unconscious, except perhaps for little green men or science fiction type
2219400	2228000	type beings on other planets. So, within the philosophy of mind, people have made entire
2228000	2234660	careers out of professors in universities of trying to prove that we're not conscious.
2234960	2239180	So we ought not to be conscious because if everything is unconscious, we ought to be
2239180	2243820	unconscious too. So some professors, believe it or not, have actually made a career out
2243820	2245360	of saying that we're not really conscious at all.
2245360	2250200	Yeah, it's like Sam Harris, it's like all existence is an illusion, you have no self
2250200	2250740	or something.
2251080	2255160	Well, yes, well then some of them are straightforward denialists.
2255440	2261480	Some of them say consciousness is a meaningless epiphenomenon, like a kind of shadow of the
2261480	2266340	activity of the brain, but it doesn't do anything, to which the problem then arises, well, why
2266340	2268820	is it evolved in that case if it doesn't do anything?
2270580	2272240	They don't have an answer for that.
2272240	2277740	that. And then perhaps one of the more common positions is that consciousness is an illusion
2278320	2283460	produced by the physical activity of the brain. But that doesn't work either because illusion
2283460	2288420	is itself a mode of consciousness. So you can't explain consciousness as an illusion
2289000	2294020	because illusion presupposes consciousness. So that's why it's called the hard problem.
2294280	2300860	All these attempts to solve it in terms of this framework of mechanistic materialism
2302380	2304980	Philosophers just go round and round and round in circles.
2305240	2310040	It lasts a whole lifetime of academic career.
2310640	2315740	And there's this problem of the eye seeing the eye, the Chomsky mind-body problem or
2315740	2321760	something where fundamentally the aperture through which you understand or see anything
2321760	2322780	is the mind itself.
2323120	2325600	How does one understand its own mind?
2326000	2329760	You need to be conscious in order to do physics or science.
2329760	2332400	So the whole thing's a product of consciousness.
2332520	2333900	It presupposes consciousness.
2334360	2338500	So you can't really get rid of consciousness without getting rid of science and the whole
2338500	2342720	of human culture, as well as all our own subjective lives as well.
2342920	2347140	And it's so interesting to read some of the early quantum field theorists who are now
2347140	2354000	totally misattributed as being kind of hardcore materialist reductionists, and they all say
2354000	2354720	the same thing.
2354860	2356700	It's all filtered through the mind.
2356700	2360240	mind, all of them flirted with the mind being the, you know, the colllapser of the wave
2360240	2362040	function at points in their career.
2362880	2365460	But going back to your paper on the sun...
2365460	2369760	Well, yes, well, I...just to finish that bit about the hard problem.
2369960	2376820	You see, one group of philosophers, the panpsychists, have revived an ancient idea that there's
2376820	2378360	consciousness throughout nature.
2378700	2379900	Pan means everywhere.
2379900	2386080	everywhere. So what they're saying is, well, if there's a tiny little bit of consciousness
2386080	2391100	in electrons, a little bit more in atoms, a bit more in molecules, and a bit more in
2391100	2396760	cells and tissues and organs and things, then when you get to a complex structure like the
2396760	2402120	brain, then it's a difference of degree, not of kind. So they think they can solve the
2402120	2407520	hard problem by saying, well, consciousness is actually in all these lower systems, lower
2407520	2413660	lower level systems that add up in the brain allow this higher level of consciousness to
2413660	2422140	emerge. That's their motive. They've persuaded a lot of people that that's the case and panpsychism
2422140	2428140	is now taught in a lot of mainstream universities. Whereas when I was at university, the idea
2428140	2433820	of nature being alive was called animism and it was just rejected as a sort of primitive
2433820	2439180	of superstition, a kind of childish thing that people grow out of by the age of 10 or
2439180	2447240	11. But now it's taken seriously. But what these philosophers do is when they get to
2447240	2453120	the brain, which their aim is to explain human consciousness, they stop. And so I thought,
2453180	2458300	well, what happens if we carry on? What happens if we look at the sun? Because given the background
2458300	2463920	that lots of people have always thought the sun was a conscious being of some kind. What
2463920	2469860	would it look like to take panpsychism seriously and apply it to the sun? That was the purpose
2469860	2480660	of my paper. In it, I look at several different aspects of this question. One is what would
2480660	2486540	be the interface between the sun's consciousness and its physical body, the sun that we actually
2488300	2493100	And I think the answer there would be the electromagnetic field, because the interface
2493100	2499080	between our minds and our bodies, most people would agree, is the electromagnetic activity
2499080	2499840	of the brain.
2500000	2506220	You know, different kinds of alpha waves, theta waves, beta waves, gamma waves, et cetera,
2506260	2511080	different kinds of brain waves, which are electrical waves of activity in the brain,
2511700	2516380	measured by electrodes on the skull, so that they're affecting the electromagnetic field.
2518300	2521620	These are correlated with consciousness, and most people would feel they have something
2521620	2522360	to do with it.
2523880	2532740	If the interface of consciousness in our own brains with the physical activity of the brain
2532740	2538240	is through the electromagnetic field, then the sun has vastly more complex electromagnetic
2538940	2543280	fields that stretch out through the whole solar system, which is its body.
2543280	2549060	You know, we're in the solar wind, the magnetosphere of the Earth is like an envelope around the
2549060	2549280	Earth.
2549500	2555920	And when there's a solar flare or a coronal mass ejection, huge amounts of ionized, electrically
2555920	2558820	charged particles are spat out from the sun.
2559000	2564600	And if they hit the Earth, as they did recently, then you get spectacular northern lights.
2564780	2567800	The northern lights were seen as far south as London, right here.
2567800	2573260	sphere. Actually, I didn't see them myself because it was cloudy, but where people were
2573260	2578100	in less cloudy places in southern England, it's very unusual to see the Northern Lights,
2578820	2583860	which are caused by electrical discharges from the sun getting into the ionosphere and
2583860	2589680	then coming down to the Earth as sheets of plasma and charged particles.
2589680	2597340	particles. If the sun's conscious, then the electromagnetic field of the sun provides
2597340	2603180	a very good interface for it. Then the next question will be, well, if it's conscious,
2603260	2608940	then what does it think about? What does it do with its consciousness? There's no point
2608940	2613880	in having a mind if it doesn't do something. What decisions could it make? What choices
2613880	2619800	could it make? How could its mind influence its actions? And there, one possibility would
2619800	2627280	be affecting the direction in which solar flares or coronal mass ejections take place.
2627540	2634320	It has this 11-year cycle of activity, and in the middle of that cycle, there's a lot
2634320	2643320	of sunspots and solar flares and things. So the direction in which they shoot out would
2643320	2648320	have big effects if they're shot out directly aimed at the Earth. They could take out our
2648320	2652960	power system. The Carrington event of 1859. Are you familiar
2652960	2658240	with the solar storm of 1859? Carrington took out...it would have taken out now the entire
2658240	2662380	grid but it took out electrical lines and there was a big outage as a result of it.
2664320	2667720	surge of activity right now with the magnetosphere of the Earth weakening.
2668080	2674500	Absolutely. The Sun can affect life on Earth through directing its flares, and if it chooses
2674500	2678820	which direction to shoot them in, then that would be one thing it could be thinking about,
2679420	2684840	modulating the activity of the whole solar system through its own activity, which immediately
2684840	2691900	influences the entire heliosphere. Around the entire solar system there's a kind of
2691900	2698780	membrane, electromagnetic membrane, called the heliopause. The whole of the solar system
2698780	2705220	is within an arm of the galaxy where there's streams of particles and electric currents
2705220	2711700	called the galactic wind, similar to the solar wind. There's a kind of membrane within the
2711700	2717340	galactic wind. That's really the body of the sun. The sun itself would be like the brain
2717340	2722360	or the heart of the whole solar system. The entire thing is filled with this electromagnetic
2722360	2728220	field, and the sun would be able to sense what's happening in the whole solar system
2728220	2733180	through changes in the electromagnetic field. We're now within the electromagnetic field
2733180	2737380	of the sun through the daylight. Everything that happens on earth is within the electromagnetic
2738620	2747100	field. If one goes on thinking about the sun's consciousness, then what about other stars?
2747340	2754080	Well, why not? And if stars are conscious, why not the whole galaxy? Stars and solar
2754080	2758680	systems are like cells in the body of the galaxy. That might have a kind of galactic
2758680	2765480	mind. And then galaxies are grouped together in clusters of galaxies, and those are linked
2765480	2770120	up through the entire cosmos by something called the cosmic web, which are threads of
2770120	2775240	plasma through which huge electric currents and magnetic field lines, millions of light
2775240	2777600	light years long, link everything together.
2777920	2782440	When you look at the big picture, it looks very like a neural network joining up all
2782440	2783060	these galaxies.
2783740	2790400	So, there could be a kind of cosmic mind, the whole universe might be conscious, and
2790400	2795880	it might have this interface with electromagnetic phenomena throughout the entire universe.
2795940	2796640	That's fascinating.
2796920	2801460	Are you familiar with the work of Dr. Michael Levin at Tufts by any chance?
2801520	2802640	Yeah, I know Michael Levin.
2802640	2812020	So his stuff fascinates me because he shows just how important the electromagnetic field is as far as dictating human and animal morphology.
2812200	2812620	Yes.
2812860	2823720	And so I find it interesting, you know, maybe the Schumann resonance of the earth is actually essential for bodies to grow in proper ways.
2823840	2827720	In fact, if you put a frog embryo in a Faraday cage, it won't grow normally.
2827820	2830920	If you put it next to a Wi-Fi router, it also won't grow normally.
2832640	2837060	of like a point towards the anthropic principle around the magnetosphere of the earth and then
2837060	2843560	i think about what causes mutations one of the you know the main culprits there and even in darwin's
2843560	2848900	model it's got to be uv radiation from the sun itself so there's something about the magnetosphere
2848900	2855120	of the earth and the interaction with solar radiation that is essential to creating these
2855120	2860860	sort of fine-tuned conditions around life and it just feels like this super under explored
2864060	2869860	Well, I mean, all this of course is speculative, but it's also speculative that the sun's
2869860	2870160	unconscious.
2870580	2872780	I mean, no one's ever proved that, it's just been assumed.
2874100	2877800	So to my mind, it's an open question.
2878260	2882500	And I think that nature becomes much more interesting, the whole of nature, when we
2883040	2884280	take a panpsychist view.
2884580	2885680	Is it speculative though?
2885680	2893500	It's not speculative that the sun is acting in this sort of seemingly perfect way to create.
2893640	2899540	If you think about it, like again, if you take the Faraday chamber example and then the Wi-Fi router example,
2899640	2903780	there is something about that interaction between UV radiation, magnetosphere of the earth,
2903880	2909120	that creates the evolution that we've seen today of animals and humans.
2909320	2913240	And we know that there is an effect between electromagnetism and because of, you know,
2913240	2918260	know, Mike Levin of Gary Becker before him. And so is it, you know, there's some sort
2918260	2922280	of finely tuned thing. We don't know that there's some creator behind it or it's consciousness
2922280	2926740	behind it. There's still the hard problem, but I don't think it's that heretical to say
2926740	2929560	that that is, you know, it's creating this perfect condition.
2930300	2935640	Well, no, that's one thing. But the question of why these conditions are so good, I mean,
2935660	2941260	that's another question. The materialists would say it's just chance or there's billions
2943240	2948020	just happen to be on the one that's right for us. I don't think that would convince
2948020	2954740	anyone particularly, but I think that moving away from the idea that consciousness has
2954740	2962300	to be located in brains, what I call the cerebrocentric view of consciousness, is quite helpful.
2965760	2971320	This isn't saying that everything in nature is super conscious all the time. Most of our
2973260	2979520	All our habits are unconscious, and as Freud and Jung and many others showed, a lot of
2979520	2981200	mental activity is unconscious.
2981680	2988440	So I would expect that other minds in nature, including the solar mind, are largely habitual
2989120	2991220	and largely unconscious, just like our own.
2991560	2997240	I think that's a perfect segue into morphic fields, which I think most people probably
2997240	3002560	know you for, which are these sort of a collective memory or mechanisms of
3002560	3006700	inheritance that are orthogonal or lie outside of the traditional kind of
3006700	3012460	materialist reductionist Darwinian model. Do you want to describe what they are
3012460	3018420	and maybe one seminal experiment? There are two parts of my hypothesis
3018420	3023240	really, morphic fields and morphic resonance. The idea of morphic fields is
3023240	3031680	that all self-organizing systems are organized by a field which shapes their form and organization.
3032080	3042220	Word morphic means form in Greek. So, fields of form and that at every level of organization
3042220	3048840	the whole is more than the sum of the parts. So, the morphic field of an atom, which is
3048840	3054280	pretty well what quantum field theory describes, is those fields of the
3054280	3059460	proton of the the nuclear particles, the nucleus itself, and all the electrons
3059460	3064720	around it. That together makes up a vibratory pattern of activity which is,
3064800	3069500	everyone agrees, underlain by fields, in this case called quantum fields or
3069500	3075060	quantum matter fields. Then the field of a molecule includes the fields of the
3075060	3079900	the atoms, but links them together through chemical bonds or clouds of electrons going
3079900	3084400	all around, whizzing around the outside like a kind of membrane of an organic molecule.
3085120	3090840	And then in cells, you have the membrane, you've got all the structures within them
3090840	3098960	or the molecules held together in a higher hole within tissues and organs and organisms,
3099160	3103800	and then societies of organisms like flocks of birds or termite colonies.
3105060	3111740	level, the whole is more than the sum of the parts and organizes the parts to form a coherent
3111740	3116980	whole. That's what I think morphic fields do. I think they're what give the wholeness
3116980	3123740	that which is more than the sum of the parts. But such fields could not be inherited by
3123740	3130320	DNA or genes because DNA and genes code for the sequence of amino acids and proteins,
3130320	3136220	proteins, which is very different from organizing the structure of a termite colony or the shape
3136220	3144200	of the wing of a bird or the form or the instincts of a giraffe. These things are not just protein
3144200	3147040	molecules. They're much more complex patterns of organization.
3148620	3153240	So they can't be inherited through genes. So how are they inherited? Because they obviously
3153240	3159320	are. I mean, animals of a given species form the right kinds of bodies over and over again.
3160320	3162920	have the right kinds of instincts over and over again.
3164080	3168800	So this is the second part of my proposal, that this happens through a kind of memory
3169660	3176280	across time, directly connecting similar systems through the process that I call morphic resonance.
3177260	3186540	And resonance is analogous to acoustic resonance, where if you make...so you put the sustaining
3186540	3192180	pedal on a piano, for example, you go, ooh, into the piano, it'll resonate back. Ooh.
3192440	3198480	If you go, ee, it'll go ee. What's happening is the strings in the piano are resonating
3198480	3202460	with the tone you're making and the overtones, which are different for the different vowels,
3202720	3207760	making those strings all vibrate. And that gives off this sound, and that's acoustic
3207760	3215700	resonance. And radio and television and cell phones all work on resonance too. When you
3216540	3223480	radio set to a particular frequency, the aerial of the radio set resonating with the frequency
3223480	3228460	at which the transmission is happening, which is why each transmission has its own frequency.
3229300	3231440	So that's a well-known form of resonance.
3231700	3240040	It happens across space and this room is full of radio and cell phone and television transmissions.
3240160	3240980	We can't see them.
3240980	3250480	What would you say is the seminal, I mean there are various seminal experiments, you know, around rats and riverbanks and, you know, other sorts of scenarios.
3250720	3255200	But do you have a sort of a favorite one when it comes to kind of speaking about this to a mass audience?
3255640	3261280	Well, I think the simplest example of morphic resonance, the easiest to understand, is the rat example.
3261280	3267260	example, that if you train rats to learn a new trick in London, then rats in New York
3267260	3272900	and San Francisco and Melbourne, Australia and Beijing should all be able to learn the
3272900	3280360	same trick quicker just because the rats have learned it here. And that should happen without
3280360	3284800	any normal means of communication. It would happen by morphic resonance. They're confronted
3284800	3290140	by a similar problem, the rats are similar, they should be able to do it quicker. Now,
3291280	3297840	actual evidence from a long series of experiments with rats that that actually happens. Also,
3298120	3304200	if you make a new chemical compound for the first time and you crystallize it, that crystal
3304200	3309260	form won't have existed before because it's a new compound. And the more often you crystallize
3309260	3314520	it, the easier it should get for crystals of that kind to form. And in fact...
3314520	3315000	That's amazing.
3315420	3319960	Well, it is actually really well known to chemists that new compounds are very difficult
3321280	3326880	years before you get the first crystal. But thereafter, it gets easier to crystallize all
3326880	3332020	around the world. That's insane. That's crazy. I think about sometimes athletic accomplishments,
3332140	3337440	too, where somebody pushes the bar just a little bit farther, and then all of a sudden it just
3337440	3343440	seems easier or something, ostensibly. And you could attribute that to modern doping or something,
3343540	3348340	but I think it's something more than that. It's almost as if an accomplishment that formerly was
3348340	3354100	thought to be impossible is uploaded to a central monad or repository or something,
3354300	3361560	and then if somebody calls upon it with the right resonance in the future, it's that much
3361560	3365560	easier because you have more data in the repository or something like that.
3366240	3368120	Yeah, I mean, that could be...
3368120	3370040	I mean, that's one possible explanation.
3370680	3375760	I mean, the thing is that whenever I put forward ideas about morphic resonance, I'm assailed
3375760	3377200	by crowds of skeptics.
3378340	3380840	I mean, it's important in science to have skepticism.
3381000	3387220	With athletics, one of the skeptics' arguments is, well, you're now tapping into a huge,
3387320	3389700	much expanded pool of contestants.
3390220	3396860	And before, any few sort of middle class English people and a few rich Americans could take
3396860	3398040	part in Olympic games.
3398100	3403100	And now, you've got people from all over the world, millions, billions of people who potentially
3403100	3403880	could compete.
3403880	3409140	So the ends of the normal distribution curve go out further, as it were.
3409320	3411420	Can I tell you why I think it's not accepted?
3412600	3416240	Because you can't turn it into math and people only...
3416240	3423440	We're math reductionists and it breaks the existing paradigm and we don't have a good
3423440	3424820	theory as to the causal mechanism.
3425200	3430540	So it's like we were talking about black body radiation in the 1860s or something.
3430540	3435080	people would be like, that's impossible. You know, like, how does that work? It doesn't make sense.
3435560	3441960	And then you sort of need the quantum revolution to explain that or something. And so, yeah,
3442040	3448620	can you turn it into an equation? Well, I don't know. The thing is, right now,
3448700	3454360	one has to say that almost everything in biology can't be turned into maths, and almost everything
3454360	3461080	everything in psychology. There's no one who could write an equation for your mind or for
3461080	3467400	your thinking processes right now. There's no mathematical equation for that. There's
3467400	3471960	no mathematical equation for the most simple things about plants and animals. If you're
3471960	3476920	classifying plants, you look at the plant, you look at the form of the leaves and the
3476920	3482420	flowers, and if you want to know which species it is, you consult an expert. If they're not
3484360	3490480	herbarium, look up a pressed specimen and compare it. And the ultimate reference is a pressed
3490480	3495500	specimen of a plant, not very mathematical. Well, I'm on your side, but I'm going to play
3495500	3502860	devil's advocate here because I think we need to get stronger, which is like, if you're a radio
3502860	3508440	or you're a TV or something, it's like clearly it's a radio frequency signal. And so that resonance
3508440	3513200	resonance is, the causal mechanism is clear and you can manipulate it, you can reduce
3513200	3513520	it.
3513680	3520860	And so I'm sympathetic to certain things being irreducible, a la mind and biology, which
3520860	3522200	I think is very tethered to the mind.
3522480	3528680	But is there something in some version of electromagnetism or something that we can
3528680	3534080	actually point to as the conduit for information transfer here?
3534960	3539940	No, I would say that morphic resonance is itself a fundamental principle of nature,
3540540	3541860	you know, like gravity is.
3542020	3544340	And actually no one really understands gravity.
3545320	3546960	You know, we all take it for granted.
3546980	3550720	We're not floating around in this room now because we're held down by gravity.
3550960	3554060	Its invisible force permeates all the space around us.
3554380	3558000	But does it depend on waves or particles?
3558220	3562500	You know, some people say yes, and they say occasionally we've got some evidence for gravitational
3564360	3570640	But if you ask a simple question like, what's the speed of gravity? It turns out no one
3570640	3576840	knows. The usual assumption is the speed of light. But it takes eight minutes for the
3576840	3581880	sun's light to get to the Earth. And if you're calculating where to send probes and rockets,
3582180	3589720	and you assume the sun's where it was eight minutes ago, or at least the gravity is coming
3589720	3594180	coming from…it's taken eight minutes to get here. All the calculations don't work.
3594360	3600860	They only work if you assume that it's instantaneous. And so some people…there's a physicist
3600860	3607300	called Van Flandern, argues that the speed of gravity is at least two billion times the
3607300	3613220	speed of light. But in practice, physicists assume it's instantaneous. That's the
3613220	3620180	the only way their calculations work. So there's so much we don't know, but I would say that
3620180	3625820	morphic resonance is...well, you can quantify the effects. If you're doing a rat experiment
3625820	3630240	and you train a thousand rats, there's more effect than if you train ten rats. And you
3630240	3636820	can do graphs that show its relationship to quantity, intensity of effect. So it's not
3636820	3643000	if it's not quantitative. It's quantitatively measurable through these experiments. And
3643000	3651280	you can make models of morphic fields. The French mathematician René Tom made mathematical
3651280	3659840	models which were in a branch of mathematics called topology and differential topology.
3660180	3665540	Now most mathematicians don't understand differential topology. It's a specialized branch, but it's
3666820	3673120	and he thought that these fields contain attractors which attract the developing
3673120	3678020	system towards a goal. And in fact you can make models and theoretical
3678020	3683960	biologists do make models of how developing biological systems are
3683960	3690980	attracted towards morphic attractors. So there are actually mathematical
3690980	3699220	mathematical models. So the thing is about mathematical models that people write to me
3699220	3705240	with mathematical models of morphic resonance, but I'm not a mathematician. And so, you know,
3705260	3710840	when I see several pages of equations about their theory of how morphic resonance might
3710840	3714420	work, I sort of glaze over because I can't understand it.
3714600	3714640	Yeah.
3715600	3719720	You know, and if somebody said to me, you know, where's a mathematical model of morphic
3720980	3723360	forward them some of these things, say, okay, here's one.
3723480	3726520	I don't know if it's right or wrong because I can't understand it myself.
3726780	3729180	If you want pages of equations, here they are.
3729700	3733600	Most people don't really want to see pages of equations because they don't understand
3733600	3733900	them.
3734080	3739040	They just want a rhetorical ploy for ignoring it.
3739300	3739800	That's right.
3740000	3743880	Or they want you to just assure them that they can be made into math, but they don't
3743880	3744920	want to look at the actual math.
3745040	3746180	They certainly don't want to look at the math.
3746180	3751820	But as I say, most things in biology can't be reduced to maths.
3751960	3756400	I mean, you can say flowers have three, four or five petals and there's a Fibonacci series
3756400	3757560	in sunflower heads.
3757780	3763500	But once you've said a few things like that, maths isn't much help anymore.
3763840	3769880	Is there something about biology that is exceptionally tethered to consciousness in a way that inanimate
3769880	3770740	matter is not?
3770740	3785760	So like I love Erwin Schrodinger's What is Life, you know, the 1944 lectures where he talks about biology as being, again, very coupled with the mind and mental processes.
3785920	3789260	I mean, we use placebo like it's this dirty word, right?
3789360	3795740	Like it's like, oh, they took a sugar pill and it was just as effective as, you know, some other experimental protocol.
3795740	3802120	recall, but it's just placebo, as if that's not this miraculous, insane sort of thing.
3804040	3808380	Yeah, do you think there's a tie there between consciousness and biology?
3810280	3817200	Well, I think mind-like activities underlie all biology. I mean, morphic fields are mind-like.
3817400	3822900	They have habits. They have forms, shapes, structures, patterns of organization.
3822900	3830320	I think mostly they're working at the habitual level and we're not conscious of our own habits.
3830840	3833780	So I think they're basically habitual, but they're mind-like.
3834760	3841280	But I think something similar would be...well, I think it's...I've already said of non-biological
3841280	3848940	systems like the sun and the galaxy and even molecules and crystals, you see, have an ordering
3848940	3855800	principle as a structure, a form, and you can't predict that from basic quantum physics.
3855980	3859800	I mean, if you start with the Schrodinger equation of quantum physics, the whole thing
3859800	3862160	peters out by the time you get to the helium atom.
3862360	3862520	Yeah.
3863440	3868660	So, you know, it's not as if this is giving us precise predictions of complex protein
3868660	3869340	molecules.
3869760	3874400	So that brings up a really important question, which is, if we're all part of greater morphic
3874400	3881900	fields on a macroscopic level, is it not really important to choose which morphic fields you
3881900	3886440	interact with so that you are engaging in the right goals?
3886840	3890380	Is that not somehow really essential to the life you're leading?
3892000	3895220	Well, to answer that, we have to step back a little bit.
3896080	3902720	I think that our habits are influenced by morphic resonance from lots of people in the
3904400	3909480	And I think that this morphic resonance or collective memory, a bit like what Jung called
3909480	3916020	the collective unconscious, I think that these are shaped by many people in the past and
3916020	3917620	they facilitate learning things.
3918180	3922840	So when a baby learns to speak a language, I think a lot of that's happening by morphic
3922840	3923160	resonance.
3925180	3933840	The linguist Noam Chomsky talked about an innate language ability, innate grammar, because
3934400	3938480	And he was fascinated by the way that young children learn to speak.
3938720	3940460	And it's not genetic, you see.
3940520	3946040	You can take a Chinese baby and be adopted by a European family and learn to speak English
3946040	3948000	or French and vice versa.
3948320	3951600	And there's a big difference between the genetic backgrounds.
3952060	3954420	So it's not as if it's hardwired in the genes.
3955960	3958220	Yet it is inherited in some way.
3958760	3961600	And I think that's happening by morphic resonance, you see.
3961600	3964580	I think it's a kind of resonance as you learn something.
3964860	3969660	And when you learn something lots of people have learned before, like swimming or riding
3969660	3973200	a bicycle, I think this is facilitated by morphic resonance.
3974360	3981760	So when it comes to the cultural forms we adopt, then every cultural form, every behavior
3981760	3986060	pattern that's been shared by lots of people would have a kind of morphic field.
3986060	3986220	field.
3986320	3994820	And what we tune into, well, if we take up a hobby, say like building model airplanes,
3995300	4002180	then you'd sort of tune into the field of model airplane builders and you'd learn how
4002180	4006300	to sort of glue the balsa wood together and stuff more quickly than you might otherwise
4006300	4006800	have done.
4007200	4013600	I think you mentioned Darwin even touching on something that was like morphic field-like
4013600	4018660	phenomena in the descent of man, is that right? Where he's talking, I think, about
4018660	4024620	like dogs inheriting the traits of their parents. That's outside of just, you know,
4024640	4028060	pure, he didn't have DNA at the time, but this pure kind of material model.
4028380	4032600	Well Darwin was very interested in the inheritance of acquired characters, you know, that
4033600	4038060	the offspring could inherit adaptations or behavior from their parents.
4038060	4046000	inheritance, sometimes called Lamarckian inheritance. Darwin was a Lamarckian. Neo-Darwinians, like
4046000	4053080	Richard Dawkins, reject that aspect of Darwin. But since the beginning of the 21st century,
4053800	4059420	Lamarckian inheritance is really back in fashion, having been rebranded epigenetic inheritance.
4060820	4066080	I think that a lot of epigenetic inheritance is in fact a result of morphic resonance.
4068060	4075340	It's all a matter of molecular changes in methylation of the DNA or changes in histones
4075340	4078980	or small RNA molecules or something.
4079500	4086720	The fact that people can propose some molecular basis has given people permission to accept
4086720	4091580	that it's real, but it's not proven that that's how it actually works in most cases.
4091900	4093520	The question is open.
4093520	4104260	open. The case that Darwin reported in a paper in Nature was of a dog that belonged to someone
4104260	4110860	he knew that got very frightened whenever it went past a butcher shop. It turned out
4110860	4117580	his father had done the same. Darwin speculated that this behavior may have been because the
4117580	4122300	grandfather had been maltreated by a butcher and a fear of butchers had been inherited
4123420	4132180	by these dogs. But you see, that was just telling the story. Darwin, like me, was interested
4132180	4136560	in what people actually observed. He didn't just say, this is a mere anecdote, it has
4136560	4142560	no relevance or is of no interest. He thought this was a data point that was worth taking
4142560	4151960	taking seriously. And now, recent research in epigenetics with mouse behavior has shown
4151960	4156540	something very similar in laboratory experiments. I don't know if you've followed the mouse
4157440	4159080	fear experiments. No.
4159940	4166800	Well, when they were published in Nature, the title was, Inheriting the Fear of Fathers.
4166800	4174020	And in these experiments the researchers, this was at some university in the US, I've
4174020	4179460	forgotten which one, I mean this is quite well known mainstream research, they took
4179460	4183800	male mice and they made them frightened of a smell called acetophenone.
4184060	4187020	Smells a bit like cherries, it's a synthetic chemical.
4188000	4193160	So they exposed the mice to this smell and they gave them a mild electric shock through
4193160	4202140	their paws. This is a classical aversive conditioning type thing. After a few times, when the mice
4202140	4208340	smelt acetophenone, they were petrified. When mice are frightened, they simply freeze. You
4208340	4214880	can measure the freeze response. They trained these mice to be terrified of acetophenone.
4215220	4221080	Then they bred from them with mothers who'd never been exposed to acetophenone and then
4221080	4226440	tested the children and the grandchildren and they were terrified of acetophenone. In
4226440	4235460	a single generation, a fear of a particular chemical being inherited by these mice in
4235460	4241340	a way that couldn't possibly be explained by cultural transmission was a form of epigenetic
4241340	4243780	or more inheritance or perhaps morphic resonance.
4244000	4248560	That's fascinating. It's so funny. It is very in vogue to say, I'm healing my ancestral
4248560	4252940	trauma and everybody is talking about DNA methylation and epigenetics. And you were
4252940	4258000	talking about morphic resonance and morphic fields far before, like organ donor recipients
4258860	4264520	inheriting some of the attributes of the donor. Like in certain cases, you suddenly know French
4264520	4269280	or you know how to drum or like you pick up the skill from the person that's given you the organ.
4270340	4273940	Yes. I mean, the best documented are the heart transplant cases.
4273940	4279920	Well, you see, what people usually say there is, well, the memories must have been stored
4279920	4285120	inside the heart, in the cells, a cellular memory or something that's got transferred.
4285760	4291660	What I think, because I don't think memories are stored in cells, I think they work by
4291660	4292360	morphic resonance.
4292660	4297320	When someone's had a heart transplant, that heart continues to resonate with the donor,
4297320	4304200	donor, including characteristics of the donor's behavior, appetites, likes and dislikes, and
4304200	4311640	so on. These are fascinating cases where the recipient takes up characteristics of the
4311640	4317680	donor without knowing anything about the donor. There's a transfer of memory with the heart,
4317780	4325920	but I don't think it's in the heart. There's a somewhat similar experiment of Michael Levin's
4327320	4330060	worms and learning. I don't know if you're familiar with that experiment.
4330080	4331240	No. What's the experiment?
4331520	4337340	Well, I'm a big fan of Michael Levin, and I think he's the most inventive biologist
4337340	4338840	working at present.
4339320	4348440	And he did these experiments with flatworms, which are small worms which are flat. That's
4348440	4353440	why they're called flatworms. They have a head with sort of a region with little eyes
4353440	4359960	and a tail region. They don't have much of a brain, but they do have a sort of
4359960	4365880	cerebral ganglion in the head. He trained these flatworms to respond to particular
4365880	4371300	stimuli that he could measure their response. They learned the effect. Then he
4371300	4377520	cut their heads off. Flatworms regenerate very easily. The flatworms
4377520	4382440	regenerated new heads. When he tested the flatworms, they could still
4383440	4391040	before. So you see one possibility would be that the memory had been stored all over the
4391040	4396140	body and in the cells of the flatworm. That would be the conventional explanation of Levin's
4396140	4401940	experiments. My explanation would be that it was morphic resonance with the previous
4401940	4409140	form of the intact form of the flatworm. They're resonating with themselves in the past. Now
4409140	4412780	But now the experiments don't enable you to decide between those two interpretations.
4413200	4417100	Most people would go with the cellular memory interpretation.
4417660	4423280	The point is about Michael Levin, he's really pushing the boundaries of biology, but he
4423280	4426500	remains fairly non-committal about exactly how this is happening.
4427400	4433280	I know he's very intrigued by the possibility of there being more to biology than just physics
4433280	4439800	and chemistry and standard science, but he walks a tightrope between pushing the
4439800	4445120	boundary and going too far. If he went too far, I mean most people would say I
4445120	4450560	go too far, the result of going too far is then you're no longer employed as a
4450560	4455040	prestigious professor in a top university and that sort of thing. It does
4455040	4460180	affect your career. That's my sense of him is I look at the books he reads and
4460180	4468340	And it seems like he's pretty sympathetic to a lot of this sort of consciousness being a proto-layer in biology and parapsychology.
4468400	4471480	And I think he spent time in Tibet with some monks out there.
4471940	4478080	And I get this sense that he's far more heretical in his private beliefs than what meets the eye.
4478120	4480140	He has to kind of walk the tightrope.
4480460	4487880	But are you familiar with a scientist at actually University of Surrey named John Joe McFadden?
4488480	4489820	Yes, yes, I know him.
4490180	4497300	Because that would be one example of kind of a non-local theory of consciousness, you know,
4497300	4502300	but in this case it would be electromagnetism would be the kind of conduit for information
4502300	4507560	transfer. But what would you say about that theory? Well, that's relevant to what we were
4507560	4513740	talking about earlier in the consciousness of the sun. Because John J. McFadden not only argues that
4513740	4519480	the conscious activity of our brains is linked to the electromagnetic field,
4520180	4525560	He argues that it is the electromagnetic field. The electromagnetic field seen from within,
4525700	4534720	as it were, is conscious. On the MacFadden principle, then you could say that the electromagnetic
4534720	4543160	field of the sun is the consciousness of the sun when it's experienced from within. I myself
4543160	4548580	don't think that electromagnetic fields are themselves conscious. I think they interface
4550180	4555940	I think they're the bridge or the interface between morphic fields, which are the fields
4555940	4559660	of the mind, as it were, that interact with the electromagnetic fields.
4560000	4566680	So when it comes to these psychic phenomena, for example, the sense of being stared at,
4566760	4573280	which we just talked about, I'm just releasing an app at the moment which works on cell phones
4574100	4577580	where you can train yourself to get better at it.
4577580	4583120	it. Now, I know it's possible to train yourself because in the martial arts, there are various
4583120	4587540	martial arts programs where they train people to know when they're being looked at from
4587540	4592780	behind because it's useful for self-defense. If someone's sneaking up from behind planning
4592780	4597000	to attack you, if you can feel them coming, you'll survive. And if you can't, you won't.
4597040	4603760	So it's worth training. They already have training programs, but this app works on cell
4603760	4608040	cell phones so anyone can try training themselves to get better at it.
4608140	4608520	How does it work?
4609380	4610580	How does the app work?
4612400	4614300	It's just a very simple test.
4614560	4619500	So if I were doing it with you, we'd both have our cell phones tuned in.
4620400	4622420	There would be a QR code on mine.
4622540	4625700	You'd take the thing on yours so they'd linked up together.
4626300	4633080	Then mine, in a random sequence, you'd sit with your back to me with a blindfold on probably.
4633760	4640480	best with a blindfold. And mine would then say, you know, first trial, look. And so I'd
4640480	4644860	stare at the back of your neck. You'd hear a noise that indicates the beginning of a
4644860	4649680	trial. And within five or ten seconds, you have to say whether you're being looked at
4649680	4656620	or not, yes or no. You can just say yes or no, it recognizes voice. So you can have the
4656620	4664800	the mobile phone there, so you hear the sound, the trial begins, say yes, and it records
4664800	4671040	that guess, and then next trial begins, might be no, I might be told not to look at you,
4671080	4676660	I look at the floor and think of something else or close my eyes. So that's my basic
4676660	4681060	test for the sense of being stared at, and when you do that test, most people score above
4681060	4689640	chance, but not very much above chance, about 55% compared with 50%. But some people can
4689640	4697740	get 60% or 70% or 80%. So in this app, what I want is for people to try it out, doing
4697740	4702540	it with feedback, if you're told whether you're right or wrong every time, or even if you
4702540	4707460	just have an informal session where we just had nothing else to do and you sat with your
4707460	4712560	back to me and I said, I'm going to look at you now, Jesse. I'm looking at you. And I'd
4712560	4719220	say, I've stopped looking at you. No, I'm not looking at you. And you would like biofeedback.
4719920	4724940	You don't need to understand it consciously. Biofeedback, where people can learn to regulate
4724940	4730420	their heart beat and so on and blood pressure. It's not conscious learning, do this, do that
4730420	4737340	in the logical sequence. It's learning unconscious cues implicitly. And so I think that these
4737460	4742920	with this system which I'm just launching now this app and in fact
4742920	4747820	anyone who's listening to us who wants to try it can go to my website I'll put
4747820	4754540	the link in put in the area yes because when people have found out you know
4754540	4759860	whether they can improve what I want to find out is first of all what works for
4759860	4764720	people I don't know what works that's why it's a citizen science project and
4764720	4769740	And then even better, if someone can find out what works for them and can develop a
4769740	4772520	system where they can train other people to get better at it.
4772720	4780140	It's basically a matter of tuning into your feelings as opposed to rational thoughts.
4780300	4784780	The minute you start thinking about it, well, it was meant to be random, it was not looking
4784780	4786800	last time, so it should be looking this time.
4786980	4789580	As soon as you start that kind of thinking, it's gone.
4790300	4792820	So it's a matter of tuning into your thoughts.
4794720	4799380	is citizen science and people are doing it at home, then they can find out, does meditation
4799380	4803500	affect it? Are you more sensitive if you've been meditating? Does it work better under
4803500	4809720	cannabis or MDMA? You couldn't do this in a university with, imagine, ethics approval
4810840	4815480	committees, years of deliberation and stuff. But the fact is you don't need all that. People
4815480	4820900	can just do it. It doesn't cost anything. And people can do it at home. And the system
4820900	4825000	The system then gives feedback on how your score's getting on and you can see if you're
4825000	4825940	improving or not.
4826320	4833600	And I'm asking people if they can routinely get up to about 75%, which is very significantly
4833600	4837480	above chance, to write to me, email me and let me know.
4837600	4842740	So I'm hoping that I'll get feedback on this experiment from people who do experiments
4842740	4844020	with their family and friends.
4844280	4845060	What's it called?
4845680	4846660	Staring App.
4846960	4847780	Staring App.
4848300	4849300	Download it now.
4850900	4856300	What about blindsight? So this phenomena where somebody's visually impaired in the traditional
4856300	4861700	sense, and then they can sort of, in certain cases, actually literally artificially visually
4861700	4866080	impair themselves, like be blindfolded, but they can somehow know when somebody's in front of them
4866080	4871660	or navigate some treacherous terrain or whatever. And there's, I think, a site in Texas that teaches
4871660	4876760	people to kind of develop these senses. How does that comport with your vision model?
4877460	4884160	I don't know. There's two different things. Blindsight is where monkeys or things that
4884160	4889820	have...or people that have had damage to the visual cortex of the brain can behave as if
4889820	4894080	they're recognizing objects but they're not consciously aware of it. That's how it's usually
4894080	4899700	used in science. But there's this other thing which is often called extraocular vision,
4900700	4908480	beyond seeing without the eyes, where blindfolded people can tell what things are, and as it
4908480	4911420	were see things that they couldn't possibly be seeing with their eyes.
4911860	4917040	And there are methods that train children to do this that is most successful with seven
4917040	4923660	or eight-year-old children, who are the best subjects for this kind of thing. There's whole
4923660	4928300	groups training children to do this in Mexico and in Spain, and I don't know whether there's
4929700	4934620	Britain. I know about it from Spain. So I have a colleague in Spain who's working on this.
4934820	4939620	It's definitely more evidence for morphic field. And all the brain injury stuff too,
4939700	4943300	where it's like you have like 44% of your brain because of some bizarre injury,
4943460	4947500	and then it sort of reassembles so that you're like totally functional and you don't even realize
4947500	4953700	it for like a long time. Like there are all these examples of that. And so semantic information does
4953700	4955380	does not seem like it's locally stored.
4956260	4956760	No.
4956980	4963260	I mean, there's lots of suggestive information, suggestive evidence for all this.
4964200	4966500	Extraocular vision, though, is a great puzzle.
4966660	4968640	I don't pretend to understand how it works.
4970300	4975260	I mean, I'm interested in it because in a sense the scoposthesia, the sense of being
4975260	4979380	stared at, is a related thing because you can detect when someone's looking at you from
4979380	4981540	behind and you're not doing it with your eyes.
4981540	4986940	So, they're vaguely related and I wish I knew how.
4987580	4990600	So, I mean, these are things I spend a lot of time thinking about.
4990820	4998100	And I talk to colleagues in parapsychology, in physics, in other subjects, and nobody
4998100	4999300	understands these things.
4999420	5003200	We really are on the frontiers of the unknown with all these phenomena.
5003640	5007260	Let's talk about, it's a good segue because you brought up Thomas Kuhn.
5007260	5011060	so he wrote the structure of scientific revolutions but he was friends with
5011060	5015160	actually John Mack who was the head of the Harvard Psychiatry Department and
5015160	5019100	who spent the end of his life studying this sort of alien abduction phenomena
5019560	5023020	you wrote a book I didn't even realize this until recently called the physics
5023020	5030140	of angels with was it Matthew Fox with your co-author and I find that to be a
5030140	5033980	very interesting frame when studying kind of UFOs and aliens there's a
5033980	5037540	a religious studies professor named Diana Pasolka, and there's a guy named Jacques Boulay,
5037660	5042780	this French ufologist, both of whom believe that aliens are sort of the contemporary version of
5042780	5048040	angels and demons, which if you apply a sort of Lindy, like what's the most tried and true
5048040	5053540	human heuristic to this stuff, it's probably that. So what motivated you to write that book,
5053540	5059060	and what are the physics of angels? Well, what really motivated me was the
5059060	5063860	The idea that there are forms of intelligence or consciousness above the human level, beyond
5063860	5066460	the human level, like the sun and the stars.
5067580	5073380	I've been interested in the idea of conscious sun and stars for a long time.
5073840	5076400	My paper on the subject was much more recent.
5077460	5084040	Because the climate has changed within science, panpsychism is now a live topic of debate.
5084040	5087760	debate. I wouldn't have stood a chance of publishing a paper in a scientific journal
5087760	5097300	on this twenty years ago. When I was thinking about the idea that the stars are conscious
5097300	5108220	and the planets may be conscious too, I became aware that in the Middle Ages, in standard
5108220	5116660	standard thought in Christian universities, influenced by St. Thomas Aquinas and all the
5116660	5122680	great theologians and philosophers of the time. It was taken for granted that the universe
5122680	5128780	was alive. It was taken for granted that nature, animals and plants were beings with souls
5128780	5133480	that they were animate. That's why we call animals, animals, because anima means soul
5133480	5141100	in Latin. This was before the 17th century, the machine theory of nature. Medieval Christianity
5141100	5148060	was essentially animistic and treated all of nature as alive. They thought that each
5148060	5154980	star or planet had its own intelligence. It was not only alive but intelligent and its
5154980	5162060	guiding angel. There was a whole category of angels which were organizing or being the
5165100	5172860	There were other angels that were the intelligences guiding or organizing processes on earth,
5173120	5177060	and there were others that were cosmic archetypes of consciousness.
5177840	5181420	So there were nine levels of angels based in three areas.
5183340	5184680	Is this in Aquinas' hierarchy?
5184680	5185540	This is in Aquinas.
5185860	5192740	It's in Dionysius the Areopagite, who was a sixth-century Syrian monk who had a huge
5193480	5197960	Christian theology. As did Iamblichus, also a Syrian Neoplatonist
5197960	5203560	who had his own angel hierarchy. Dionysus the Areopagite was a Neoplatonist.
5206440	5213260	Because I was interested in the idea of intelligences beyond the human level, there was no need
5213260	5220400	to reinvent this because that's what our ancestors…because Jewish philosophers and Islamic philosophers
5220400	5228340	all have angels. The Bible is full of angels, both the Old and the New Testament. In the
5228340	5233020	whole Judeo-Christian and Islamic tradition, you have these beings at different levels.
5234020	5239840	Matthew Fox is a friend of mine. He's a theologian. When I was discussing it with
5239840	5244420	him, I said, what about these medieval theories of angels? They've already got the idea
5244420	5250780	of lots of intelligences beyond the human level. Is it relevant today? Dionysius the
5250780	5256880	Areopagite, St. Thomas Aquinas, and Hildegard of Bingen, the visionary medieval abbess in
5256880	5265700	Germany who was a mystic and a poet. We chose the most interesting passages in their books
5265700	5271260	about angels, the most relevant ones, and then we discussed each short passage as a
5271260	5277100	a dialogue. That's what the book is really. It's looking at the traditional ideas of angels
5277100	5283980	in the Western tradition, and how these ideas might be relevant today as we think about
5283980	5291740	consciousness beyond the human level. It's not that we're saying there's beings with
5292280	5297920	colored wings as seen in stained glass windows flying around in the universe. People may
5297920	5303140	experience them that way, but that would be their own subjective projection onto them.
5303280	5308900	It is fascinating though when you look at St. Thomas Aquinas' angel hierarchy or
5308900	5318500	Iamblichus or I'm sure Dionysus, you see these specific attributes that they tie to specific
5318500	5319540	angel categories.
5319920	5323820	And some do actually comport with the modern alien phenomena.
5323820	5333520	So you'll see like irradiated light, you know, sort of electromagnetic, you know, now, you know, they wouldn't use the word electromagnetic, irradiated light or whatever.
5333740	5336040	So lingering effects as a result of that.
5336240	5349960	And so it does, it's very interesting that like, you know, maybe we're just seeing this sort of age old thing with a modern motif or analytical overlay that we're kind of imposing on, you know, the past.
5351240	5357320	Do you investigate any of the UFO stuff or the alien stuff at all?
5357520	5358580	I haven't, no.
5359760	5365140	I investigate a lot of different things, but there's a limit to how much I can look at.
5367100	5372400	And I'm an experimental scientist by nature, and I love doing experiments.
5373180	5378180	Things that attract me in science are things where I can do actual experiments.
5379960	5383740	hard to do experiments with. You basically, it's observational and you have to wait for
5383740	5392620	them to come along. So it's not an area that I've ever felt drawn to because it's so elusive
5392620	5399600	from an experimental point of view. And also it's so clouded with conspiracy theories and
5399600	5403960	cover-ups and all that kind of thing. So I'm not very interested in conspiracy theories
5403960	5411240	and all that stuff. What I prefer to do is focus on what I call the mysteries of everyday
5411240	5417220	life, like the sense of being stared at, which, as you said, at least 90% of the population
5417220	5422820	have experienced it. It's common. Everyone knows about it, even children. But it's totally
5422820	5430020	unexplained. And then telepathy, like telephone telepathy, thinking of someone who's about
5430020	5435000	to call or knowing who's calling. Everybody's heard that. Virtually everyone, it's about 85% of the
5435000	5443500	population. You can do experiments on that, I've done lots and I'm pretty sure it's real. And then
5444480	5449600	animals that have these abilities better than humans, and that was the subject of my book,
5449680	5454020	Dogs That Know When Their Owners Are Coming Home, where I have a lot of investigations of
5454020	5459980	unexplained powers of animals, which not only about telepathy, which dogs that
5459980	5464160	know when there is a coming home, the eponymous theme of the book is about
5464160	5468640	telepathy, but also things like animals giving warnings of earthquakes and
5468640	5473200	tsunamis, feeling the future. Is there something about, because I think about
5473200	5477840	what is adaptive in mankind and it's like prefrontal cortex or what would
5477840	5482320	what would proverbially be known as kind of a left brain or like rational
5484020	5489360	to get in the way of this like instinctive like I remember when we met with you six years ago
5489360	5498040	you were talking about psychics generally being like kind of marginalized sometimes destitute
5498040	5503060	sometimes physically impaired in your account maybe it was this was sort of your own anecdotal
5503060	5508000	belief but then you know if it's like that and in animals or something it's like you're more
5508000	5512800	tapped in if you're not engaged in this kind of heady ego thing.
5513060	5514180	Yes, and children.
5515240	5515880	Yes.
5516120	5521060	I mean, what inhibits these things is extreme left brain type rational activity.
5522080	5527540	Therefore the very worst kind of people for these experiments are subjects of university
5527540	5530440	professors and students and so on.
5530440	5545960	You know, the academic world is the most hostile world, not only theoretically, but also in practical terms for these things, because you're dealing with a subpopulation that excessively developed on verbal left brain type thinking.
5545960	5548040	And you're so out of touch with your instincts.
5548280	5548860	You're just...
5548860	5551000	It is the modern religion.
5551300	5558220	I think about cosmology itself and it's like just patches upon patches of making stuff
5558220	5562540	work, whether it's gravity, which doesn't make any sense, dark matter, which is undetectable.
5563140	5565320	We're probably just way off on everything.
5565840	5573700	I think we're way off on lots of things and just not what have ever engaged me as much
5573700	5578560	as these things which are so much more central to our everyday life and our concerns.
5578980	5585140	You said you were reading Faraday, which you're going way back to the beginning of magnetism.
5585240	5590180	What inspired you to read Faraday and what have you learned or uncovered in that process?
5591720	5599460	I'm trying to understand the very nature of electromagnetism and light, because I think
5599460	5603680	I think they're so closely related to consciousness, as we discussed earlier.
5603880	5606160	I think they're the interface with consciousness.
5606300	5610120	Where do you, and I realize you'd probably be speculating here, but let's demarcate this
5610120	5617140	as speculation, where do you think the consensus is possibly off on our conventional understanding
5617140	5618880	of electromagnetism or light?
5620180	5625560	Well, I think the consensus is off on virtually the whole of physics insofar as it ignores
5625560	5626500	consciousness totally.
5626500	5631780	If you look at physics textbooks or physics, there's nothing whatever about consciousness
5631780	5632200	there.
5633400	5637560	Sometimes you can ask an intelligent physicist, why isn't there?
5637620	5640400	He says, well, physics isn't about consciousness, it's about physical things.
5641300	5645520	Psychologists and maybe biologists study consciousness, we don't, it's not our area.
5646280	5649520	But that's true and it's a reasonable response.
5650020	5655800	But the thing is that biologists in mechanistic biology, the dominant kind, say that what
5656500	5662820	reduce all life and mind to chemistry, molecular biology, and then to physics. And once we've
5662820	5667560	reduced it to physics, we've explained it. And since there's no consciousness in physics,
5667780	5672740	then they think there can't be any anywhere else either. So we've got this ridiculous
5672740	5677640	situation where physicists don't have consciousness in it because they're not studying consciousness.
5678080	5682480	Then everyone else thinks physics is the foundation of the whole of science. If it's not in physics,
5682480	5687820	it can't exist. And you get the hard problem, it ought not to exist at all.
5689740	5693660	Yeah, it's weird because it all came from Descartes, but really Descartes is saying
5693660	5699420	consciousness is all that exists or something, but it turns into this radical doubt of your own
5699420	5706160	kind of epistemological view or something, and you're just a brain in a vat, and is radical
5706160	5711600	skepticism applied to everything, when in fact it's really all you can presuppose is consciousness,
5712480	5716620	priority is consciousness. What Descartes did was just split the world
5716620	5723300	into consciousness, which is God, angels, and human minds, and matter, or nature, which
5723300	5732240	is unconscious and follows mechanical laws. From the 17th and the 18th century, most people
5732240	5736720	went along with that. It meant that it divided the realm of science and religion, so you
5736720	5743400	You could still have religion about God, angels, morality, human minds, etc. Science could
5743400	5750180	go on looking at nature and ignoring consciousness. But then in the 19th century with the rise
5750180	5755440	of materialism and atheism, and atheism and materialism are more or less the same thing,
5755520	5762840	because materialism says there's only unconscious matter in the universe, then God and angels
5762840	5769280	which are sort of rubbed out, you know, just eliminate God and angels, then all that's left
5769280	5774820	of consciousness is the human mind, and then that has then to become the matter of the brain. So
5774820	5779660	Descartes actually had God and angels and a whole realm of consciousness, but he said it's not in
5779660	5787200	space and time, it's supernatural, and it's not extended in space. And so the mind is outside
5787200	5792440	space and time, and so is consciousness. So let's go back to the Faraday. Where do you think
5792840	5798280	the consensus is off on light and electromagnetism? And I realize you'd be sort of speculating here,
5798420	5806240	but if you were to just take a guess. Well, I don't think it's exactly off. I think
5806240	5811840	there's something about electromagnetism and light which are related to consciousness.
5812520	5818680	And as you mentioned earlier, John Joe McFadden thinks that the fields of our brains,
5818680	5824980	the electromagnetic fields of our brains, are the basis of our consciousness. He thinks
5824980	5830900	electromagnetism is consciousness. I don't go that far. I don't agree with that. I think
5830900	5836660	it's the interface. I think there's quantum processes, electromagnetic processes, and
5836660	5841720	morphic fields and mind and consciousness here. Electromagnetism is the bridge between
5841720	5853740	them. And you see Faraday was not a materialist. Faraday believed that the ultimate reality
5853740	5859880	in the universe is force, that the whole of fields of force, the whole of space is filled
5859880	5865640	with fields of force. He thought matter arose from these fields by being concentrated fields
5865640	5872980	fields in particular points or places. But fields were primary for Faraday. And he thought
5872980	5878700	of magnetic fields as having lines of force. And he thought the lines of force were like
5878700	5884560	tubes through which the ether flowed or some fluid flowed. So did Maxwell in his original
5885140	5894980	equations of electromagnetism treated the fields of force, the lines of force as like
5895640	5905260	with a spiraling vortex of activity. Well, Faraday thought the lines of force were physical.
5905480	5911060	You see them when you scatter iron filings around a magnet. You actually see lines. And
5911920	5917840	if you want to compute magnetic field intensity, it's the number of lines going through a particular
5917840	5923880	area, the number of lines of force. If you look in a modern textbook, it has the lines
5925760	5931220	field intensity based on the number of lines of force. But then it says, after it's described
5931220	5935660	and explained everything in terms of these lines of force, it says, but these lines of
5935660	5941660	force are, of course, only imaginary and are a convenience for thinking about this. So
5941660	5945780	they use them. The whole theory depends on it. They say, well, they don't really exist.
5946600	5953020	And yet, Faraday was convinced they do exist, that they're the physical basis of these phenomena.
5953020	5961920	phenomena. I'm trying to understand how magnetism and electricity are related. He thought it
5961920	5967240	was the ether and flows of fluid. What are lines of force? What is it that's flowing
5967240	5973200	through these lines of force? If it's flowing, which direction is it flowing in? From the
5973200	5980060	future to the past, or from the past to the future, or both? Maxwell's equations for light,
5980060	5986880	light, which were influenced by Faraday's thinking, showed that light…equations work
5986880	5994080	equally well if when I see you, the light moves from you to me, or whether something
5994080	5998960	moves from me to you. Equations work…that was the basis of the transactional theory.
5998960	6006900	theory. Richard Feynman in 1945 wrote a key paper with Wheeler, who was a key figure in
6009400	6018200	astronomy and gravitational theory. They dealt with the roots of the transactional interpretation,
6018520	6024840	the bidirectionality from future to past and past to future. In the famous Feynman diagrams,
6024840	6028720	You know, you have lines of particles interacting.
6030220	6033400	You can have lines going backwards in time.
6033600	6039740	A positron, according to Feynman, a positively charged electron, is an electron going backwards
6039740	6040360	in time.
6040860	6046820	So Feynman's thinking was shot through with this, that it can go both ways in time.
6047360	6052200	And I think that the light and electromagnetism have this quality.
6052200	6059040	I think the bit that goes from future to past is probably related to consciousness because
6059040	6065480	of this reverse causal flow of consciousness. That is somehow the interface with consciousness.
6067200	6074240	If you look in a modern physics textbook, within two lines you're into a wall of equations
6075160	6080960	which create a fog which stops you thinking about it. You can't follow the equations,
6082200	6086540	think, oh, I'll just leave this to physicists thinking about magnetism or matter or something.
6088260	6094340	But I'm trying to think about it without the fog of equations and see what's actually really
6094340	6099520	going on. Faraday was not approaching this mathematically. He didn't know any maths.
6099840	6106940	He was approaching it as phenomena that actually interact. How does light interact with magnetism?
6106940	6112940	He did experiments and he found that magnetic fields change the polarization of light, and
6112940	6116660	that tells you that light is magnetic or has a magnetic aspect.
6117120	6121800	And he discovered that empirically by looking at what changed it.
6122080	6129680	Do you think we need to resuscitate the ether or that space is, in fact, empty or full?
6129820	6135200	You know, this is obviously a debate between Bergson and Einstein, and you have the Michelson-Morley
6137060	6140320	where they did a set of these sort of optical detections
6140320	6142400	and they're like, we're not detecting the ether.
6142800	6146640	But I've always thought the absence of evidence
6146640	6148080	is not the evidence of absence.
6148400	6150880	And people like Feynman later,
6151420	6155520	you could boil all of the world's oceans
6155520	6157880	with just a single cup of coffee.
6158000	6161380	And so maybe there is actually a lot of energy in empty space.
6161980	6164740	Well, that's the standard view in quantum theory,
6164740	6169560	theory, the so-called zero-point field or quantum vacuum field, is supposed to be full
6169560	6174200	of energy, and virtual particles pop out of it and go back into it all the time.
6174840	6180300	And I mean, that's part of quantum electrodynamics, which Feynman was an expert in.
6180780	6186460	And quantum electrodynamics is often said to be the most accurate theory that's ever
6186460	6187360	been devised.
6187520	6189800	I agree with you, but general relativity would...
6189800	6195080	You know, and there's even actually a paper, I think in 1923, where Einstein says general
6195080	6197580	relativity is in fact compatible with the ether.
6197880	6202980	So he sort of goes back on, you know, his special relativity denied it and then...
6202980	6206500	Well, it depends what you mean by it, you see, because the thing is that different people...
6206500	6209040	Is the quantum vacuum field the ether?
6209500	6214760	Is the Higgs field, of which Higgs bosons couple to the ether, which is separate from
6214760	6216020	the quantum vacuum field?
6216020	6225620	you. Is there a fluid flowing through magnetic lines of force, the ether, as Maxwell thought?
6226020	6230360	You see, the particular theory that Einstein, that Michelson-Morley experiment was about,
6230460	6235960	was a theory that there's a uniform ether spread out equally through space and time,
6236100	6242260	like a framework for the whole of the universe, and that if the Earth's moving in one direction
6242260	6248160	to another, you know, it should affect the light and so forth. That was a particular
6248160	6254560	theory of the aether as the carrier of light uniformly distributed. But you see these other
6254560	6259460	theories of the aether are completely different theories and aren't refuted by Michelson-Morley.
6260520	6266320	And I'm not sure how helpful they are. You know, something's going on. Whether it helps
6266320	6267860	to call it the aether, I don't know.
6267860	6272680	Right. Maybe it's more of a field variable or you can have vacuum polarization or something.
6272800	6279860	But I want to get to two topics before we end here. One is your son, Merlin Sheldrake,
6279980	6285640	has written a fantastic book about fungi and fungal intelligence. It's called Entangled Life.
6286020	6290680	And do you look at that at all? Are you interested in that at all?
6291020	6297440	Oh, certainly I am. Yes. I mean, I think it's an amazing book because he weaves together
6297860	6305900	so many different philosophical ideas, history of science, field, ecology, modern electrophysiology,
6306200	6311200	and so forth. And you got into some of the parapsychology stuff through botany, is that
6311200	6315820	right? Am I making that up? I started out working in plant science in botany. Yes,
6315820	6321040	I worked on plant development. And I spent years in India working in an agricultural research
6321040	6328040	Research Institute on breeding better chickpeas and pigeon peas. My title there was Principal
6328040	6334540	Plant Physiologist. I was working with plant breeders in developing improved crops for
6334540	6340040	not just India but for the semi-arid tropics in general. Some of the varieties we developed
6340040	6346080	are in widespread use and have made a major difference and so on. My own background really
6346080	6354540	is working with plants. And Merlin, well, his is fungi, not plants, and as he'd be the
6354540	6358500	first to point out, fungi are separate and different from plants. They're not the same
6358500	6358560	at all.
6358560	6359460	Or are they animal kingdom?
6359700	6366380	They're a separate kingdom. Funga, as the fungal kingdom as opposed to plant kingdom
6366380	6374240	or the animal kingdom or the microbial world. Well, no, I think Merlin's...what he does
6376080	6382300	Really remarkable scientifically and also in a literary way because it's incredibly well written. Mm-hmm
6383500	6388100	Well Merlin and I are quite close and you know, we get on well together we
6388900	6395280	His interest in sciences as he says in that book himself, you know, obviously influenced by my own
6395280	6401520	Mm-hmm, and and you were friends with Terence McKenna. You were fairly close with him, right? Oh very close. Yes
6401520	6406260	And so I think fungi are so interesting.
6406580	6409660	And this is really me ripping off McKenna here.
6410300	6414480	But I think they're really interesting because of how similar they are to humans.
6414800	6417720	So they're really bioavailable.
6417900	6419620	Humans are susceptible to fungal disease.
6419860	6423880	Everybody has a microbiome associated with their microbiome.
6424600	6428780	And he was having some two-week trip in the Amazon, McKenna.
6428780	6434360	and he said that the mushroom spoke to him and I think it's called the song of the mushroom or
6434360	6439400	something the mushroom spoke to him and he said within my memory exists the knowledge for hyper
6439400	6446480	light drives and so it's this crazy idea that mushrooms are extremophiles and you even have
6446480	6453100	Francis Crick and who I know is also a former associate of yours in 1973 writing a paper about
6453100	6458780	directed Panspermia in 1981. He wrote What is Life, kind of developing this idea that
6458780	6466500	if you had a Kardashev four-scale intergalactic civilization, it probably wouldn't look like
6466500	6472740	hominids like us. You would have this spore of knowledge or memory. It would be able to travel
6472740	6480820	the cosmos and withstand extreme radiation. And then it would merge with life forms like us and
6480820	6482860	and direct our thoughts and behaviors.
6483200	6485920	I mean, I'm sure you've seen videos of bullet ants
6485920	6487460	and the Amazon cordyceps mushrooms
6487460	6489700	that literally take over their bodies
6489700	6491100	and direct them up a tree.
6491300	6494180	And our microbiome affects the way we think.
6494260	6495940	Our mycobiome obviously does too.
6496220	6499900	So I find that just this fascinating heuristic.
6500960	6504480	Yeah, well, Merlin discussed that in his book, of course,
6504540	6506380	the fungi taking over minds
6506380	6509660	and to what degree they affect our minds.
6510820	6515980	And I think Terence McKenna was a factor in Merlin's development.
6516300	6519380	I mean, after all, Terence was one of my really good friends.
6519500	6521760	Whenever he was in London, he stayed with us here.
6521980	6524080	There's some hermetic wisdom transfer.
6524160	6531800	Well, Merlin was fascinated by Terence and listened to a lot of his tapes and things and knew him personally.
6531800	6540840	I don't think we necessarily need spores traveling around and actual fungi to transfer thoughts.
6541060	6547140	If telepathy happens, it's possible that beings on other planets could communicate with us
6547140	6555100	telepathically without the need for all this space hardware and hyperdrives and things.
6555100	6562780	and things. So, you know, and there are people who claim that they get thoughts from other
6562780	6570680	dimensions and stuff, and some of them could be on other planets. Who knows? So, my own
6570680	6576620	approach if I were doing space exploration would be to concentrate on telepathy rather
6576620	6582460	than on sort of heavy engineering. It'd certainly be cheaper, and we might find out more.
6582460	6587940	Which is really interesting because most astronauts will come back from space and the work that
6587940	6593540	they will be doing will be consciousness related, not at all hard science or figuring out how
6593540	6594360	we can get further.
6594560	6595060	Yes.
6595700	6596860	It entirely turns them inwards.
6598360	6605620	Well Edgar Mitchell was an astronaut who'd been to the moon and into space at least and
6605620	6611320	he founded the Institute of Neurotic Sciences of which I'm a fellow and which is one of
6612460	6617240	organizations in the United States involved in consciousness research. So that, in a sense,
6617320	6623860	does tie in with experience in space. Absolutely. And I guess the final thing,
6624040	6631080	you know, AI is all the rage now. People are worried about what it means for mankind. And
6631080	6636680	I was actually with a founder of a pretty prominent company. I really respect him. He's kind of an
6636680	6641460	intellectual in his own right as well. And he was saying, you know, he thinks, you know,
6642460	6646280	models have all these local limits, it's not real conscious, all this stuff that we would
6646280	6646940	probably say.
6647520	6656180	But as far as kind of Turing passable intelligence, it's going to approach our abilities.
6656580	6663400	And so the last bastion, the last sort of safe hold for mankind is self-identification,
6663640	6668440	is literally figuring out, we have this impulse to figure out who we are.
6668440	6673540	are. And so I know you've pointed out sort of, you know, other limits of AI around, you
6673540	6678760	know, how it doesn't have kind of a creative principle. We sort of direct it to do things
6678760	6682920	and then, you know, that kind of reflects in the output. But yeah, what do you think
6682920	6685720	there? What do you think about AI? And are we just AI?
6686320	6692100	Oh, I don't think we're AI at all. I mean, how AI actually works is accumulating vast
6692100	6700220	vast amounts of data. The one that interests me most is the DeepMind thing on alpha-fold
6700220	6708860	for protein structure. What's interesting there is that it's not possible to predict
6708860	6714720	the structure of protein molecules given their primary sequence of amino acids from first
6714720	6721160	principles. People have tried for years and they think it can all be explained just in
6722100	6726620	physics and chemistry. But if you try doing it that way from first principles, you don't
6726620	6733340	get anywhere. If you try calculating the minimum energy structure to which your thing would
6733860	6739480	go according to normal physics, with a complex protein you have hundreds or thousands of
6739480	6743280	minimal energy structures that are almost the same, and yet it goes to one of those
6743280	6744200	rather than the others.
6744420	6748840	They had to manually hard code the bond angles of the protein to make it work.
6748840	6755360	Well, they find it really hard to do anything that gives you a correct prediction.
6755540	6757620	And it's called the multiple minimum problem.
6758080	6764880	But what AI does, what AlphaFold does, it doesn't even attempt to predict how they fold
6764880	6768860	up from the beginning and on first principles.
6769120	6775260	It just looks at thousands and thousands and thousands of proteins and then finds an unknown
6775260	6779880	known one with a monosense sequence that's similar to some of the others and sort of
6779880	6783080	figures out what it might be based on lots of others.
6783260	6789440	Like facial recognition software doesn't understand the embryology of the face and how the muscles
6789440	6793200	work and so it just compares millions of photos of people's faces.
6793480	6794200	It's pattern matching.
6794400	6795240	It's pattern matching.
6795460	6800080	And it's pattern matching that's always based on an initial subset of human supervised
6800080	6804840	supervised learning, or usually, outside of certain cases of reinforcement learning like
6804840	6810280	AlphaGo Zero, which are rare and require very rule-bound games.
6811260	6815720	It's almost all based on these sort of manually supervised learning models.
6816400	6816980	Yeah.
6817120	6820600	So, I mean, I think it's amazing what it can do.
6820800	6825540	The AlphaFold thing is particularly amazing because people have tried predicting protein
6825540	6830180	computing structure for years, and now they can predict them on an industrial scale with
6830180	6839060	software. But it's not a fundamental understanding. It's not real intelligence. The computer's
6839060	6846580	not conscious of what it's doing. I don't think it has very much to tell us about consciousness.
6846580	6850940	The Turing test, in my opinion, is a silly test anyway.
6851300	6861300	If a computer can simulate, behave and respond to questions a bit like a person, I don't
6861300	6864680	think this is...if Turing were alive today, I think he'd move on.
6864780	6871740	He proposed this in the 1950s or something, when computers could barely do what an ordinary
6871740	6879300	calculator, desktop calculator can do today. That would have seemed a very advanced level
6879300	6884300	of computation then. It is an advanced level of computation, but it certainly doesn't prove
6884300	6889240	they're conscious. It's a very poor test for trying to prove someone's conscious.
6889660	6896020	If you had to predict the next big scientific breakthrough, what area do you think it would
6896020	6896540	be in?
6898200	6905660	In consciousness studies and to do with a deeper understanding of the extended mind,
6905900	6913700	the way minds work, the way they're related to light and electromagnetic fields, and the
6914300	6919980	way that memory and nature works through morphic resonance, these would be my favorite candidates
6919980	6925480	and they're the ones I work on because I think that this is where the next really big change
6926540	6931000	to come and which will totally change our paradigm from the way it is now.
6931640	6933420	Well, it was an honor to speak with you.
6933460	6934680	I really appreciate it, Rupert.
6934680	6935640	A pleasure, Jesse.
