start	end	text
520	2700	So I'm going to give you a number.
2940	7020	We'd blindfold and then show her mother a random number generator, a random picture generator.
7440	8980	The kid will say, I'm writing your mind.
9100	11040	And then they do a few little experiments.
11220	13780	We did various tests, and she was right every time.
15280	18300	Their kids can see things that they simply can't.
18300	20640	Her answer is 100% accurate.
20860	21920	What is the second number?
22180	22360	Six!
22660	23480	Oh my God!
23740	27300	We think of it as woo-woo or this airy-fairy stuff, but it's true.
27300	31160	Autistic individuals have these incredible abilities.
31400	36360	The science behind this, this is so much bigger than our knee-jerk reactions of truth.
37540	40940	We're going to have everyone on the crew just come and write a word down, okay?
43620	44060	Yee.
44580	45020	H.
45540	45980	Ha.
46000	46140	A.
46820	47260	Ha.
47440	47640	O.
48020	48460	Fa.
48640	48800	O.
49100	49540	Fa.
49700	49880	U.
53160	53600	Fa.
53680	53980	M.
54600	55040	Ba.
58020	63420	You've just done an amazing job of documenting these autistic, in many cases nonverbal children,
63700	69420	who display telepathic powers, which I can't believe I'm even saying,
69500	75240	but you show that this is, you know, occurring in statistically significant ways.
75520	77240	Okay, what picture am I looking at now?
78880	81960	Okay, as you say it.
82180	82720	Listen.
82980	84200	Okay, what is this?
86320	88440	You see, I'm not even looking at him.
88640	93960	You have a Harvard-trained neuroscientist, Dr. Diane Powell, doing the studies.
94000	99860	But you also, you know, seem eminently, you know, normal and not, you know, insanely woo-woo.
100020	101500	I needed to believe it was happening.
101920	109400	And so I asked Diane, you know, can we, can I do my own test where I bring the cues and pick the house?
109480	111480	I didn't want her to be a factor in it.
111520	112800	So I wanted to control the test.
113080	114620	I want Dr. Powell to bring the stuff.
115040	116400	I don't want families to bring this stuff.
116860	124120	I just want to be like the layer for the skeptics where it's like, you know, get this all I was on.
124620	126620	I'm not even going to open it until the day of.
126780	127920	And she said yes.
128000	131060	And I said, I'd like it to be a family we haven't tested yet that you've never met.
131180	135240	I just wanted to clear out any of the possible factors that could influence this.
136020	137080	That's kind of how it began.
137160	139520	We brought this young girl, Mia, up from Mexico.
140040	141960	You know, most of the family didn't even speak English.
142000	143240	Only her Aunt Sophia did.
145700	149820	California, and we took all the mirrors down and all the TVs down and put up cameras every
149820	152460	which way and started the process of testing her.
152560	158060	And with a divider that would go between her and her mother, we'd blindfold Mia and then
158060	160980	show her mother a random number generator, a random picture generator.
161220	163760	I brought flashcards, colored balls.
163920	166880	We did various tests, and she was right every time.
166880	169680	There's a character on page 26.
170000	177580	P-U-E-R-A-T-A.
177900	178280	Good?
178700	179720	Yes, that's right.
179940	180680	Yes, that's right.
180960	182460	The tests were remarkable.
182700	187700	I mean, just hearing her say without fail what's in her mother's mind,
187820	189600	it's just, I don't know, it's so amazing.
189780	193840	And then hearing the earnestness of her parents as well,
193840	196540	where it's like these people clearly are not lying.
196740	198380	They're not grifting, you know.
198920	200540	There's no ulterior motive here.
201380	202940	You can write a word too.
203060	203920	You can write a word.
203940	205040	So if you'll just use the back of my hand.
205540	207480	Okay, I'm just going to grab one.
209160	210140	Actually, that's too easy.
210200	211660	Hold on, that goes with what we just looked at.
212700	213920	Oh, that's a good one.
213920	214900	Tell me when it's ready.
215300	215700	Okay.
216140	216880	You see this?
218540	219540	Yeah, what do you want?
221060	222540	Okay, Akhil, what's in my mind?
225200	240080	C-R-O-C-O-D-I-L-E.
240700	241840	Crocodile.
242040	243400	That's so awesome, Ajquil.
244240	244960	That's so awesome.
248040	249180	Ready?
250220	250300	And.
253860	256120	Three. Yeah. Three.
257900	258940	Good job.
261120	261920	Here we go.
263220	264340	You're doing so good.
264640	265840	Eight and...
271160	274080	I think that, you know, with the telepathy tapes,
274900	278020	one of the things that I, you know, I realized in terms of,
278060	280800	instead of me just writing up all these cases, you know,
280800	283420	and that being yet another thing that's in the scientific literature,
283840	288320	that people need to hear what I hear because I'm not just collecting data.
288780	294520	I'm assessing the tone of voice, the content of what's said.
295560	300260	There's so much information there that's not like mathematical data,
300480	307060	but there's so much information that you're getting from actually listening to these families
307060	310780	and listening to the people who see this stuff for the first time
310780	315520	or listening to their struggles with, how do I make sense of this?
315620	324020	Because that's really what I'm, the kind of contact I get all the time from these families is,
325140	327080	I don't know what to make of this.
327160	330520	And they're relieved that their child isn't the only one.
331120	334020	So, I mean, I'm a documentary filmmaker by trade.
334120	337580	And I've created five feature films.
337580	342660	But I will tell you, I felt bashful when I started working on something that had to do with telepathy.
342960	351480	I mean, my dad, I remember saying something along the lines of like your hard earned career and reputation are going to be, you know, scattered to the wind.
351940	355480	It felt it felt hard to talk about to people, to clients.
355560	357280	You know, I also direct commercials and stuff.
357400	364020	And my mother-in-law is, you know, at the time I started making it was, you know, lives on a sheep farm in rural Minnesota.
364020	368020	soda. And just all these people were like, oh, has Kai kind of gone off the deep end here? And
368020	373260	that's why to me, it was like, just the word telepathy, you can't reduce it to fact or fiction.
373440	379000	Let's go look at the stories of these people, the science behind this. This is so much bigger
379000	383440	than our knee-jerk reactions of truth. I just spoke to Dr. Diane Powell. In fact,
383480	388620	we've been in touch for like a year, year and a half or something. And I've always found her
388620	390960	just to be this amazing woman.
391080	394360	And she's just an impressive combination
394360	396020	of extremely open-minded,
396120	397700	but also extremely rigorous.
398040	398240	Yeah.
398360	400840	And so how did you get in touch with her?
400940	403220	You heard her on a podcast, is that right?
403420	406260	It unfolded by me hearing her on a podcast
406260	409360	about her research that she'd been doing.
409600	411740	Today, I'm here with Diane Powell,
412020	415340	and we will be focusing on her research
415340	419300	on some autistic savants with telepathic abilities.
419780	422980	And I thought that was fascinating, and I wanted to get on the phone and learn more
422980	424560	and went out to visit her.
425440	431320	And, you know, one of the first things I, you know, asked of her was,
431420	434040	can you pull up some emails and obviously not share names,
434220	437920	but like tell me some of the things that people are saying when they write to you.
438480	442800	And that was a very convincing first step for me to witness is that, you know,
442800	446320	This wasn't just something she was talking about or she studied and a few one-offs.
446420	450800	I mean, her email box was filled of parents reaching out saying, I'm finding that my child
450800	451440	can read my thoughts.
451560	452100	It seems impossible.
452380	453240	We've tested it at home.
453580	455000	I have no framework for this.
455160	456520	Can you explain what is happening?
456900	462560	And it was a confusion and a wonderment and sometimes a desperate desperation coming from
462560	465420	these parents to understand what was going on.
465760	467220	And they don't know each other.
467300	468680	They are very siloed.
468680	473120	And that was the first moment where I thought, okay, there's something very big here.
473500	483800	So how does one go from a traditional academic background to studying autistic children who have high extrasensory perception abilities?
484140	491880	I learned about autism and savants back in 1986 because I met Oliver Sacks then.
493240	498860	So Oliver Sacks was a neurologist who wrote, he wrote a lot of different books.
499020	505700	One of the books he wrote was Awakenings, you know, about people that had Parkinson's and were given L-DOPA for the first time.
505800	509780	And all of a sudden they went from being like frozen statues to suddenly, you know, moving.
509880	511360	And there was a movie made about that.
511560	519040	And he was somebody that would study these quirky sort of syndromes that told you something about the brain.
520220	525680	One of the case reports were about these twins who were institutionalized, who were autistic,
526000	531440	who played a game in which they would say prime numbers back and forth to one another,
531720	538960	and they'd be consecutive prime numbers. They would be six digits long, and there's no algorithm
538960	544820	for that. And they just knew these prime numbers. And not only did they know them, they said they
544820	550880	just saw them. I am thrilled to partner with MyHeritage to dive into my family's past. It's
550880	557100	been an eye-opening experience. Using MyHeritage, I started building my family tree by adding names,
557240	563360	dates, and even a photo. Within minutes, I was connected to over 20 billion historical records,
563600	569080	uncovering stories I had no idea existed. For example, my great-grandfather, Nathan White,
569240	574360	was a World War I veteran who got PTSD because of what he experienced on the battlefield.
574820	583560	My grandfather, Irving White, conducted groundbreaking research around the JFK-Nixon debates, which made headlines across North America.
583840	588800	These discoveries felt deeply personal and connected me to my roots in a way I never imagined.
588980	596640	One feature of MyHeritage that I love is called Instant Discoveries, where a whole branch of my family tree was added with just one click.
596640	600240	I even found old black and white photos of my family
600240	605160	and used MyHeritage's AI tools to colorize and animate them.
605320	607000	It was like bringing history to life.
607220	609960	Sharing these moments with my family was unforgettable,
610120	612100	and I even recorded their reactions.
612480	614300	It's been a very meaningful journey.
614640	615960	Dad, what do you think about that?
616420	620160	Wow, that's incredible. I had no idea.
620440	624200	See, the thing is, MyHeritage doesn't just connect you to the past.
624880	627700	It makes your history feel alive and relevant today.
627900	632440	If you've ever wondered about your origins, I can't recommend MyHeritage enough.
632780	638140	Start your 14-day free trial today using the link in the description or pinned comment.
638420	641160	Trust me, it's an experience you won't forget.
641480	652140	For so many of these families, they are told by the doctors when their child is born and is diagnosed with, you know, non-speaking, often severe autism, that they won't comprehend the world around them.
652260	653480	They'll never be able to communicate.
654200	656920	They probably won't process information beyond that of a toddler.
657180	660380	And so parents are taken, you know, all hope is taken away.
661100	668120	And they go through this journey, often not even trying to reach their child because they've been told by all the quote unquote experts that their kid isn't in there.
668900	683200	And what I found really early on were two families, both me and another girl, Amelia, who appears in episode seven, that when the parents were homeschooling with COVID and they had to spend off like tons of time with their child.
684200	687620	their child started spelling on iPads, doing things they weren't ever doing in school.
687860	688120	Yeah.
688200	689240	And that's what happened with Mia.
689380	692980	And then when she started communicating, at one point, then she started having a diary.
693120	695320	And in her diary, she said, I can read my parents' minds.
696420	699700	She wrote in her diary that she can read everybody's mind,
699820	702740	but you have to believe in her for her to do it.
702940	704120	Well, I thought, well, that's impossible.
704500	709000	So her mom asked a few questions like, what am I thinking of right now?
709120	711240	And Mia spelled purple umbrella or something.
711360	713020	Or her dad drew a picture.
714200	720320	of and she wrote dog and that was correct so then they started doing more tests and taking books off
720320	725800	the wall opening to a page on the book a page of the book and what am i reading and she would spell
725800	730220	it out what what am i looking at in the book and she'd spell it out and that's when they started
730220	734480	doing blindfolded popsicle tests with her where they'd have piles and she'd put popsicle sticks
734480	740620	so they took a bunch of videos of this stuff sent it to diane sent it to me to kind of pre-vet it
740620	743540	And it was absolutely unbelievable.
744480	748360	And they were as concerned and confused as any parent would be.
749860	752180	Yeah, to the point, you know, they were deeply Catholic.
752260	753460	They live in Monterrey, Mexico.
753600	757000	And they were worried, what are our neighbors going to feel?
757100	757840	Is this evil?
758040	762460	Is this, you know, there's all these funny things that get put on telepathy.
762620	768060	Not what I've learned through making this is what the non-speakers would say is this is a spiritual gift from God.
768120	770140	That is, I think, what every single one would say.
772340	776860	and us humans in the 3D world trying to map it out for so long
776860	778920	have been like, this is the work of something dark,
779080	782080	and that couldn't be further from the truth.
783280	783680	Agreed.
783860	786780	And so she's sending you videos,
786820	789940	and you say, I want to see this for myself,
790060	792540	and so you put them up in a place in Glendale,
792580	795220	and you have completely controlled experimental conditions
795680	797600	to remove all confounding variables.
798160	800120	And so tell me if I'm getting this right.
800620	807520	So Mia is, you know, sitting next to her mother and her mother is looking and Mia is totally blindfolded.
807520	814860	And then her mother is looking at a completely random large assortment of images or numbers.
815120	820060	So the extremely low probability if you were to get it right just on one in one instance.
820240	820780	Is that correct?
821120	821400	Yeah.
821400	832060	And if you were to get it right, you know, over 10 or 20 instances, the quote unquote P value is what you would call it in science, gets to infinitesimally low.
832180	833580	Is that somewhat right?
833720	834140	Yeah.
834320	835900	And I just want to say something really quick.
836020	842540	You know, Dr. Powell wants to do these really scientific airtight tests with Faraday cages and, you know, get this as tight as can be.
842600	847260	And we're hoping to do that in the film that has been the intention all along.
847420	849900	These tests I was kind of creating.
851400	855420	could make it with like the limited finances and stuff but i would say yes i think that anyone
855420	859820	there would say that we went through every measure i bought even a brand new ipad to make sure it
859820	865600	couldn't be influenced i downloaded all the random number generators on on set so we have video of
865600	873200	that happening we we took down all like i said tv mirrors anything reflective um and yeah like we
873200	877180	were really we went through pains to make sure that there was a divider when mia was shown a
877180	879760	a number and that she was blindfolded.
880080	882740	And then we would take the blindfold off, remove the partition.
883560	887200	And as far as the numbers, I think we started off small, like three numbers.
887280	890740	And then we did four numbers and then we did five numbers and it would generate five, two,
890780	891880	seven, six, three or whatever.
892520	894220	And then she would write it five, two, seven, six, three.
894300	899700	And it was, it's like, it's like she would never miss, you know, and we did flashcards,
901280	902660	some random word generators.
902660	909380	We would put colored balls inside of a can or something, and she'd tell us what color it was.
909580	914240	We did popsicle stick tests, which was beyond telepathy because no one's sending information then.
914300	921100	It's like there's a bunch of popsicle sticks, and her mom would hand her random ones to put in a pile, and she could see them through her blindfold.
921180	923180	Through a perfect blindfold.
923500	923760	Yeah.
923900	927960	Which you had your skeptical colleague, Michael, test.
928020	930740	He was like, I cannot see anything through this blindfold.
931060	931300	Yeah.
932660	936420	to me. I mean, Michael is a very dear friend and he's my DP on a lot of my work, but he,
936460	942900	he approached this very skeptically. I mean, more so than even, you know, like me. And, and,
942900	949040	and so I had him test the blindfold, you know, and I mean, Michael certainly had his mind blown.
949080	951840	You can't see this stuff and not have your worldview change forever.
952860	957940	I mean, I wouldn't do it as a skeptic. I'm generally a skeptic in my life for most things,
958540	965680	But to seeing this, I can't, it's hard for me to not believe this is authentic.
966060	967000	I'm looking at everything.
967140	967980	I'm watching her.
968060	968780	I'm watching the bomb.
968880	971200	I'm watching, I'm watching everything.
971440	975400	And for me and my perspective, it's real.
976000	982580	Michael and any, I think, reasonable listener would say, unless there's some bizarre Morse
982580	988720	code that is developed in a way that's extremely high throughput. And you can somehow, you know,
988720	994420	based on like pokes or something, you know, abstract that out to semantic concepts like,
994580	1001000	oh, you're looking at a grapefruit on this iPad or something. Quickly, the null hypothesis becomes
1001000	1007580	more fantastical than this child is displaying extremely high rates of telepathy.
1007700	1010660	Yeah. And I think that's important for listeners who haven't listened to the show,
1012580	1020340	But, you know, so kind of where even where I left off with Mia, you know, so often these parents are told their kids can't learn, which is completely not true.
1020560	1027140	The non-speakers are brilliant individuals inside of there who just cannot control their body.
1027320	1029500	It's a behavior issue, not an intelligence one.
1029820	1033840	So but learning to spell is meaning learning to control your body.
1034160	1037800	It's a gross motor skill to point to letters, whereas talking is a fine motor skill.
1037800	1042900	And that's why pointing to letters with a letter board is often a way that unleashes their communication skills.
1043100	1047060	However, because it creates – you have to create new neural pathways to do that.
1047460	1052640	Often it takes – and often, this is really important, a lot of non-speakers don't know where their bodies are.
1052720	1053460	They don't feel them.
1053600	1058040	I've talked to so many parents who said their children didn't even know they had bodies or didn't know they had fingers.
1058300	1061380	And they didn't get that until they started communicating, right?
1061480	1065420	So to help them spell it off and requires touch in the beginning.
1065420	1069900	and then you sort of start to lighten the touch or move the touch until there's no touch.
1070160	1073880	And in the podcast, I use the metaphor of what my dad taught me how to ride a bike.
1073980	1076600	I needed his whole body on me, you know, helping me.
1076660	1080500	And then it was like less body, less touch, less touch until finally I was riding the bike.
1081840	1084700	And with Mia, you know, we went out to dinner the night before.
1084900	1088640	Every time we were on Zoom, her mom would have to touch her shoulder or her head to communicate.
1088760	1092060	It was just what she needed, just the slightest touch to help her, helped her.
1092300	1094420	And now her mom is telling me she can do it without it.
1095420	1096140	Most of these kids are.
1096200	1103920	Some will always need touch, but most will graduate to a point where they don't need it once they have more body control, they feel more sense of where they are.
1104860	1110300	So Mia, when she was doing these tests, had to have one slight touch on her, either her shoulder, her head.
1111240	1119320	And the idea that like some Morse code was going through there to someone who can't feel their body is ridiculous.
1119540	1124840	And when I brought that up to Michael, I mean, you could just hear his disdain and his laugh of like, that's impossible.
1125420	1126440	Like that is grasping at straws.
1126440	1127780	And he came in pretty skeptical.
1127960	1128840	He came in very skeptical.
1129100	1129280	Yeah.
1129500	1131060	But you can look at the test.
1131180	1133240	It's not like there's something happening in the finger.
1133420	1142260	I mean, how could you ever convey a number or a random, like you said, an abstract word through Morse code on a –
1143400	1144280	It's impossible.
1144320	1152160	But I think it's a great first example because she's beyond earnest and then the stats on what she's producing are just remarkable.
1152160	1155220	And then you actually go on to control for that variable.
1155420	1160340	as far as touch, which I think is honestly going the extra mile again, maybe even unnecessary, but
1160340	1166180	to the extreme skeptic in the audience should satisfy them. And I think it's important to note
1166180	1172960	too that Dr. Powell got into this because she actually saw there was initially some data around
1172960	1179780	autistic children displaying, you know, high clairvoyance or telepathy and studies even prior
1179780	1180220	Prior to her.
1180340	1180820	Yeah.
1180960	1182660	And so there is a body of work.
1182700	1186120	I mean, psychical studies have been going on since the 1870s.
1186120	1187560	The Society of Psychical Research.
1187580	1191920	You had, you know, Frederick Myers.
1192180	1193120	You had William James.
1193520	1193900	Yeah.
1194060	1195500	This is a long history.
1195860	1196340	Yeah.
1196420	1206220	And there was a man named Bernie Rindland who first kind of came up with this idea that maybe, not telepathy, but ESP gifts should be a savant skill.
1206220	1211260	And he was noticing it in the autistic population, the severely autistic non-speaking population.
1212080	1215700	And so I think Dr. Diane was like, okay, there's something to build off of here.
1215960	1220920	And just, again, to talk about Diane, after those tests with Mia, I was, I mean, really shaken.
1221240	1227740	And she's like, they don't count, Kai, in terms of science, in terms of the rigorous science that we need to prove this because she was being touched.
1227780	1228480	So it can never be touched.
1228980	1230980	And it was like, okay, that's unfair.
1231200	1236120	But, I mean, to these poor children and these poor families, you know, I didn't mean to want Mia's family.
1236220	1242400	to hear that. They were so wanting, you know, just to be part of this validating process. But
1242400	1246760	then the next episode, we go to a young man named Akhil who lives in New Jersey, who
1247180	1249480	can do the telepathy with his mom across the room.
1249700	1250680	Akhil, what is this?
1251180	1251600	What's that?
1252120	1252760	I'll tell you.
1252880	1254640	You see, I'm not even looking at him.
1254840	1254980	Yeah.
1256400	1260300	I'm just going to put it away. And then...
1262180	1262800	Set them.
1262880	1263240	No.
1265420	1267100	Fix it, fix it, focus.
1267680	1268360	Okay.
1268940	1269740	Fix it.
1270920	1271200	And then.
1271380	1271740	Okay.
1273940	1275160	You're a genius.
1275740	1283420	So Akil is, he's one of the children that I had tested before meeting Kai.
1283420	1296500	And I met him actually through his mom contacting me after seeing me being interviewed by Deepak Chopra.
1297980	1305600	And she's Indian and she saw Deepak Chopra interviewing me and said, you know, she's talking about somebody just like my son.
1305800	1310220	And so she contacted me and I went out and tested her son.
1310220	1317780	and then later invited, you know, Deepak Chopra to come see it.
1317840	1321980	And he was so blown away.
1322540	1326500	How can you tell what these words and numbers are?
1326640	1328780	Because you're not seeing them directly.
1330300	1330680	Huh?
1331220	1331940	Yeah.
1333260	1333980	Yeah.
1336720	1339360	Mine knows how to show my mom.
1344520	1347260	My mind knows how to show my mom's mind.
1347680	1351640	My mind knows how to show my mom's mind.
1353600	1354520	It's quite amazing.
1355420	1358800	Akhil's mother, Manisha, kept telling me, look, this isn't just telepathy.
1358940	1360020	This is a shared consciousness.
1360180	1361660	There's some sort of merging that goes on.
1362040	1366680	And she was saying things which I couldn't quite understand yet in my process,
1366680	1373280	which was she felt, you know, he often will maybe use my hardware or my neurology.
1373300	1374980	And I thought, oh, what?
1375260	1376840	You know, just really wanting to understand.
1377460	1380020	And so she kept showing me.
1380060	1385360	When I was doing little tests, like, okay, and actually I love this because I had the crew write a bunch of random words.
1385800	1390020	And I downloaded a random number generator on the spot again, random word generator.
1390800	1392160	We did all this stuff with Akil.
1392220	1395620	And Manisha was kind of like, come on, this is like kid stuff.
1396680	1401620	you really what this is. And so after I was satisfied with, I mean, we must have done 100
1401620	1407720	tests that day. She was like, okay, now you write a word. So I wrote a word and he'd start saying it
1408200	1413000	verbally. He can kind of communicate through words or he'd start spelling it. And she'd be like,
1413040	1416800	now cross it out and start writing another one. And in the midst of crossing it out,
1416880	1420520	the second it's crossed out and you start even thinking about the next one, he'd start writing
1420520	1426000	the next one. And that's where she's like, do you see what I mean? I'm not even having time to
1426680	1430840	this thought of we crossed out car and now it's, I don't remember what it was, piano or something.
1430960	1434500	The second that the next word was starting to be written, he would know.
1434780	1444400	One day I was watching a movie of an athlete whose leg was amputated and he got into a special
1444400	1449500	Olympics. And I went upstairs to tell Akhil, Akhil, Akhil, come, come, come, I want to show
1449500	1454400	you the story. See how people overcome their difficulties and challenges. He said, yes,
1454400	1458080	I know he doesn't have a leg and he is in Olympics.
1458660	1461000	Unless he was watching a show or something.
1461180	1462820	Because I was watching and he was upstairs.
1463300	1465260	So those thoughts can get transferred.
1466780	1470180	So she's like, is this a signal of consciousness that we're both sharing?
1470400	1472400	Is he stepping into my own consciousness?
1472780	1473740	Or what is that?
1473860	1480640	And I don't think there is an answer for that yet, except for that is a widespread thing that the parents are talking about.
1481120	1483380	I and, yes, you got it.
1484400	1486040	Spelling and the ability to communicate.
1486060	1489200	A lot of people might be watching this and saying, you keep saying nonverbal.
1489320	1491160	How do they communicate at all?
1491500	1491740	Yeah.
1491760	1499920	So I think the telepathy and the spiritual gifts, I don't know exactly, but I will say I think it's a mark of being a non-speaker.
1500120	1503760	I don't think it has as much to do with autism as it does non-speaking autism.
1503960	1512540	And with the non-speakers, you know, again, so often the doctors, the educators have had it wrong thinking they're not in there.
1512560	1512940	They are.
1514400	1519660	as you and me, just can't control their bodies. And because they can't create words, which is a
1519660	1523600	fine motor skill, it's pointing to letters, which is, you know, there's different techniques for
1523600	1527700	that. It started with facilitated communication that merged into, you know, turned into something
1527700	1532860	called rapid prompting method. Now there's spelling to communicate. There's different forms of this,
1533520	1538820	of different processes to learn to point to letters. And you do have to learn to be a
1538820	1544620	communication partner, and that's really important. But I found that the colloquial word for all of
1544620	1548620	it is spelling. That's a good umbrella word to talk about all forms of pointing to letters to
1548620	1554600	communicate. And that can be independently on an iPad or with a letter board. And absurdly,
1554600	1562620	there is some controversy around this format of communication. What is ASHA, and why do they have
1562620	1567640	anything, you know, bad to say about spelling and RPM and some of these other techniques?
1568820	1576280	is the American Speech Language Pathologist. It's the board that gives people accreditation to work
1576280	1581800	with language and speech. And ASHA says that spelling is not a valid form of communication.
1582140	1589440	They've called it pseudoscience. It is the most frustrating thing to these parents and to the
1589440	1595780	non-speakers. I mean, I can't think of a bigger human rights violation than saying, like, you
1595780	1601960	You cannot have the means to communicate in your classroom, in a workplace, in a social setting.
1602500	1610140	But when I was doing a deep dive into this, this is fascinating, that sign language, it took like 150 years for that to be accepted.
1610400	1610980	Is that true?
1611220	1612320	Even in the 70s.
1612360	1615660	It was not encouraged to have sign language in school.
1616740	1624640	The people who were hard of hearing or deaf were told that they had to learn to read lips or have like, you know, kind of speakers on their ears, hearing aids.
1625780	1627220	Sign language was not accepted.
1627600	1628000	What?
1628120	1638060	Louis Braille, who was a young boy who kind of, you know, maybe a preteen when he invented Braille, he was at the first school for the deaf in France at the time.
1638100	1639480	And this was interesting.
1639700	1649780	In France and all over the world at the time, I'm sorry, blind, the blind community was seen as not in there, not smart, all the same things that speakers are going through.
1649780	1655580	through. So when Louis Braille was at the first school for the blind in France, he kind of like
1656620	1661260	enhances this old military kind of coding. And he came up with this idea for Braille.
1662260	1667500	And when a new headmaster came into the school, he was like, this is pseudoscience. This isn't real.
1667760	1672120	He locked away all the Braille books. You can't learn this way. And the kids were like, no,
1672160	1677640	this is really great. And they were doing it, you know, in private. But the authorities didn't want
1677640	1681980	on Braille to become a thing. And when the kids first tested, you know, showed the authorities,
1682120	1685960	look, I will punch out these letters and this one will read it. And they kind of proved that
1685960	1690440	Braille is working. People in the room watching that was like, that's a magic trick. It's a joke.
1690720	1695560	They obviously practice this in advance. And so I was reading this, the history of Louis Braille
1695560	1700540	and thinking, this is exactly what the non-speakers are going through. So it makes you wonder why,
1700540	1710160	Why? Why have we always, the reigning, you know, communication class has such strict views and restrictions over how someone else can communicate?
1711160	1711640	Two.
1711740	1712200	Two.
1712620	1713100	Two?
1713360	1713540	Yeah.
1713640	1713860	Good.
1718320	1718800	Four.
1719300	1719780	Four.
1719940	1724400	The question I asked him was, how did you learn all this? Do you have really good hearing?
1724620	1726080	And he said, I'm special.
1726380	1729160	And I said, oh, of course you're special.
1730540	1737060	I can hear thoughts. And I said, bullshit. I questioned him and I said, are you sure you're
1737060	1743960	telling the truth? And he said to me, you don't get the kind of gifts that I have if you lie.
1744200	1750780	So then I asked him a question in my head without speaking. And he answered the question that I had
1750780	1758580	asked him in my head. Then I brought my son and his friend up to witness it. And I had told the
1760540	1764480	I said, Kit, get a thought in your head and sit there and don't think anything but that.
1764660	1767780	And Houston spelled out what that young man was thinking.
1768040	1771380	Then I called my daughter and she didn't believe me.
1771780	1773420	She said, no, he can't, mom.
1773660	1774940	I said, like, send me something.
1775220	1779720	So she had her husband tell her something to text.
1779980	1781460	She texted it to me.
1781580	1785060	He never saw the text and he spelled out what was on the text.
1785060	1790120	I think the Houston story is incredibly powerful because it's so much later.
1790220	1797620	His mother, she's amazing, and finds RPM when he's 21 or so.
1797880	1800020	Or what's the exact story there?
1800140	1800420	Yeah.
1800560	1808380	So, you know, Katie was a single mom of five, you know, no help from her ex-husband, a pretty brutal guy.
1809380	1814960	And I can't tell you how much, how beautiful of a human being Katie is, you know.
1815060	1827960	But fighting against the world at every turn, it was really difficult because Houston had – the way his autism was expressing himself, I mean, he was biting through his hands, like down to the muscle at times.
1828140	1834080	He was smearing feces on the wall, you know, and Katie could not get through to him, didn't know how to help him.
1834140	1838440	And it was years of just a lot of hardship and trauma.
1838560	1841200	And she's working full time and not getting child support.
1841200	1847480	And it was through, I think, what she would definitely describe as a series of miracles of people putting spelling in her path.
1847680	1852560	And she initially thought, well, you don't know because Houston's probably much more different than your child.
1852740	1854920	I'm watching your child sit here calmly and spelling.
1855000	1858040	And Houston, he's a different level of autism.
1858300	1859240	Well, that's not true at all.
1859320	1861860	You know, I think she pretty much had given up hope on Houston.
1862060	1864620	It took me a very long time to give up hope.
1864740	1867500	A part of me breaks inside to give up.
1867580	1868360	She tried everything.
1868480	1869580	Nothing was getting through to him.
1871200	1875080	before Thanksgiving when Houston was about 18. Katie had, you know, come home from working like
1875080	1879500	multiple jobs, like shaking. She was so tired on the sofa. And Houston came and sat down and put
1879500	1888720	his hand on her. And he said, Mama. And I was shocked because I had never, ever heard my son
1888720	1894960	say my name. He was 17. And I opened my eyes and he was looking directly into my eyes,
1894960	1899500	which he had also never done. And he said, I love you.
1899740	1904540	And that moment for her was a miracle. And she's like, wait, he's telling me something. He is in
1904540	1911080	there or he's knowing how I'm feeling. And so then there was a few examples of spelling that
1911080	1916240	came into her path. And then eventually she decided to try it. Houston, at first, when you're
1916240	1920760	learning to spell, it doesn't come quickly. Like often you're pointing to like a board that has
1920760	1925420	six letters, so it's bigger and more spaced out. And then maybe you're answering a question,
1925640	1930120	is it this or is it that? And they call it getting open on the boards when you first start
1930120	1934140	communicating your own thoughts. And for Houston, I believe that happened when he was about 21.
1934840	1939560	And then it was amazing because she learned he has rich, rich knowledge of American history.
1939700	1947820	He loves American history. Rich knowledge of so much. And I mean, Houston's knowledge is
1947820	1953140	is phenomenal. And what I've learned from Katie and Houston's story has been paradigm shifting
1953140	1957040	throughout. But, you know, even just little things, like I never understood why people
1957420	1961600	thought like crystals and rocks had magic in them. To me, I was like, this is a cute thing we do as
1961600	1967360	humans. And I couldn't dismiss it, but I just didn't get it. I didn't believe that. And Katie
1967360	1971660	certainly did not either. And then one day after like a, you know, massage or something, Katie
1971660	1975640	brought home a bunch of like a bag of rocks and crystals. They were behind like her bedroom door,
1975640	1976200	or her bathroom door.
1976320	1978860	And Houston comes home and like knocks through all doors
1978860	1980620	and finds the rocks and crystals.
1980880	1983820	Houston started shouting, stones, stones, stones.
1984260	1985500	And he wouldn't stop.
1985860	1988580	And so I just was like, here, take them.
1988800	1989900	I mean, I didn't know what to do.
1990680	1994560	Anyway, I went into his room a little bit later
1994560	1997820	and he had lined these three stones up
1997820	2001640	on his bedside table on the very edge.
2001840	2004720	And he was lying on the very edge of his bed
2005640	2010200	could get to these stones. He felt all the energy coming from them and he could name which each one
2010200	2016540	was and felt the frequency of each. And he started spelling, when you're autistic, you're a magnet
2016540	2024540	for all energy, good and bad. These stones have good energy. I need more good energy.
2025380	2028720	And, you know, Katie has other stories of coming home and buying like crystals for a,
2029200	2033720	I think it was her son-in-law hiding like dice for Dungeons and Dragons or something. And like
2035640	2037640	because he could hear them or feel them, energy.
2038160	2041900	And stuff like that made me realize, okay, so if I dismissed telepathy and that's real,
2042020	2044620	and I dismissed the power of crystals and that's real,
2044780	2049700	what else have we dismissed that we think of as woo-woo or, you know,
2050400	2052380	this airy-fairy stuff, and it's true.
2052620	2056260	I want to stick with Houston, who's so remarkable.
2056520	2058600	So he lives in Atlanta, right?
2058840	2061660	And there's kind of a cohort in Atlanta.
2061660	2065580	Atlanta. Do you want to talk about Houston's friends and where they hang out?
2065720	2071080	Yeah. And I want to say, I think these cohorts are everywhere. It was just, you know, through
2071960	2079680	Katie and Houston, I was led into this Atlanta cohort, you know, but there's cohorts everywhere.
2079900	2083360	But one of the most beautiful, unbelievable things,
2085400	2088840	first it started with Akil, and that's apparent in episode two, where he says,
2088840	2094240	he said every non-speaker has this gift. And I kind of thought, wow, well, that's quite a
2094240	2098160	statement, you know. But then I went to go meet Katie in Houston, and that's in episode three,
2098280	2105000	and Houston repeats that every non-speaker has this gift and revealed that he, and Houston's
2105000	2109940	the one that coined this term, the talk on the hill, which was this telepathic chat room where
2109940	2116420	non-speakers can tune in and communicate with each other. And that was hard to believe. And then,
2116420	2119740	And, you know, Katie's like, well, you need to meet my dear friend Libby and her son John Paul.
2119820	2123700	John Paul goes on the hill and we went to their house and John Paul went on the hill.
2123800	2124780	And it was really cool.
2124880	2127300	He went into his room and he put a bunch of pillows on his head.
2128840	2134580	And Libby, who's just like such a dear, again, like beautiful human being, was just like this is what he does.
2134640	2135820	After school, he'll do this.
2135920	2137460	And he says he's on the hill.
2137580	2139940	And I've learned about it now that he's communicating with the letter board.
2140100	2142820	And he's really formed relationships there.
2142820	2149960	and she's like, in fact, like there was a young man, his name is Zahari, and he was born blind
2149960	2154640	in an orphanage and was adopted, you know, later in life and whatever. But Zahari's mom was bringing
2154640	2159020	Zahari to Georgia. He'd never met John Paul, but when Zahari walked into the house, he's like,
2159520	2163360	hey, John Paul, they had this whole relationship and they said it had been built on the hill.
2164220	2170220	And so, and I say this in the series, it took me a long time to form my opinion or understanding of
2170220	2175560	of the hill. And I don't want to say a belief in it, but like maybe it was a belief in it. It was
2175560	2181660	just so hard to believe, you know? And then there's so many people from disparate places
2182200	2189140	talking about the hill. One was a minister I met at a megachurch. I didn't meet him in person,
2189180	2195580	but I talked to him on the phone, and his name is Joe. And he was saying that some of his kids in
2195580	2200820	his youth group were talking about the Hill. He runs like a special needs youth group and would
2200820	2204760	talk. They'd put they'd set them up with like other non-speakers in other places and the kids
2204760	2208480	would talk about the Hill. You know, and then I met a teacher in Chicago and her kids were talking
2208480	2216340	about the Hill. And it's just phenomenal. And then Arthur Golden, who's a dear advisor and has been
2216340	2221240	such a help on this whole project as well. And he's got a non-speaking son, Ben Golden, and they
2221240	2226060	they live in a very ultra-Orthodox community in Israel, they have their own hill.
2226400	2226840	Wow.
2227400	2229740	And I've heard of hills in Arizona, Florida.
2229900	2231420	So I don't think there's just one.
2231600	2231920	Yeah.
2232920	2234740	And that's one thing I want to understand.
2234820	2239280	And I will seek that question with the non-speaker advisory board and further in the film.
2239380	2242880	Is the hill just this part of this collective consciousness where we can all hang out?
2243140	2247120	Is it like a separate place that you can go to share ideas?
2247880	2249400	How many hills are there?
2251240	2254400	just find each other. Like if you go to a party, you're at different parts of the room, you know,
2254840	2260280	but you're in the same place. Have you and Dr. Powell done any tests when it comes to
2260280	2267020	information transmission remotely on this kind of hill? Well, that's what we want to do. So that's,
2267020	2271640	we're kind of coming up with our list of dream tests for the film project and her storyline in
2271640	2276260	the film. I want to culminate with these tests, right? And one will be the telepathic, you know,
2276260	2281980	message sending in a controlled way behind partitions and with blindfolds. And the other
2281980	2288840	would be having two or three non-speakers in different locations to communicate together
2290000	2294000	via the Hill and try to validate what each is coming back with and saying.
2294240	2300060	What you just said about Houston kind of just reminded me of this amazing story that you tell
2300060	2304480	of Josiah. Do you want to tell this story of Josiah and Max Davis?
2306020	2310880	Incredible. Yeah. And he's got a book, Josiah's Fire. So that's another really good one.
2311240	2318640	But Max Davis is an author. And Josiah's mom started working on a book. So this is like,
2318660	2324720	forget, just pocket Max Davis for a second. So Josiah's mom, when Josiah started spelling,
2324820	2328380	was absolutely floored by the amount of spiritual messages he was saying.
2328640	2335980	His first ever independent sentence was the most mind-blowing, miraculous thing because he had not
2336260	2341620	spelled anything beyond three to five letter words. So what was his first sentence? God is a
2341620	2346840	good gift giver. He was saying that, you know, he was meeting with the king of angels. He said he
2346840	2352600	was going to heaven. How do you know that? And he spells A-U, and I'm thinking he's going to spell
2352600	2361680	autism or something. He goes on to spell A-U-N-T-I-E. Auntie told an angel to tell me.
2361680	2366000	Auntie was my great aunt, and she died at age 89.
2366860	2370960	Josiah, as far as I know, had never heard us talk of Auntie.
2371440	2373140	He wouldn't have known Auntie.
2373240	2374720	He wouldn't have seen pictures of Auntie.
2375220	2376720	How did he know Auntie?
2376960	2381860	He knew things about a past relative, Auntie, that, you know, and was communicating for Auntie.
2382000	2383580	And this was just unbelievable.
2383680	2386600	And they had never told him about Auntie, right?
2386740	2387020	No.
2387080	2387580	No.
2387580	2403040	No. So again, it was just unbelievable messages that there's no way Josiah should know. And I think at the time he was seven or eight. And, you know, again, the parents are not taking this as face value. They're often trying to figure out this mystery as well and trying to prove it and validate it. And like, what are they talking about? And here's a picture and who's this? You know, that type of stuff.
2403040	2410860	And again, before the telepathy tapes came out, I think that many of these parents were living in their own silo thinking they were unique in this experience.
2410960	2419780	So she talked to Josiah's spelling communication teacher and said, you know, he's talking about going to heaven and seeing angels and communicating with spirits who fast.
2420040	2424560	And the teacher was like, that's a special interest, you know, go on, you know.
2424560	2429040	And the mom, you know, Tani was thinking this is not a special interest.
2429140	2430420	This is something very big.
2431000	2433140	So she writes a book to put this out there.
2433200	2434980	Is there anyone else out there experiencing this?
2435080	2438500	And of course, she's flooded with people saying, yes, this is our story.
2438580	2442860	Well, anyway, in the very precursor of writing this book, she was working with a, you know, kind of a ghostwriter.
2443960	2445880	And she's on a call with the ghostwriter one day.
2445920	2449860	And the writer, you know, said something about another author she's working with, Max Davis.
2450160	2453380	And Josiah comes home from school later on that day.
2453680	2459020	And he starts spelling something very profound about somebody.
2460420	2466980	no clue who he's even talking about. And then all of a sudden he uses this phrase that links back
2466980	2475500	to the conversation that I was having earlier with Cheryl about this guy, Max. He writes all
2475500	2480740	this stuff about Max, like he's a major novel writer. He doesn't write like other people do.
2481020	2488400	He was talking about how his house was popping, popping, popping. And then he says,
2488400	2491680	says, are you a barn man, Max?
2492320	2495460	Like there's animals or there's a farm by you.
2495740	2497140	Well, the writer goes and tells Max,
2497200	2498400	and Max is really weirded out
2498400	2499660	because the things are on point.
2499720	2501840	It was about what was happening in his house,
2501940	2503940	like this popping noise, and he was building a house.
2504060	2505820	It was about being close to animals
2505820	2508080	and like, does he live on a farm or is there a barn nearby?
2508220	2509240	And it turns out that, you know,
2509240	2511600	yes, there is like a barn right next to his property
2511600	2512980	with tons of animals on it.
2513080	2515220	I'm thinking this lady's loony.
2515960	2518120	She's trying to get something from me.
2518400	2522840	It actually made her cry because I'm a skeptic.
2523580	2525240	So that's how it began.
2525700	2528220	It bothers Max because he's going,
2528980	2531480	how does this person know this?
2531560	2534260	Because they were building a new house
2534260	2536820	and it was popping, popping, popping.
2537060	2539000	They were using the nail guns.
2539260	2541660	He goes to a motel and it's like,
2541680	2543960	you know, you love your motel time or something.
2544140	2545020	He takes a nap.
2545060	2546240	It's like a nap is nice.
2546240	2546600	Yeah.
2546700	2551400	And then it's something about, like, his chapter was the fruit of something.
2551460	2554840	So the first story there was this understanding.
2555260	2556520	So Tani writes it to Max.
2556620	2560500	Max is totally weirded out, thinks she's on Google Earth looking at this.
2560700	2566040	And then the next one is Josiah says, you know, Max went into the woods and was praying last night.
2566160	2569400	And that was, like, really freaked out Max.
2569720	2570860	And then he started to believe.
2570860	2579260	And then the next one was this message from Josiah when Max went to go right at this private motel on the beach on the thing, the Gulf of Mexico, where he does this.
2579800	2582580	He makes a mixtape and he listens to the mix and stuff.
2582840	2586160	And Josiah wrote something about your music is being banded together.
2586340	2588240	You love your sacred time at the motel.
2588440	2588900	That's right.
2589240	2591700	And Max, by this point, is like, oh, my gosh.
2591820	2595460	And then another time, he's behind on a deadline for a book he's writing.
2595580	2596260	He stays home.
2596300	2599960	He takes a nap and he begged his wife to miss all the appointments for the day and to work with him.
2600860	2601600	He takes a nap.
2601720	2606780	He stays up really late and he gets this entire chapter called First Fruits out.
2606960	2607340	That's right.
2607560	2611320	And then Josiah writes the next day, you know, I hope your nap was nice.
2612400	2616860	Your hands were like night braille on, you know, something like that.
2616940	2619560	Like the spirit of night braille on your fingertips kept you through the night.
2619620	2622700	And you got, I hope, First Fruits, some things.
2622780	2625220	Like he knew all the facts and I don't have the quote in front of me.
2625260	2626620	So I'm butchering what he said.
2626680	2628340	But the point is he knew about the nap.
2628440	2629180	He knew about the name of the chapter.
2630860	2636920	communication. No, no. You know, and Josiah was a pretty young, you know, he was a boy at the time.
2636980	2642620	Yeah. And, and so no, like these things were happening privately with Max, no one knew,
2642700	2647300	and then Josiah knew. And we know a beautiful part of the story that I didn't put into the
2647300	2652280	podcast, just because there's the length, you have to edit some stuff. But, you know,
2652280	2659100	Max went to go visit Josiah at some point. And I think he was a little, you know, like,
2660860	2666360	Josiah didn't want to come up his room. He was having difficulty regulating. He was having a
2666360	2671300	very hard time spelling that day. He was probably excited. But Max really had this realization of
2671300	2680580	how difficult it is to control often your body as a non-speaker.
2680840	2689200	I want to talk about John Paul, who befriends Houston and I think is the most moving part of
2690860	2692020	He's this gentle giant.
2692820	2694140	Do you want to talk about John Paul?
2694720	2695080	JP?
2695200	2695480	Yeah.
2695640	2700860	I mean, John Paul, he was such a presence, you know, gigantic, like 6'8".
2702160	2704660	I think when I met John Paul, he was 14 or 15.
2706440	2709620	And, yeah, he was like a younger brother to Houston, you know.
2710500	2713220	John Paul made a lot of loud noises, you know.
2713220	2714780	He was just this big guy.
2714960	2717300	He loved putting stuff on his head and, like, dropping it off.
2717400	2718400	And, you know, it was just funny.
2718480	2720540	I mean, he was, oh, gosh.
2720860	2726360	And so and John Paul's mother just loves him so unconditionally.
2726440	2731320	And it was so beautiful to be in their home because John Paul would often strip off his clothes and just appear.
2732100	2736980	And I think so many of us, when we're going through the world, are constantly apologizing for other people.
2737480	2742700	And, you know, he and Libby just never just just embrace John Paul like, there he is.
2742760	2745540	John Paul, put on your clothes like, you know, this is our house.
2745600	2746440	You're getting used to that.
2746440	2752420	Like, I loved it because it was just this, like, unbelievable joy wrapped of, like, I just accept him.
2752480	2754520	I love him for exactly who he is.
2754640	2761880	And I looked at Libby and I was like, gosh, I want – and all of these parents actually just, like, they're such a great template of how to love your children.
2762000	2762180	Yeah.
2762240	2764000	Because so many of us don't love our kids unconditionally.
2764020	2768100	But I think all these parents do in a different way than most of us can imagine.
2769860	2775620	And I don't know if I should say what happens to John Paul on this because I don't know if I should – I want people to watch.
2775940	2776260	Yes.
2776440	2777940	Well, which episode?
2778460	2778940	It's a nine.
2779080	2785520	The kind of like, I would say my finale, like how I concluded the story was with episode nine.
2785640	2787540	And that has deeply to do with John Paul.
2787680	2792020	And I think through John Paul, for me, that was proof of afterlife.
2792200	2792600	Yes.
2792860	2794380	In the most profound, beautiful way.
2795580	2798780	And my dad, who was a huge skeptic walking into this, called me yesterday.
2798960	2801900	And he's like, I am walking through a cemetery with a whole new take on this.
2801980	2803000	He's like, I'm not feeling sad.
2803000	2806300	Dad, I'm just so aware that like people survive.
2806680	2809080	And that was after I listened to episode nine.
2809160	2811220	And I thought, wow, Dad, okay, good.
2811280	2814160	If I got to you, then maybe we'll get to other people.
2814320	2817620	And so I don't want to explain exactly what happens with John Paul,
2817740	2825340	but it might be obvious from what I'm saying that he has quite a message for all of us at the end.
2825980	2828960	Everybody go listen to it because I was crying on a plane.
2829080	2830260	I was listening to it.
2830260	2841600	And it was just so profound and moving and it'll make anybody question, you know, our conception of life and reality.
2841840	2844560	And yeah, just go listen to it.
2845020	2849960	So John Paul has a girlfriend and they have this beautiful bond.
2849960	2854600	and it's almost like, you know, if you watch Love on the Spectrum,
2854620	2859620	that's so refreshing because it's this like just there's no BS,
2859820	2862760	there's no deception, no gamesmanship between these relationships.
2863000	2867520	I feel like John Paul and Lily and these nonverbal kids take it to the next level
2867520	2873600	where they say that their kind of telepathic bond increases their love for each other.
2873780	2874560	Yeah, for sure.
2874800	2879460	I mean, can you imagine like sharing everything about one another telepathically
2879960	2885920	And I remember asking Libby once because she said, you know, they go on dates or I'll pick them up here and they'll go on a date.
2886040	2887780	And I said, what does that look like?
2887860	2890080	And she's like, well, often they'll be on different floors of the house.
2891580	2893220	But they're communicating.
2893460	2894300	They're doing something.
2894500	2898100	And then when they leave, John Paul will be like, that was the best day ever.
2900060	2902840	And I thought that was just so sweet.
2903080	2905200	I mean, he adores Lily.
2905320	2906980	Lily adores John Paul.
2906980	2913480	I mean, their love was real and it was enhanced deeply by, you know, being on the Hill and being able to have mind-to-mind communication.
2913680	2920240	And, you know, Lily's in the season and, you know, she says that that was from the get-go, their mind-to-mind communication.
2921780	2925300	JP, you know, is this amazing character.
2925560	2933420	He's sort of larger than life and he's also a very, you know, big kid who's described in the telepathy tapes.
2933660	2935280	And he has a girlfriend named Lily.
2936980	2941040	this just very sweet, loving character. And he's friends with this other guy named Houston,
2941160	2946460	and they all meet up on the hill. Can you talk a little bit about JP? Because I find his story to
2946460	2950780	be possibly the most touching, just from a personal perspective.
2951560	2956300	Oh, yeah. Well, I mean, yeah, he was larger in life. I think he was like six foot eight.
2959340	2964220	And he liked, there was this game he liked to play where he loved to, you know, like,
2964220	2967760	Like, I drink a lot of water, you know, and I had, you know, he loves to grab you.
2967780	2972240	He'd love to grab your bottle of water and put it on his head and then drop it on you.
2975060	2977160	So anyway, so he, you know, he was a character.
2977980	2984100	And he had a twin brother who, not an identical twin brother, his brother's neurotypical.
2986120	2989780	And his mother is a speech language therapist.
2990300	2990700	Wow.
2990700	2999160	Who, you know, was basically told, I mean, this is like what she's doing, what she's doing with her son is like forbidden, you know.
2999160	3010220	You know, it's like, you know, because, you know, the people that actually, you know, the Speech Therapist Association basically says that, you know, spelling is, you know, an RPM.
3010380	3020820	You know, these different methods that use, you know, pointing to letters as a, you know, considered a form of communication that, you know, that it's not recognized.
3021320	3024080	Why is that? It's so absurd. Why is it not recognized?
3025140	3027940	I'm the wrong person to ask. I mean, I could, it's political.
3029160	3030620	It's, I mean...
3030620	3035440	If a kid is able to point at letters and spell something out,
3035540	3038100	why is that not seen as a valid form of communication,
3038400	3042140	especially if cogent sentences are coming out on the other side of that?
3042480	3048940	You know, it really surprised me that that's controversial.
3049900	3052160	And, I mean, it really saddens me, too.
3052340	3052740	Of course.
3052900	3057500	Yeah, you're kind of putting a child back in a cage of isolation
3059100	3067000	techniques. Yeah. Yeah. Yeah. And, but yes, it's, it's really, if you were to go to, you know,
3067020	3071040	go to the internet, you know, look up, you know, spelling, spelling to communicate it,
3071060	3075440	look at what, you know, it says in Wikipedia or whatever, and you'll say that, you know,
3075460	3079960	something along the lines that it's pseudoscience, you know, it, you know, you'll, you'll, you'll see
3079960	3087680	those kinds of remarks, you know, that it's attacked. And so it's like, wow, if they're
3089160	3095180	I also have been doing my own thing without being as public about it, you know, until more recently,
3095280	3103060	is that it's like, boy, if they're going to attack that even, then, you know, boy, what are they
3103060	3107580	going to think about the rest of all this? Right. The actual telepathic communication. Yeah. If
3107580	3112480	they're going to attack just the communication ability. I mean, I just don't understand how you
3112480	3119840	you can dispute something where somebody is clearly expressing things that like means something in
3119840	3126100	reality and serve, you know, certain objectives, whether it's like, I'm thirsty, get me water or,
3126160	3131320	you know, whatever. The second that that becomes like this, you know, clearly adaptive, useful
3131320	3136960	form of communication, how do you write that off? Especially when you're talking about a kid who is
3136960	3141340	is silenced otherwise as far as their ability to interface with the real world
3141340	3143300	or with our real world.
3143480	3147080	You know, it's just, it seems inhumane.
3147880	3148260	Well, it does.
3148440	3153800	And so one of the problems is that some of the people who've been the most
3153800	3159680	against the idea of telepathy coming out have been people who are part of the
3159680	3160340	spelling community.
3162100	3178000	And so it's one of those things where you'll never, you know, whoever it is, you'll never make progress in advocating for your rights if people are able to divide you.
3178000	3183200	So anyway, but so John Paul, though, you know, good friends with Houston.
3183760	3187940	And, you know, and the two of them have this telepathic communication with one another.
3188060	3189880	They live in Atlanta.
3190120	3194500	And John Paul has a girlfriend named Lily, you know.
3194500	3212880	And seeing the love that these kids have towards their parents and that their parents have towards them is incredibly, it just touches your heart.
3213000	3213500	It's amazing.
3213860	3213880	It really does.
3214160	3216080	And it's coming across in the podcast.
3216080	3228440	You can only imagine how it comes across in, you know, when you've got, you know, the whole, you know, experience of it, you know, not just hearing the voices.
3228760	3232860	I think, you know, like a governor that you would place on an engine.
3233020	3235360	I feel like a governor has been placed on reality.
3235700	3237480	And like that's coming off.
3237620	3241920	And I think what you get in its place is it's almost like a Hydra situation.
3242180	3244700	You cut off one head, you get five others.
3246080	3252820	explosion of ideas and possibilities. And so I think people assume that, you know, when you get
3252820	3259480	into a new paradigm or something, like one thing changes. But no, I mean, everything changes. And
3259480	3265640	this makes total sense. I mean, it's fascinating to see how energetically sensitive these kids are
3265640	3270240	and Houston being a great example. Doesn't he go to like Stone Mountain or something as well,
3270280	3275260	which he loves because of the energy there? Yeah. Yeah. And we hiked up Stone Mountain.
3276080	3282660	When we were in Atlanta, even Dr. Powell came with, like we all hiked up Stone Mountain and Houston gets the top of Stone Mountain and it's just so free.
3282760	3290100	And you can feel like he's feeling all this energy, which made me think this non-speakers center that we create maybe should go on top of a mountain, you know.
3291200	3294880	But no, he feels so much.
3295120	3301840	And I think what most of the parents would say and the non-speakers would say as well is that it has to do with them being less tied to their body.
3301960	3305280	They're less bound to the physical world than us.
3306080	3311340	more open to the things that I think are natural. They're not supernatural. They're what surround
3311340	3317280	us, but they have an easier access to it. I couldn't agree more. And it's funny in
3317280	3323300	virtual reality and in lucid dreaming, which you could think of as its own sort of weird simulation,
3324680	3330920	seeing your hands is this like really important test for your ability to embody in the bound
3330920	3336860	sound simulation. And so they often feel a little disembodied or like they don't, they're not quite,
3336960	3342700	you know, sensing their own bodies. And I think the normal, you know, conventional view is,
3342780	3350020	oh, that's handicapped. But in fact, there's a filtering or reduction going on and a greater
3350020	3355880	understanding when you are embodied and when you are in the simulation. And so being able to dip
3355880	3360160	outside of that simulation is a profound, amazing skill.
3360420	3363080	And if you look at the history of humanity,
3363540	3365760	there's a great book called The Immortality Key
3365760	3367200	by this guy, Brian Marescu.
3367340	3369400	And he talks about these mystery rituals
3369400	3371800	that everybody would, you know, undergo.
3372340	3376800	And it's sort of the temporary paralysis
3376800	3380080	of the physical body in order to, you know,
3380620	3382060	reach your primordial spirit
3382060	3384100	and know that there is something more here.
3386200	3393720	kids know that in a way that is so much more like, you know, real true knowledge, gnosis,
3393720	3396620	if you will, than like the average person kind of walking around.
3396760	3401080	And that brings up this book, which you were so nice to give me.
3401080	3403220	And I'm just so honored to have.
3403380	3407320	And this is Katie and Houston, and it's the book of heaven.
3408140	3411680	And they signed it for me, which was so sweet of them.
3411680	3421280	And it really feels like they have a conviction in metaphysics that we just relegate to mythology.
3421560	3431760	We just we call these things sort of myths that, you know, maybe that you go to church or you go to synagogue or whatever and you, you know, or a mosque and you go through the motions or whatever.
3431800	3433540	You don't really believe that there's something there.
3433580	3436280	They know that there's something there.
3436580	3436860	Yeah.
3436900	3437460	Yeah.
3437460	3446240	Yeah. And I would say that's true of everyone who's working in an intimate way with a non-speaker, at least that I've met.
3446320	3465360	I can't obviously have a huge broad brush, but every single person I've met and hundreds and hundreds of people emailing now with their stories is that to work intimately with a non-speaker is to be able to beautifully see the worlds they can access, the realms they can access, which me saying something like that two years ago would have made me laugh out loud.
3465360	3467760	that I'd be on an interview talking about realms.
3468580	3471100	They can access realms that we can't access.
3471420	3474180	They can see beings that we can't,
3474180	3477000	whether, you know, I think some will call them divine beings,
3477060	3477800	some will call them light beings,
3477940	3478780	some will call them angels.
3482420	3485640	And certainly spirits of those who have passed,
3485820	3489240	that is often as common or comes before the telepathy knowledge.
3489540	3493540	And all of that stuff was, of course, paradigm shattering.
3495360	3501600	documentary filmmaker. That was absolutely what is happening. You know, there was like a lot of
3501600	3505540	shots of whiskey along the way, lots of books just, okay, now I have to read and read and read
3505540	3512440	and read and read to really understand this more. And it's real. It's real. It is happening.
3512760	3517940	And what's so beautiful is you can't, that's why like if someone now, I talk about this,
3517940	3521320	I was so bashful, like I said in the beginning talking about this. And now if I'm talking about
3521320	3525420	it and someone's skeptical or doesn't believe it, I'm just kind of like, oh, you're just
3525420	3526200	like a flat earther.
3526300	3529120	You know, you're stuck in the old paradigm.
3529240	3530020	Bless your heart.
3530140	3534680	You know, and I really do feel that way.
3534760	3539840	Once there's so some people living right now that see how much more there is.
3539960	3546820	And I love that the non-speakers, these unbelievable people who've been dismissed and marginalized
3546820	3550180	and cast aside are guides in this.
3551320	3552460	That's the most beautiful thing.
3554280	3558700	And because their message is one of love and one of unity.
3558900	3559260	Yes.
3559500	3567480	And it's so beautiful to me because it comes back to if we look into antiquity of a lot of our religions and faiths and all of that comes back to love and unity.
3567760	3574060	And again, like you said, you kind of just like go to church, you go to synagogue, you go to, you know, mosque and you're like, oh, love.
3574160	3577600	Like how many people actually believe in love and unity or practice it in some way?
3577600	3585940	You know, and at the end of the day, that's all that I've heard the spellers want to talk about is love and unity.
3586140	3590820	And even – this was really profound and I'm still getting to grips with this.
3590980	3593800	So often they'd say, you know, it's not just your thoughts we hear.
3593900	3595460	It's your feelings that we feel.
3595580	3596200	Yeah, I believe that.
3596340	3600960	And all the feelings that you put out to the world are being received and like made manifest.
3601280	3601500	Yeah.
3601500	3601500	
3602720	3612020	And one speller, and this is going to be in episode 10, even said, if you don't know what your feelings are and you can't process them, like often we're doing that work for you.
3612260	3613720	And that dysregulates us.
3614300	3615820	I don't care what you're feeling.
3615940	3617400	You need to know what you're feeling.
3617500	3622300	Because if you know what you're feeling, you can regulate it and actualize it and calm yourself.
3622300	3627220	yourself and and if you think about that if they're feeling hearing our thoughts many of
3627220	3633040	these non-speakers as they say but also feeling our feelings i mean of course that would dysregulate
3633040	3641360	a human being totally and this so comports with i mean like gabor mate's work or like you know
3641360	3650360	basically anybody would intuit as far as like a parent you know a kid relationship where you do
3652300	3659140	your parents' energy. And it's fascinating to hear that explicitly articulated because I think
3659140	3666740	anybody listening will latently kind of know that, like you are kind of embodying a lot of
3666740	3671700	your earliest experiences. And you can kind of synthesize this scientifically with like the
3671700	3676460	Harlow monkey test or whatever, where, you know, if the mother isn't present and there isn't that,
3676460	3682920	you know, the necessary kind of tactile kinesthetic, you know, touch, you know, that can have profoundly
3682920	3683620	bad effects.
3683880	3690000	And so it just sounds like they're on another level of sensitivity to this.
3690080	3690800	And it makes sense, right?
3690860	3695480	Because our communication, you know, it's prosaic to say that most human communication
3695480	3699380	is a 95% sub-linguistic body language or whatever.
3699540	3702860	And there's probably opportunity cost in the language itself.
3703000	3703360	Yeah.
3703480	3705520	And language allows for deception.
3706460	3709640	for myth-making and all sorts of confusion.
3709920	3711560	And if you're just cutting that out
3711560	3713440	and you're going straight to the source,
3713660	3715480	that feels like the true language.
3715520	3716680	The final thing I'll say is
3716680	3720420	there are apparently nonverbal tribes in the Amazon.
3720720	3722100	Are you aware of this?
3722400	3722580	Yeah.
3722680	3725640	And they experience very similar things.
3725760	3727640	And they even call it the ancient language
3727640	3730600	where they beam information to each other.
3730700	3733800	And sometimes they'll have language on top of that,
3733880	3736040	but they'll go back to the ancient language
3736460	3739140	And that's like the low latency, real communication.
3739800	3739940	Yeah.
3740000	3747800	I mean, even in the show, the telepathy tapes, there's a young man, Asher, who was a verbal autist.
3747860	3748580	He had words.
3748660	3752240	And he eventually decided not to use them because they were cumbersome and difficult.
3752380	3757960	And so many will say, like, we'll actually write about letters, like our obsession with using letters and like words.
3758420	3759740	And they are dishonest.
3759740	3763340	How many times when someone says, how are you, would you answer that completely dishonestly?
3763500	3765460	I mean, like 80% of the time, you know?
3766500	3776800	It's like if you can just – Kyle, who's a wonderful man and a non-speaker in England, like at some point conveyed that – or maybe his mother did that.
3777240	3782200	If you say the word Thanksgiving or Christmas or something to someone, you say a word.
3782400	3793140	But if Kyle sends that message to you telepathically, you receive the smells and the feelings and the music and the love and the family and the taste of the food and the decorations.
3793180	3794340	You receive all of it.
3794340	3799500	it's a knowing like you said a complete knowing and when i've talked to the non-speakers about
3799500	3803360	like what you know again i'm going through the episode 10 right now which is what they want us
3803360	3806340	to do with this knowledge i mean so many of them are like if you guys could all kind of get to this
3806340	3811860	telepathic place that'd be great it'd really evolve us and you know um i think we are all
3811860	3815320	capable of it because there's glimpses where we've had it right where you know someone
3815860	3820540	is sick and you or you're thinking about someone right before they call we know it's there who is
3822620	3830080	So she's this little girl who lives in Wisconsin whose mother contacted me.
3830300	3844900	And she had taken her daughter to the Trefford Center there, because that's where Daryl Trefford, who was the person who was a consultant on Rain Man.
3845140	3849480	I mean, that's where he was, and that was his center.
3849480	3862400	And so I'd take her daughter there to be evaluated because she has all of these different abilities, you know, knowing different languages, you know, and she's in addition to being telepathic with her mother.
3862400	3867940	and she's one of the girls who said that she related to a unicorn
3867940	3877580	and she wrote this story about how she called it an ugly horse
3877580	3884240	that people thought wasn't smart and said that she was a unicorn.
3884480	3888400	Oh, man, and she's probably talking about her self-perception
3888400	3891520	based on what other people sort of think of her
3892400	3894800	When in fact, she is this beautiful, amazing unicorn.
3895280	3898740	Yeah, she's this beautiful, amazing child.
3899000	3909060	And yet, at the time she wrote that poem, her self-esteem was affected because she perceives what other people's impressions are about her.
3909060	3923460	I mean, you know, that's the downside of being so psychic is that you are injured even when people aren't saying anything by virtue of them thinking things about you.
3925460	3926680	That's so amazing.
3926780	3933060	Yeah, because you just, you know their conception of you without even that needing to be articulated.
3933580	3934180	Exactly.
3934180	3940020	So people can think, oh, well, I treat people who are disabled with respect or this or that.
3940160	3943140	But they're just thinking of their outward behavior.
3943280	3950780	And they don't realize that these children pick up on what you really think.
3951120	3962600	Tell us about Amelia, because I find her to be fascinating and maybe among the most conventionally regarded as just academically gifted of all of these examples.
3964180	3965260	And Amelia is little still.
3965320	3966560	She's 10, you know.
3966660	3970700	And I love all these moms.
3970780	3972240	So I'm going to say this about every single mom.
3972320	3973680	But, you know, I love her mom, Maura.
3973780	3978620	And she felt really familiar to me because, you know, I'm from the Midwest.
3978780	3982820	I only moved from Chicago to Los Angeles about six years ago.
3982980	3984180	And, you know, they're Midwestern.
3984520	3985940	You know, they're located in the Midwest.
3986020	3990620	And her mom, Amelia's mom, works in copywriting and ad agency in the dad's former military.
3990880	3992640	You know, they just felt like very like, yes.
3994180	3995320	I understand you very much.
3995320	3997520	You feel like my brothers and sisters and friends from high school.
3997700	4003280	And, you know, when Maura was kind of first starting to understand that Amelia was in there, again, it was related to COVID.
4003420	4004440	She was at home with COVID.
4004540	4008820	She saw, I mean, not with COVID, they were home during COVID, homeschooling.
4008920	4012660	And she discovered that Amelia was in there and could spell and then that she could read her mind.
4012880	4016760	And then that she was seeing stuff that Maura, the mother, couldn't see.
4016880	4018680	She could see spirits and ghosts.
4018680	4027380	And then she started saying that she knew other languages and she could identify hieroglyphics and knew Hebrew and Portuguese and Spanish.
4027600	4028580	So remarkable.
4028680	4028920	Yeah.
4028980	4032500	Allie showed Amelia some Hebrew and Amelia read it and translated it.
4032620	4035700	So Allie showed her again today and Amelia typed out what it meant.
4036040	4037580	I said, but who taught you Hebrew?
4037740	4038760	And she typed the rabbi.
4039140	4041460	Then I asked if there was anything else she could read.
4041660	4042860	She wrote hiero.
4042860	4044220	I said, hieroglyphics?
4044360	4045780	And she wrote, yes, pictures.
4045780	4050360	pictures so ali pulled up a few letters and we showed them to amelia and she knew what letters
4050360	4055480	they were written in hieroglyphics and they were ones that they hadn't looked up the meaning of yet
4055480	4060620	they just pulled them up and identified them after ali asked her if she saw these letters before if
4060620	4065160	it was the first time and she wrote first time i asked her who told her about hieroglyphics and
4065160	4071780	she said the god told the hieroglyphics part i know like i know that if if anything shows that
4071780	4079020	that there's another epistemic pathway, way of knowing than just like reading a book,
4079120	4083780	like the kind of inductive, like, it's going to take like two years to like learn baseline
4083780	4085000	Spanish or whatever.
4085160	4086860	Amelia is the perfect example.
4087380	4091780	Well, and one thing I love about Amelia and Maura and I, I mean, all the parents get this.
4091820	4095680	We all understand the layers of skeptics that are going to be out there and how you need
4095680	4100000	to prove it by or validate it at least by having other people witness it.
4101780	4103240	Many, many, many, many people witness it.
4103580	4110000	What I love in Amelia's case is the school, her teachers, her therapists, the principal, all witness this.
4110040	4111280	All have experienced this.
4111380	4112080	All know it.
4112440	4116080	And it wasn't the mother, Maura, there when she was talking about hieroglyphics.
4116080	4119920	It was her, you know, I think it was like her spelling therapist and her babysitter or something.
4120000	4122660	I don't remember the exact people in the room right at this moment, but it was two people.
4123420	4126300	And they know about the mind reading, so they're being very careful.
4126300	4130820	of like, okay, show her a hieroglyphic image that we don't know what it is because otherwise she'll
4130820	4135300	pluck it from her mind instead of just proving that she knows it. And these are the gymnastics
4135300	4140100	that the families and the teachers and now I am also doing with the kids is often, or I don't
4140100	4144080	want to say the kids, the non-speakers is often it's like, wait, do they know that? Are they
4144080	4146960	picking up from my mind? So you got to clear your mind or not know what you're showing them.
4147300	4152180	So they did that with hieroglyphics and sure enough, she would say what each one was and then
4152180	4154260	And they'd look it up and it was what she said it was.
4154360	4159380	So how do you make sense of that unless there's more going on?
4159500	4161260	There's definitely more going on.
4161300	4166980	She attributes it to the gods at times teaching her or God teaching her.
4167000	4167480	Or rabbi.
4167520	4169020	She's talked about a rabbi coming.
4169580	4170720	She's talked about God.
4171480	4174760	She said an angel has taken her to see God.
4175240	4177520	She said gods once or twice.
4177520	4184880	um uh in in one point i think she talked about the dalai lama as well so just this beautiful
4184880	4193360	you know like like group of traditional spiritual leaders and prophets if you will i i need to get
4193360	4198820	uh into that classroom that's this is the best group of teachers you could that's amazing yeah
4198820	4206360	yeah and and and like i said she's not the only one that will say those messages and again like
4207700	4212260	you know, Amelia said it, I mean, Maura and I, her mom and I would like be Zooming and talking
4212260	4215320	on the phone a lot. And we'd be like, what does that mean? Like, do you think she meant that or
4216180	4221980	what? I mean, just we're both trying to process it too. And what's so beautiful about Maura is she,
4221980	4226120	she was saying, she's like, you know, I don't go to church that often. I didn't take Amelia to
4226120	4230260	church. It's not like she's getting this from us, you know, or, or the, or the synagogue or,
4230900	4233900	you know, a Buddhist temple. It's like, where was this coming from?
4233900	4247680	I can imagine this whole experience of the telepathy tapes coming out is cathartic for you because you've probably spent a lot of your career trying to get off home plate as far as scientific consensus, even taking this seriously.
4248400	4257440	And now there's just, you know, all these different avenues you can explore as far as the implications and getting deeper as far as, you know, causal mechanisms for how this stuff works.
4258360	4262120	Whereas before it was probably just like, hey guys, this is real.
4262220	4263080	Like, look over here.
4264260	4266800	Yeah, yeah, exactly. Exactly.
4267260	4283180	It's amazing. And I want to make something very clear as well for the audience. We're practically anonymizing these kids and families who are just using first names. There's no 15 seconds of fame motive here. None of them have been paid.
4283220	4284440	No, of course not. No.
4284440	4289880	So it's like, and then you have in Amelia's case, like her Spanish teacher is like, yeah, I don't know what to say.
4289920	4291680	She knows more Spanish than my kids.
4291700	4292080	Yeah.
4292240	4295080	And so, yeah, it's just remarkable.
4295520	4295780	Yeah.
4295780	4304900	And, yeah, I just, I do think it's important for the average listener to just know that there is no incentive whatsoever being provided for these kids.
4304980	4308640	It's really about allowing their voices to be heard.
4308960	4309200	Yeah.
4309200	4315180	Yeah. I mean, I think the families and I have a few deeply shared goals. And I mean,
4315220	4319180	I have these goals because they do, right? One is for the world to presume competence.
4319600	4323580	You see a non-speaker, you can say hi to them and it can be in your mind too. Hey,
4323640	4327460	I know you're in there, like great shoes, whatever. It doesn't matter. Just treat them
4327460	4332280	as you would someone else, you know, presume competence. Let's validate spelling and get
4332280	4336560	into schools. This is not pseudoscience. It's complicated. There's a beautiful,
4336560	4338060	I think spiritual element to it.
4338160	4348440	I think that when you understand what the non-speakers are capable of and they might dip into our neurology or they might even use their parents' eyes, that stuff does make spelling complex and fascinating and interesting.
4348660	4350260	It doesn't mean it should be disregarded.
4350320	4353600	It means we have to meet the spellers where they're at and let them communicate.
4354420	4361220	And I think the third is the paradigm shift is that we are not acting as we should be as human beings.
4361400	4364580	We need to be meeting each other with love and acceptance and unity.
4364700	4366300	And those aren't just silly words.
4366560	4381400	And I think what I have learned from them is to understand that your consciousness survives death and our thoughts and our feelings become manifest in this world.
4381580	4387320	And if we can control those things, how much will change the earth in which we're living?
4387500	4394640	We are fully audited at all times by whatever communication modality we're talking about right now.
4396560	4401320	not just, you know, clean up our room, make our bed, but like look inside.
4401540	4401760	Yeah.
4401860	4404340	I think everybody would say they have work to do.
4404440	4404620	Yeah.
4404660	4407660	And I think that would make us a lot more compassionate and forgiving.
4408000	4408240	Yeah.
4408280	4413200	When it comes to other people, because everybody's got stuff they've got to work through.
4413260	4418900	And it's so interesting and ironic that we call many of these kids, you know, disabled
4418900	4424680	or different than when, in fact, on that dimension, which is probably the most important dimension,
4426560	4432720	all of us. Right. No, we have the disability. That's right. Yeah. Yeah. That's so amazing. And
4432720	4438560	it brings up all sorts of questions that you kind of discuss in episode one and two as well as like,
4439400	4444160	how is this happening? What is the method of transmission? And this is, we should caveat,
4444320	4448240	all speculative. We don't know. What we do know is that this is happening in a statistically
4448240	4454920	significant way. It needs to be taken seriously by science. But it's interesting. I have a good
4456740	4459060	was at the Princeton Parapsychology Lab.
4459260	4459540	Cool.
4459740	4463040	And he would always use the term remote perception
4463040	4464500	instead of remote viewing.
4464840	4467000	And I'd always be like, what are you talking about?
4467060	4469360	Remote, like, why is that like a distinction at all?
4469600	4469860	Yeah.
4469960	4473540	And I do notice in both Mia and Akil's case,
4473700	4477160	they have a particular connection with one of the parents
4477160	4481040	where it's almost this low latency mind meld.
4481060	4481480	Yeah.
4481500	4483080	And so, yeah.
4483180	4484020	Do you want to speak to that?
4484140	4484540	Yeah, I do.
4484540	4498900	You know, because I, again, like as important as the studies are for skeptics and stuff like that, the stuff that really moved me to the point of completely cracking open my paradigm was hearing what the parents would talk about.
4498980	4503840	So one of the things that Manisha talked about was, look, this isn't, again, just sending information.
4504000	4514020	I could be watching a movie upstairs and he could be or downstairs and he could be in a whole nother room of the house, you know, playing on his iPad, can't hear anything.
4514540	4517300	And I could come back up and he'll tell me exactly what happened in this movie.
4517400	4519100	Or she said, or I could be reading a book.
4519860	4521740	And you read books silently to yourself.
4521880	4527520	And she would ask Akhil later a question about what she just read in the book and he could answer correctly.
4527720	4528920	Like where does this character live?
4529040	4530980	And he'd write, you know, San Diego or whatever.
4532480	4534620	Or she'd say, you know, I could be away at school.
4534980	4537040	He'd be at school and I'd go run errands.
4537040	4537860	And I'd come home.
4538380	4540720	He'd come home from school and he'd say, you know, how was Target?
4540860	4541500	How was Walmart?
4541680	4544120	Why didn't you get the chocolate at Trader Joe's or whatever?
4544540	4549980	he would know exactly what she did. And so that's where it becomes more than just telepathy.
4550720	4557220	It's some sort of beautiful merging. And I just can't emphasize enough that for these parents who
4557220	4561660	have been, had their hope shattered, were told that they would never connect with their child,
4561820	4566180	their child wasn't in there, beyond learning that they're in there, that they're intelligent,
4566400	4571480	that the greatest gift is that their connection is so much more profound than any of us could
4571480	4575140	could ever imagine. Totally. And I think the greatest loss for so many people when they're,
4575700	4580140	when they have a child with autism is this fear, will I ever have this like loving,
4580200	4587900	sweet bond with my child? And yeah. Quite the contrary. Yeah. Yeah. Yeah. And it almost feels
4587900	4597180	like an extreme version or at the limit version of just a general connection that, you know,
4597180	4604540	know, kids have with their parents often, like Rupert Sheldrake, who is very well displayed
4604540	4608860	in the telepathy tapes and who's a friend of mine and an amazing scientist.
4610400	4615800	He talks about, you know, kids knowing when their parents are near and this sort of mind
4615800	4618380	meld connection occurring in statistically significant ways.
4618480	4625000	I think a lot of the issue in the past with parapsychology is often the effects are weak.
4625000	4636420	And so what I think is so fascinating about the telepathy tapes is you have Dr. Diane Powell saying this is often usually 90% plus hit rates.
4636720	4638540	That's really hard to argue with.
4638540	4642300	It kind of shatters, you know, any skeptic kind of coming in.
4642480	4645200	And yeah, I find that fascinating.
4645380	4651660	And I think because of this, we might see a really cool kind of epistemological paradigm shift.
4651800	4652060	Yeah.
4652060	4653120	Like near term.
4653220	4654740	That's been my goal the whole time.
4655000	4660600	you know, is to shift the paradigm. But this is one of, I sometimes look at the paradox here as
4660600	4667000	a beautiful paradox. And the paradox is that testing non-speaking individuals that have a
4667000	4674740	very difficult time controlling their bodies and, you know, often are experiencing, you know,
4674740	4680360	high levels of autism where you might not want to be out of your comfort zone and it's hard to
4680360	4686300	travel and noise can be tricky. And so the idea of taking a non-speaking individual and throwing
4686300	4694120	them in a Faraday cage and like, do your thing is different than someone else. And Dr. Powell and I
4694120	4699860	have had so many conversations about this, which is how do we create a comfortable, loving situation
4699860	4706640	to test this that is completely airtight, but where it won't be bright lights and overwhelming
4706640	4712460	overwhelming inputs and new inputs where they'll feel safe and secure enough.
4712660	4715860	And so when we've talked about trying to fundraise for this next phase of
4715860	4719020	research that will be in the film, I was like, we got to, like,
4719080	4720480	if we go to UVA, great, but like,
4720480	4725080	can we put down carpets and bring in crystals and candles and sofas and
4725080	4728300	things, their blankets and everything that makes them feel safe.
4728460	4731900	Because it's, it's, you know, and, and there is,
4731900	4735100	and then the paradox I'm getting to is when you talk to the non-speakers,
4736640	4760800	This is just this is just this beautiful gift I have. This is what this is. And and why do you need your instruments to know it exists? And I love that because it's like I don't need instruments to know it exists. I don't think any of the parents or anyone in this world, the teachers are so many teachers and therapists. No one needs instruments. You see it because we are instruments, right? Human beings are. We are showing you what we can do as human beings.
4760800	4767040	things and I think there's this darling again like materialist view of like but we must measure it
4767040	4771340	and we must blah blah and fine I think we'll do it and I think we're going to find the right pairs
4771340	4775860	and get them in the right situation to give that proof but I hope with this podcast we can realize
4776320	4781640	the proof is often in just the person sitting across from you you know absolutely and I think
4781640	4787080	in many ways we were talking about this earlier we have more to learn from them than they from us
4787080	4789320	Like they are, they've moved on.
4789400	4793560	They're in the next sort of paradigm and they're sort of bringing us along with them.
4793620	4800320	And I think if we apply this materialist view of like, we must immediately instrumentalize
4800320	4805820	the part we can isolate into a technology and like they are, you know, part of the instruments,
4805940	4807920	that is a horrible way to look at this.
4808040	4808320	Yeah.
4808440	4810020	And so I'm totally with you.
4810020	4824220	And to the extent we can get you the resources you need to build this sort of institute that maybe even as a first thing allows them to just feel heard and happy and like have a community.
4824460	4828880	And then incidentally, you know, we can learn more about the world as a result.
4829000	4831460	That would be a beautiful kind of goal.
4831780	4832060	Yeah.
4832240	4833600	Just go listen to it.
4834220	4834720	Yeah.
4834720	4844520	Yeah. And, you know, in episode 9-2, there's a neurotypical woman who has a head injury that is able to touch the space that non-speakers can touch.
4844640	4847560	And I think that's, we see that often where there's acquired savant syndrome, right?
4847600	4855060	Where someone has a horrible head injury and can suddenly play music, do math, see math everywhere, paint, sculpt.
4855220	4859040	I mean, there's really unbelievable things that have happened with severe head injuries.
4859340	4861020	How can neuroscience explain that?
4861140	4863080	And it reliably did it.
4864720	4870740	are like that where people would all of a sudden be a mathematical genius or a musical genius
4870740	4878160	in fact that's part of the vector of how dr diane powell got into this right these savant like like
4878160	4884280	people like kim peak and rain man where clearly whatever learning is going on there belies some
4884280	4889860	sort of form of cognition or consciousness that again is not this kind of multi-year like
4889860	4891140	like inductive learning process.
4891200	4894300	You're just sort of downloading vast swaths of information.
4894900	4897680	Well, it's interesting to me that often it's emotional or physical trauma
4897680	4901540	that can open you up to these gifts and to these other worldly abilities.
4901760	4903160	Like, let's think about that for a second.
4903500	4910520	But then, yeah, as far as one thing Dr. Powell said to me early on
4910520	4913540	when I was really trying to understand consciousness and how this all works,
4913700	4917160	you know, and especially with the head injuries and savant skills that come with that.
4917160	4923680	But, you know, she's like, I think of it as like if your brain is like your smartphone, right?
4923800	4932740	And like every smartphone might have different apps on it, but your smartphone, it can maybe turn on, but it won't be like animated and like come to life without a signal coming from somewhere else.
4933720	4935460	And that made a lot of sense to me.
4935560	4941420	And, you know, some people will say, well, why then if you have a head injury, won't you be able to talk anymore?
4941540	4942480	You won't be able to do this.
4942900	4946080	And I think it's the same thing if you think of like a piano and a piano player, right?
4947740	4953020	like a piano needs a person it needs a consciousness to you know imbue it with this
4953020	4959460	beautiful you know artistic you know you know fervor that comes out of it your piano has to
4959460	4962980	have a piano player the piano player has to have the piano it's like our consciousness in our mind
4962980	4970520	our soul yeah our soul and our body yeah it made me think that you know that where where does
4970520	4976520	information even reside you know when you have somebody like kim peak um a lot of people thought
4977160	4985480	he actually had hydrocephalus. And so he was born with this defect in his ability to process the
4985480	4990060	cerebral spinal fluid. And so there was pressure that built up in his head. And that's why he had
4990060	4994620	a larger head than normal. And his head's always tilted like this because it was so heavy, he could
4994620	5002880	barely hold it up. And in addition to having this big area in the center of his brain where it's
5002880	5004400	It's just cerebral spinal fluid.
5006400	5009500	His skull bones are slightly separated from one another.
5009700	5012840	But most importantly, he has no corpus callosum.
5012940	5016880	And that's the bundle of fibers that connect the left and the right hemisphere.
5017380	5026560	And so he was somebody who had a very—he didn't have all of the connections that we think of a brain as having.
5026560	5034060	And yet here he was, somebody who could recite word for word, backwards and forwards, 12,000 books.
5034340	5036280	And that's just part of what he could do.
5036400	5039760	And so it's like, where does that information reside?
5040560	5056060	And I thought, you know, this model that neuroscience had doesn't make sense for memory because it works fine for something like, you know, some of the models within neuroscience work fine.
5056560	5062480	Like, you know, like, oh, you know, if you hit my knee, you know, there's this knee-jerk reflex.
5062660	5067240	And I can explain that, you know, using, you know, my understanding of how the nervous system works.
5067320	5067980	Very simple.
5069480	5072540	But something like memory, we're still trying to figure that out.
5072660	5075060	I'm a big fan of this transmission theory of consciousness.
5075280	5083200	So, like, William James, Aldous Huxley, they would say the mind is probably more like a radio than, like, it's just, like, locally producing consciousness.
5083200	5088740	consciousness. And if you have a radio and it's, say it's playing Vivaldi's Four Seasons or
5088740	5094200	something, you could take out the capacitor or the battery or mess with the antenna and it would
5094200	5099540	stop playing the music. And you could say, oh, those parts, that hardware is responsible for
5099540	5104860	the music. But in fact, it's, you would have to understand, you know, electromagnetism to know
5104860	5109020	that it's tapping into a frequency that's playing this beautiful music. I think it's the same with
5109020	5113580	with brain injuries where, yeah, you mess with Broca's area and speech gets shut down,
5113660	5117360	or you mess with Wernicke's area and reading comprehension, you know, whatever, occipital
5117360	5123520	lobe for vision. But how that's all binding together and playing the beautiful music,
5123620	5130040	the Vivaldi's Four Season of like everyday life is just irreducible. And it's, we're probably
5130040	5135480	tapping into something. While researching radio waves one night, I stumbled across this amazing
5135480	5140200	story. I had some dental work to be done. You know, they put in temporary fillings.
5140300	5144860	This is beloved starlet Lucille Ball sharing a story from around the time of World War II,
5144960	5148940	when she had to get several temporary fillings put in the upper and lower parts of her mouth.
5149140	5154860	All of a sudden, I heard music and I looked down to turn off my radio and it wasn't on. I turned
5154860	5158980	around and looked to see if there was anyone behind me and the music was getting louder and
5158980	5165080	louder and louder. I realized it was in my mouth. So the next day I mentioned it at the studio to
5165480	5170540	Keaton. And he said, what street were you on? Moore Park? And I said, yes. He said, you went
5170540	5176380	by the radio station. You picked it up. Well, you got any fillings? I said, yes. He said,
5176400	5179680	you picked it up on your teeth. You have these stories like, you know, do you want to tell the
5179680	5184420	Lucille Ball story? Do you know what I'm thinking of? Oh, you're talking about with her tooth?
5184720	5190320	Yeah. Yeah. Well, actually, I had a patient like that. Really? Yeah. Yeah. I mean, they talk about
5190320	5195740	about it, you know, and the telepathy tapes, but I had a patient, you know, 25, 30 years,
5195820	5202560	almost 30 years ago, who had, you know, a filling, and she was, you know, getting, you know,
5203340	5211200	radio signals off of it. And I knew, already knew about that as a psychiatrist, because I was always
5211200	5217100	looking for explanations for why people have these different phenomena. I already knew there
5217100	5218500	There was a case report about that.
5218680	5218940	Wow.
5219080	5222860	And so rather than hearing this woman say whatever,
5223240	5228420	I was just thinking, oh, you know, let me give you your antipsychotic.
5228640	5231000	I thought, you know, I read about that.
5231820	5235740	And then when she had the filling, you know, taken out, you know, it went away.
5235940	5237540	And she said, yeah, that's amazing.
5237840	5243120	And I think Andrei Puharich had a similar case where he found some guy
5243120	5246340	who was, like, working in some metal sawmill or something
5247100	5252420	of, you know, metallic ore got in his teeth. And he was hearing, it's a concept called bone
5252420	5256780	induction. And he was hearing things inside of his head. I mean, it wasn't crazy. It was just,
5256840	5261020	literally, it points towards this transmission theory of consciousness, the fact that you're
5261020	5266760	able to tap into a radio signal through your teeth, and then that somehow becomes, you know,
5266780	5270560	something you listen to. It's interesting, too. I wonder if that dovetails at all with the
5270560	5275940	alien abduction phenomena. Because I was just with an experiencer named Mario Woods, who
5277100	5284060	was at Ellsworth Air Force Base in South Dakota, which is a nuclear base. And he had an acute
5284060	5289040	clearance and he was guarding these ICBMs and it was a pretty serious, hardcore job. And he got
5289040	5294740	abducted by aliens and he was checked by a medical doctor afterwards and they checked his teeth.
5295100	5299540	So that always kind of struck me as like, I don't know, is there something going on there?
5299800	5306240	What do you make of Andrej Puharic and his program in upstate New York where he took all these kids
5307100	5314880	have high telepathic psi powers and they would just channel and they would talk about the nine
5314880	5321780	and they would say all sorts of really interesting ontological cosmological things about how the
5321780	5327520	universe works and it's hard to say you know whether any of this stuff was was was true but
5327520	5334320	i mean i think your research should at least make us re-look at that research and say you know maybe
5334320	5336760	Maybe there was some truth to that.
5336920	5339460	And where do you think that research went?
5339600	5341720	Because Poo Rich is this odd character.
5341760	5350460	He was at Northwestern, and he was kind of tied in with MKUltra, CIA brainwashing stuff.
5351100	5355260	And so, yeah, I guess where do you think that all went?
5355440	5361720	Because there seems to be this big gap between that and now we're experiencing this resurgence.
5362220	5365520	and I think you have very different intentions than he did
5365520	5367440	and then the people around him did.
5367620	5369320	But, yeah, what do you make of all that research?
5369780	5373000	Oh, you know, I'd love to, you know, know more about it.
5373060	5377840	I mean, you know, in the sense that, I mean, I've looked into some of this stuff, you know,
5379400	5384660	but, I mean, a lot of it, I mean, who knows, wasn't he funded at least in part by the CIA?
5385020	5385480	Yes, he was.
5385600	5389720	Yeah, and so, you know, I don't think that it's like accessible, you know, information.
5391980	5395480	And I've heard him talk about things like scalar waves.
5395800	5396060	Yeah.
5396140	5396560	Yeah.
5396560	5398560	And extremely low frequency.
5398920	5399720	Yeah, yeah.
5399860	5402520	Are you familiar with the scalar physics and stuff?
5402640	5403380	Yeah, yeah, yeah.
5403480	5403760	Okay.
5403840	5404980	What do you think about that?
5405240	5407140	I think it's a very interesting idea.
5407340	5417320	I mean, and there's a physicist in Germany who calls himself, I think it's Konstantin
5417320	5417680	Mile.
5417680	5418060	Mile.
5418220	5420660	Yeah, who calls himself like the modern Tesla.
5420720	5422680	And I've looked into his stuff.
5423160	5424520	What do you think of his stuff?
5424580	5425760	I'm fascinated by this.
5425920	5426320	Yeah, yeah.
5427640	5429820	Wait, a little context for the audience.
5429940	5440780	So scalar physics is this idea that if you actually more faithfully adhere to the original 21 Maxwell's equations and in kind of classical electrodynamics,
5440780	5446080	not the condensed vector calculus equations of Oliver Heaviside, who followed up after Maxwell,
5446360	5455160	that that allows for the existence of this new scalar field where you can get electric and
5455160	5461060	magnetic potentials, or sorry, where you can get scalar and vector potentials without traditional
5461060	5466980	magnetic and electric fields present. And in this scalar field, you get all sorts of exotic wave
5466980	5472560	wave types outside of your normal transverse Hertzian wave. And one of the wave types is
5472560	5478140	called helicoidal waves. And that seems to match up with, you know, like double helical DNA.
5479140	5485320	And so Constantine Mile is studying these sort of scalar waves in the context of like botany
5485320	5491000	and stuff where he'll like make flowers grow in beautiful ways using these scalar longitudinal
5491000	5492480	longitudinal heliocoidal waves.
5493400	5494780	I'm fascinated by it.
5494780	5497140	We're going to have to schedule another time to talk.
5497220	5498020	We're going to have to.
5499300	5503820	I think you and I could talk for a long time about a lot of things.
5503860	5505140	We definitely could, yeah.
5505180	5506980	Yeah, we could definitely talk about it, yeah.
5507380	5514280	But I really think that, I mean, it makes sense to me that scalar waves could be involved.
5514480	5519920	And there's more than one instance, okay, where you have in physics.
5520040	5520520	Yes.
5521040	5532080	And this is the kind of thing my brother and I, who's a physicist, have talked about a lot, and other friends of mine who are physicists, you know, where what they do is they just, they treat something as though it's null.
5532300	5537500	They treat it as though it doesn't exist because it simplifies their formula.
5540080	5546540	And, you know, and the main thing that they're looking at, you know, like it works okay.
5547360	5547800	Okay.
5547800	5552220	So it works okay to just treat it as though it's zero and they just drop it off.
5552400	5562500	And I think that one of those things is the scalar wave component of electromagnetism.
5562820	5568440	And the original equations, there were far more of them.
5568540	5570780	There was far more complexity there.
5570880	5572740	And it's just like, we don't need this.
5572740	5573400	We don't need that.
5573420	5574300	We'll just give you this.
5574620	5575320	It's amazing.
5575320	5585520	And a similar thing for the experiment that was proposed to prove that ether didn't exist.
5585820	5586100	Yes.
5586200	5588880	The Michelson-Morley experiment in 1890.
5589320	5589600	Yes.
5589720	5603480	And Beverly Rubick, who's a biophysicist, and Harry Jabs, who's a physicist, they looked at that data and they wrote a paper basically saying,
5605320	5612300	was an effect and how large of an effect were you expecting and this is actually in the magnitude
5612300	5620060	that we would expect so it's like some effect there is an effect yes and and it's and it's
5620060	5624640	also the absence of evidence is not the evidence of absence so even if there wasn't an effect
5624640	5631320	you can't definitively disprove the ether and then if you read this i think it's 1921 or two paper
5631320	5634560	or special relativity was supposed to negate the ether.
5634680	5636700	And then Einstein writes later in his career,
5636780	5638480	he says, actually, general relativity
5638480	5640260	is totally compatible with an ether.
5640420	5643360	And then if you look at quantum electrodynamics,
5643360	5646660	which is really the tip of the spear of modern science
5646660	5650480	with Feynman and stuff, we have vacuum energy.
5650700	5651820	You have energy everywhere.
5652020	5653420	So it's like the ether is back.
5653800	5654600	Yes, it is.
5654720	5655780	It sure is.
5655900	5656780	The ether is back.
5656980	5660920	And I think scalar waves are making the comeback
5661320	5662500	I think so as well.
5662620	5662880	Yeah.
5663020	5668520	And so I think it's an exciting time for science.
5668560	5669060	Yes.
5671100	5679620	Because it's like we're rediscovering what had been discovered, but we're now ready to actually move forward with it.
5679680	5680020	I agree.
5680140	5682200	And I think Tesla discovered it.
5682280	5684920	I think another guy named Thomas Townsend Brown discovered it.
5685040	5689420	And I think it often involves kind of high voltages across short distances.
5691320	5695760	pretty deep government people, they often say, you know, there's a there there when it comes to
5695760	5701360	extended electrodynamics. There's a guy named Lee Hively who publishes on it. There's an anonymous
5701360	5705720	Navy scientist that showed up in one of my documentaries that talks about extended
5706380	5711960	electrodynamics. And it's just this thing that continuously comes back. And I initially
5711960	5718740	cataloged it as, you know, low probability and maybe hard to detect. But I'm learning more and
5718740	5724000	more about it and from very credible people to the point where I have somewhat high conviction
5724000	5729620	that there's something there. And yeah, to your point about the equations, the Lorentz equation,
5730180	5735260	you know, the vector and scalar potentials were just set to zero out of pure expediency.
5735540	5740780	And then you have things like the Bohm-Aranoff effect, where it seems like there, you know,
5740780	5746700	even without a magnetic field present, there are potentials present. And so this is sort of
5746700	5751600	of explained away by the electromagnetic four potential, but that's a very poor explanation.
5751780	5757000	And I think that not only is the jury still out, I think it's going to move towards this
5757000	5758900	extended model very, very soon.
5759060	5760600	And I'm excited about it.
5760680	5765660	I mean, there obviously may be dangerous dual use implications, but hopefully it unlocks,
5765760	5767280	you know, really good stuff as well.
5767480	5769760	Do you know that CAU-8 nucleus and potamen?
5769880	5771060	Oh, yeah, I know about that.
5771180	5771340	Yeah.
5772100	5776320	That's a part of the brain that I find fascinating because a friend of mine named
5776700	5782180	Nolan at Stanford. He's a microbiologist. He studies this area of the brain. The more
5782180	5787540	neuronally dense it is, the more kind of executive functioning somebody seems to display. But
5787540	5791920	by executive functioning, it's really just kind of what we would call psychic intuition.
5792660	5798840	And in fact, I think there's a study where you hook up somebody's brain to an fMRI and they're
5798840	5803520	playing the game of Go. And when they make a quote unquote brilliant move, which is a move
5803520	5808940	that doesn't make any sense in the context of, you know, the game and where it's at,
5809060	5812860	but it makes sense in the context of an endpoint that they almost have to psychically know about,
5813060	5819760	that part of the brain lights up. And apparently when a person takes iboga, that part of the brain
5819760	5824420	lights up, which, you know, people seem to get, you know, have these sort of visionary experiences.
5824420	5829940	This is this kind of psychedelic African tree bark that's been ingested for thousands of years.
5829940	5842860	And so, you know, I think, I wonder if that part of the brain is somehow part and parcel to this different epistemological pathway that is immediate download based or something.
5843700	5844600	I don't know.
5845220	5847600	Yeah, well, it'll be interesting to see.
5847600	5869400	I mean, you know, as I said, I really think that the ventricles and the cilia that, you know, line them, you know, the cilia containing cells that line them are a huge, you know, a huge component of this whole mind, okay?
5869400	5869540	Okay.
5870780	5874360	But what you also need to know,
5874380	5875300	most people won't know this
5875300	5876360	because they don't know neuroanatomy,
5876440	5878040	is that the condate and the butane
5878040	5879880	are real close to the ventricles.
5880720	5881180	Okay.
5881360	5884260	So imagine it as being that,
5884400	5886640	you know, this is, you know,
5886660	5889480	like the sensory section
5889480	5892580	and the condate and the butane
5892580	5895740	are then the processors of that sensory.
5896140	5897160	You see what I'm saying?
5897300	5898040	It's like...
5899400	5900360	Right next to the receptors.
5900720	5901120	Yes.
5901400	5901740	Yeah, yeah.
5902000	5905700	So it's like kind of the first encoder of the information.
5906100	5906480	Exactly.
5907020	5907640	That's amazing.
5908280	5909340	Yeah, that's my own theory.
5909520	5910620	Nobody else has said that.
5910980	5911620	All right.
5911640	5912200	You caught it.
5912200	5913140	You heard it here first.
5913300	5913520	Yeah.
5914280	5915280	That's really exciting.
5916140	5918040	Yeah, we should be studying that more.
5918100	5922940	I mean, I'd be curious because you can literally do MRIs on people that seem to have more paranormal
5922940	5928240	experiences, seem to be more, quote unquote, psychic or have predictive accuracy in these
5929400	5933840	experiments and they're more neuronally dense in that area. And it's often it runs through
5933840	5938900	families and seems to be hereditary. And so I wonder if some of these kids took these MRIs,
5938920	5943540	if they would have more neuronally dense caudate nucleuses and potamins.
5943780	5948040	Yeah. Well, we do know that there definitely are studies that show
5949840	5952280	differences in the caudates of autistics.
5952840	5956160	Interesting. Okay. So you already know that. I didn't realize that. That's amazing.
5956340	5956880	Mm-hmm.
5957160	5957640	Wow.
5959400	5961600	And the same thing for people who are schizophrenic.
5961600	5967060	And so a lot of what we label schizophrenic might be something else.
5967120	5973240	Because I know that that's kind of the training of psychiatrists is to label somebody as schizophrenic if they report a lot of these phenomena.
5973540	5973860	Yeah.
5973980	5976140	I don't really believe in the DSM.
5976200	5977000	I don't either.
5978240	5978680	Yeah.
5979120	5988560	You just put somebody in a box and you slap a label on the thing and it sort of creates this learned helplessness of like, okay, now treat it biochemically with a thing.
5989400	5995060	of like, what does that mean? Why do you have that? And could it be adaptive in certain ways?
5995300	6000660	And then could it also be, you know, could you overcome it in other ways? And it's way more
6000660	6005280	pliable than just like this, you have this thing, like go away, you're not normal.
6005820	6012280	Yeah, I just always sound, I mean, the DSM, you know, is really primarily a tool that is used by
6012820	6018040	attorneys and health insurance companies for their purposes. You know, health insurance
6019400	6026820	tool to say, okay, for that diagnosis, what treatments are we going to authorize that
6026820	6034060	someone can have? And for lawyers, it's, you know, for those diagnoses, what kind of, you know,
6034100	6042120	punitive, you know, compensatory damages can we, you know, ask for? You know, so it's strictly
6042120	6049700	specifically created as a description. It's not a description of the truth. It's a description
6049700	6058580	of clinical syndromes that it's changed like three times in my career. It's a description of them
6058580	6066340	that then is used for those purposes, but we shouldn't be locked into it as thinking that
6067260	6073380	it's describing reality. And it's symptomatic, superficial. It's often like behavioral
6073380	6078900	superficial. Maybe one step better is it's superficial, but it's like a thing the body
6078900	6083360	seems to be like. It's like you could say a fever, right? But then you're slapping, you know,
6083380	6088020	you're saying this person has this disease or this issue or whatever, but like a million things could
6088020	6092900	cause a fever, you know? And so like even the biological stuff is completely overdetermined
6092900	6097060	and you need to actually splice out what are the underlying causal factors of this stuff.
6097260	6101340	And so, yeah, I hope we end up with a new model that's better.
6101860	6102300	Absolutely.
6102320	6105180	And that was, I mean, where I trained at Johns Hopkins,
6105700	6112600	we were taught to really look for various different causes of a syndrome.
6112660	6115820	We knew it was a syndrome that could have multiple different causes.
6115960	6117940	And so we would look for it.
6117960	6121120	Well, a lot of syndromes have biological causes,
6122900	6124640	They've got too much calcium.
6124980	6130860	If you treat their hypercalcemia, then X, Y, Z symptoms go away.
6132780	6134760	Or hyperthyroidism or hypothyroidism.
6134820	6138260	There's a number of conditions that are caused by medical things.
6138380	6142740	So that's why we train in medicine first and to look for those.
6143180	6146720	Sometimes it's psychosocial.
6146720	6153120	So we want to have a good psychosocial history and understand psychology, understand sociology.
6154160	6155200	Maybe that's the problem.
6155360	6158480	Maybe it's a really family dynamics problem.
6160520	6168820	Sometimes it's that you'll hear somebody say something and it's really a spiritual crisis for them.
6169100	6175080	And maybe they've experienced some devastating experience.
6176720	6192380	What I discovered, though, early on is that because I was taking histories from people and trying to think, you know, OK, asking them about everything, everything from their physical well-being to, you know, their, you know, what kind of thoughts they had, what kind of feelings they had, et cetera.
6194060	6200360	I would listen to their stories and try to think of, okay, where's the intervention going to be?
6200420	6210920	Is it that I need to intervene in terms of a medical condition or refer them for psychotherapy or do psychotherapy myself?
6211260	6212480	And I'd listen to these stories.
6212500	6219720	And some of the stories that were the wildest stories that you would think, oh, my gosh, I'd later find out were true.
6219720	6232240	And so sometimes, you know, the thing that you think, oh, well, you know, maybe this is a sign of psychosis or somebody who's, you know, a pathological liar or whatever.
6233600	6237580	There's actually another possibility, and that is that this is the truth.
6237740	6241940	And it's just that you yourself have not ever experienced anything like it.
6241980	6244440	But it doesn't mean that it's not the truth.
6244440	6252080	Hopefully by enabling these kids with these communication methods, we can allow them to come out more.
6252200	6257220	Do you feel like they want us to know their abilities?
6257420	6267700	Because that almost feels like a part of your mission is letting the world know that these are not only humans, they're extraordinary humans.
6268100	6272740	And do you feel like they also have this drive to be known?
6274440	6280440	not be doing this if it wasn't for that, you know? And I think deeply, I think they want us to know
6280440	6286360	ourselves as much as they want us to know and appreciate and see them and to validate them.
6287440	6293520	But it's been lovely or validating for me to hear how many non-speakers are so excited about the
6293520	6297140	telepathy tapes. I'll get little text messages of parents showing me them listening or listening
6297140	6302820	over and over and, you know, feeling for the first time maybe by some seen, validated, heard,
6304440	6308120	Often their parents know, but now the parents have a way to say, I'm sending this to Aunt Judy.
6308940	6311540	I'm saying this to Grandpa, and maybe he'll believe me now.
6311700	6317360	So I think the fact that in their own circles, they're getting the respect that they deserve finally.
6317560	6318000	Yes.
6318020	6323840	The validation that what they're talking about is absolutely real, absolutely critical to all of us.
6323960	6324180	Yes.
6324180	6324300	You know?
6324660	6333720	And I – for every speller that I've had contact with, they're very, very excited.
6334440	6340640	I think have foreseen this time as being a part of where we're all headed. And I think they would
6340640	6347880	say that this is all part of a, I mean, there's many parts of it, but a step forward in our own
6347880	6355500	human evolution to get back to who we really are. How can we better tap into this paradigm
6355500	6362260	individually, just ourselves? Because I don't know, there's like the intellectual version of
6362260	6367140	of it where which one of the kids like puts on a hat and like downloads like F. Scott Fitzgerald
6367140	6372280	novels? That's Houston. It's so remarkable. So there's like that, there's that element. And then
6372280	6378740	there's just the love and unity element, which is probably most important. How do we effectively,
6379680	6386280	you know, listen to the telepathy tapes and come away with the right takeaways and operationalize
6386280	6391040	this in our own lives? Yeah. I mean, you know, the work of Julia Mossbridge, and I think she'll
6392260	6393460	like essential to sigh abilities.
6393780	6394200	It is.
6394280	6395500	Yeah, and it is.
6395660	6398220	And I think part of the unconditional love
6398220	6400400	you see from the parents,
6400400	6401620	they're non-speaking children,
6401800	6403640	and teachers, they're non-speaking students,
6403800	6407000	but also from the non-speakers to these individuals
6407000	6409480	being so often, hopefully, being patient
6409480	6412540	and giving and loving and sacrificing
6412540	6414860	to try to take care of them, you know,
6414880	6416500	in a very difficult body often.
6416800	6420220	And that is a situation surrounded with love and sacrifice.
6420220	6426060	sacrifice, and it is within that situation where these beautiful things, these beautiful gifts
6426060	6431940	manifest most easily. And even if you think about your own life, right, where you might have had a
6431940	6437220	moment of seeing a dead, I'm sorry, loved one right before they passed, or knowing something
6437220	6441840	is like really wrong with someone that you care for, it's because you love them usually, right?
6441880	6446260	And it's usually in a moment of like fear for them or their life or their well-being. So I think a
6446260	6451260	a lot of these things come back to love, but we know it's part of us because the Vikings talked
6451260	6456460	about it, like the old Celtics did, the Native Americans did. You know, I mean, all of this stuff
6456460	6463740	is part and parcel of being a human being. I think our reliance on language and our cloudiness around
6463740	6468580	materialism, having for the past, you know, three, four hundred years believed that the only things
6468580	6475740	that are real are what you can measure and observe, that has harmed us. It's taken us away from who
6476260	6481640	Because I think if you were to go back in time and ask people about telepathy, it wouldn't be like you need to go prove that.
6481680	6482780	That's just part of the human experience.
6483140	6485400	It would just be like asking someone to go prove love.
6485600	6486880	Well, how do you do that, you know?
6486980	6487220	Right.
6487460	6491580	And I think about Dr. Ian Stevenson from the University of Virginia.
6491640	6491880	Yeah.
6492200	6494080	He was studying past lives and children.
6494180	6499440	And when he went to India and he was like, I'm trying to prove, you know, past lives, they're like, well, why are you trying to prove that?
6499480	6501100	We already know it's real, you know?
6501280	6504360	And so I think that's, you know, I'm not making a comment on reincarnation.
6506260	6511500	is that we're trying to prove something that is just part of our being.
6511540	6512320	It's not paranormal.
6512420	6512880	It's normal.
6513220	6514560	It's just super normal.
6514860	6515220	Yeah.
6515500	6517680	It's so interesting.
6517860	6519900	Yeah, it's like with the whole UFO disclosure conversation.
6520680	6523200	You go to South America or something, and they're like,
6523300	6525400	yeah, we talk to star people all the time.
6525460	6528220	We have rituals that involve them.
6528920	6531040	But it's like, but we're going to be the ones.
6531080	6532940	Our government is going to disclose this.
6533000	6535500	There's going to be a file, and we're going to sort of let it out.
6536260	6549700	That same friend I mentioned prior who studied at the Princeton Parapsychology Lab for decades, who I just, in my mind, beyond reproach, just a really good person and beyond rigorous as well.
6549800	6555640	And one of the smartest people I know would say that you take these random event generators.
6555820	6557240	That was his staple experiment.
6557640	6565360	And so you're tying this one zero output to something that's conventionally thought of as random in quantum mechanics.
6566260	6578980	So, you know, radioactive isotope decay or something like that, which with a known statistical distribution over a long enough timescale, you expect there to be the same amount of ones and zeros because it's a perfect digital coin flip, you know, within a standard deviation.
6578980	6588360	and there's a real effect that your mind can have on the output and the dirty little secret that
6588360	6594920	like he's like yeah you know this is well known in reg random event generator circles yeah is that
6594920	6601380	your heart centeredness is somehow commensurate with your ability to affect the output on the
6601380	6608740	random event generator and so yeah if that isn't like a new religious movement i don't know what
6608980	6613740	what is, you know, it's really this amazing thing where it's like, you know, your mandate is to go
6613740	6618840	within. And if there are any kind of impure intentions to like, to fix that, because that
6618840	6626240	is literally your, it's also your kind of ability to render the material world in a way. It's so
6626240	6630520	interesting. Yeah. And I don't know if I talked about this in the series or not, but, you know,
6631400	6636940	for the teachers who were able to build a two-way telepathic link with their students, which is
6636940	6638960	is a phenomenon in and of itself.
6639240	6641600	Teachers hearing their students back.
6641920	6643080	So two-way telepathy.
6643220	6644680	I mean, right there, that proves that we can do this.
6644700	6652340	Again, I don't know if the non-speakers just being in that loving, supportive space with them helps turn it on or what.
6652880	6658540	But for a lot of these cases, the students often, like their first words will be, tune into my heart.
6659000	6661980	That's the first thing Asher said to Jess was like, tune into my heart.
6663020	6664300	And I love that.
6664380	6666140	It's not saying think about my heart.
6666160	6666560	It's saying tune.
6667140	6669880	You know, I think of that frequency, like tune into my heart.
6670160	6678260	And so, you know, I don't have like a rule book or like, you know, manual on how to do that.
6678300	6691560	But I just think if you sit there and think about someone you love and concentrate on what you're grateful for in that person and how your life has changed because of that person and what they represent, you can feel someone even if they're not speaking to you, right?
6692140	6694060	I think it's good there's no rule book.
6694060	6699420	I think it's good that you have to audit what's going inside of you.
6699460	6705440	And it's this kind of messy thing that really involves your personal growth and evolution as a person.
6706560	6712820	And, yeah, it's funny in the, like, UFO world, a lot of people are like, you know, what do you know or whatever, you know.
6713000	6717240	It's not like – it's like, you know, I think it's an awareness.
6717360	6717760	Yeah.
6717780	6720660	And, like, I think these kids are on a whole other level with their awareness.
6720800	6721040	Yeah.
6721360	6722900	It's not like a file.
6724060	6734500	You know, it's not this semantic body of information. And that comes through auditing the self and through personal growth. And that's, you know, something you can't short circuit.
6734500	6738780	it. No. I'm smiling because I just thought about something that, too, you know, in terms of this
6738780	6744240	tuning into something, you also have to give yourself space to validate that, like, maybe an
6744240	6749880	idea or a thought or an image isn't coming from your own mind. Yes. And that never occurred to me
6749880	6754640	until three nights ago. Think about this. I've been working on this for almost four years. Like,
6754640	6759680	three nights ago, I woke up with this extreme vision of something that had to be in the film.
6760660	6764620	and it had to be with it had to do with like finding a real metaphorical hill and bringing
6764620	6768800	as many non-speakers there together and making it beautiful and like it's really like spiritual
6768800	6773620	place and houston was like very prominent in this dream and so i woke up in the morning and i said
6773620	6779300	i wrote katie i said does houston does houston send me images at night about the movie can you
6779300	6783680	ask him if he just did that and she wrote back and she asked houston and houston said yes i do
6783680	6784420	You said Kai images.
6785540	6789360	And here I was thinking I'm having this idea about the film.
6789480	6790900	Well, maybe it wasn't my idea.
6790960	6791760	Maybe it was Houston's idea.
6791800	6792540	I think it probably was.
6792720	6794400	And he was trying to convey something to me.
6794520	6794980	Oh, wow.
6795140	6802300	And I didn't, for so long, I've just been taking it as, oh, okay, here's this idea I had in the middle of the night when, you know, you're the most like open to this stuff.
6802440	6802780	Yes.
6803060	6809920	And that gun was like shifted my paradigm entirely because I thought, oh, my goodness, has this been happening all along?
6810060	6812400	And how many parents is that happening to?
6813680	6819900	wonderful individuals with beautiful personalities and these incredible capabilities, but they do
6819900	6825880	require help and care and sacrifice from those around them. And it's often a 24, it is a 24 hour
6825880	6832940	seven sacrifice, an act of love. And so, so I think if there's anything that comes out of this,
6832980	6837320	I really hope people start to just help the parents, give them the resources they need.
6838080	6842960	And, and that, and that will help the non-speakers very much as well, but also giving the non-speakers
6843880	6845300	and help and friendship.
6845520	6847960	Like I loved going to a bar with Houston
6847960	6849020	and Houston just had a beer.
6849240	6850660	You know, we're all sitting at the table
6850660	6853100	and Dr. Powell was there and Dr. Jeff Tarrant.
6853160	6854440	Like this was one of the nights we were filming
6854440	6856060	and Houston just had his like Budweiser
6856060	6857380	and was like, you know, typing along.
6857700	6859320	And I remember thinking on the table,
6859360	6860720	I wish I lived in Atlanta
6860720	6862020	and I could do this all the time with Houston.
6862180	6863880	Like I love watching football or whatever.
6865360	6867840	And yes, I mean, just like all of us,
6867840	6869540	you want a loving relationship, you want friends.
6869540	6876200	friends, I hope people aren't afraid to befriend non-speakers. It will take more care and sacrifice
6876200	6881840	and time, but you can have a very fruitful, beautiful relationship. And so that's what I
6881840	6886100	hope. I hope their lives become so much more expansive with community and love and friendship.
6886360	6894160	I love that. I think that is going to happen. And how can we effectively steer it in that direction?
6895200	6898680	Well, I was thinking about this a lot because one of the things Katie talked about,
6899540	6904760	my heart was how for so many parents with non-speakers who have a hard time controlling
6904760	6908460	their body and might be stimming and making noises, how hard it was just to even go out
6908460	6912260	in social situations, to go to a bar, to be on an airplane, to go to a movie.
6912500	6916200	Because the way she said it was, you know, we're always worried about affecting like
6916200	6920460	the normal people and, you know, or their children being afraid of my child.
6920600	6924600	And so we have to go and how socially isolating that can be.
6924700	6928800	Katie, who's an evangelical Christian and, you know, her faith means everything to her,
6929540	6934160	church, even at church, they'd be like, oh, make him go quiet. Like, you know, can you just go to
6934160	6939280	this room instead? And like, how awful, right? So I think the first thing we can do is just have
6939280	6945160	some like grace and compassion and welcome non-speakers into our spaces. And I said this
6945160	6948600	in an interview recently, and I'm sure maybe it sounded trite and silly, but I actually meant it
6948600	6953660	is like, if you own a bar, if you have a restaurant, like have a night where it's like non-speakers
6953660	6959100	welcome, like, you know, like autism night, like come and hang out and allies too, friends too.
6959540	6962360	You know, at a skating rink.
6962400	6963140	I mean, I don't know.
6963160	6985140	Whatever small business you have, whatever it is, at the elementary school where my kids go, you know, myself and a few other parents have made it really an effort at every event to have a safe room for people on the spectrum or with sensitivities where they can go and be part of this event but not be bombarded by what might feel uncomfortable.
6985140	6991900	comfortable. So we can all do something in our own world to make society easier for non-speakers
6991900	6996860	and their families to go out and participate in. Right there would be huge. I totally agree. And
6996860	7002600	I hope that is a call to action that is heard widely. And I think it's in the best interest
7002600	7009440	of these people to open up as well, because you have so much to learn. And so, yeah, I hope,
7009980	7014100	you know, be on the forefront of this. Yeah. And like, I thought about this the other night,
7015140	7019620	most of my non-speaking friends and relationships are scattered around the country.
7019740	7025200	And I was thinking the other day, I'm like, I wish I knew at least, you know, a few non-speakers in Burbank where I live.
7025280	7030820	So I could go walk in Griffith Park with them once a week, give the parent a break, you know, just come on and swim in my pool.
7030940	7035520	I know, I know you love water, you know, like, like come, like let's hang out and chill.
7035520	7049420	Because even in my – in everyday life, I don't – I have the people I'm talking to all over the country every day but not the person right in my midst that I just want to go hike with and walk on the block with and hold their hand and say, we got you.
7049540	7053660	And like that break for the mom is so huge or the dad.
7055100	7061240	And also so good for the spellers to get out with other people and so good for all of us.
7061360	7061560	Yeah.
7061560	7071320	I mean, it's a beautiful community of individuals that I hope more people get to know and love and appreciate.
7071320	7072440	I hope so, too.
7072460	7074620	I think they have so much to teach us.
7074800	7079460	Have you ever read the book Childhood's End by any chance by Arthur C. Clarke?
7079520	7079700	No.
7080020	7087460	It's very interesting because kids start to develop telepathic clairvoyant powers.
7087460	7094500	It talks about this sort of like non-human intelligence that is kind of this mental sheath all over the world.
7094580	7094760	Yeah.
7094760	7096800	Who knows if that part is, you know, true.
7097040	7105780	But the bridge to this sort of, you know, other world are these kids that start to develop this clairvoyant power.
7106100	7108700	And they're kind of the ambassadors for humanity.
7109040	7109620	Oh, wow.
7109640	7110420	And I just, yeah.
7111260	7112980	So I just, I find that.
7112980	7126920	And Arthur C. Clarke is a very interesting character to me where he's like, there's something about that guy and Stanley Kubrick and some of these other guys where it's like you're tapped into some sort of like you're imagining some pre-reality that is going to kind of manifest.
7127200	7127380	Yeah.
7127640	7133200	Well, I think one thing I've learned is from what a lot of the non-speakers will say is that what we create on Earth really matters.
7133600	7134480	It totally, yeah.
7134700	7138220	And those creative ideas are coming to us often from somewhere else.
7138220	7143980	And so I started, once I started getting into this world, reading fiction in a whole new way.
7144340	7151560	And often being like, whoa, like where this is coming from might be an insight or a key into our greater reality.
7151800	7154500	And all this stuff is being funneled through creators and writers.
7154640	7155500	And I love that.
7155820	7158060	Yes, I think that's the case.
7158200	7164220	And on the scientific front, Dr. Diane Powell's medical license was revoked.
7164240	7164800	Is that right?
7164800	7174780	Yeah. Can we how do we make sure that her and people like her are protected, especially when they like her have the best of intentions?
7175120	7185560	And I think similar to you, empowering these kids so they can study this stuff and, you know, teach it to the rest of us and even bring it into this our scientific paradigm.
7185900	7190100	Mm hmm. What happened to Dr. Powell was awful.
7190100	7196300	You know, when she wrote her book, The ESP Enigma, she had her medical license revoked because she was talking about ESP.
7196560	7201100	And she had to go through psychological testing to get her license back.
7201260	7202040	So demeaning.
7202080	7202340	Yeah.
7202360	7202640	It's ridiculous.
7202920	7205820	When they read the book, they realized it was extremely sound science, of course.
7205900	7208180	I mean, she's a brilliant, you know, scientist and researcher.
7209140	7212800	And then she was fine not only in the state where she was practicing, Oregon.
7212940	7214940	She was fine in California where she wasn't even practicing.
7215020	7218280	But she, you know, I think she had a medical license there.
7220380	7224100	traumatized her. She'll say that it traumatized her. And of course, like you don't want to have
7224100	7227900	income taken away from you. You don't want to have, I mean, I can't imagine if I could,
7227940	7233480	if I made a documentary and someone slapped me with fines. What? And it shouldn't be happening
7233480	7239120	to scientists either. And Dr. Rupert Sheldrake certainly talks about this. Like scientists
7239120	7242100	should have a freedom of inquiry, just like journalists, just like creators should.
7243300	7249240	By asking a question or presenting a hypothesis, you shouldn't be fined and intimidated and have
7250100	7251260	provoked and tainted.
7252240	7255320	And I don't know how to fix that.
7255400	7256760	I just hope awareness will.
7256860	7259140	I hope even just this podcast going out there
7259140	7262440	kind of lets people think for themselves
7262440	7265040	when they see that a scientist has had their name tainted.
7265100	7267700	That like, huh, is that a materialist paradigm,
7267840	7270080	which is this belief that like everything has to be measured
7270080	7271960	and, you know, it's all like concrete what we understand
7271960	7274140	and see is this a materialist paradigm
7274140	7276500	that's keeping these scientists in check?
7276660	7278080	Did they really do anything wrong?
7278080	7282940	wrong. So we all just need to start asking that question. Yeah. And we also have to ask, you know,
7282960	7288980	yeah, to the materialists out there, if this is all quackery, why revoke her license? Why are you
7288980	7292980	threatened at all? Let her continue to do her studies. You know, they're not going anywhere
7292980	7298660	because it's all fake or whatever. So it shows an insecurity. The fact that you have to censor,
7298660	7303580	you know, means there's maybe even a part of you that thinks that this is real. Right. And it's
7303580	7308040	It's funny. So I was just with her. I didn't realize this. She's such a fascinating person.
7308760	7316700	She has this kind of analogous life with John Mack, like where she was friends with John Mack,
7316820	7321020	who was at Harvard. Similar situation where traditionally kind of pedigreed guy,
7321260	7326580	head of the Harvard psychiatry department, you know, very serious background. And towards the
7326580	7330660	end of his life starts to study all of these people who are earnestly coming to him saying,
7330660	7337740	you know we've we've had all these you know alien abduction experiences yeah and he was persecuted
7337740	7345460	by harvard there was a trial there yeah and um so he dies he gets hit by a car very tragically in
7345460	7351980	london and she goes to his memorial and i guess all the people at the memorial are like uh dr powell
7351980	7357900	you have to take on uh dr john max legacy this is really important and i think she ends up she
7357900	7359240	She ends up running his institute.
7359400	7360580	I think it's called GEM or something.
7361980	7369340	And then she buys this house, which serendipitously like kind of comes into view for her in Oregon.
7370020	7375960	And the house's birth date when it was built was the same birthday as John Mack or something.
7376180	7378540	And so it's this very interesting kind of synchronicity.
7378680	7381860	Gosh, I'm so like just in awe right now that you're bringing this up.
7381940	7387440	Because on the car ride over here, I was talking to my producer, Jen, and she said she was talking about the UFO.
7388780	7395120	just like the world, how often it's interviews and it's a lot of the science and everyone's
7395120	7398440	looking at the science and the experiencers and I mean, not experiences, the disclosure and the
7398440	7405300	technology and X, Y, Z. And I said, I didn't really understand the whole world until I read
7405300	7411040	John Mack's book. And I understood what all these experiences were talking about. And it made my
7411040	7414580	My heart and my body like ache and hurt and swell and confused.
7414680	7416820	And I bought in.
7416960	7420660	Then I was like awakened to it because I understood what people were experiencing.
7420880	7421420	Yes, yes.
7421600	7431400	You know, and anyway, we were talking about that in a way here that like the gifts of like John Mack bringing these experiences, not just – you don't have to – I mean, I can't speak for everyone.
7431500	7435900	From my point of view, you don't have to prove everything with instruments and data.
7436080	7436380	Yes.
7436500	7440920	And look at these hundreds of people having the same experience all over the world.
7441040	7443700	That's what John Mack did for ufology, I think.
7443840	7444760	Oh, he totally did.
7444880	7446940	And he's, I think, a part of this paradigm shift.
7447280	7451340	There's this amazing conversation he had with Terrence McKenna, who's also one of these
7451340	7452260	paradigm shifters.
7452340	7457620	He's sort of a, call him a fungal philosopher, you know, really interested in mushrooms and,
7457640	7461320	you know, new paradigms and consciousness and just an amazing guy.
7461440	7463100	And he and John Mack are speaking.
7463220	7468960	And John Mack, you know, McKenna is actually playing the role of this kind of like funny
7468960	7472600	funny provocateur where he's asking these questions to Mac, but they're kind of leading
7472600	7476880	questions that he knows the answer to and he can see it on his face. And he's like, you know,
7476900	7481520	what's going to happen to the Western paradigm or something? And John Mac says, oh, it's going to
7482300	7487780	burst open and we're all going to realize that the Western paradigm is incredibly myopic and closed.
7488140	7493380	If you want to shatter the Western mental structures, the Western mind, so to speak,
7493380	7498680	which is now permeating the whole earth in its materialist, dualistic philosophy,
7499460	7506200	the way you do it is you take something that's supposed to be in the spirit world,
7506320	7509500	because even in the West we can make allowance for the spirit world,
7509620	7514740	and we can study it through mythology, through religion, through imagination, through poetry.
7514940	7518920	But the one unforgivable sin to the Western mind
7518920	7521720	is when something that should be in the spirit world
7522780	7525620	transgresses and shows up in the physical world.
7525780	7529380	And I think what he's getting at is this idea
7529380	7532640	that the observer-observed dichotomy is going to break down.
7532700	7534580	This idea that there's an impartiality,
7534640	7539780	this distance between me as this perfect instrument of observation
7539780	7542560	and what I'm seeing is going to collapse.
7542700	7547320	And these kids are just the perfect example of that
7548920	7555580	sense people's energies in this sort of just extremely precocious way and what you're feeling
7556700	7561880	matters. And, uh, that, that really, I mean, the name of the, my show is American alchemy as well.
7561920	7567100	And that the alchemical process is, is changing the outer world through, through the inner. And,
7567120	7571800	uh, I just, I wonder if we're at the end of this, you know, John Mack was friends with Thomas Kuhn
7571800	7576780	who, um, uh, you know, wrote the structure of scientific revolutions. And he was like,
7576780	7595020	Like you got to look into this because Thomas Kuhn knew that, you know, at the end of a paradigm shift or sorry, at the end of a paradigm, a current paradigm, you have a law of marginal returns, declining marginal returns where you're just, you know, kind of dotting the I and crossing the T on like your final theory.
7595160	7596800	And then it all just kind of blows up.
7596880	7606380	And you see it happening right now with string theory and physics where you have people like Leonard Susskind, the top of the field, who are getting interviewed and they're like, oh, we haven't really discovered much.
7606780	7609320	I give her B plus or whatever.
7609480	7613300	And then you have all this stuff that's coming out and it's like kind of undeniable.
7613600	7623200	And academia, I think, is going to be laid bare as kind of playing catch up on this stuff because they have to play these reputational optics games.
7623340	7627240	I see it with high profile friends of mine who are in academia.
7627340	7628480	They have like more of a reputation.
7628520	7630960	I'm like this ragtag former VC or whatever.
7631020	7631720	I'm like, this is real.
7631820	7632520	It's so obvious.
7632640	7635320	And they're like, OK, send me the paper and I'll read it.
7636780	7640580	York Times reports on it, then I'll take it seriously. I was like, just look at the data.
7640700	7644280	What's wrong? You know, think for yourself. Think for yourself, for sure. And that's what I would
7644280	7647300	say to anyone listening who's just like, I don't know what to believe. I don't want to make of this.
7647620	7651740	Approach everything with open-minded skepticism. Because if you're just a closed-minded skeptic,
7651740	7656500	you're dogmatic. You're just like a fundamental religious person who won't listen to anything
7656500	7662080	else. Or you might be exactly what you are against in a lot of ways. And being an open-hearted
7662080	7666580	skeptic doesn't mean you don't ask questions. It doesn't mean you don't explore the truth,
7666680	7670780	but you need to be open that the truth might be very different than what you think it is.
7670880	7675860	And I think that's what I encourage people to do. Be open-minded skeptics and your world will be
7675860	7683560	blown. I love it. How can we help you and how can we help these kids? You know, I'm in the process
7683560	7688760	of raising money for the film and I'm having some wonderful conversations and I'm hoping we'll have
7688760	7696620	funding together, you know, by next year. I mean, that's my goal. And so, you know, I will keep
7696620	7700060	people up to date on that. I would honestly say the best thing people can do right now is just
7700060	7705120	share this help with the tapes with their friends and family and teachers and just to help with
7705120	7710640	this paradigm shift. All I want is for people to hear this message. And as far as the non-speakers
7710640	7716320	go, advocate for spelling, write to ASHA, talk to your school district, write a letter. You know,
7716320	7718620	Now, ABA therapy is not the solution.
7718800	7720080	I think every parent will say that.
7720260	7722520	I mean, spelling has been a miracle worker.
7722740	7726520	We have to get spelling into schools ASAP and universities.
7726980	7729860	Well, this has been an absolute honor, Dr. Powell.
7730040	7736700	And I hope that everybody understands how, you know, earnest and rigorous you are in your work.
7736900	7742500	And I think it's an absolute atrocity that your medical license was revoked at one point, right?
7742620	7742960	Yeah.
7743020	7744260	Just for looking into this stuff.
7744600	7744760	Yeah.
7746320	7752300	Yeah. Thank you for giving us your time and excited to make something cool out of this.
7752700	7754380	Yeah. Thank you very much. It's been a pleasure.
7754460	7760000	Go listen to the telepathy tapes and let's destigmatize spelling immediately and allow
7760000	7764280	these kids to get heard. And let's get you some no strings attached money for whatever you want
7764280	7768720	to do creatively around this in the future. And thank you, Kai. This was amazing.
7769020	7771220	Thank you so much for having me. What a great combo.
7771220	7775800	Thank you so much to MyHeritage for sponsoring this video.
7776560	7781500	Please check out their 14-day free trial via the link in the description or the QR code.
