start	end	text
540	4580	You're dealing with weapons that would make a hydrogen bomb look like a tinker toy.
6420	12040	It's the largest criminal, corrupt organization in the history of the earth.
13000	18160	Most people have a price in either blackmail, threats, or money, or position.
18520	20620	I said, sit on it and rotate.
22180	24660	Why are you so controversial?
25060	27500	Just let me finish. Let me finish. Let me finish the story.
27500	30480	You keep interrupting me, but I will tell you if you'll let me finish.
31040	33960	The really high-tech stuff, they slammed into a box.
34240	39020	It would liberate every home, every car, every factory, every country.
39160	39460	Yeah.
39680	43240	Into energy independence, no pollution, and no poverty.
43440	45760	Here's a warning to you money-grubbing whores.
45940	48700	It's gonna be open sourced.
50060	52960	So I've been doing this work one hell of a long time, since I was 35.
53400	55760	I thought everything that went bump in the night was alien.
57500	60820	I started having people come forward who said, oh, we piloted these.
61060	64480	And then I had guys come forward who had actually been on the abduction squad.
64760	66000	Made them look like aliens.
66200	66340	Whoa.
66520	67400	And they said, oh, no.
67400	68640	You've met people who, like.
68940	69940	Committed those crimes.
70020	70300	Wow.
70300	72400	Yeah, and they feel terrible later in life.
73440	77900	The folks who know about this, they need to come clean truthfully soon.
78040	80120	This is getting very serious right now.
80280	84680	Whether you're in Congress, the Senate, the public, or someone on your podcast,
84680	90580	they need to be arrested and tried for treason and sedition against the United States.
90720	95000	Does that involve storming Area 51 and Dugway and Right Pad?
95220	96340	What does this involve?
96600	96920	Literally.
100820	105320	This week's long-awaited American Alchemist is Dr. Stephen Greer.
106080	109520	Love him or hate him, this medical doctor turned UFO truth seeker
109520	113120	has played a big part in modern disclosure that can't be ignored.
114680	119440	closer to the truth, you just can't really throw out his foundational research, the Disclosure
119440	124900	Project archive, and his whistleblower testimonies. He's gathered more firsthand UFO witnesses than
124900	130000	anyone on the planet, and humanity owes him a debt for that. In my opinion, speaking to Dr.
130040	134920	Greer is like panning for gold. If you get past some of his antics, there's a ton of value there.
135060	140080	I've been told by people not to do this interview because of those antics. I don't really care for
140080	145500	being told who I should and shouldn't speak with. Talking to someone on a podcast is not in any way
145500	150980	an endorsement of all of their beliefs, so I decided to sit down with him. The one caveat I
150980	157380	will include here is Dr. Greer goes after just about everybody in UFO World and hurls out a ton
157380	163100	of ad hominems. If I had tried to perfectly referee all of his accusations, this would have turned
163100	168400	into an unintelligible and endless argument about who the bad faith actors are in UFO World,
170080	175620	are probably many. So instead, I tried to show appreciation for his incontrovertible contributions
175620	181440	to UFO disclosure and to learn what I could from him. So without further ado or disclaimers,
181500	187940	please enjoy this special long-form episode with this week's American Alchemist, Dr. Steven Greer.
188880	195820	I'm here with Dr. Steven Greer. I'm so excited to do this. This has been a long time coming for me
195820	198180	because I've explored a lot in UFO world.
198380	198640	Sure.
198840	203200	And you are really responsible for a lot of disclosure.
203520	207340	I mean, a lot of the, most of the whistleblowers who've come out
207340	210520	have had a touch point with you before they've gone public.
210740	215360	And so Disclosure Project is your kind of organization.
215660	218280	You have an archive with terabytes of data,
218380	222000	documents that go incredibly deep on the cover-up.
222060	225020	You've also made a couple of great movies on Acknowledged.
225820	227600	The Lost Century about suppressed science.
227740	230040	And the new one that just came out, The Battle for Disclosure.
230100	231220	And The Battle for Disclosure.
231400	234620	And then you've given me this incredible, this briefing.
234740	235540	For the president.
235580	237240	We cleaned it up.
237320	237680	Okay.
237900	239100	And redacted things.
239220	239440	Okay.
239460	242120	And then I made it available to the public so everyone can get it now.
242380	245600	So you'll have 90 plus percent of what the new president has.
245760	246420	That's pretty awesome.
246540	248400	The Disclosure Project Briefing Document 2025.
248520	251160	So have you spoken to Trump or his team?
251940	255580	I can't talk about the who, the names.
255820	261280	But very senior people relevant to this issue in national security, yes.
261380	265460	So as soon as the election happened, even before.
265960	274400	So some of his closest advisors and major funders have been on my team and are supportive of this.
274660	281920	And some of them that are new to that world, and just to be clear to everyone, I'm nonpartisan.
281920	286840	So I've dealt with all the way back to Clinton and the Obama and John Podesta all the way
286840	287340	forward to now.
287460	292760	So my institute and the Disclosure Project is completely a nonpartisan, has to be.
293180	297660	And not only nonpartisan, it's global, because I do the same thing for Europe, Australia,
298160	298780	Great Britain.
298840	300180	I was just in Great Britain in September.
300640	303480	So we're assiduously, carefully nonpartisan.
303480	318220	With that said, this administration, I think the first administration since Bill Clinton tried to fix this problem in his first term is most open to perhaps pursuing it.
318300	318760	We'll see.
318940	320260	That would be very exciting.
320660	328020	Well, this brings up this kind of perennial question because I think a lot of people associate this topic with the quote unquote deep state.
328180	332220	And they also associate Bill Clinton with the quote unquote deep state.
333760	336700	Deep is the deep state that deals with this topic.
336760	340320	If you have Bill Clinton kind of knocking on the door of the program and not getting let in,
340900	344320	what are we talking about as far as a power structure here?
344600	350480	Well, it's exactly what Eisenhower described when he went out of office in 61, in January of 61,
350640	352760	when he left and Jack Kennedy came in.
352900	355760	And he said, beware the military-industrial complex.
356000	361760	It will become a threat to our way of life, and excessive secrecy will destroy democracy.
363480	370800	the speech. The same thing that Jack Kennedy said in a number of speeches. And then we know for a
370800	375680	fact, and I know the people who have the actionable intelligence on this, Jack Kennedy was killed over
375680	382820	this issue. And the constellation of programs attached to UAPs, and particularly the science
382820	388720	and technology branch of it, which we'll get into. That's two big pillars here, keeping it secret.
389280	394840	They want people to go out publicly, and we know who they are, who will spin the subject
394840	400180	in the direction of it being an alien threat for the purpose of a totalitarian super state
400820	405540	uniting the world against aliens, which is a total hoax and nonsense.
406280	409520	And that's, you know, it's like the movie Independence Day or the War of the Worlds
409520	409900	or whatever.
410260	413460	You know, like when Will Smith goes, let's kick alien butt, right?
413460	413580	Right?
414280	418500	That whole script was like out of CIA central scripting casting.
419360	420740	Not that Will Smith is.
420780	421260	He's a great guy.
421440	424440	But it was reached out to us and very interested.
424800	431180	But I think that the trajectory of this goes back to the late 50s.
432020	433060	Probably earlier.
433280	440600	But definitely the decapitation of the presidency happened on Eisenhower's watch.
440600	447660	And we know that Jackie Gleason knew this and some people that in my early days as a young doctor when I first started this
447660	450820	I got to know some people who had known Eisenhower and
451700	459620	And like one of our whistleblowers way back then at the when we kicked off the whole disclosure project effort in the mid-90s
459620	462160	It was called project starlight code name
462160	466560	We were private and then it went public in a one with the National Press Club
466560	468820	that had 800 million people see it.
469120	473620	And then 9-11 happened a few months later as a direct consequence,
473860	475900	which I don't want to get into that much,
476080	478680	but this was going to get blown wide open.
480060	480540	Interesting.
480920	484600	They needed a diversion, so they created something called 9-11,
484720	487080	and they've been stuck in that world for 20 years.
487460	490960	But what's fascinating about this so-called deep state
490960	494320	is that it was a carryover out of World War II.
495300	505500	and it started when a man who was one of the original founders of CIA, Alan Dulles,
506480	514760	it was OSS during World War II. The other thing was a guy named Paul Mellon and Mellon was one
514760	519120	of the few billionaires in the world at the end of World War II. I mean a million having billions
519120	527120	of dollars and 45? Amazing. So Paul Mellon's grandson, who is John Warner the
527120	532240	fourth, the son of Senator John Warner, I got to know years ago and he said,
532300	536960	look, first time I walked into his house, at the Watergate, it's a huge
536960	543660	place on the water, and John Warner the fourth, not his father, the Senator
543660	548200	Warner, but John Warner, I walk in, he goes, oh my whole family were fascists.
549120	549640	I went, what?
549920	550840	He says, oh, yeah.
551360	559440	So his grandfather, Paul Mellon, so Warner, his father had married Paul Mellon's daughter.
559980	561560	So it's very familial.
562380	564580	This runs family back, way back.
564980	569660	And he said, yeah, I mean, he was a huge supporter of Adolf Hitler and fascism.
569720	570620	So was Henry Ford.
570720	571720	So was Watson of IBM.
572300	574380	So these were all hardcore.
574600	577460	And so was Prescott Bush, George H.W. Bush's dad.
579120	580900	be big supporters of fascism.
581060	583460	They're at like Union Bank, Brown Brothers, Harriman.
583800	584680	Yep, all that.
584880	587160	Chase Manhattan, the whole thing.
587680	594400	So that was put into kind of stasis for a few years until we won, I call it the battle
594400	595060	of World War II.
595500	600080	But then those people sort of covertly surfaced after World War II.
600320	604400	Well there's a story of John Warner IV and he's having martinis, I believe, with
604400	605260	Paul Mellon, his grandfather.
605260	605940	That's what I'm talking about.
606080	606320	Exactly.
606320	609780	He admitted this and admitted going over and getting a Nazi disc.
610020	610500	That's right.
610680	612020	That was not a ramjet.
612080	613720	It was actually electrogravitic.
613820	620340	And my grandfather said, look, you know, we were in a facility, a hangar, and we saw a German flying disc.
620840	627600	And I said, you know, oh, is that the one that was cobbled together with six BMW jet engines?
628020	630460	And he laughed and he said, no.
630760	632460	Now, some of them are extraterrestrial.
632580	632700	Yeah.
632700	636260	I don't use the word alien because people think it's someone from Guatemala or something.
637380	642820	But an ETV, an extraterrestrial vehicle, or NHI craft, non-human intelligence craft,
644180	645380	that's not what he brought back.
645580	649840	It was a Nazi early prototype, but it wasn't stable.
650520	656260	It took us from 1945 to 1954 to master what's called gravity control.
656620	659500	And I have a man who is a whistleblower, but privately,
660180	662460	who is the top scientist at the Naval Research Labs.
663700	667840	who has passed away, so I'll say his name is Richard Foch, F-O-C-H.
668780	671900	Rick had been in the vault and saw the documents
671900	674500	for the date we mastered gravity control,
674740	676700	and it was October 1954.
677560	679880	So beginning in the late 50s forward,
680360	684860	many of the UAPs, UFOs, whatever the new fake word is
684860	687940	they're using for these things, that's also out of CIA.
688060	691180	We'll talk about the word usage and how it's a mind colonization.
691500	692460	It's a mind fuck.
692700	697900	excuse my language, but to think how these guys think, right?
698000	699100	You had to get at their level.
699320	703020	And so from there forward, they said they had captured
703020	707620	or shot down a couple of ET craft, but they weren't starting from zero.
708360	711260	They already had that, right, the Nazi disk.
711520	714660	They had the T. Townsend Brown electro-gravitics,
714840	717900	which became the foundation of RAND Corporation, by the way.
719400	729520	That's interesting because I know Townsend Brown did some experiments in the 60s right before his work got kind of covertly transferred to Northrop Grumman for the B-2.
729700	733960	And he did a presentation for Rand Corporation and then something happened.
734340	736940	But that started in the 20s.
737220	738640	Well, his experiments, yeah.
738640	749980	Okay, so late 1920s, they were using very high voltage material, resonant frequencies, certain frequencies of very high voltage, but low power.
750440	751540	Not a lot of current.
751580	752160	Yeah, low current.
752380	754340	Low current, if you understand electromagnetism.
754360	758840	And power is, you know, the current times the voltage, right?
758960	763520	The fact is that he was able to hit a sweet spot with certain crystalline materials.
764280	765680	High K dielectrics.
765960	767240	Yeah, and that would then levitate.
767400	767740	Yeah.
767900	768380	Float.
768860	770480	That was 28, 29.
770680	773280	It was reproduced in Germany in the Kalski-Frost experiment.
773560	777840	All this is in, by the way, the Disclosure Project Intelligence Archive.
777840	778760	We released it all.
780260	781060	Dpiarchive.com.
781200	781920	Is that it?
782480	783180	Dpiarchive.com.
783340	785560	And so, I go, anyone who wants to see it, it's there.
785680	787060	If you can read, you'll learn it.
788400	791280	So that percolated along.
791860	796860	So the covert programs with this go way back to the turn of the last century.
798860	805360	1900s. There are still top secret files on this issue from the late 1800s and early 1900s. We
805360	810120	know this. Wow. Way back. Fascinating. Yeah, it is fascinating. And how do you know that
810120	816600	it goes that far back? Because one of the very top people since 1979 at the CIA who's worked this
816600	821320	issue is an intel source for me. So what is the secrecy? Because we think we associate it with
821320	822900	with the CIA, which was formed in 47,
823180	825160	even OSS was 42 through 45.
825600	826080	Yeah.
826120	829380	So like, if this was like late 19th century,
829480	831020	is it Office of Naval Intelligence?
831160	832300	Is it Secret Societies?
832360	832860	Is it both?
833080	833820	What's up guys?
834080	836840	I wanna tell you about my new favorite boots.
837080	838040	These things are epic.
838340	839500	I've been wearing these everywhere.
839780	840700	They're called Brunt.
840900	842680	They're insanely comfortable and durable.
842860	845640	These things last for years and they're super versatile.
845840	847840	I wear them for hiking, for hanging out.
847960	849840	They look pretty swaggy if you're going out.
851320	856160	work meetings. They feel incredibly comfortable. There's no annoying break-in period. They just
856160	861040	kind of form fit to your foot right off the bat. They're lightweight. You don't have to lug them
861040	865980	around, but they're also super weather resistant, waterproof, and durable. Brunt is committed to
865980	872220	making sure you're 100% satisfied with your new gear. With over 500,000 customers already on board,
872380	877320	these boots are the best in the category. Take it from me. Brunt makes the most epic, durable,
877320	883480	and comfortable work boots. For a limited time, our listeners get $10 off at Brunt by using code
883480	890900	Jesse at checkout. Just head to bruntworkwear.com and use code Jesse and you're all set. Even better,
891020	896920	Brunt lets you try all their products on the job risk-free. Just go to bruntworkwear.com
896920	904480	and use code Jesse for $10 off. Again, that's bruntworkwear.com, code Jesse. After you purchase,
904480	910360	They will ask you where you heard about them. Please support our show and tell them that we sent you
910360	914100	No, it was it was again. It was military intelligence and
914600	920460	Scientists who were under contract and there were top-secret things going on. See people forget Nikola Tesla
920980	924820	Not the fake Tesla cars with a little toy battery plug in
925400	931640	No, I'm not talking about the fake Tesla. I'm going about Nikola Tesla. Uh-huh, you know as Einstein was asked
931640	935780	what's it like being a genius and he goes I wouldn't know you should ask
935780	942300	Nikola Tesla see I think that was the real genius I agree with you of the
942300	948180	20th century him in Townsend Brown and yes and Matt Faraday Maxwell they all
948180	952380	had stumbled across this electromagnetic effect mm-hmm so this is when I say we
952380	956840	have a hundred the lost century everyone go see this documentary it's a
956840	962820	a documentation of 100 years of lost technologies that are really advanced. And I don't mean the
962820	970360	crap out of Silicon Valley. It's just peripheral garbage. iPhones, all that stuff. That's not high
970360	978380	tech. None of it. So the really high tech stuff, they slammed into a box. Because it would liberate,
978460	985320	this is a libertarian's dream, it would liberate every home, every car, every factory, every
986840	989940	to energy independence, no pollution, and no poverty.
990220	994220	But then that undercuts this uber elite oligarchy,
994500	997340	the super powerful trillion dollar,
997500	999740	I'm not talking Elon Musk, couple hundred billion,
999900	1001280	nobody cares about $200 billion.
1001980	1004780	We're talking hundreds of trillions of dollars in assets.
1005160	1007580	Can I say where I might disagree with you?
1007700	1010360	I think we have these novel effects in the black
1010360	1012600	around Townsend Brown, electrogravitics,
1012680	1014600	things like that, extended electrodynamics.
1014600	1016800	And then I'm not so sure.
1016860	1023940	You might be right, but I'm not sure that we have scalable zero-point energy that could take out the grid.
1024160	1026620	Do you have high confidence that we have?
1026640	1029620	I have 100% knowledge of it, and absolutely.
1030000	1030420	Really?
1030820	1031940	Absolutely, we have it.
1031980	1032480	And you know what?
1032940	1044080	The CEO of a Fortune 50 company, I'm sorry, chairman, not CEO, who's retired now, has approached us last year.
1044600	1051140	As soon as he did, he had a wet works assassination team threaten to kill him and his entire family and grandchildren.
1051500	1051820	Wow.
1052020	1052740	So he's 80 now.
1052880	1054000	But he wants to come forward.
1054040	1061740	And the first thing he said is, we could have had free energy for the world, quote, decades and decades ago.
1062540	1063340	Absolutely true.
1063560	1065660	Is this company a defense prime?
1066340	1070700	I won't comment except it's a household name in the United States.
1070820	1071020	Wow.
1071280	1072520	And this is the former chairman.
1072820	1074040	And he came to you saying?
1074600	1075680	I want to get this out.
1075820	1078960	Yes, but of course, this is why we'll get to this in a little while.
1079260	1085220	Why some of the executive orders and things in Congress we've been working on provides ironclad protection,
1086140	1091900	not just legal, but physical, like federal martial protection or Secret Service,
1092780	1098020	to the HVT, high-value targets, very high-value whistleblowers.
1099240	1102380	Because we have several categories of whistleblowers.
1102380	1106780	I have 760-some whistleblowers that I've debriefed.
1107320	1111880	Some of them are at such a high level that they're in serious risk.
1112060	1116900	This is not a conspiracy theory of just being whacked, killed, and their families.
1117380	1120280	And we have to protect them.
1120460	1125180	So the president needs to sign an executive order, and the Congress needs to enshrine in law,
1125400	1129980	which they almost did in December of 23, a little over a year ago.
1129980	1134700	but that got gutted in the reconciliation of the National Defense Authorization Act
1134700	1138380	and the part of it that I had helped consult on for Senate Intelligence Committee
1138920	1141820	because I'd been in the skiff there and done things for them.
1142200	1147160	That got taken out and the reconciliation by some devils
1147160	1148960	who were in the House of Representatives.
1149080	1149860	We know who they are.
1150120	1151500	And one of them got removed.
1151700	1152100	Mike Turner.
1152600	1155600	He got removed because I blew the whistle on it.
1155640	1159660	I said, that guy out because here's the problem.
1159980	1164900	If you are carrying water for a criminal conspiracy,
1165100	1168700	a transnational corrupt organization, which is what this is,
1168820	1171900	that is committing murder, abductions,
1173580	1177740	alien abductions or covert human programs, by the way, 100%.
1177740	1180180	I mean, that's another big secret nobody knows.
1180960	1183780	Then you're also committing embezzlement of monies,
1183780	1185700	black budget money that's being embezzled,
1185740	1189180	that the president and Congress have no knowledge of.
1190160	1197360	you're murdering people. Take the whole federal penal code, throw it at these people. So where
1197360	1202520	I am at this point, because look, in June I'll be 70. So I've been doing this for one hell of a
1202520	1209280	long time, since I was 35. My view of it at this point is, we're going to have to get serious
1209780	1214380	against these criminal elements. But if you're carrying water for them, if you're one of their
1214380	1221200	shills or cut out, whether you're in Congress, the Senate, the public, or someone on your podcast,
1221720	1227820	they need to be arrested and tried for treason and sedition against the United States. I'm going
1227820	1233800	on the record and say that. And this is seriously being discussed. So I'm issuing this as a warning.
1234080	1239380	This chicanery and nonsense, one way or another, is going to come to a screeching halt. Because
1239380	1244280	there are people, not just me, I've been saying this for 30 years. You go back and see what I
1244380	1253100	saw in the meetings with the Clinton people back in 95, 93, 94, 95. I briefed the CIA director for
1253100	1259760	Clinton in December 13th of 93. Wow. So I mean, before probably you were born. But the point I'm
1259760	1266600	making is that this is a really huge problem. So even if you're a low-level operative, you're just
1266600	1273620	carrying water for this messaging, right? And disinforming the public or blocking bills. You are
1274380	1275440	of a criminal operation.
1275880	1278580	And RICO, Racketeering Influenced Corrupt Organization,
1279080	1282020	conspiracy, can be invoked and grab them all up.
1282300	1283260	Speaking of Clinton,
1283680	1287040	his Deputy Assistant Secretary of Defense for Intelligence,
1287260	1290660	Chris Mellon, has been responsible for pushing
1290660	1294040	a lot of disclosure post-2017,
1294360	1295400	this article with Leslie Kane,
1295680	1297180	these videos that have come out,
1297280	1300220	he and Lou Elizondo in the New York Times.
1300580	1302860	How do you square that with Paul Mellon
1304380	1309380	founders of the CIA. Because all three of the people you named are being told to tell part of
1309380	1316620	the truth. And the partial truth is actually more damaging than saying nothing. So if you tell people,
1316740	1322300	one, we don't know what these are. So all three of them say, so UAP, we don't know what they are.
1322400	1328000	Bull. Malarkey. We're in Texas. Cow pods. I mean, it's just nonsense.
1328000	1336860	sense. We know what they are. There are extraterrestrial vehicles, NHI vehicles. There are man-made
1336860	1341780	ones. That's the majority that are seen now. That's the biggest secret. And then there
1341780	1346360	are things that are extra-dimensional. They're not from another star system, from another
1346360	1351920	dimension. They're not craft. They're beings. All that gets put into a blender and confused
1351920	1352640	on purpose.
1352940	1353860	Are there any time travelers?
1353860	1357440	Well, time and space is fungible, right?
1357920	1359820	But I'm just, well, let's stay on this for a minute.
1359980	1366380	So if you're told, say this, but then misdirect the public on that,
1366980	1371020	let me tell you how great counterintelligence works.
1372200	1375860	You take truth, put it on the outside like a sweet coating.
1377620	1381540	Inside this nice little piece of candy is the poison pill.
1382200	1387220	So they'll come out and they'll say, these are real, but we don't know what they are,
1387280	1392620	we don't know how they fly. Big lie. Or they'll say they're a threat to the national security.
1393320	1397820	Well, the man-made ones are, because they're running by a transnational criminal organization
1398260	1400720	out of the control of the White House and the Congress.
1400920	1402980	What is that organization? Do we have a name for it?
1403000	1410820	Oh, it used to be called Majestic 12. The last good name I can pinpoint on a document
1411540	1419000	the 90s from the NRO, National Reconnaissance Office, was MAGIC, which is the Majority Joint
1419000	1421580	Intelligence Committee, or just MAGI.
1421780	1428060	And they're a global, they're a transnational organization that coincides with different
1428060	1434200	governments, national governments, but basically supersedes them, has power over them?
1434200	1434520	Yes.
1434580	1440460	I mean, it's what Senator Inouye, who is a Democrat, who is the chairman of the committee
1441540	1448400	Trump back in the 80s during the Reagan years. Hawaiian. And he said, now he's the one who said,
1448620	1455300	there exists a shadow or secret government that's above the U.S. government that has its own funding
1455300	1461140	mechanism, its own air force, its own navy, that's above the law and free from the law itself. I'm
1461140	1465880	almost quoting. You can look it up. It's in our archive. How do they stay coordinated in the world
1465880	1473520	of like smartphones and stuff where you know how did the regular guys at NSA don't have the level
1473520	1479340	to keep that organization out because they have technologies that penetrate time space
1480040	1486700	that go beyond electromagnetic conventional encryption so do you think you've met any members
1486700	1493220	of this majestic 12 or of course magic sure i have for sure for sure interesting and that's
1493220	1498080	why you know back in 92 yeah well I was on Patrick David show yeah weeks ago and
1498080	1503020	he said you know what kind of I said well in 92 General Stubblebine offered
1503020	1509320	me two billion dollars yeah to be part of his little cabal of goose-stepping
1509320	1513600	fools what did he said what it's so Stubblebine is what army counterintel he
1513600	1517580	was I think at one time he had been head of Army intelligence and Special Forces
1518080	1520260	and a whole career.
1520380	1524020	But his career dealing with UFOs goes back to the 60s.
1524060	1524320	Really?
1524640	1524860	Yes.
1525000	1525900	So when did stuff come on?
1525900	1528740	Because I had an intel source who had worked with him way back then.
1528980	1530300	Now remember, this is 1992.
1530880	1532900	So this is 33 years ago in May.
1533040	1533400	It's May.
1534460	1538040	And I bet David thought, there's no way that was a serious...
1538040	1538760	I said, oh yeah, it was.
1539760	1542220	Because he knew I could make a lot of trouble for them.
1543560	1545940	And that would have been a bargain, $2 billion,
1547580	1552940	Did they ever offer to show you a UFO so that you would stop talking?
1554220	1554620	No.
1554720	1560180	I mean, look, no amount of money or threats are going to get me to stop the mission I'm on.
1560260	1565860	That's to bring the truth out of this and let us start a real golden age where we have all these technologies.
1566840	1568520	We're a super advanced society.
1568900	1571140	Have you ever seen a UFO not in the air but in a hangar?
1571800	1573880	Oh, taken to one of those places?
1574400	1577060	I've been in places where they have, but I have not seen this.
1577580	1579560	But I have many, many whistleblowers.
1579600	1582020	See, one of my great gripes with the House Oversight Committee,
1582780	1585540	they have not had a single legitimate whistleblower up there
1585540	1587140	who's a direct firsthand person.
1588340	1593480	And I find it very, very odd because I've met and discussed this
1593480	1599860	with Grush and Luna and others, and I go, here's a hard drive, unredacted.
1599980	1601260	Well, you've spoken to David Grush?
1601820	1604080	Yeah, well, I met, okay, let's go back a little bit.
1604080	1608480	I met with Grush when he was still an undercover operative.
1608820	1609100	Okay.
1609280	1609980	And no one knew who he was.
1610280	1613680	His bosses were the ones I was providing intel to
1613680	1617260	that helped him and other people get to find what he found.
1617520	1618760	Who were his bosses?
1618980	1619980	I can't talk about that.
1620200	1621540	There were people in the...
1621540	1627660	Look, the Senate Intelligence Committee and Senate Armed Services had authorized
1627660	1631440	and a bill had been written to form AERO at the Pentagon
1631440	1638300	on and that have investigations on this so the bosses in charge of that at that level of intel
1638300	1645420	were the people who wanted him to go out and one of them set up this meeting between me and and
1645420	1651400	mr grush um and you like david grush do you feel like do you find him to be an honest actor oh yeah
1651400	1658700	he absolutely what he said about what he found but again he's second hand the my whistleblowers
1658700	1659420	or direct firsthand.
1659720	1662700	He has said that he's actually had firsthand knowledge
1662700	1664200	since getting that critique,
1664420	1666200	and I don't know exactly what that is.
1666540	1668200	Well, he's been pulled into some,
1668240	1670780	but the problem is he got attached to a gentleman
1670780	1674480	named Luis Elizondo who is mainly there
1674480	1676100	to provide partial truth.
1676740	1678420	And this is what I was talking about earlier.
1678600	1681120	So if you put out some information
1681120	1684180	and then attach the disinformation to it,
1684220	1685220	there's a threat.
1685760	1689080	We need to go to World War III in an alien battle.
1689840	1692660	We don't have these technologies ourselves.
1692760	1694160	We've never developed that advance.
1694580	1700600	When I have direct people who've worked on, built, and flown the man-made UFOs, right?
1700720	1703860	So these are your high-value target whistleblowers.
1703860	1708300	You have a whistleblower who's flown an alien reproduction vehicle, a UFO that we've...
1708300	1711600	Yes, and more importantly, the man who managed all the pilots.
1711900	1712480	Did he say anything?
1712480	1714200	He flew them out of Edwards Air Force Base.
1715220	1721160	is complex. Do you say what it was like to fly in a UFO? Well they're controlled from 1G. Wow. So in
1721160	1727500	other words they could be going 200,000 miles per hour, stop, make a turn, and now you're, if you
1727500	1732740	were in a conventional aircraft, even if it could go that fast, your brains would come out
1732740	1739360	through your nose. Oh yeah, G-forces would just splatter you, but they can control. So really what
1739360	1746260	what they are, they're moving in an electromagnetic field space-time bubble so that they can move
1746260	1749160	as if there's none of that gravitational effect.
1749520	1752240	Did he say he was feeling, like he would feel like he was going fast?
1752540	1756480	You can feel mostly like 1G or a little lighter.
1756760	1757200	Wow.
1757700	1761580	So yeah, you don't feel that centripetal force or centripetal, you know.
1761700	1763780	Aren't you worried you're going to hit something at that speed?
1763900	1765200	Like it's just so...
1765200	1767300	Well, if they do it right, they have.
1767300	1768640	They've had some terrible disasters.
1769840	1774240	I know two different people who've been on retrieval teams of the triangular ones.
1774840	1780000	So Northrop Grumman, my uncle, was on the team that designed the lunar module.
1780080	1780420	Really?
1780440	1781240	The first man on the moon.
1781340	1782000	Oh, that's amazing.
1782040	1783880	And his whole career was Northrop Grumman.
1784260	1789120	Now, this was not his portfolio, but he heard things, right, because he was a senior project
1789120	1789580	manager.
1790460	1795860	Eventually moved out from Long Island, Bethpage, where they actually designed and built the
1797300	1799520	with Neil Armstrong to California.
1799920	1801900	But this was not his.
1802020	1805100	Because those special projects, let's call them,
1805180	1807200	within Northrop Grumman and Lockheed Skunk Works
1807200	1810060	are hermetically sealed from their normal business
1810060	1814220	of jets and rockets and whatever, the normal stuff.
1814520	1816840	That's true of all these corporate contractors.
1817220	1820180	It has to be because I think about
1820180	1823860	Chinese eating our lunch in hypersonics right now.
1824020	1826480	So how is that possible and consistent
1827300	1828700	that we have hyper light drive ships,
1828900	1830000	you know, like those two things.
1830220	1832260	But so they just don't talk to each other?
1832320	1833760	You have these secret black programs.
1833820	1835100	They don't even know each other exists.
1836160	1837460	They don't know each other exists.
1837680	1840180	And so the problem with that little secrecy
1840180	1844040	that Eisenhower foretold is that that entity
1844040	1845560	can then take on a life its own
1846140	1848360	because of their technological capabilities,
1848920	1851080	but not only in energy and propulsion,
1851480	1853380	but in surveillance, right?
1853700	1855180	So we haven't talked about that yet.
1855180	1861560	And this is where you get into the really high end of psionics that Jake talks about
1861560	1863840	a little bit, that I've been talking about since 1990.
1865320	1870520	So the cheap end of it is the remote viewing programs that the CIA had, right?
1870760	1876620	That's the innate abilities and what Bob Monroe had with Hemisync, remote viewing.
1877620	1879580	What we do with CE5 contact.
1879580	1885620	But the high end of it's an electromagnetic trans-dimensional interface with consciousness
1885620	1887820	and mind and technology.
1888060	1890060	So do you think they have mind control techniques?
1890380	1894280	Today I want to share something that's become a game changer for me personally.
1894540	1895680	Qualia senolytic.
1895780	1897480	Have you ever heard about senolytics?
1898180	1902620	It's a revolutionary class of ingredients that researchers discovered less than a decade
1902620	1906780	ago and they're already being hailed as one of the biggest breakthroughs in promoting
1906780	1907700	healthy aging.
1909580	1916200	shines. As we age, our bodies accumulate what scientists call senescent cells, also known as
1916200	1922580	zombie cells. These cells just sit there, hogging resources and dragging down your energy, recovery,
1922800	1928100	and even mental clarity. Think of it like pruning a plant. You've got to remove the dead leaves to
1928100	1934200	get the rest to thrive. Since I started taking qualiacinalytic, I've felt a huge boost in energy
1934200	1939200	and productivity. I'm sharper, more focused, and genuinely feel like I've rolled the clock back.
1939580	1942780	And here's the kicker. You only need to take it two days a month.
1942920	1950700	This science-backed formula is non-GMO, vegan, and designed to work synergistically to help your body shed those zombie cells.
1951020	1955600	And with a 100-day money-back guarantee, there's zero risk in trying it out for yourself.
1955900	1960220	So resist aging at the cellular level and try Qualia Senolytic.
1960380	1968340	Go to qualialife.com slash jesse for up to 50% off and use code jesse at checkout for an additional 15% off.
1969580	1978720	qualia senolytic is also available at select gnc locations near you that's q-u-a-l-i-a life.com
1978720	1985400	slash jesse for an extra 15 off your purchase thanks so much to qualia for sponsoring today's
1985400	1991700	episode oh sure so then why aren't this because but i mean it it's not like you know it's not
1991700	1995720	like some science fiction you hit a button and someone becomes an automaton right i mean the
1995720	2001040	The automatons, like Jake talked about, Jake Barber talked about, who are these P3 operators,
2001200	2007620	go through a rigorous training program so they can become almost like a human-machine interface
2007620	2010880	between the people controlling them and the ET vehicles.
2012020	2014480	That's a very elaborate program.
2014860	2023600	But what I tell people is that in the mid to late 50s, I had met a man who invented kind of a headset, like he's wearing,
2024440	2030100	that would basically put you in a state in consciousness
2030100	2032760	so you could remote view distant places.
2033920	2034360	56.
2034960	2035400	Wow.
2035700	2036580	And he offered it to me.
2036620	2038360	I said, this is going to be too hot to handle.
2038800	2040500	It's dangerous enough what we're doing.
2040600	2042060	If I have that, I'm a dead man.
2043120	2045980	But the man was in his 80s by then.
2046360	2048920	That was 50s, 60s.
2049020	2050840	This would probably have been in 93 or 94.
2052240	2060540	all kinds of people started coming to me in the early 90s after we had four ET craft materialized
2060540	2065780	in the air in Florida near Pensacola yeah that my whole intention was simply to go out
2065780	2071480	and attempt to make peaceful contact with groups of people with the ETs but once the intelligence
2071480	2076660	community saw that we knew how to do that they came after me like a pack of rottweilers so yeah
2076660	2077720	Yeah, I want to tell that story.
2077900	2078700	Like how you got...
2078700	2079700	Nasty bit of business.
2079740	2084780	So you were an ER doctor, and then you just, did you just feel inspired to start going
2084780	2086440	out and doing CE5 protocols?
2086560	2088380	Or how did this, how did this all begin?
2089060	2090660	Oh, that's a very long story.
2092220	2092960	Excuse me.
2093020	2093540	Bless you.
2093800	2098200	Just so people know, I just had emergency surgery last night for a ruptured appendix.
2098340	2099680	Yeah, it's amazing that he's here.
2099860	2100600	It's true.
2101600	2103680	I mean, I'm an open book, folks.
2103760	2105280	But I mean, it was like, oh my God.
2106820	2111940	I go, this is bad, my assistant Raven, we go straight from Houston and drive to the
2111940	2114580	Texas University Hospital.
2114760	2115480	I can't believe it.
2115540	2119220	And a friend of a friend knew a doctor, a surgeon there who could like open me up and
2119220	2119900	do it.
2120140	2123660	But you know, it was, you know, I got home from the hospital.
2123720	2124880	You seem great to me.
2125060	2125440	Oh, well.
2126460	2128080	People say, you're a fucking machine.
2128660	2134740	Anyway, but, well, you know what I told Jay, I texted Jay before I got here.
2136040	2136400	Barbara?
2136660	2138980	Winston Churchill said, never, never, never give up.
2139280	2139840	Yeah, I love that.
2139840	2140600	So you just keep going.
2140940	2141300	Always.
2141780	2143620	But no, I've been a little woozy.
2144000	2145460	Hopefully I'm being coherent here.
2145480	2146580	No, you're being super coherent.
2146680	2146840	Okay.
2146920	2147100	Yeah.
2148060	2149360	That's why I'm having some matcha.
2149360	2150080	Yeah, there you go.
2150100	2150360	You're good.
2150480	2150980	You're on point.
2151240	2152980	So, okay, so the origin story.
2153240	2154360	So you're an ER doctor.
2154680	2155660	Well, I had a sighting first.
2155920	2156840	Okay, you had a sighting.
2156840	2157880	When I was eight or nine.
2158000	2158840	Wow, yeah, that's right.
2158840	2162900	And with a bunch of kids in the neighborhood of my twin sister in Charlotte, North Carolina,
2163100	2163740	where I grew up.
2163740	2170440	and uh because i did a chapel residency that so i'm a north carolina guy and um broad daylight
2170440	2180460	perfectly seamless disc about 1963 probably wow see three four around the time kennedy was killed
2180460	2186200	and i went wow that's a ufo a little kid now my parents thought we were just like making
2186200	2193000	stuff up right parents should believe their children when they see stuff anyway so um
2193740	2201460	So I ignited an interest that I had lifelong then my uncle I just mentioned was working on putting the first man on the moon
2202040	2206480	Which happened in 69 when I was 14. I just turned 14 and
2207100	2211340	So I was got very interested in all of that. Mm-hmm and then
2212640	2217980	When when I was 17, it was my last year high school. I got very sick
2217980	2219980	I had an injury and got infected.
2220700	2227040	And I grew up, people don't know this, in a shack, very poor, no heat, no air conditioning,
2227600	2229240	had a kerosene heater in the floor.
2230060	2232360	We were starving on the streets, literally.
2232820	2234160	We had all kinds of problems.
2234440	2239340	So I ended up getting on my own and had an apartment in high school.
2240520	2244500	I was tall and hairy, so everyone thought I was 20 when I was 16.
2245020	2245780	Hilarious story.
2245780	2252600	And so I washed pots and pans at a Red Lobster to get through high school and then would bicycle to school
2252600	2257020	But I got worn down and I got very sick. I had near-death experience
2257640	2264740	So my parents were didn't believe in God didn't believe in anything didn't believe in a soul didn't believe in an afterlife didn't believe in consciousness
2264740	2267960	Hmm, and then this I went well, they wrong
2268680	2270760	There's a whole new cosmos out here
2270760	2275280	so I had this amazing near-death experience which introduced me to
2275780	2277260	the whole science of consciousness.
2278620	2278660	Right?
2279440	2281540	So six months, so about a month later,
2281660	2282840	or a couple months later,
2283020	2285600	on my 18th birthday, I learned meditation.
2286700	2288640	Back in the day, now I'm dating myself,
2288800	2291540	1973, when the whole zeitgeist
2291540	2292820	was transcendental meditation
2292820	2294440	and the Maharishi and all that.
2294580	2296160	So I learned to meditate.
2297260	2299220	And I had these amazing experiences
2299220	2299980	in consciousness,
2300940	2302420	like cosmic consciousness,
2302580	2303460	beautiful experiences.
2303460	2306660	And that's where the near-death experience was,
2306800	2309080	well, thank you, God, that actually helped
2309080	2310380	get me on a path.
2311440	2314200	But six months later, October of 73,
2314900	2316960	I'm up in the mountains of North Carolina,
2317100	2319120	if you're in the Blue Ridge Mountains up near Boone,
2319260	2323080	and there's a, so I climbed up this mountain
2323080	2325080	up over 5,000 feet.
2326120	2329240	And I'm up there before sunset to meditate.
2330140	2337060	And I look up and that same craft, well it looked the same, I can't say it was the same one,
2337960	2344180	that I saw when I was a kid, when I was eight, now I'm 18, just turned 18, appears in the
2344180	2350380	afternoon sky, crystal clear October day. What did the craft look like? It was a disc, a seamless disc,
2351580	2357560	disc, not a thin disc, but like, you know, kind of that shape, and seamless, the sun
2357560	2363340	shining off of it, fully materialized, and then it didn't move off, it just disappeared.
2363520	2363640	Wow.
2364340	2367040	Because the interstellar ones could do it, they can be here and just boom.
2368820	2370120	So I went, oh, they're back.
2370280	2371660	I didn't think anything about it, right?
2371820	2372880	I said, oh, that's cool.
2373720	2374280	Another sighting.
2374880	2376140	so I sit to meditate
2376140	2377320	I go into deep meditation
2378120	2379540	and at the end of it
2379540	2381220	I come out of it
2381220	2382440	and it was very long
2382440	2383300	longer than I thought
2383300	2383880	it had gotten dark
2383880	2385300	so this was near sunset
2385300	2386920	when I saw the craft
2386920	2388660	and it's October 73
2389800	2392480	and it was kind of beautiful
2392480	2394200	because I looked up
2394200	2395360	and you could see
2395360	2397420	the whole Milky Way galaxy
2397420	2398580	it was crystal clear
2398580	2401100	and you're up over 5,000 feet
2401100	2401820	up in the Blue Ridge
2402820	2406200	and at that moment a beautiful thought came and said,
2407660	2410120	beware what a beautiful universe God has made.
2410880	2416060	And with that, I'd noticed over the rise of the top of the crest of the mountain where I was,
2416140	2419020	there was a fire tower I was sitting at the base of.
2419840	2421280	The locals called it a fire tower.
2421840	2424100	North Carolina, it's a fire tower, not a fire tower.
2424940	2426320	I looked, there was a glow,
2426320	2436120	and then there was this creature that came over and he she I don't know was
2437000	2443740	maybe about five feet tall beautiful deer like eyes came over and touched me
2443740	2450680	on my right shoulder and my at that time I had a long hair and a lot of hair and
2450680	2456240	my hair went boing and it just stuck out and then I boom sort of vanished on this
2456320	2462500	craft for about I thought it was 40 minutes or so or half hour to an hour
2462500	2467000	somewhere and it was like four hours Wow because time space is different and
2467000	2471180	that's where we sort of co-created invented the CE5 contact protocols
2471180	2476360	mmm so you kind of downloaded it from that experience yeah or I was it was it
2476360	2479640	was collaborative it was like me experiencing that state of consciousness
2479640	2487180	as a human in 1973, and them understanding humans from where they are, which is thousands of years
2487180	2493080	in the future. So it was this very, people say metaphysical, it wasn't, it was very physical,
2493780	2499860	and very real, but very, almost like a lucid dream. Because when you go into that state,
2500040	2506800	it's almost like a lucid interface between 3D and 4 and 5 and 6D. I mean, it's very
2506800	2509160	very abstract in a lot of ways.
2509380	2511700	Are there ancient versions of this protocol?
2512200	2512540	Oh, sure.
2512600	2512940	Okay.
2513180	2514100	Native peoples.
2514340	2516540	I think this is all such a revelation
2517060	2519380	to just the last few hundred years
2519380	2520700	since the scientific revolution
2520700	2523460	where we threw the science of consciousness
2523460	2525580	and spirituality out with the bathwater.
2525740	2526000	Right.
2526080	2526540	Right?
2526540	2528740	Because it fell into the Middle Ages
2528740	2529880	as a superstition
2529880	2531600	and then burning witches at the stake
2531600	2533100	and all that
2533100	2534800	that the scientific revolution said,
2534860	2535800	we don't want any part of that.
2536800	2540580	we're going to come into a time where the science of consciousness and this
2540580	2545240	understanding is going to merge and I and I know Jake Barber and others
2545240	2551700	understand this with other what we call science because it is a science and
2552220	2557240	that's what I discovered by studying the Vedas and the ancient Sanskrit from
2557240	2562180	India it's not Hinduism by the way predates Hinduism and Buddhism and so
2562180	2566620	that so after this experience don't they have flying saucers in the text as well
2566800	2569800	Oh, absolutely. The Bhagavad Gita and the ancient Vimamanas.
2569940	2574420	And these are thousands of years old. They predate Christ, Krishna. They predate all those.
2574680	2577020	And there's like spinning mercury at the center or something?
2577280	2578580	Well, that's maybe.
2578900	2584540	But definitely there were objects like that recorded thousands of years ago.
2584920	2588200	So I said, well, there's really nothing that new under the sun, right?
2589480	2594840	So at what point do all these intelligence and military people enter your life?
2596800	2603600	long history in ufology uh often debunking thing trying or attempting to do that's his job people
2603600	2609080	do what they're told to do okay okay look i mean if you're if you're someone on the payroll and
2609080	2613340	you're told you do this or we kill you or if you do it will make you very wealthy and comfortable
2613340	2618020	for the rest of your life yeah most people aren't going to do what i'm going to do is that why i
2618020	2625040	said sit on it and rotate to stumble by i'm sorry it'd be vulgar the two billion yeah do you have
2626800	2627360	Of course not.
2627400	2627980	Don't be naive.
2629360	2631000	I have witnesses, too.
2631080	2633320	I mean, he then went to my wife, tried to convince her.
2633420	2642080	But what I'm saying is that most people have a price in either blackmail, threats, or money, or position, or power.
2642660	2644260	Like, I've known a couple billionaires.
2644300	2648860	All they wanted to do was get access to the secret technologies and understand and see stuff.
2649440	2650480	Bigelow was one of those.
2650620	2655900	I knew him at the Rockefeller Ranch in 93, right, when Rockefeller hosted all these folks.
2656800	2657280	Rockefeller, right?
2657580	2657900	Yeah, yeah, yeah.
2657900	2660440	Did he fund some of your work as well?
2660440	2661300	Early on, he did.
2661380	2664520	And he got intercepted by some people on his team who were Knox,
2664900	2666500	non-official covers for the CIA.
2666860	2667880	It's so interesting, though.
2667940	2673000	You have Mellon, Rockefeller, like all these old families seem very interested in this sort of tech.
2673200	2674460	Not just interested, but involved.
2674720	2675280	Involved, okay.
2675640	2676000	No, no.
2676020	2679180	Lawrence was the philosopher king of the family.
2680100	2680480	David.
2680840	2682340	He seemed like a good guy, Lawrence.
2682360	2682620	Totally.
2682700	2682980	Yeah.
2683140	2684620	But he was surrounded by devils.
2684700	2686240	These people get so, they don't know it.
2686800	2691220	surrounded by these operatives. And it's like the expression, smile, smile and be a villain.
2691480	2693160	I've never heard that, but interesting.
2693540	2699340	In literature. Boy, we need to reinstitute education. Sorry.
2699600	2700340	Catch me up.
2700620	2706480	I know. I'm terrible. Imagine growing up, my four daughters. If I used a word they didn't know,
2706580	2708740	it's atavistic, I think. Go look it up.
2709100	2714880	I think we need more shaming around cultural illiteracy like I just displayed. So I appreciate
2716800	2723600	No, no, I'm just ribbing you. Don't take me too seriously about that, but you're a smart guy.
2724580	2734100	But it was quite clear that Lawrence had greatest intentions, but he also, he had said this to me,
2734780	2740560	his brother, David Rockefeller and Jay Rockefeller, who had been chairman of Senate Intelligence,
2740560	2744300	the Senator Rockefeller from West Virginia,
2745140	2746940	they were jumping up on his,
2747720	2749000	I'll tell you what he told me.
2749200	2751500	As you know, I'm always on the hunt for things
2751500	2754260	that help me stay sharp, focused, and full of energy
2754260	2756180	while I'm diving into life's mysteries
2756180	2757660	and making this show happen.
2757820	2758720	And I've got to say,
2758840	2761900	Mudwater has completely transformed my mornings.
2762160	2764000	Back in the day, I used to struggle
2764000	2765640	with that post-coffee crash.
2765940	2768440	And let's not even get into the caffeine jitters.
2768440	2772460	Mud water gave me the smooth, steady energy I was missing.
2772680	2777060	It's packed with functional mushrooms like lion's mane, chaga, and reishi,
2777160	2782460	plus turmeric and cacao all working together to keep me focused, calm, and grounded.
2782680	2786300	Honestly, it's like coffee went on a yoga retreat and came back zen.
2786580	2789880	What I love most is that it's not just about replacing coffee.
2790040	2791600	It's a whole new ritual.
2791780	2794620	It's a simple, nourishing way to start the day,
2794740	2797520	and I actually look forward to it every morning.
2798440	2804160	The ingredient is USDA certified organic, vegan, non-GMO, and there's zero sugar.
2804400	2809520	It's energy that doesn't mess with your sleep or make you question your life choices at 3 a.m.
2809520	2811560	Ready to make the switch to cleaner energy?
2811860	2819020	Head to mudwater.com, that's M-U-D-W-T-R dot com, and grab your starter kit today.
2819340	2825060	Right now, our listeners get an exclusive deal up to 43% off your entire order,
2825060	2830100	Plus free shipping and a free rechargeable frother when you use code JESSE.
2830220	2836940	That's right, up to 43% off with code JESSE at M-U-D-W-T-R dot com.
2837180	2839820	After your purchase, they'll ask you how you found them.
2840000	2843460	Please show your support and let them know we sent you.
2843540	2847240	Keep your energy natural and refreshing all year long with Mudwater.
2847420	2851280	Because life's too short for anything less than clean, delicious energy.
2851700	2854440	Late one night, we go out on the deck of the ranch.
2855060	2855820	The J.Y. Ranch.
2856060	2856500	Yeah, yeah, yeah.
2856680	2858560	And the Rockefeller Ranch and the Tetons.
2858900	2863180	Because the Rockefellers owned the Tetons, the whole ranch, and gave it to the U.S. government.
2863820	2865860	And then they kept out this beautiful ranch.
2866120	2870980	And that's where the Clintons would go in the summer for vacation to learn about this.
2871100	2877200	But the ranch had this beautiful cabin on it, lodge.
2877780	2879940	And we were late one night out on the deck.
2880180	2884080	And he said, I asked him, I said, look.
2885060	2893320	this is September of 93. And remember, I'm very new to this, but I got pulled in very quickly
2893320	2897060	after the intelligence community realized that we could make contact.
2899140	2905120	But there were people who were friendly to this. So you have the white hats and the black hats,
2905180	2912440	let's say. There were people who wanted this to get fixed, and people who never wanted this to
2912440	2918360	come out right so the ones who don't or implacable enemies the ones that do try
2918360	2922780	to help whether they're doing it overtly or covertly Lawrence was trying to help
2922780	2929520	he was trying to help but his his nephew the senator Jay Rockefeller and his
2929520	2933940	brother chase minute chairman of Chase Manhattan David Rock yeah which became
2933940	2938420	yet David yeah they didn't want that he said they are already jumping up and
2938420	2945440	down on my nuts that's what he said for even having this meeting with you yeah so i said no
2945440	2951140	yeah so because i'd asked him i said we need help yeah and you can help us so you feel like he got
2951140	2957240	kind of stymied by his family family and later by people on his team that portrayed him because he
2957240	2962940	was funding john mack as well right yes that was part of the betrayal and he i think he was he was
2962940	2966260	has moved his funds over into people who meant well,
2966380	2967000	like John Mack.
2967140	2968680	I knew John Mack pretty well.
2969240	2970420	Did he like John Mack?
2970520	2972740	Did he find him to be an honest actor?
2973240	2975780	He was doing the best he could with what he knew.
2975980	2976020	Yeah.
2977760	2978900	He's kind of a hero of mine.
2978940	2979560	I think he's great.
2979860	2983140	No, but if you're working with only two cards
2983140	2985780	out of a 52-card deck.
2985980	2986260	Yeah.
2986420	2988720	So he had two cards out of the 52 cards.
2988900	2990020	For the audience, John Mack,
2990140	2991680	head of the Harvard Psychiatry Department.
2992940	2994720	work with the abductions and stuff.
2994800	2995080	Exactly.
2995180	2999420	Childhood friend of Bud Hopkins who got into all these, started regressing people.
3000040	3004440	But what they didn't know, every one of those cases that were being funneled to him were
3005180	3006380	all done by humans.
3006780	3007960	None of them were ex-oppressionists.
3007960	3012360	I want to get into this with you because you've said, so one of the most famous cases, abduction
3012360	3018060	cases in US history that I think the Obama's production team is now making a show on for
3018060	3021620	Netflix or a movie on is the Betty and Barney Hill case of 1961.
3022940	3028140	say that that was perpetrated by humans and not aliens? Well it very likely was
3028140	3033580	but only because the mechanism how it happened would not be consistent with
3033580	3038560	interstellar trans-dimensional technologies. We also know that by that
3038560	3042440	date I think when that 61 or something like that we already had fully
3042440	3048900	operational man-made electro-gravitic craft with people who were made to look
3048900	3055200	look like aliens and stage, what's called stagecraft, doing this. Now, John Mack didn't
3055200	3056840	know that, but Hopkins didn't know that.
3056900	3057880	You think we could do that in 61?
3058780	3060320	We absolutely could have.
3060440	3060740	Really?
3060740	3065460	So what I'm saying is, here's what I'm trying to say. I want to be very clear on this. I'm
3065460	3070120	not saying no one's had contact with ETs. I did. I wouldn't be here if I hadn't had
3070120	3077780	that contact. Jake had that consciousness contact with the egg he picked up. Profound.
3080060	3080900	in 73.
3082040	3083380	But, and it was beautiful.
3083680	3085580	And these civilizations are completely,
3086760	3088120	not only are they benign,
3088200	3090620	they'd be closer to an angel than a demon.
3091720	3092140	But...
3092140	3093540	That's what some of your critics say,
3093620	3096600	is you summon stuff and it can be not always good.
3097240	3099340	Oh, well, I mean, those are the religious nuts
3099340	3101140	that are like, you know,
3101180	3103720	end-of-the-world eschatology fanatics.
3103820	3104800	But there have to be some bad.
3105280	3106620	Like, just like us, right?
3106780	3107280	Oh, yeah.
3108900	3110240	not allowed out of their solar system.
3110600	3111360	You think so?
3111420	3112100	Oh, I know that.
3112400	3113240	So you think that's like...
3113240	3120240	I know what the protocols are for, let's say, real space command, not the U.S. space command.
3120240	3124320	Do you believe in anything demonic in that world, in the world of the E.T. thing?
3124320	3128920	See, now you just mixed up two of the three categories that I elucidated.
3129360	3134000	There are extraterrestrial vehicles, there are NHI craft, there are man-made lookalikes
3134000	3138600	and facsimiles, and there are things from other dimensions that are really nasty.
3138900	3141220	that are not extraterrestrial.
3141580	3146500	But they're being deliberately conflated by people like Jim Simivan
3147920	3151140	and Elizondo and others to gaslight people in Congress.
3151280	3153200	But wouldn't Jacques Vallée have said that to you?
3153500	3156700	No, because in the 80s he got taken in by that organization.
3157180	3159780	You think Jacques Vallée is co-opted by him?
3160240	3160980	He absolutely did get it.
3161000	3161200	Really?
3161400	3162260	A hundred percent, we know.
3162580	3164660	Know who did it, how they did it, what he got.
3165040	3166100	Can you say anything more?
3166300	3167140	No, I won't.
3168900	3177280	not going to tolerate people who spread knowingly or unknowingly disinformation that could lead
3177280	3180860	to an interplanetary war and the termination of life on Earth.
3181020	3181460	Well, that would be a bummer.
3181460	3182540	That's what that agenda is.
3182600	3183160	Don't be naive.
3183560	3190360	How do you get the minds and hearts of people to unite against some totalitarian global
3190360	3197200	threat unless they've been brainwashed for decades with abductions and mutilations and
3198920	3203940	these that's what that is it's it's a cia psychological warfare operation i don't get
3203940	3208860	that vibe from jacques valet though i think he's a little deeper as far he's much deeper now yeah
3208860	3216620	no he's he's completely come out of that okay but back in the day uh-huh like i astronaut edgar
3216620	3224580	mitchell uh-huh invited me to uh brief the board of noetic sciences back years ago yeah and jacques
3224580	3227160	Dr. Olay and I were there for this weekend, this retreat.
3229020	3230940	Eventually, Claiborne Pell, Senator Pell came.
3231580	3232320	That's really interesting.
3232340	3235840	Claiborne Pell is, you know, a senator who is Biden's closest mentor.
3236100	3241540	And he was part, and Claiborne Pell, I found out later after he died, was part of this cabal.
3241760	3243440	Well, he was interested in all this stuff.
3243460	3245820	Yes, but he was also carrying water for that organization.
3246300	3246700	Interesting.
3246940	3247320	Yeah.
3247380	3250380	So now, look, I mean, this has been a 35-year thing.
3250380	3251960	When you say that organization, is that MAGIC?
3252320	3254140	Yes, that's COBR Transnational.
3254580	3257760	thing that we gave you the graphic for you guys can show to the public.
3257900	3262220	Well it is interesting what was rumored so the MJ-12 documents came out from 84
3262220	3269320	it was a string of documents 84 into the 90s and in the majestic 12 was a guy
3269320	3273400	named Detlev Bronk and Detlev Bronk was I believe president of the Rockefeller
3273400	3279700	Foundation for a little bit. Yes look all the big industrialists so first of all
3279700	3283300	let's ratchet this back a little bit. Yeah sure. What the definition of
3284580	3287440	Nowadays, if someone disagrees with you, you're a fascist.
3287940	3289060	Everyone's a Nazi.
3289080	3289960	Everyone's a fascist.
3289960	3290200	Right, right.
3291020	3292800	Let's put that aside.
3293900	3301520	The actual definition of fascism is very powerful industrial corporate interest taking over
3301520	3307400	and overly influencing the government or we the people and corrupting it or moving it
3307400	3312840	in the direction so that the government is serving the interests of those large oligarch
3312840	3313840	corporate interests.
3314580	3321760	So in the industrial revolution and era, it would have been that crowd, JP, Morgan, Rockefeller.
3321880	3324120	Now it's the big tech companies and others.
3324460	3325880	We know how it works.
3326320	3337660	I have a guy who's with NSA who was in meetings with some of the senior C-suite people at a major tech and telecommunications company sort of colluding.
3337900	3339760	Well, we know from Snowden.
3339900	3341500	Completely illegal stuff.
3341700	3343580	We know from Snowden they had back doors.
3344580	3349260	run in prism and I don't think this was done unbeknownst to Google and Apple and
3349260	3354260	so we know it was with her cooperation yeah all right but it reaches a point
3354260	3360260	where it also becomes collusion between the element within what is being called
3360260	3366480	the deep state which is a misnomer in a way but let's just call it that and
3366480	3370740	these corporate interests because they they have an interest in not letting the
3370740	3377220	public know the truth because the truth leads inexorably to the release of the tech that's
3377220	3384080	going to terminate oil, gas, coal, nuclear, wind, solar, hydroelectric, all of it.
3384240	3385420	What do you think of Bob Lazar?
3385840	3390880	So Bob Lazar, obviously famous UFO whistleblower, claimed to be at S4, a special compartment
3390880	3392840	of Area 51 in 1987.
3393660	3399400	Some files get put on George Knapp's desk from this CIA cargo pilot named John Lear
3400740	3406200	Bob Lazar and you know he's been reverse engineering craft and the craft looks
3406200	3410600	like Billy Meyers sports model it's this you know UFO do you think Bob Lazar is
3410600	3416180	legit and actually worked at Area 51 on reverse engineering craft? You know I have had no one corroborate
3416180	3426280	that so if you look follow what I do if I have information on the UFOs interest
3426280	3431760	in our nuclear programs, I'll have half a dozen, a dozen guys who don't know each
3431760	3439340	other, who have not colluded or synced up their stories to confirm that. I've not
3439340	3443720	had anyone confirm his presence there at that time and what he actually saw.
3444260	3451200	Now I think he probably saw something. He was there a short time. So what he
3451200	3457240	might have been provided was part information and part disinformation and a controlled leak
3457240	3459040	happened to gaslight.
3459280	3463620	Okay, so let me explain how very sophisticated counterintelligence works.
3464040	3467500	Again, you have information, that's the sweet candy on the outside.
3468300	3473620	But then, quite unwittingly, I think he could have been given some false information because
3473620	3478840	things were beginning to come out and they wanted to gaslight people off the path.
3479080	3479660	He admits that.
3481200	3485500	forced to drink a liquid yeah and then he was given information that looked like the same
3485500	3491340	information rick dodie gave linda moulton howe and paul benowitz in 79 happens all the time yeah
3491340	3495400	happens all the time interesting yeah so you think like that's what's so tough about this
3495400	3501520	topic is there's always disinfo riddled in the info and then you but that's been that's been my
3501520	3508260	job uh-huh is to pull that together i call it the disclosure matrix or the disclosure mosaic
3508260	3514460	The mosaic is, you want to create an accurate picture, and you have to get a thousand billion
3515100	3516860	pieces and put it together.
3517080	3518180	It's so hard to talk about.
3518280	3523840	Because even bringing up the Majestic 12, that's seen as a joke.
3524020	3527900	But then you could say, oh, maybe James Jesus Angleton, who's running counterintel for the
3527900	3530420	program for decades, actually kind of pushed this.
3530600	3535160	And there were elements of falsifiable things sprinkled in to some truth.
3535180	3535480	There are.
3536020	3536800	That's what I think.
3538260	3541420	And then you say it, but it has this like jokey connotation.
3541520	3542920	MJ-12, like come on.
3542980	3544940	MJ-12, you know, it's a great tactic.
3545500	3550900	But look, that whole operation, everyone says military intelligence is an oxymoron.
3551600	3552420	It isn't.
3552440	3559120	I mean, there are some incredibly brilliant people, particularly in these ops, I ops, dealing with this.
3559260	3560140	What's your process?
3560480	3561620	And they're very, very slick.
3561840	3562160	Yeah.
3562160	3562800	And they're very good.
3562920	3563800	How do you know?
3563800	3571560	So like somebody, you know, like Randy Anderson, who I've interviewed, who, you know, said he was taken down to an underground facility.
3571780	3573840	Yeah, I'm at Crane, Indiana.
3573840	3576100	And he, again, came to you first.
3576180	3580420	And so I want to, you should be given a lot of credit for all these whistleblowers who were coming out.
3581500	3584940	Or Jake Barber, who said he was red teaming you initially.
3585100	3586900	He came to kind of infiltrate your camp.
3586900	3593600	how do you verify that somebody is you know actually has your best interest at heart and
3593600	3599940	is being truthful to you because for me it on just being very real often it's like i think i've
3599940	3605860	gotten certain things wrong and i think i just try to you know uh suss out people's energy but
3605860	3610420	then also obviously look for as much cross corroboration that isn't correlated with the
3610420	3615640	source but like i have to have you know a certain percentage of humility where it's like i've
3616900	3622120	for. Oh sure, absolutely. You feel the same way? Look, the 1997 briefings we did for
3622120	3628140	Congress off-site at the Westin Hotel, we had somebody made it very far into
3628140	3637460	that process who, and thank God, my military advisor and I think it
3637460	3641660	was Edgar Mitchell and one of my other whistleblowers were at the bar with this
3641660	3646500	guy late one night, the night before we had the meeting for Congress, and the day
3646900	3651760	We had had a gathering so all these whistleblowers could get to know each other create an esprit de corps
3652200	3655960	You know kind of make them feel safe because they're all doing it together
3655960	3658720	because it's scary and
3660380	3666600	This this guy that we thought was legit started prattling on with some absolutely provable false information and
3667200	3668720	Some of his information was true
3668720	3674520	But he was going to fold in and embellish it and the things that were false and I got a knock on the door
3674520	3680820	at 3 a.m. and said, this guy is putting in stuff that we absolutely know is
3680820	3685260	fault. I said, ask him to go home. So I pulled him out of the meeting. So the
3685260	3688820	guy hates my guts, right? Because this is going to be his thing to stand up
3688820	3693580	from. I mean, Dan Burton, who was chairman of oversight committee for the
3693580	3697840	House, who issued a thousand subpoenas for Bill Clinton, right? During the
3697840	3704300	Monica Lewinsky and all that nonsense. So I said, no, he's out. So look, yes, of
3704520	3712320	I mean, I'm one man, but and I have mostly a volunteer team the high place that Wells Place people
3712840	3717760	But yeah, I mean I have I've been gaslit and deceived and betrayed and mm-hmm
3718300	3721920	Ultimately, it's like what is in the by you shall know them by their deeds? Mm-hmm
3721920	3728920	But what do they do eventually someone's gonna show their ass right and then they're out, you know, and for me
3728920	3729760	I know it sounds
3730420	3730900	rough
3730900	3733220	You get one bite at that apple.
3733460	3739420	Because what we're dealing with at the level of, say, a president or Congress or the public
3739420	3745800	information is that this is too important a matter to allow someone who's in there sort
3745800	3746740	of telling half truths.
3746980	3752560	This is why I will immediately separate with someone who commingles known false information
3752560	3753880	with information.
3754400	3757740	Now, if they do it unwittingly, it's OK as long as they correct it.
3757740	3762700	If they're doing it deliberately, like Luis Elizondo, it's a bridge too far.
3763060	3766520	Now, I'll forgive anything if someone comes clean, right?
3766580	3771560	What's the daylight between you and Luis Elizondo as far as the substance you are?
3771660	3773280	Because, I mean, I think you're putting out more.
3773280	3775800	You keep interrupting me, but I will tell you if you'll let me finish.
3775920	3776200	Yeah, sure.
3776620	3781980	Number one, he tells people and has told people consistently, we don't know what these are.
3782140	3784220	Now he's changed that a little because he has to.
3784620	3786920	Then he said they're a threat to the national security.
3787740	3791100	implication being the NHI, non-human, are a threat.
3791720	3798900	Which, if that's the case, then we're going to go to World War III in a Star Wars fiasco.
3799160	3800800	And it's a complete false narrative.
3800800	3802380	He's kind of walked that back, though.
3802540	3805380	Well, he has to, because we're done with that.
3805940	3809940	And then he would also say, we don't have anything that flies like that.
3810340	3815920	So when David Fravor and I first spoke, who is the F-18 Hornet pilot,
3817740	3824480	It was a serendipitous meeting because there's a band called Godsmack that's a heavy metal band.
3824700	3827520	And the lead guy, Sully Arna, is a friend of mine.
3827820	3831400	And it turned out he lived across the road from David Fravor.
3831940	3835220	Because his daughter had backed into his mailbox and broke it.
3835300	3836900	And he went, oh, it's David Fravor.
3837280	3838080	Really funny.
3838140	3839780	The universe works in strange ways.
3839820	3841720	That is a crazy synchronicity.
3841920	3847280	So Sully Arna calls me up and says, this Godsmack lead singer guy.
3847740	3849220	And I go, really?
3849460	3850000	He's your neighbor?
3850220	3851280	Well, get him on the horn.
3851340	3851720	Let's talk.
3851900	3853280	This is some years ago.
3853540	3857020	And David goes, oh, yeah, that was, you know, it had to be alien.
3857420	3861160	I said, sir, with all due respect, that was how the Lockheed Skunk works.
3862140	3862580	Really?
3862720	3863760	That made the craft?
3864240	3864600	Yeah.
3864640	3865640	That was one of ours.
3866180	3867860	And he is now.
3868320	3869920	Because Fravor wouldn't say that now.
3870660	3872220	Oh, he did say so recently.
3872440	3873180	But in front of Congress.
3873880	3875640	Well, he's been told since then.
3875680	3876080	He's corrected.
3878120	3879980	that came out of the Lockheed Skunk Works.
3880080	3880740	It's one of ours.
3881160	3883140	It was something that they did on purpose
3883140	3886260	to see this global organization
3886260	3888120	to see how our military would react.
3888580	3892080	So you think that Tic Tac was Lockheed Skunk Works?
3892280	3892380	Wow.
3892560	3894180	In the book we're going to give you,
3894220	3899860	there's a very good account of it from 1967 over Pennsylvania.
3900200	3903040	And we have a whistleblower who saw it being offloaded
3903040	3908400	out of a big ship out of the, in 1991, I believe.
3908720	3909800	So yeah, that's ours.
3910160	3916600	And then later, very recently, a Lockheed executive admitted to David Fravor that was theirs.
3916840	3917220	Really?
3917260	3918060	But I knew that.
3918180	3920900	From the first time I saw it, I said, it was all we were seeing.
3920940	3922920	And then I go, that's not extraterrestrial.
3923500	3924100	That's one of ours.
3924280	3927220	But David Fravor feels pretty no-nonsense to me.
3927280	3929080	Do you think he's knowingly lying?
3929080	3930720	No, he is a totally straight-up guy.
3930980	3931200	Yeah.
3933040	3935240	if you'll let me and just stay with me for a minute.
3935800	3939460	If you're a pilot flying jets,
3940260	3942600	which are circa 30s, 40s, 50s,
3943260	3946300	or a guy doing stuff with rockets like Mr. Musk,
3946560	3949280	which is circa 1940s, right?
3949420	3951820	The V2, that's Wernher von Braun.
3952340	3955620	So a rocket, they're fancier now and better computers.
3956120	3958540	The technology is very old.
3958600	3960480	It's a Roman candle, a Chinese candle.
3960480	3967260	going up and blowing up periodically. So this is primitive junk. I mean it's all junk.
3967440	3971400	So it is compared to what we have out in these covert programs.
3971640	3976740	So you have no foundation to have been read in.
3977520	3982940	If you're a F-18 pilot, why would you be read into something the President of the United States isn't read into?
3982940	3991020	too. And so the same is true if you're working for an aerospace company, but you're working on
3991020	3999260	the conventional end of it. So they're saying the truth as they know it. And here's the danger. I
3999260	4004800	want to get to this big key point. If you don't know there are three major things going on,
4006020	4011600	ET, man-made, and this weird stranger thing, sort of extra-dimensional spooky stuff,
4012940	4019360	deliberately being commingled to obfuscate, hide the truth, you're going to get it wrong.
4020300	4026600	So that is the core of how the psychological warfare operations work. Because most people,
4027400	4032960	and this is from whether you're the president or the king of England, you're not going to know
4032960	4039020	enough unless you've done a huge deep dive into this, which has been my task to try to unravel
4039020	4043760	this mess because when I started out I thought everything that went bump in the night was alien
4043760	4044440	I did
4045120	4049780	90 you know early on and it wasn't till I started having people come forward who said oh
4049780	4054680	We piloted these and then I had guys come forward who had actually been on the abduction squad
4055120	4060620	Well, it looked like aliens. Whoa, and they said oh, you know people who like committed those crimes
4060620	4066040	Yeah, and they feel terrible later in life. So if they were very young they were young guys doing it
4066940	4069500	Now they're like 70, 80 years old.
4069560	4072200	They feel terrible about what they did, and they regret it.
4072380	4076280	But they said, if we talk about this publicly, they will absolutely kill us.
4076480	4078160	Because that's the heart of the secrecy.
4078160	4081420	It's the mind control stuff, the sort of psychological world.
4081500	4084460	They want everyone to believe there's a threat from out there.
4084560	4090340	Because the card they want to play that Wernher von Braun warned about on his deathbed to my friend Carol Rosen was
4090340	4095860	they want to create an alien threat to unite the world in this sort of dystopian, not a golden age,
4096040	4099660	but a dark age of militaristic totalitarianism.
4099780	4102900	So if Lou and his guys move in that direction,
4103100	4104300	I've got to call it out.
4104720	4106920	And people say, well, you're not very friendly.
4107060	4107460	I said, no.
4107680	4110180	I said, we've got to protect the human future.
4110760	4112460	I mean, where are we going to end up?
4112920	4114640	Where's the end of this algorithm going?
4115300	4117700	You run this algorithm like they're doing it.
4117780	4119780	Oh, we don't have any craft like that
4119780	4123240	because they don't want the National Military Command structure
4123760	4125420	to know that something they encounter,
4126040	4130940	Mr. Fravor did, was ours. And therefore, they'll say, oh, it's alien. Oh, therefore, we're going
4130940	4138700	to engage in this war. This is how you start wars. This is how you get in disasters, like after 9-11
4138700	4143380	when we went into Iraq, and Saddam Hussein had nothing to do with that, and he didn't have the
4143380	4148500	weapons of mass destruction. This is how you connect the next big war. This is what happened
4148500	4153640	with COVID. They took a dangerous virus, it got loose, and then they shut the world down, even
4153640	4155560	even though the World Health Organization admits now,
4155740	4157500	that was a big public health mistake.
4157840	4164200	So the problem becomes this being mishandled by this president and Congress,
4164320	4166120	because this is all going to come out in the next year or two,
4166760	4170500	will be a thousand times worse than the mishandling of COVID or 9-11.
4170860	4176900	So we're out of time to get the information out in a truthful way,
4177100	4182780	but a truth that can lead to a future that is a golden era of peace,
4184080	4190820	a pristine planet that gets fixed, the end of poverty, and peace here and in space.
4191180	4194540	You cannot have peace on Earth and engage in war in space.
4195180	4196140	I would hope.
4196860	4197420	Agreed.
4197440	4198520	Well, I would hope.
4198520	4199780	But that's, stop.
4200180	4202540	But the people that you're talking about,
4203440	4208580	it's the inescapable conclusion of what they're saying opens the pathway to that.
4209200	4214640	this see protecting the human future and consciousness of what kind of world
4214640	4218920	we're gonna have that's actually my central mission it's not the disclosure
4218920	4223620	project I would hope that if David Fravor got told by Lockheed exec hey
4223620	4227120	this is one of ours he would come clean about my assistant can look it up I
4227120	4231380	think it did come out somewhere okay interesting but that yeah that makes me
4232300	4236500	disappointed in Fravor if that happened because I love for him to no no he's
4236500	4237560	Update his view.
4237820	4238160	No, wait.
4238300	4239160	See, that's wrong.
4239440	4239740	Okay.
4239960	4241040	Don't be impetuous.
4242220	4243440	I'm trying not to be.
4243480	4244280	Don't be impetuous.
4244880	4249500	You have people who speak the truth as they know it.
4250240	4250720	Right?
4251340	4252880	But they're only given...
4252880	4254300	So he didn't trust the Lockheed executive?
4254560	4256760	He's hearing other sources telling him other things?
4256760	4256900	No, no.
4257000	4258000	I'm saying before that.
4258060	4259920	His comments, what he said.
4260160	4262920	But I would hope that he'd then correct the record.
4263060	4263920	He'd then say...
4263920	4265280	I think he probably has by now.
4265520	4266220	Oh, interesting.
4266500	4267940	But I think he has.
4268000	4269240	I mean, he's a stand-up guy.
4269780	4270920	Seems like it to me.
4270960	4271120	Yeah.
4271120	4279560	And the problem is many of these people who are great guys get intercepted by people who are slick counterintelligence operatives.
4280000	4282700	Anybody else you think is a bad actor?
4283200	4284260	Look, it doesn't matter.
4286280	4288460	For your audience, keep it simple.
4289040	4296080	If they're denying that we have these objects, they're either uninformed or they're disinforming you.
4296500	4304300	deliberately. If they say there's a threat from these objects that are not ours, now
4304300	4308600	the ones that are man-made, huge threat to national security because they're not under
4308600	4315800	the control of the U.S. military, legal military or White House or Congress. Very dangerous.
4316420	4322820	If they say that the aliens are here for some malevolent purpose, there may be things from
4322820	4324520	from other dimensions that are quite malevolent,
4324580	4327600	and those deliberately get mixed in with the aliens.
4327980	4331260	But no, they're not, because if they were,
4333000	4334800	it's like what Congressman Burchett said,
4334940	4338280	we'd be a charcoal briquette floating through space.
4338820	4340280	Because visualize for a moment,
4341420	4343860	take what Jake said about,
4344140	4346460	because he's been on your show, I'll reference him.
4347200	4348980	So he's been a site where we've targeted
4349980	4351880	these ET craft and downed them.
4353140	4358180	Now, I know I've been at multiple sites where this is going on, and I know where they are
4358180	4359060	around the world.
4359160	4361040	They're in the briefing document I gave you.
4361560	4362400	It's a map.
4363420	4366460	Now they have electromagnetic pulse weapons.
4366840	4372840	So an electromagnetic pulse is like when you explode an atomic bomb, right?
4373400	4377280	And there's that pulse that goes out that can knock out your whole electric grid.
4377380	4378360	The nuke without the nuke.
4378560	4381160	But we have taken the nuke without the nuke.
4382820	4388500	is something called a scalar signal. Scalar, Tesla described it, it's basically
4388500	4395320	instead of electromagnetic, is a waveform like this, right? And coherent light is a
4395320	4401260	laser. We sync up the wavelength instead of it being, you know, waves like this,
4401320	4409160	like on an oscilloscope. A scalar is a point that goes out longitudinally faster
4409160	4418760	from the speed of light. So there is a scalar part within the EMP signal that is very disruptive
4418760	4423780	to interstellar communications and travel. This is why, after we detonated the first
4423780	4431920	atomic bomb, the ETs came in on force, en masse. Because it not only signaled that we
4431920	4435800	were in trouble, that we could go to a point where we could destroy all life on Earth,
4435800	4442240	but they also it disrupted their systems do you think reagan's star wars the strategic defense
4442240	4448200	initiative had anything to do with ufo crash retrievals oh sure it was just a front it was
4448200	4453660	a black budget front so the the whole star wars thing and brilliant pebbles was just an expensive
4453660	4458620	boondoggle most of the money for that went into these black projects wow illegal black projects
4459180	4465100	we'll get into that in a minute so but what i'm saying here is that these technologies
4465800	4470140	have been operational since the late 40s.
4471500	4476300	So don't, see, everyone's fighting the last war.
4476800	4480440	We figured out, I mean, Tesla, T. Townsend Brown,
4480620	4482860	20s, 30s, 40s.
4482860	4485720	I mean, Tesla was killed in 43, right?
4486340	4489280	But so there were massive breakthroughs
4489280	4491540	in electromagnetism and things that are,
4491560	4493220	to this day, still covert.
4493220	4500260	those began to be weaponized and they realized hey there are these craft that are from here let's get
4500260	4510340	see if we can knock some down yeah and reverse engineer them the problem is doing so is an act
4510340	4516920	of war because we're targeting them now civilizations that are 10 to the 6th to 10 to the
4516920	4521420	the eighth years more advanced than we are, 100,000 to 10 million years more advanced.
4522460	4530800	If they were hostile, we would have been done. August 1945, over folks, hey kids, you're done,
4530840	4537320	right? They're not. I know this from having had contact and everyone I know who's been on a crash
4537320	4542080	retrieval team like Jake, who's had a close encounter with the consciousness of those beings,
4543020	4549160	they're not well the bad the bad ones might not want to destroy us they might want to enslave us
4549160	4554480	or oh you're so brainwashed i'm just saying i'm just hypothesizing i don't know you read
4554480	4559640	you look at too much nonsense man i mean look if they none of that that could be done with a
4559640	4565460	flick of a switch if they wanted to turn this planet into a automaton planet or whatever i mean
4565460	4570680	what do you think you know i mean the technologies are so advanced you know this this book is amazing
4572080	4576760	I recommend everybody read it and buy it because it's a treasure trove of excellent documentation
4577800	4578180	across decades.
4578620	4582740	One guy in this book is a really interesting fellow named Bob Beckwith.
4582960	4588600	And Bob Beckwith wrote about levitation, teleportation, and time travel.
4588860	4592600	And he also claimed to be involved with the Philadelphia Experiment in 1942.
4593100	4593540	I knew him.
4593940	4595120	So you knew Bob Beckwith?
4595300	4595580	Oh yeah.
4595680	4595900	Wow.
4595960	4599860	And my military advisor was on his board of directors for his company.
4599860	4605200	So who, because you hear, so the Philadelphia experiment for the audience is, you know,
4605220	4610180	that you have this ship, this naval ship stationed, I believe, at Philadelphia.
4610560	4611500	Happened in Rhode Island.
4611600	4612660	That was the cover story.
4612720	4613400	It's a long story.
4613540	4614540	Well, let's hear it.
4614600	4618440	And here's what's really interesting, that this you might not know about, because as
4619000	4623660	of this last month, there's a guy named Harold Malmgren, and he's a presidential advisor
4623660	4626480	for JFK, LBJ, Nixon, and Ford.
4626480	4632140	Ford. And he has come out, he's been tweeting a bunch about things that he learned in that
4632140	4636820	capacity. And getting briefed by Richard Bissell, who is the deputy director of the CIA, who
4636820	4643360	basically founded Area 51 on quote unquote, other world technologies. He said that a contact
4643360	4648400	of his, a high level intel contact of his from abroad, talked to him about classified
4648400	4652380	work that Tesla and Townsend Brown did on submarines together.
4652380	4654240	Yes, you have uncovered
4654240	4659320	collaboration between Nikola Tesla and Thomas Townsend Brown
4659320	4661920	Yeah, but I said to you informally I
4662760	4664860	Did not get that from any
4666060	4669600	US source what source did you get it from?
4671720	4678160	Foreign intelligence do you think it is a good source? Do you think it's real? No reason
4678160	4679620	Why would somebody tell me that?
4680040	4684320	And so I wonder, because I always thought the Philadelphia experiment was kind of quacky,
4684340	4687060	even though I've gone very deep on Townsend Brown.
4687120	4689080	I think there's a lot to Townsend Brown's stuff.
4689460	4689700	Oh, yeah.
4690000	4690440	Brilliant.
4690900	4691540	Yeah, brilliant.
4691820	4693500	Yeah, an amazing figure.
4693660	4699940	And also, for the people that say, oh, it's all electrogravitics and there's no ET component
4699940	4705140	or there's no UFO component, he had a UFO interaction that inspired the rest of his
4705140	4706080	work at the age of 17.
4706080	4710680	And so did Tesla and his mentor, Dr. Walter Russell.
4710800	4711400	There you go.
4711660	4712180	The Swannanoa Institute.
4712380	4715300	My house in Virginia is 10 minutes from Swannanoa.
4715420	4715940	Oh, amazing.
4716300	4716920	That's so cool.
4717000	4717420	Weird coincidence.
4717480	4718540	I didn't know that when I bought it.
4718580	4719040	It's a farm.
4719160	4723240	And now you have Terrence Howard carrying the mantle of Walter Russell.
4723360	4723500	Yeah.
4724160	4727000	So do you think anything happened in the Philadelphia experiment?
4727100	4729420	And what was your interaction with Bob Beckwith like?
4729560	4730860	Do we have time travel?
4731980	4734780	You know, I mean, he knew the stuff I already knew.
4736080	4740300	wanted him to share with me. So he had invented something called a neutrino
4740300	4746840	light detector. Now let me explain what that is. You know a neutrino, you
4746840	4753700	can google what neutrino is, but these subatomic particles and whatnot. But what
4753700	4759300	he had invented was a detector that would pick up neutrino light, a burst of
4759300	4765920	neutrino. He got a national security order from the NRO, National Reconnaissance
4766080	4771060	office that runs all the super secret spy satellites so they could seize that
4771060	4777740	technology to put it on the sets because what that's used for is when a non-human
4777740	4784460	craft moves out of let's call it trans dimensional space-time into 3d there's a
4784460	4789080	burst of this neutrino light that enables them to pick that up triangulate
4789080	4793740	it and strike the craft to down it so it's a part of a weapon detection system
4793740	4800780	And so this genius Beckwith, but he never got to utilize it because it got seized.
4801080	4806820	Now we have a witness who came forward, Eric Hecker, a couple years ago who worked for Raytheon
4806820	4813440	and they were put in a neutrino light system a mile under the ice at the South Pole. True. And
4813440	4820420	so one of the prime bad actors in all this is Raytheon. And you know along with Northrop Grum
4820420	4821760	and Lockheed Skunk Works and others.
4821780	4825060	And he said that caused the Christchurch earthquake in New Zealand.
4825120	4825620	Hecker did.
4825720	4827340	When they flipped it on the first time,
4827380	4829300	because who knows if they got the frequencies right.
4829580	4832180	So it's both an active and passive system.
4832340	4835220	It can pick up these objects when they, let's say,
4835300	4838960	step down out of trans-dimensional space-time into 3D,
4840020	4843280	but they can also be an active weapon system,
4843500	4847360	a carrier for hitting them at very powerful pulses.
4848440	4850180	So this is the other problem.
4850420	4863220	If you're in the national military command structure and you're not read in to the technologies that this clandestine criminal organization has, you're behind the curve very badly.
4863600	4868340	And my coming of age on that was first with the director of the CIA for Clinton.
4869200	4878040	Then in 1997, and many other people, but in 97 I briefed J2, the head of intelligence joint staff, Admiral Wilson.
4878040	4885240	and you may know about that a memo leaked out from Eric Davis and I know a lot about it well
4885240	4890140	I was briefer yeah so I was in charge of the stand-up briefing yeah it was supposed to be
4890140	4896320	45 minutes went on for two or three hours and the Admiral kept canceling meetings but prior
4896320	4905060	to the meeting my military advisor who knew him he had been a senior naval intelligence guy good
4905060	4911280	good guy, wonderful guy, got a briefing document to the admiral and materials prior to our meeting.
4911580	4915340	And based on that, Admiral Wilson was able to run to ground and find some offices
4915340	4919980	where these operations were going on. He knew nothing about it. And he was the head of
4919980	4924840	intelligence for the Joint Chiefs of Staff, meaning you're putting the equivalent of the
4924840	4929500	Presidential Daily Briefing Intelligence Brief together like the Director of CIA does for the
4929500	4936440	the president, or DNI does, but for the Joint Chiefs of Staff. He had no knowledge of the subject.
4936860	4941680	And when he began to hit pay dirt, he got threatened. He was threatened with being
4941680	4945920	demoted and taking a star off his lapel, which means a huge pay cut in retirement.
4946820	4952760	And by the time I got to the meeting, he was a combination of furious and scared.
4953260	4959880	All right. So, which I've seen this a thousand times. I call it disclosure PTSD,
4961180	4965980	which we all have, right? It's serious stuff. I mean, if you have that level of responsibility,
4966380	4971760	you find out this is going on, a whole universe of this, and you're in charge of the security of
4971760	4975540	the United States and most of the free world. Speaking of-
4975540	4977400	Scary, right? Extremely.
4977400	4987920	So the meeting went on for a long time, but one of the existential things at the end of it was I said, well, we really need your help.
4988940	4991680	Now, this is 28 years ago in April.
4991820	4992720	It was 97.
4993400	4996040	We really need your help fixing this problem.
4996740	4999020	He says, well, I don't have access.
4999120	4999980	I've been denied access.
4999980	5005380	and they flat-out said you don't have a need to know to which he said I think
5005380	5009980	paraphrasing if I don't who does I'm the head of intelligence or staff head of J2
5009980	5017300	it blew him off so the problem became I said look he said who else have you
5017300	5024040	briefed to not being allowed to know or control this either or the I didn't meet
5024040	5027800	with Clinton personally but the president the CIA director and the
5027800	5029800	the Secretary of Defense Cohen, and a bunch of other people.
5030660	5031720	And I went, oh, my God.
5032420	5034560	I said, yes, now you know how big the problem is.
5035320	5037920	It's an existential constitutional crisis,
5039260	5043460	much bigger crisis for the United States and China, Russia, Iran, Middle East.
5043940	5045420	No one's doing anything about it.
5046140	5048240	It's dangerous that no one's doing anything about it.
5048280	5049580	If anyone's listening with the administration,
5050460	5053320	this should be on your front burner, not on the back burner.
5053320	5061200	Speaking of the administration, bizarre connection between Donald Trump, the sitting president, and the Philadelphia experiment.
5061680	5062540	His uncle.
5062680	5063140	Exactly.
5063140	5069740	There's not a lot of archival footage of John Trump, who was basically the country's lead in radar at the time.
5069800	5070500	Oh, he was a genius.
5070500	5071400	Brilliant guy.
5071560	5071820	Genius.
5071820	5072140	MIT.
5072260	5082100	And was tasked with going into the FBI vault that had confiscated all of Tesla's files, looking at whether any of that would be of service to national security.
5083320	5088060	So do you think Donald Trump, due to that, might have some special knowledge on this
5088060	5088400	matter?
5088760	5089080	I don't.
5089080	5092220	I don't think his uncle would have ever shared that with his...
5092820	5095560	It's like my uncle, who was with Northrop Grumman.
5095940	5098660	The things he told me about were the things...
5098660	5105220	I mean, working on the thing that landed on the moon in 69, when in the late 50s, we had
5105220	5108500	things that could go to the moon and back without a rocket, right?
5108500	5113420	But if he knew about it, I don't think he would have even told me about that
5113420	5116480	because everyone knows that lethal force is used.
5117280	5120460	Northrop Grumman have wet works people who kill people.
5121160	5122220	So does Lockheed.
5122260	5123000	So does Raytheon.
5123200	5124960	So, I mean, these are thugs.
5125440	5130080	And, you know, Grush's guys, the guys who kind of sent him out to look into this,
5130760	5135120	three years ago when I got pulled into the skiff at the Senate Intelligence Committee,
5135420	5138020	first thing I said is that you're dealing with thugs here.
5138500	5141620	Think of the mafia on super steroids.
5142340	5149580	It's the largest criminal corrupt organization in the history, known history of the earth, period.
5149840	5156440	And they have the technology and the means to make your life a living hell, which mine has been since 1992.
5157060	5162720	But I said, just be prepared because I believe in informed consent as a doctor, right?
5162860	5165680	So I said, you have no idea what you're walking into here.
5165680	5187020	And boy, within a day or two of that meeting, the main investigator for Senate Intelligence had two Blackhawks over his house, unmarked, and he had access to all flight plans, no flight plans, over his house, shaking the house with his four children in it, with this guy looking out with a death stare like you're a dead man staring at him.
5187340	5190560	So it's a very dangerous business.
5190920	5193480	Not if you're talking nonsense.
5193480	5200300	If you're spreading false information, half information, disinformation, no one's going
5200300	5200580	to care.
5201260	5205060	But if you're actually getting to the truth like that man was for Senate Intelligence,
5205340	5210380	because he was assigned to the co-chair and chair of Senate Intelligence to get to the
5210380	5212460	bottom of this, Rubio, who's now Secretary of State.
5213220	5218060	I tell people, they're going to throw what they can at you to intimidate you.
5218060	5223640	right so you know this is I mean for a lot of people it's a freaking hobby but
5223640	5228800	the we get cut through all that it's deadly serious stuff but you know most
5228800	5232800	people they're not gonna make it that far because what's gonna happen they're
5232800	5236900	gonna start on this path and very quickly they're gonna be intercepted by
5236900	5241520	really professionally well-trained counterintelligence people and they're
5241520	5245780	gonna go off the mark I believe to this day that's what that's that's Ella John
5245780	5252180	Sandoz job. That's Chris Mellon's job. That's, you know, frankly, Hal Pudoff's job on energy.
5252380	5259140	That's their job is to divert people into that dead-end cul-de-sac. I believe that would be
5259140	5264280	sad about Hal because I love Hal, so I hope that's not the case. Oh, I know for a fact. I mean,
5264320	5269420	he has to do what he's doing. Okay. One of his closest friends is on my team. I know exactly
5269420	5274280	what they said and what they did to get him to do what he's been doing. The only, you know,
5275780	5276660	I did, you know, I came up with this.
5276660	5277060	I'm sorry.
5277260	5279880	I mean, I'm at the point that I don't think people,
5281180	5282240	here's what I think.
5282360	5284940	I said this to your producer or friend
5284940	5285980	before we came in here.
5288640	5290940	The folks who know about this,
5291040	5293340	they need to come clean truthfully soon
5294020	5297160	because there is moving through the system
5297720	5300500	the ability for a law enforcement entity,
5300580	5303600	I can't name, that I'm providing intel to,
5303600	5308360	to go to these folks, get their information, interrogate them,
5308500	5311480	and God forbid they lie, they're going to prison the rest of their life.
5311740	5313880	This is getting very serious right now.
5314100	5319060	So people need to either be quiet and not lie or speak the truth.
5320880	5324120	I'm making an explicit advisory here.
5324460	5326260	I love that message.
5326480	5329380	I made this deep dive on Thomas Townsend Brown.
5329480	5332600	I think he's this amazing figure who deserves to be vindicated.
5333600	5340700	Right before I did it, Eric Davis got in touch with me and was like, Townsend Brown is a phony.
5340980	5343100	And I had known enough at that point.
5343100	5344020	Well, he's counterintelligence.
5344400	5345580	So I don't know.
5345620	5346000	We know that.
5346020	5346740	But you know that?
5346980	5350700	Oh, I've known that since the early 2000s, 90s.
5350760	5351020	I mean, yes.
5351280	5351900	Oh, man.
5352080	5353040	Such a bummer.
5353060	5354960	Because all these guys are, you know, there's so much brain power.
5355760	5357920	Yes, but think about it.
5357920	5364180	you're going to put really good people out there to carry the water to miss message misdirect what
5364180	5370020	have you look you know put your if i put my i can put myself in anyone's shoes i'm going to put
5370020	5376400	myself in the shoes of sort of the ruling politburo of this covert group you're going to send people
5376400	5381700	out who are very well trained some of them go through something called the farm which where
5381700	5387020	they're professionally trained to lie pass lie detectors that they're very well trained social
5387920	5395060	I'm your best friend. Trust me. Wink, wink. And then gaslight you, misdirect you. So none of that
5395060	5402320	surprises me. It's what you would expect if you took seriously what Wilbur Smith said in the 1950
5402320	5407960	document. It's in the briefing document that was top secret from the Canadian government that I
5407960	5413720	think accidentally got declassified. And he said, you know, about us reverse engineering the ET
5413720	5419380	craft but it one of his conclusions was he said no in our conclusion he was told
5419380	5425300	directly that this issue was more secret than the development of the hydrogen
5425300	5431580	bomb two levels higher and that was in 1950 two years before we had it and that
5431580	5435680	was that is how seriously the secrecy is because they were trying to figure out
5435680	5442460	the opus operandi modus operandi of the ET craft which means how they operate
5443720	5448560	done that yet. See, it was 54 is when they had the breakthrough. This is 50. So if
5448560	5453820	you're trying to keep something like this secret, you're going to deploy every
5453820	5458560	asset you can up to and including the President of the United States, right?
5459040	5464160	Never mind putting out to, no offense, people new to the subject who have no
5464160	5468960	intel background where you can gaslight people over and over again. And that's
5468960	5476740	through whether it's you, Joe Rogan, ABC News, 60 Minutes, whoever it is. So that is the Achilles
5476740	5483480	heel of disclosure, is that for every great person who comes forward trying to tell the truth,
5483760	5489620	there are 10 people who are going to say part truth, part fiction. And so I'm just saying that
5490620	5495940	I'm becoming less and less patient with that. I used to be a lot more diplomatic than I am now.
5495940	5499760	I guess I'm getting old and crotchety while I'm just out of surgery too.
5500300	5501400	Yeah, it's pretty impressive.
5501780	5502980	Well, I mean-
5502980	5504340	I mean, I have a little bit, some pain.
5504520	5507440	I don't take any opioids or narcotics ever.
5507440	5507920	I'm amazed.
5508240	5508560	Well-
5508560	5510480	I wouldn't let him get me even going into surgery.
5510580	5514300	I said, no, give me some Toradol non-steroidal and-
5514300	5514740	It's incredible.
5515020	5518760	Well, to this day, RFK Jr., Robert F. Kennedy Jr.
5518880	5519460	Oh, he's great.
5519540	5520260	He's amazing.
5520340	5520540	Yeah.
5520540	5525780	And he's in the current administration as FDA, or Health and Human Services, right?
5525940	5526240	HHS.
5526340	5527100	HHS, yeah.
5527200	5532100	He says that his father was not killed by Sirhan Sirhan,
5532240	5533960	but by this guy Eugene Thane Caesar,
5534200	5537460	who I believe was a Skunk Works security guard or something.
5537580	5541160	Look, you know, I have a letter.
5541740	5543480	It may be in the book.
5543920	5544940	It's in our archive.
5545160	5545680	Yeah.
5545760	5554880	And it was his dad writing to a UFO researcher back in 68.
5555940	5563920	one month before they killed him. And it said, it opened saying, I'm a card, excuse me, it says,
5564060	5571400	I'm a card carrying member of the Amalgamated Flying Saucer Association of America. There was
5571400	5577540	such a thing. I went, oh my God, what, it's so iconoclastic, an anachronism. And I go, wow,
5577800	5585680	you know, and I get this letter. And so I, you know, years ago, I ran into RFK Jr. at Sundance.
5585940	5598200	And 50 Cent was, I was giving a talk, and RFK Jr. had done a documentary about mountaintop removal mining, coal mining in West Virginia, what an environmental disaster.
5599600	5601660	And it's called The Last Mountain.
5601820	5602960	I think it was called The Last Mountain.
5603100	5603580	It was great.
5604240	5613180	And I told him just briefly, because we were in this crowd, I have a letter from your dad about this UFO issue dated a month before they killed him.
5613920	5617900	and that's why because if he he was gonna get the nominee nation and he
5617900	5623980	would have won but his dad was super interested in this and also I'm
5623980	5629720	convinced knew that his brother RF Jack Kennedy the president was killed over
5629720	5634900	this you think he was killed over UFOs specifically oh yes so that the data
5634900	5639040	points that I have around that or I believe I don't know if this letter is
5639040	5641760	real maybe you would know if this letter is real there's a there's a letter dated
5643180	5646080	10 days before he died to John McCone.
5646200	5649820	John McCone is the acting CIA director because he had just fired Dulles.
5650000	5654340	And McCone also was the former head of the Atomic Energy Commission.
5654560	5657900	So he would probably know a little thing or two about the UFO issue.
5657900	5658320	Oh, he would have.
5658400	5665300	And JFK is saying to John McCone, we need to coordinate better with the Soviets on this
5665300	5670240	issue of quote unquote unknowns in Soviet airspace so they don't mistake these unknowns
5670240	5672040	as acts of American aggression.
5672080	5672620	Exactly.
5673180	5674060	It could trigger World War III.
5674240	5675600	So do you think that letter is real?
5676060	5677940	I don't know the provenance of it.
5677960	5679000	I think it likely is.
5679040	5680280	It comports with the facts.
5681020	5682320	But here's the other thing.
5682400	5686780	We have a man whose interview we have on the audio tape named Bill Holden,
5686840	5691080	who was the chief steward for Air Force One when Kennedy was flying over to Berlin
5691080	5693160	where he gave the famous I am a Berliner speech.
5693660	5695620	And I debriefed this man.
5695920	5698220	And on that flight, he brought, there were some papers,
5698280	5700900	and on one of the papers there had been a big UFO sighting.
5700900	5707280	that was on and and it so he brought this up to the president Kennedy and
5707280	5712240	Kennedy said and the man broke in the tears when he said this Kennedy turned
5712240	5717900	him says I know this is true and I know these are real but the whole matter is
5717900	5722300	out of my hands and I don't know why he admitted he had no control over the
5722300	5727960	issue why he fired Dulles because Eisenhower had lost control in the late
5727960	5734140	late 50s. That extended into the Kennedy era. And really no president except people who have been
5734140	5741580	part of that organization, like George H.W. Bush, Dick Cheney, by extension W, have really had any
5741580	5746840	control over it or any detailed knowledge of it. The current president has virtually no knowledge.
5747160	5747880	It's fascinating.
5747960	5756240	And so President Clinton, a friend of his, Webster Hubble, who was in the Department of Justice,
5758680	5760020	I forget the name of the book.
5760340	5762720	And in it, he admits that he and the president
5762720	5764460	were trying to get to the bottom of a couple things.
5764820	5768000	One of them was who killed Jack Kennedy and why
5768000	5769600	and what's going on with UFOs.
5769920	5770880	Of course, they're related.
5771080	5772680	And then something about Marilyn Monroe.
5772780	5774280	And of course, I have a CIA document
5774920	5777200	that's top secret, not been declassified,
5779380	5783680	that describes James Jesus Angleton signed it.
5783820	5784120	Wow.
5784960	5786380	It's in the briefing document.
5787960	5793480	of Marilyn Monroe in 62, a couple days before they killed her, threatening to hold a press
5793480	5793900	conference.
5794220	5795180	And that's a real document.
5795440	5795820	Oh, it is.
5796080	5797000	That's insane.
5797400	5797560	Yeah.
5797840	5798260	Yeah.
5798300	5799300	Oh, it's real.
5799400	5801680	I know the guy who took it out of the vault from NSA.
5802220	5803280	He's an NSA guy.
5803500	5804900	But I got folks who...
5804900	5806540	Now, people say, why aren't you arrested?
5806820	5812920	I said, because once we briefed all these people, like at the level of the president
5812920	5819060	Senate and Senate oversight committees, and we concluded that these programs were being
5819060	5825080	run illegally outside the Constitution, we declared them all illegal. Therefore,
5825940	5832300	anyone listening, if you're in those operations or have been, they cannot prosecute you for going
5832300	5837140	around your nondisclosure agreements. If you bring out documents, tapes, material, they're
5837140	5842020	They're open source and I will release them because all that material, and I've told Jake
5842020	5848640	this, have been accumulated under an illegal operation abusing the National Security Act
5849360	5853880	and national security provisions when they are in fact have no protections.
5854100	5856240	So we need to flip the table here.
5856400	5864120	Instead of these whistleblowers being prosecuted or people being killed for trying to get the
5864120	5865920	truth out, we flip it around.
5867140	5872680	law enforcement operating legally under the Constitution go after the bad actors, right?
5872860	5879060	So this is where it's going to have to go. And I think it needs to be non-kinetic, not violent,
5879540	5883460	but it needs to be done by any means necessary. But if this is the foundation,
5884320	5887860	I want to unpack this a little bit. The foundation of Disclosure Project,
5888380	5894160	so not in this book, but in our archive, is what's called a UNOD, unless otherwise directed.
5894760	5899180	It's a military technique used that you write to a senior person.
5899620	5903900	And it says, unless otherwise directed, this is my assessment and this is what I'm going
5903900	5904260	to do.
5904740	5910720	They don't have to write back because then there's plausible deniability to a sink a
5910720	5913680	commander in chief or a four star or something.
5914580	5915520	And it's used.
5915760	5918000	And so my military advisor said, you know what we need to do?
5918120	5919580	This is by late 97.
5920660	5925120	and after the debacle with Admiral Wilson and finding out,
5925160	5927540	we had one data point after another after another
5927540	5932180	that this was an illegal, unsanctioned, rogue criminal organization.
5932960	5936400	At that point, I said, well, we need to declare it as such,
5936440	5941000	and therefore we need to vitiate everyone's nondisclosure agreements
5941000	5942400	so that they can come forward.
5943180	5944080	That's what we did.
5944180	5945300	So that is 1997.
5945860	5949040	I put, I think, a two- or three-month clock on it.
5949580	5959460	So I said, unless we're notified otherwise, our assessment is that these programs are illegal, corrupt, and unconstitutional, based on the following facts.
5959780	5963680	The president has been denied access. The CIA director was denied access.
5963920	5968740	The head of intelligence, Joint Chiefs of Staff, and other senior flag officers have been denied access.
5968900	5974500	Senior members of the Senate and House oversight, relevant committees, have been denied access.
5975400	5977480	Because by then I had met with all that, personally.
5977480	5982540	This is not internet, Google crap, conspiracy theory stuff.
5982860	5988140	So at that point, of course it flipped my whole world upside down as a doctor, but I
5988140	5991140	said, no, at this point we're declaring these illegal.
5991560	5999920	So if you're someone at Lockheed, Northrop, Raytheon, CIA, DOD, NSA, the whole alphabet
5999920	6007200	soup, FBI, and you know about this, you want to come forward, they can't touch you.
6007480	6014680	Now, the good news is now there's a law enforcement entity that is going to extend immunity to
6014680	6016760	them and will protect them.
6016900	6018500	So we have that in place right now.
6018620	6020960	So anyone listening, contact me.
6021760	6022880	We will keep your name.
6022980	6029480	Look, 80% of everyone who's ever come to me, they're in our archive blackened out and redacted,
6029480	6030860	for a reason.
6030960	6035520	Because I don't disclose someone's name unless they say I'm willing to come forward, like
6037480	6042480	forward so he did he's the only person I ever not have met who saw something like
6042480	6047240	that who lived to tell the tale it's from unbelievable that Carrera wasn't
6047240	6052780	killed it's an amazing story and a true one we've had three separate senior
6052780	6058340	Intel and military people confirm that so for the audience this guy was part of
6058340	6061860	operation Kitsana and he was supposed to go to the Philippines his unit was
6061860	6065500	diverted this Marine Corps unit was diverted put put in Indonesia they see
6067480	6072040	uh vanta black craft hovering above the treetops they're closed in on by these
6073140	6077860	seemingly s1 special forces they don't know if it's special forces but nondescript
6077860	6083640	uh guys who are very smooth with their guns and they have bioscanners and all this kind of you
6083640	6089160	know high tech yep and um he later learns from jake barber that this was maybe a human trafficking
6089160	6094900	operation yeah and that uh they were putting these psionic assets these people who were
6094900	6097280	meant to be shipped back to the US to summon?
6097540	6098180	Perspective psionic assets.
6098620	6099140	Perspectives?
6099140	6105200	In other words, they were people who had been identified with the predisposition to have
6105200	6106760	those psionic abilities.
6107620	6113540	And those were being crated up and moved back to some covert places where they'd be screened,
6113560	6113900	tested.
6114080	6118660	If they passed a certain level, then they would go through a rigorous training program.
6119040	6122060	Most of them end up in comas or die, by the way.
6122060	6125060	but the ones that survive are very good at what they're doing.
6125220	6131540	But they're basically human tools for these really evil covert programs
6131540	6138380	to essentially hack into these non-human craft communication systems
6138380	6142020	that are interfacing with thought and consciousness.
6142560	6145280	It's like our super high-end version of Neuralink
6145280	6149180	and move them over into range and hit them with an electromagnetic pulse weapon.
6149180	6154620	There are rumors that the show on Netflix, Stranger Things, is real.
6155220	6156060	Oh, of course.
6156140	6157660	I've talked about all that stuff for years.
6157740	6158620	Montauk and-
6158620	6165060	Montauk and gifted and talented education programs that I recently met with a pretty
6165060	6169800	senior person in government who all anonymized because I don't think he wants to be on record
6169800	6170260	on this.
6170360	6177460	But he mentioned a link between Battelle Memorial Institute and these gifted and talented education
6177460	6177780	systems.
6179180	6184980	these UFO programs. Which is, that is one of the people, one of the institutes on our list of...
6184980	6188680	Yeah, and they manage all the nuclear sites, all the US, and so if they're...
6189260	6194720	And what's interesting is you often hear stories of people making it past checkpoints in these
6194720	6200260	gifted and talented education programs where you prove that you have, you know, some mind-matter
6200260	6203780	capabilities, and then you get to the next thing, and then they'll show you a piece of material,
6203940	6208460	and who would have the material? It would be Battelle Memorial Institute, so...
6209180	6213140	others I mean look there are many there's a whole military industrial
6213140	6217840	complex component to this right yeah there are institutes there are all kinds
6217840	6223520	of foundations there you know it sort of is it's like a metastatic cancer that's
6223520	6227400	gone on because look they have a lot of money to spread around yeah you know I
6227400	6234560	met with a man in 1997 before I was over at the meeting with CI director in DC
6234560	6241380	who said, we have given at least 10,000 people $10 million each or more
6241380	6243980	to secure their cooperation with what we're doing.
6245120	6247100	Now, that was 28 years ago.
6247660	6251620	And I know he said at least, so I said, yeah, I'm sure.
6251860	6253620	So what's your price?
6254580	6259180	And if you have the ability to either be troublesome to them,
6259740	6268040	You're either going to, it's like Gordon, that guy who used to publish a flying saucer
6268040	6268400	magazine.
6269040	6269680	Gordon Cooper?
6270220	6270820	No, not Gordon Cooper.
6270820	6271400	No, not Gordon Cooper.
6271600	6271960	Creighton.
6272280	6273360	Oh, Gordon Creighton, yeah.
6273520	6274980	Yeah, I interviewed him.
6275300	6277920	He's one of our witnesses, because he had been military intelligence.
6278440	6284480	And he published this, and all that used to go over to the palace, and Prince Philip was
6284480	6286260	very keen on all of this.
6286440	6287080	I've heard that.
6287300	6288160	Oh, I know for a fact.
6289180	6291480	because I know the people involved.
6291660	6296320	So he said, if you become too worrisome,
6296420	6297880	you see this interview, it's in our archive,
6298700	6302360	there's certain people who they will erase or do whatever.
6302560	6306140	So I think people kind of way underestimate
6307040	6308860	the reach of this organization,
6309060	6311960	and to an extent it has operative embedded.
6312740	6315920	But of course the grand conspiracy theories are false also.
6316860	6318300	Bohemian Grove, you know what?
6319180	6320800	Maybe two of those guys know anything about this.
6321420	6322280	Trilateral commission.
6322540	6323660	Maybe two or three do.
6323960	6329000	So I think one of the problems with these conspiracy theories is that they're not nuanced
6329000	6333500	and they're all pretty dumb from the point of view is you can't keep something like this,
6333500	6336360	this secret, with a huge number of people knowing.
6336620	6342200	The number of people read in or read on to anything like this in any detail is going
6342200	6343660	to be very, very tightly controlled.
6343740	6348560	But those assets, well-trained, well-compensated, well-placed.
6350040	6355460	And so, look, I mean, you know, and they don't mind killing one of their own.
6355780	6360520	You know, when Bill Colby, who had been read into this, tried to get a zero-point device to us,
6361260	6366920	and about just a small amount, like $50 million in seed money in 95, I think,
6367920	6370180	the week he was going to meet with a member of my board,
6370360	6375980	they found him floating down the river south of D.C., made to look like a canoeing accident.
6376120	6377900	And his wife knew that he had been killed.
6379180	6383260	Stan Myers story I think you talked about it in your movie The Lost Century
6383260	6390500	you just like a car that like ran on water and like is that so do was he
6390500	6394840	taken he died of an aneurysm and do you think he actually is that real or his
6394840	6399620	twin brother who we've met with and who is really the electronics guy buying all
6399620	6407900	that Stan Myers twin Steve absolutely is convinced he was poisoned and killed and
6409180	6413000	We have 150 substances that can kill people or poison them.
6414380	6416500	What about Pond's Fleischman?
6417960	6418880	Cold Fusion.
6419000	6420100	Yeah, Cold Fusion, exactly.
6420580	6421660	I never met them.
6421780	6423180	Certainly they were on to something,
6423320	6426580	and I know people who did much more souped-up versions of that.
6426680	6430320	All those devices have ended up being confiscated or the people erased.
6431180	6435420	The guys who bought Stan Meyer's archive and all his devices,
6435420	6440580	devices. We were trying to get it, but we didn't have the funding. It went to an engineering
6440580	6451000	group up in Michigan. And there was a man who I didn't know who the money was behind
6451000	6458540	that. So my science advisor, Dr. Loader, went and saw this warehouse full of floppy disks
6458540	6463000	and devices. But he had one thing of great interest. We have a picture of it. It's in
6463000	6465820	in our archive, dpiarchive.com.
6465920	6469260	And it looks like a sort of a toroidal electromagnetic
6469260	6472840	and had a magnetically charged fluid in it.
6473080	6475400	And it was a complete free energy system.
6475680	6479280	So it had a national security order slapped on it way back.
6479960	6481600	But it was sitting there to acquire.
6482280	6485100	And we were going to try to get it and then open source it.
6485580	6488480	Because, you know, memo to Peter Thiel and everyone else,
6488480	6499380	If you try to patent this or release it in the normal, let's just say, traditional venture capital way, it'll never get out, ever.
6500200	6505800	You have to dump it open source, off blockchain, to two, three billion people all at once.
6506000	6506640	That's my belief.
6506840	6507520	I mean, like—
6507520	6508160	Well, there's no way.
6508220	6508520	We know.
6508640	6510800	I mean, this is the whole point of the last century was to prove.
6510980	6511500	Yeah, yeah, yeah.
6511500	6513000	I meet with these kind of geniuses.
6513000	6519280	I just met with a Fortune 10 company senior scientist a couple weeks ago.
6519920	6522000	And he came to L.A. to meet with me.
6522480	6529600	I was on, there was a podcast, Sweetest Lady Ever, named Khloe Kardashian.
6530740	6531800	She's so sweet.
6531880	6535420	And she just released yesterday a podcast I did with her.
6535540	6537440	But she was so much fun.
6537560	6538240	So sweet.
6538380	6539420	Yeah, she loves your work.
6539920	6541160	Yeah, I had never met her.
6541300	6542700	She's very, very kind.
6543000	6543100	Yeah.
6543200	6544480	A beautiful person, really.
6544640	6544840	Yeah.
6544980	6545340	Smart.
6545600	6545980	Uh-huh.
6546140	6546840	Very smart.
6547200	6547460	Uh-huh.
6547520	6553300	But she, so I was out there, this guy flies in, super genius.
6553400	6557520	He can build free energy plasma things.
6557840	6559480	He can do teleportation.
6559880	6562720	But the major corporation he works for won't let him do it.
6562840	6563180	Uh-huh.
6563180	6565280	So he wants to work with us, bring it out.
6565400	6569780	And I said, look, don't try to do it through patent.
6570220	6571800	You have to open source it.
6573000	6577420	open source it and you have a reach of a few hundred thousand people, no one cares. So I have
6577420	6583840	a network of various influencers and celebrities that can get it to two, three billion people all
6583840	6590680	at once. In which case, you squeeze the toothpaste out of the tube so hard, can't put it back in.
6590860	6596580	So these fascists that want to keep us dependent on earth-destroying energy systems forever,
6596580	6603200	ever, you say, adios. Now, he has the ability to build things that teleport and levitate.
6603640	6610000	I said, nope, don't touch those. So where I think that people in the administration I've spoken to
6610000	6616520	are mirroring what I'm saying about to tell you. And that is, this needs to get disclosed.
6616660	6622180	We need to do it in a way where there's a pathway for the people involved to come clean,
6623040	6626000	but not be imprisoned and not be executed.
6626620	6629220	Because an eye for an eye will leave the whole world blind.
6629840	6632300	Now, if you go back to 9345,
6632920	6634840	you'll see what I wrote to the Clinton administration.
6635080	6636240	It was the same set of recommendations.
6637340	6639000	Hardcore people in disclosure say,
6639100	6640980	oh, we should round them up in Nuremberg.
6641040	6641540	I said, no.
6642420	6644200	These guys are holding technologies
6644200	6647620	that are to trump card against everything the Pentagon has.
6647940	6648300	Yeah.
6648320	6649840	And plenty of them are just taking orders
6649840	6655560	under threats of you know their family. No yes but I mean we have to have
6655560	6659780	compassion for that but even the worst of the actors they either need to come
6659780	6665200	forward or put on a leash right and stood down. Now to do that you're gonna
6665200	6669320	have to have a group of people who are special forces trained and that's the
6669320	6674000	other part of this we can talk about carefully. Hmm interesting so is there
6674000	6678040	there's a plan maybe to do that? Oh yes it's already been in place for about a
6679840	6684620	So does that involve storming Area 51 and Dugway and the right pad?
6684800	6685920	What does this involve?
6685940	6686500	Literally?
6686840	6687400	Wow.
6688280	6688840	Okay.
6689100	6693180	Well, they either capitulate to the legal government of the United States
6693180	6697000	or they're declared treasonous operations
6697000	6700500	and then they're put under proper authority and oversight.
6700800	6706060	Don't they have the secret weapons that can, like, aren't we unmatched?
6706400	6707360	That's the reason I haven't.
6707360	6709280	So let me finish the story with Amber Wilson.
6709840	6716460	getting diverted. So at the very end of the meeting, he said to me, I asked him, can you help?
6716620	6723500	He says, well, the best thing I have is a B-2 stealth bomber that I know about.
6724080	6728240	And I have learned, he didn't say not from me, but what I've learned directly
6728780	6731960	is that there's an organization that have things that can do circles,
6732660	6737920	the man-made UFOs, ARVs, around my B-2 stealth. So he says, so it's checkmate. It's point,
6739840	6741740	I said, no, sir, we cannot.
6742040	6742760	It is David.
6743000	6750200	The entire United States legal, United States of America constitutional government is the David.
6750420	6752380	And this organization is the Goliath.
6753360	6754380	Remember that.
6754520	6760720	Which is why so many presidents and so many senators and so many military guys I've met,
6760800	6766080	they get to the edge of this precipice and they go, God, mother of God, and they back off.
6766980	6768660	But there's a way around it.
6770260	6779300	So, where the Achilles heel of that organization is, is that their numbers are very thin, the
6779300	6786000	subject's coming out and they know the public opinion is going to go against them, and because
6787520	6793360	their numbers are thin, they can be overwhelmed in a tactical operation.
6793360	6801420	operation. The other thing is their OPSECs are very good, operational security, but they
6801420	6808880	cannot withstand the full force of a serious quote investigation and operation, tactical
6808880	6815100	operation. Now what they do have is technological superiority. And that can be vitiated through
6815100	6820260	some technologies I don't want to talk about, where basically you can go in and neutralize,
6821120	6825260	it's fire against fire but i'll just tell you you can go in and neutralize the facility
6825980	6832180	without a bomb and it deal again it deals with electromagnetic systems that are advanced scalar
6832180	6839840	systems and you know there's a a scientist who talked at our 2023 conference right before the
6839840	6848500	national press club event we did where herrera spoke and he was a senior ge physicist and
6851200	6856320	So, look, we have assets where I could say, all right, go in.
6856520	6862460	So you could just, you know, their man-made UFOs and all their other stuff, you can neutralize it.
6863080	6864100	That's all I'm going to say.
6864240	6873640	But I'm just saying that you have to have an executive order from the president to provide the protections to these high-value whistleblowers.
6874020	6875800	You need personal security.
6875800	6885460	you need to authorize a law enforcement operation, both CONUS and OCONUS, United States and outside
6885460	6891940	continental United States is OCONUS, which can be done. And then you need to fund it. It'd be,
6892020	6899860	you know, classified funding. And then you also need to have a pathway for when you acquire all
6899860	6906680	all this materiel out of Dugway and the Edwards Complex and Lockheed Skunk Works underground
6906680	6911360	and Northrop's underground and Raytheon's, what do you do with it?
6912040	6918980	And are we recommending the stuff that flies is kept secret in terms of it being...
6918980	6921280	It has to be acknowledged we have it.
6921380	6925200	We all know we have thermonuclear weapons, but you can't go to Ace Hardware store and
6925200	6925600	buy one.
6925600	6932720	So it has to get acknowledged properly. But we just say right now the world is too unstable to let every
6933440	6938240	ten-pot dictator or terrorist in the world have something that can go from Mogadishu to DC in
6938240	6941200	three minutes and drop a dirty bomb, right?
6941440	6948400	There are valid national security concerns about some of these technologies and the world is not at that place.
6948540	6952060	The world is at the place where something that could sit on this table
6953520	6956600	that would run this building without pollution.
6957720	6960300	And what happens then?
6961660	6963940	The Malthusian problem gets fixed.
6964680	6967280	The Malthusian problem gets fixed
6967280	6971100	because you have something where you're going to eliminate
6971100	6973540	in about 20 years global poverty.
6973760	6976060	Much of terrorism and radicalization
6976060	6979280	is the have-and-have-not problem.
6979280	6986200	problem. Because we're so narcissistic and self-turned inward-looking in America,
6986820	6992720	we don't realize three billion people on the planet don't even have energy to cook their food.
6992880	6997540	That's why they're chopping down the rainforest, or chopping down the brush and the deserts keep
6997540	7002020	growing. Because it's like a pack of locusts that are just ripping everything out. But it's
7002020	7008740	the severe, mind-numbing, inhumane, I tell Christians, unchristian poverty that we've
7009360	7017040	Imposed but that's based on the energy system. You're never gonna fix it with wind and solar ever or with a plug-in
7017040	7023880	Electric car it's never gonna get fixed now these new technologies will fix that it'll fix the biosphere
7024400	7026620	Fixed pollution in poverty
7027760	7030420	stabilized geopolitically now they're gonna be losers
7031560	7034080	hundreds of trillions of dollars in assets and commodities
7034080	7039560	commodities. But again, it isn't going to happen like this. It's not like downloading an app.
7039740	7046240	These are heavy industries. It's going to take at least 15 to 20, 30 years to transition from
7046840	7052840	our current cars and electric grid to what I'm talking about. And I don't know that we have 30
7052840	7059900	years, so we need to get going. So my point to people is that in the administration, and I had
7059900	7067320	this little debate with Patrick David on his show is that this you know taking decades to do this
7067980	7074020	could have been done in the 20s 30s 40s this is 2025. we have 8 billion people on the planet
7074020	7082260	living like like in the 1800s energy-wise oil gas coal blah blah blah wind the Dutch had that
7082260	7089380	ages ago okay so we have a little bit of extra nuclear 1940s so are you telling me the whole
7089900	7092800	has to run on stuff that's 80 to 120 years old.
7093100	7094360	This is ridiculous.
7095120	7100620	But it benefits a very, very tiny oligarch ruling group of people on the planet.
7101740	7106880	Energy, banking, petrodollar, very, I mean we're not, again, we're not talking about
7106880	7110600	a few hundred billion, we're talking about several hundred trillion dollars.
7111500	7117040	But if we're destroying the biosphere, and what their solution is, well let's just keep
7117040	7124540	diverting people with shiny little problems in 9-11 aliens that are scary
7124540	7128960	see that's the next big thing is what Wernher von Braun this is why when
7128960	7133200	people spread that kind of nonsense I am gonna go after them like a goddamn
7133200	7138620	Rottweiler because that is how we end up in World War three that's how we end up
7138620	7143380	in a totalitarian militaristic super state the opposite of the Golden Age the
7143380	7144920	the opposite of an age of enlightenment,
7145200	7147480	the opposite of a sustainable world.
7147600	7149660	That's the end of the world as we know it.
7149960	7154920	And I tell people, even if there are some ETs,
7155060	7157500	there really are ETs and not from another dimension
7157500	7162140	or a man-made diversion, that are troublesome.
7163240	7166480	You think you're going to win that war down the barrel of a gun?
7167360	7167760	No.
7167860	7169380	You're going to do CE5 contact.
7169680	7170540	Go get the app.
7170980	7172080	Anyone can get it.
7172120	7172760	It works.
7174220	7176380	William Shatner has it and did it and went up in space.
7176560	7177920	So go get it.
7180160	7182880	Barber and others will tell you that concept absolutely works.
7183920	7190580	Because what we have to do is figure out if we're having any kind of conflict, is it always
7190580	7193020	going to get solved through a kinetic war?
7194340	7197860	Well, that's the end of the world because you're not dealing with thermonuclear weapons.
7197860	7201900	You're dealing with weapons that would make hydrogen bomb look like a tinker toy.
7202960	7208960	So when you start getting into technologies that can affect space-time, where you could
7209860	7213700	dissociate basically the material of an entire planet, poof.
7214300	7215760	No, you don't go there.
7216340	7218240	So this is a serious...
7218240	7222020	See for most people, they look at too much science fiction and Hollywood crap and way
7222020	7227440	way too much ufology where it mixes in all this rubbish and false narratives and myths
7227940	7228640	with the truth.
7229080	7235280	But if you think about this as a thinking, a really serious person, even if there was
7236040	7239400	a civilization or one or two, that might be troublesome.
7239800	7242720	And I don't think there's any evidence there is, but you can't prove a negative.
7243080	7244480	So let's be devil's advocate.
7244960	7248340	No, I'll be the advocate of what 99% of my colleagues say.
7248340	7251900	that there are these worrisome aliens that we have to fight and blah.
7253540	7254600	Where are you going to fix that?
7254940	7256220	How are you going to fix that?
7256920	7257720	Through a war?
7258460	7259260	Through conflict?
7259940	7262300	Well, it would last about 0.1 nanoseconds.
7263660	7264940	No, this is stupid.
7265780	7267540	That is a suicide mission.
7268300	7270440	So if we're going to be serious about this,
7270580	7273480	then we have to think, well, even if that were the case,
7273540	7275280	and I don't think it is at all, neither does Jake,
7276360	7277660	but here's the thing, too.
7278340	7281940	Every man, and they've all been men so far,
7282140	7284900	who have been operational on those retrieval teams
7284900	7287580	that I've been meeting with back all the way to the early 90s,
7289140	7292300	not a single one of them, when they encountered a living one,
7293500	7297920	said they were anything but very peaceful and very enlightened and very kind
7297920	7301840	but very concerned about humanity and what we're doing to the earth
7301840	7303740	and to ourselves and potentially to them.
7303960	7307480	Because remember, now here's, let's cut this to the bottom line here.
7308340	7313280	The reason we're running out of time is that the technology curve from the 40s to now has
7313280	7314080	gone like that.
7315100	7322980	So right now, and Jake will admit this, the non-human ET craft and the really advanced
7322980	7327920	ones from Raytheon and some of the other companies are virtually indistinguishable.
7328360	7334840	But that also means the technology that can be weaponized is at that level, which means
7334840	7340660	humans, this corrupt organization not under the control of the President, the
7340660	7346900	Congress, and the Pentagon is becoming a threat to other worlds. This is where we
7346900	7351660	cross a red line and I've known about it for 30 years and I'm telling people we
7351660	7356340	are right there. We're right at that point and that you do not want to cross
7356340	7360480	that red line to a point where there has to be an intervention from out there.
7360480	7368680	there. But I think there are people in this crazy corrupt organization, this transnational
7368680	7373100	corrupt organization that runs this and a bunch of other stuff, who would like to see
7373100	7378660	that. Because I learned this in 94 from the crown prince of Liechtenstein, Hans Adam.
7378940	7383560	He seems super into this topic. He's popped up a few times. Didn't you take all the Roswell
7383560	7388200	witnesses and fly them out to Europe and meet with them? So you've met him too?
7388200	7390540	Oh yeah, yeah, I spent a whole afternoon with him.
7390700	7391400	And he's very...
7391400	7392180	No, he's part of the organization.
7392720	7393080	He is.
7393260	7394080	Oh, he was Opus Dei.
7394200	7397740	He funds Opus Dei, a really far right-wing group at the Vatican.
7398400	7400100	And I spent a lot of time with him.
7400340	7401300	But you see you like him?
7401400	7403720	You find him of pure intention?
7404240	7405400	No, no, his intention.
7405680	7407360	I was going to tell you this.
7407800	7408200	Listen.
7409820	7412600	So this long meeting was very disturbing.
7413600	7417280	And it was at the Pierre Four Seasons in New York.
7418940	7426860	Fifth Avenue across from Central Park and he had a suite. We wanted to meet for
7426860	7430620	a while and I couldn't de-conflict my schedule as an emergency doctor and his
7430620	7434080	schedule. We finally got together in New York because he was coming to visit
7434080	7439380	Lawrence Rockefeller. And so we had this long meeting and he told me, he says, the
7439380	7445820	reason I'm funding Bud Hopkins and even back then John Mack and some other
7445820	7460800	people is that and David Jacobs is that we want the public to hate the aliens so bad that we can
7460800	7466480	have an interplanetary war so that we'll have Armageddon so Christ will return I'm quoting
7467220	7473560	that's that agenda so it's an eschatological eschatology is to study how the world ends so
7473560	7483960	So from that point of view, instead of having a future, a new world, if you can take it as the ET said to Colonel Corso, that story is great.
7484640	7489560	A new world that we could go forward for hundreds of thousands of years as an event.
7489920	7492940	Let's end the world so Christ will come back, the Messiah.
7492940	7504540	So there's a weird part of this organization that's corrupt that has this firm belief that we have to provoke an interplanetary conflict.
7504820	7508460	And that's how the world comes to an end, and that's how Christ comes back.
7509620	7512040	Now, when I heard this, I just listened.
7513180	7516920	And I was, of course, horrified and stultified.
7517000	7518100	I went, what the fuck?
7518580	7519780	You know, WTF?
7520060	7521120	I didn't say it.
7522940	7527200	here. Where are you really coming from and the organization you're part of? Because he was part
7527200	7531580	of that. Oh, sure. So he wanted to speed up the end of the world so Christ could...
7531580	7534700	Which is why he was funding all the abduction groups and researchers.
7534860	7535940	You know, I've heard...
7535940	7540900	He was funding them because those were the frontline people. So a lot of those were
7540900	7547520	innocent people. They would have someone who a CIA special operations team or some other group
7547520	7551840	that had one of these man-made flying saucers or disks would abduct someone,
7552180	7558100	that case would then be channeled through a couple cutouts to David Jacobs or Bud Hopkins or John Mack.
7558320	7565240	Now, they didn't know that I was debriefing people who were the ones operating the abduction program that was human.
7566180	7567960	Same thing with cattle mutilations.
7568200	7569740	Linda Mooden-Half thinks those are aliens.
7570040	7570940	No, we're doing that.
7571600	7574780	So there's all this talk now of disclosures.
7574780	7577780	You have disclosures around the JFK assassination.
7578000	7579740	People want the 9-11 records.
7580040	7582280	They want all these things.
7582480	7583780	They want Epstein stuff.
7584320	7591060	And so, you know, do you think we get any progress on UFOs?
7591060	7596340	And then maybe even the better question, because UFOs are such, you know, it's so complicated.
7596420	7597360	It's this gangly octopus.
7597600	7600940	It's so hard to kind of find where the bodies are buried, so to speak.
7601920	7602780	No, it's not.
7602980	7604440	Well, yeah, maybe not.
7604780	7605860	So you think it is, it's easy?
7605980	7608680	Oh, look, here's what we're doing.
7608760	7611900	The actual intelligence that they need,
7611980	7614240	that like Mr. Grush was provided some of,
7614380	7616300	that could lead to hitting pay dirt.
7616840	7618760	We have a huge amount of it.
7618820	7622000	Other people I'm working with who have been former
7622000	7624860	or current special forces have a lot of it.
7624960	7630500	That can be provided to the operation I'm talking about
7630500	7631620	that's being looked at,
7631620	7634600	but that needs an executive order from the president.
7634640	7636260	This is the one pager for the president.
7636400	7636920	Is that going to happen?
7637060	7640820	Do you think he's going to listen and sign an executive order?
7640920	7642420	His son seems very into the issue.
7642640	7644100	Oh, Don Jr., I spoke with him briefly.
7644240	7645740	No, they're very interested.
7645860	7649240	Unfortunately, Don Jr. got gaslit about a lot of this by Elizondo
7649240	7650620	with false information.
7651140	7653360	Joe Rogan has totally been misled.
7653600	7656220	Your episode with Rogan got deleted or something?
7656540	7659240	Well, in order to get his money from Spotify, they had to take it out.
7659420	7659800	Really?
7660000	7660560	Oh, of course.
7661620	7664280	It's like when Sean Ryan had an Omid show in Herrera.
7664540	7666120	Shortly after that, he got threatened.
7666200	7667660	I can't be on that show anymore.
7667660	7667880	Really?
7668080	7669880	Am I going to get fucked with?
7670060	7670420	No.
7670460	7672000	I mean, you don't have the numbers.
7672540	7675320	If you had 20 million people, maybe.
7675560	7676440	I guess that's good.
7676760	7679380	Or the question is, what dirt do they have on you?
7679660	7681360	No, I think I'm pretty straight up.
7682080	7684300	So if you don't care about being bought off with money,
7685040	7686760	I'm assuming you have some assets.
7687180	7688340	Yeah, they're doing all right.
7688680	7689080	Yeah.
7689080	7689180	Yeah.
7690280	7693260	So if you're not corruptible with money,
7693360	7697880	and if you're not somebody who's going to try to jump the shark
7697880	7699660	by getting on the inside for the technology,
7699860	7700360	this is what happened.
7700480	7701820	That was Bigelow's Kelly's Hill.
7702760	7704280	Bob, Robert Bigelow.
7704440	7705980	And you're not afraid.
7707580	7710500	And you don't have something they could blackmail you with.
7711440	7716840	Do you think Bob Bigelow has a warehouse with UFOs in Vegas?
7717260	7717560	No.
7717620	7718240	You don't?
7719080	7730080	I can tell you that Colonel Alexander, who was his consigliere, that was all set up so that the $22 million that Harry Reid helped get to Bigelow Aerospace to research this would be...
7731160	7732600	Here's what that operation was.
7733000	7734420	Send the money to that.
7734960	7736120	Bigelow didn't know this.
7736340	7737320	He really didn't.
7737320	7737820	He was innocent.
7739160	7741800	It was Alexander who did all the gaslighting.
7742040	7743400	Send the money to there.
7744020	7745160	They get the money.
7745320	7747900	The Pentagon thinks they're going to get a serious research effort.
7749080	7753100	You might as well have opened the toilet lid, flushed $22 million down to the sewer.
7753760	7755340	Because that was a setup.
7755680	7762620	And I spoke to General Bob Herbert, who had left the military and was right-handed to Senator Reid,
7762780	7765020	about this a few years ago during COVID.
7765240	7767620	And another senior operative who worked with him.
7767740	7772800	And they said to me, we didn't get anything of any value out of all those millions of dollars.
7772920	7773260	I said, no.
7773260	7777600	because the person who is actually directing that operation is someone who
7777600	7782520	has been key to covering this up for decades as part of this rat pack of guys
7782520	7788320	named Colonel Alexander who by the way is the consigliere a mentor for one Lou
7788320	7794160	Elizondo okay so look you know I'm not gonna mince words with you I know you've
7794160	7798380	gotten all submerged in this stuff and it's all mixed up in your brain but I'm
7798380	7802360	trying to give a little clarity I know I'm a very but people hate that I'm so
7803600	7808860	But, you know, I tell people, if you have a brain tumor, I'm not going to tell you you have a migraine, right?
7808940	7812400	I'm going to say, hey, bro, I'm sorry, you've got a brain tumor that's got to come out.
7812520	7814540	But that's just how I run.
7814700	7816120	I'm a very direct person.
7817960	7826940	But so that operation really was sad because, and I really think what Bigelow wanted to do,
7826940	7832100	and I remember meeting with him privately after the Rockefeller meeting,
7832300	7836300	is that he wanted to get on the inside of the tech
7836300	7838700	and what was really going on with the intelligence community.
7839100	7841240	Because, you know, he was a Las Vegas billionaire.
7841640	7845280	He was an heir to a real estate fortune in Vegas.
7845640	7846760	Budget suites, right?
7846940	7847980	And all that, yeah.
7848060	7849580	So he had the money.
7849800	7852700	So he didn't need the money, but he wanted the access.
7852820	7856540	So they find what your soft spot is.
7856940	7858260	Where's your soft underbelly?
7858400	7859960	Some people, they just want to get rich.
7860140	7862560	Some people, they just want to get in a position of power.
7862960	7865320	Some people, if they're already rich and powerful,
7865580	7867740	they want to get on the inside of this big secret.
7868100	7870000	So that's how they got their hooks in him.
7870060	7871180	And I warned him of that.
7871600	7875220	Same thing with Joe Firmage that got pulled in and was...
7875220	7879180	This was this tech entrepreneur who got super into anti-gravity.
7879360	7882700	Yeah, and he got totally gaslit and pulled into an operation.
7882700	7883700	It ruined his life.
7883920	7885920	And then he got put in prison for something?
7886940	7888060	this is going to be an op.
7888500	7890660	You're going to spend your money and all this time.
7891020	7892600	Because he took the same bait.
7892780	7893460	He was wealthy.
7894220	7898120	And I met with him at the Mars Cafe in South of Market in San Francisco
7898120	7899520	way back in the 90s.
7899940	7900820	And I warned him.
7900820	7904180	I said, Joe, you're a mark for these guys.
7904520	7908220	And sure enough, that same group of people intercepted him.
7908300	7910720	Peter Thiel was almost intercepted by some of these people.
7910860	7911100	Really?
7911300	7912940	For energy, technology stuff.
7913060	7915300	Yeah, with Hal Puthoff and some others.
7915440	7915640	Peter?
7916160	7916560	Yeah.
7917240	7919000	The guy that I've worked with?
7919300	7922860	Yeah, they were going to get $150 million of his that would be flushed down the toilet.
7923420	7924040	Howell put off?
7924640	7925600	No, I don't think so.
7925780	7926160	Yes, sir.
7927060	7933400	I got a heads up from the senior most CIA guy, and I back-channeled that information to Eric Weinstein.
7934160	7941420	Yeah, but I've met with, because I'm open about this, I've brought Howell into the office, but nothing ended up happening.
7941960	7945140	Well, no, but they're putting him out.
7946940	7952700	80s I guess now. It's like a lot of these guys, they have to find a replacement. But
7952700	7962000	no, he was an operative that was... probably his closest friend ever is on my team, I mean
7962000	7965720	I know the whole back story. Same thing with Jacques Vallée, great guy, brilliant guy.
7966040	7971520	But at some point he got too far involved with that same cabal of people and got corrupted.
7971520	7980660	And this is why, you know, in our documentary, we talk about the document that he admits
7980660	7981220	to having.
7981560	7984240	It's in his 1992 book that Jacques Vallée wrote.
7984360	7985120	I forget the name of it.
7985820	7988760	And there's an entry where he talks about having a 1985.
7989620	7994180	That was when he really got involved with the Colonel Alexander types and Stubblebine
7994180	7994380	types.
7994420	7996900	The Advanced Theoretical Physics Working Group.
7997100	7997260	No.
7997460	7997900	No.
7998020	7999000	Just let me finish.
7999000	8016680	The document is a description of CIA operations in Argentina and Brazil to abduct peasants so that they think they're being abducted by aliens for its, quote, I'm quoting, psychological warfare value.
8016680	8019560	Now we've asked Jacques Vallée to release that document.
8019840	8025540	He got very agitated against my research producers and said, no way.
8025780	8032760	Because I think he knows that that is the core of the cover-up, is the false convincing
8032760	8034560	of the public of an alien threat.
8034880	8040320	But this is a black and white CIA document Jacques Vallée has, and I know a couple other
8040320	8044520	people have it, but they've been threatened, that outlines that operation.
8044520	8051020	So these abduction programs have operated not just U.S., but also overseas for decades.
8051400	8053840	Remember, that's a 40-year-old document, 85.
8054320	8056600	And those programs were started well before then.
8056980	8061860	Well, I will say, Charles Douglas Jackson ran psychological warfare for the country
8061860	8065480	and was operated in the Psychological Strategy Board under Gordon Gray.
8066740	8071860	He showed up at Betty and Barney Hill's house two weeks after they encountered what they
8071860	8072220	encountered.
8072380	8074020	So I've always found that to be kind of interesting.
8074520	8077740	Then he went on to work for Life and Time magazine and he was responsible for putting
8077740	8080800	out the Zapruder film of JFK getting shot with missing frames.
8081320	8083440	So maybe there's something kind of weird there.
8083600	8083840	I don't know.
8083920	8084980	Well, I'm telling you there is.
8085100	8086960	I mean, this is the part of this.
8087000	8088020	I call it the myth.
8088660	8093360	In the briefing document for the president, I take out some of the names that I know are
8093360	8094480	the operatives doing it.
8094660	8096320	But it's a one-sheeter.
8096520	8100400	On one side is the myth and the other is the truth.
8101300	8103400	And who are the purveyors of the myth?
8104520	8111300	the actual facts of it. And unpacking it is a very arduous, complicated, and I'll admit,
8111520	8119680	I didn't know what I'm just telling you back in 1990, 94. It came from being pulled in
8119680	8127540	by people who wanted me to know the truth, who are these deep throats. Some of these 800 people
8127540	8132940	have debriefed. But there are documents that would prove this, like Jock Foley has that document.
8134520	8137900	Enforcement and the president should say, subpoena that.
8137980	8142040	Do you think Nixon was taken out over this issue with Watergate?
8142160	8142500	I do.
8142540	8147300	The real deep throat is a guy named Mark Felt, who's a deputy director of the FBI.
8147440	8152920	In his biography, he talks about Nixon being shown covert technology.
8153080	8157880	And then there's this famous story of Nixon showing up at Jackie Gleason's place in 1973
8157880	8162780	and telling him we have secret UFO technology, taking him to Homestead Air Force Base.
8164520	8167560	gets obsessed with UFOs, his house becomes shaped like a UFO.
8167740	8168000	I know.
8168080	8169760	So is that story, is that all true?
8170060	8172300	100% true, but it goes back further.
8173480	8181720	So let's explain how national security in the 50s, maybe from the 50s on,
8182760	8187420	the chairman of what's called the Space Council for the United States government
8187420	8189200	is the vice president traditionally.
8189540	8193480	Now they have a professional director, but the vice president is chairman.
8194520	8197020	Nixon was chairman of the Space Council during Eisenhower.
8198120	8201300	He was part of the team that betrayed Eisenhower,
8201400	8203180	along with these others.
8203480	8206180	So they circled their wagons and their limousines
8206180	8208920	and pushed Eisenhower further out of the picture.
8209120	8210120	It's the 54-12 committee.
8210300	8212880	So they were very upset, obviously.
8213600	8216660	So Nixon, of course, lost the election with Jack Kennedy,
8217620	8219420	and then he won in 68.
8220780	8223620	So when he was going to be in his second term,
8224520	8228540	He was going to be the person he thought would disclose all this and start bringing it forward.
8228940	8234200	But the organization that's way more powerful than the presidency said, oh, no, you're not.
8234520	8235560	Oh, yes, I am.
8235840	8236760	Oh, no, you're not.
8238320	8239700	So Watergate did happen.
8239940	8243600	But, I mean, that kind of black bag stuff happens all the time in politics.
8244280	8246420	I mean, I'm not excusing it.
8246500	8248740	It's just a dirty business, a filthy business.
8248740	8257240	So what happened is that there was a young reporter named Bob Woodard who was actually
8257240	8259820	Naval Intelligence at Pentagon.
8260140	8261440	He was not a journalist.
8261560	8267160	He got moved over to the Washington Post, happened to have this whistleblower who then
8267160	8274600	gas, you know, the cover was, let's expose the corruption that Nixon did, which he did.
8275840	8280740	But it was really to remove him because he was hell-bent, I'm bringing this stuff out.
8281060	8286380	So a similar thing, of course, happened to Bill Clinton, the whole Monica Lewinsky thing.
8286620	8293900	Linda Tripp was an Army Intelligence NSA person, was put right beside Monica Lewinsky at a cubicle
8293900	8298840	to get through social engineering befriending her the information about that affair.
8299360	8303340	And then it was set up because when he was asked about it, Clinton lied about it under
8304600	8309040	Which it led to his impeachment that was also and so when Hillary said
8309700	8313020	And I'm like excusing any kind of behavior. I'm not trying to
8313020	8318500	But I'm just telling you this is how it is done. Mm-hmm
8318500	8322800	All right, so they can either kill you they can threaten you
8322800	8327200	they can do all kinds of stuff or they can set up something like that because
8327920	8331600	Very few people get at that level of national politics that are squeaky clean
8333100	8336700	And they're going to know that and they can use it against you.
8337300	8341700	So this is where people talk about lawfare and all the stuff going on.
8342100	8343620	It's been done for decades.
8343900	8351140	Let's face it, Nixon weaponized the IRS and the DOJ long before the people in the Trump
8351140	8352420	circles started talking about lawfare.
8352640	8353760	That's a proven thing.
8354060	8355300	Do you think there's any connection?
8355660	8357000	And Nixon was a Republican.
8357000	8361720	Yeah, right. So I mean, you know this kind of dirty trick stuff's been going on since
8362820	8367880	Forever speaking of dirty trick stuff. Is there any connection between Jeffrey Epstein and UFOs?
8368180	8370160	I have no idea and I actually
8370720	8373720	The salacious stuff related to that. It's like oh my god
8375280	8377180	I'm not excusing any kind of
8378400	8380500	Underage whatever but you know
8380500	8386240	I think that that was probably a op to try to pull in certain people and then have a blackmail file on them
8387000	8388240	Yeah, that seems like it.
8388300	8391200	And I'm speaking with some absolute knowledge about it.
8391440	8397600	Because there's a very senior person in the national security apparatus who was part of that,
8397720	8401980	who's being kept on a short leash because they have a blackmail file on it.
8402540	8405340	And so that's how it's done.
8405660	8413660	So, you know, I could do a whole five-hour podcast with you about the techniques of counterintelligence
8413660	8417300	and disinformation on this and the kind of dirty tricks run on people.
8417500	8420100	And if they can't get something real, they'll make it up.
8420140	8421700	Because with AI and deep fakes,
8421800	8424740	I mean, they could show that everyone in this room
8424740	8425680	have an orgy together.
8426300	8426740	Right?
8427620	8430060	They can take my voice and make me say anything.
8430400	8432440	They can create any docs they want.
8432480	8433640	It'll look absolutely authentic.
8434480	8436440	In fact, I just had that happen last week.
8436460	8438540	My iPhone was hacked into and all kinds of stuff.
8438700	8439580	I was threatened.
8439980	8440440	Oh, no.
8440760	8442660	Oh, this has been happening since 91.
8444720	8448180	Isn't Tesla's stuff still classified by the U.S.?
8448180	8450980	And I know Towns and Browns is classified by the Navy.
8451260	8455980	So we're talking about classifications of all these other things
8455980	8457900	and declassifications of all these other things.
8457940	8458720	What about the science?
8459000	8460980	Like fundamental science shouldn't be classified.
8461080	8464380	Can we get Tesla's work open source?
8464540	8465400	Here's the problem.
8467520	8473100	Everything that doesn't fly or teleport should and could be declassified.
8474660	8480040	I mean, I've seen some technologies at an underground lab on the Mexican-American border.
8480180	8480460	Really?
8480480	8485720	El Paso, that you could regrow a limb, a severed spinal cord could be corrected.
8486180	8486860	Are you serious?
8487120	8487320	Yes.
8487400	8489480	But that's not being widely distributed?
8489480	8495120	No, because the physics behind it, I don't know if you have a physics background, the physics behind that.
8495440	8495860	Scalar?
8496900	8504040	No, trans-dimensional physics, would be able to also quickly, to any scientist, be converted to,
8504660	8511000	energy from that. All right? So if you, in the energy sector that runs the planet
8511000	8515180	where everyone's dependent on this line of super tankers and power plants and
8515180	8520240	all of that, the whole Bretton Woods with the petrodollar, the dollar being the
8520240	8526200	reserve currency because of petroleum basically. Aramco in Saudi Arabia was
8526200	8534400	basically set up by the CIA. So all of that integrated macroeconomic issue is
8534660	8540400	really one of the core reasons for the secrecy. And so any technology that would open that door,
8540620	8547300	they don't want out because it threatens the current order. And when I explained this to
8547300	8552700	the Honorable Paul Hillier, who had been Minister of Defense, I was one of the reasons why he came
8552700	8559600	out publicly. We did a press conference together in Toronto. Before he contacted me, he contacted
8559600	8562200	that a four-star general in the United States,
8562300	8563380	because he read a book called
8563380	8565240	The Day After Roswell by Philip Corso.
8567860	8570580	And then he realized this four-star general,
8570640	8571560	he said, is this true?
8571660	8572620	He says, oh yeah, that and more.
8572980	8575420	That general had been read on to it.
8575560	8578820	And so he called me up and we met.
8579420	8582240	And I spent a lot of time at his place in Toronto.
8583620	8586940	And I explained to him the whole macroeconomic order,
8587420	8589460	how it runs, who runs it,
8590780	8598880	etc. And it turned out he was a macro economist. And he said, I've never connected UFOs and ETs
8598880	8604420	to the science and technology part dealing with energy. I said, well, bingo. That's the heart of
8604420	8610480	it right there. That and the militarization of the relationship between humans and non-human
8610480	8616120	so that the military industrial complex can be this global behemoth that keeps sucking money
8616120	8619160	money out of the people and governments in endless war.
8619440	8621620	Have you heard the name Tim Taylor ever?
8622200	8623120	No, I don't know him.
8623680	8625220	What about Ron Pandolfi?
8625280	8625920	Have you heard that name?
8626040	8626200	Oh, sure.
8626540	8627980	What do you think of him?
8628380	8633060	Because he comes up a lot in this topic as somebody interested in it.
8634660	8637740	Look, you bring up names a lot.
8637900	8639760	You know what Eleanor Roosevelt said?
8640320	8641240	Yeah, she did.
8641400	8642700	So you're insulting me.
8644720	8650300	small minds talk about people mediocre minds talk about events great minds talk about ideas
8650300	8654120	so you don't want to talk about pandoffy well there are a lot of you can name a list forever
8654120	8661540	yes of course he was has been involved in those things and um i think he he's another person
8662400	8669360	who's uh very knowledgeable and had been read on very early on in his career
8669360	8675680	and who I think really, I believe, really wants a correct outcome.
8676060	8676500	Okay.
8676600	8680140	Okay, so I think there are a lot of people that are,
8680280	8685000	you know what one of Jake's guys said to me?
8686860	8690080	Wonderful man, brilliant, named Don Paul.
8690360	8691460	I don't know if you know Don Paul.
8691460	8692860	Yeah, I've heard great things.
8692940	8693840	I saw him get interviewed.
8694380	8695780	Just a wonderful man.
8695780	8703420	and he had picked me up once in LA when I was doing something and he dropped me off,
8703580	8708020	I don't know, at Airbnb where I was staying, and he said,
8709100	8715200	he said, Dr. Greer, thank you for what you're doing for those of us stuck on the other side.
8716120	8721440	And what he meant by that, we're stuck on the side of these illegally run,
8722620	8729660	shadowy legacy programs, but they're patriots. They're good men and women. They want out,
8730460	8735280	but they need a way out. So that's what I'm trying to get the president through these
8735280	8741460	five executive orders. Here they are, one page. Awesome. It's put in his hands. He has this.
8741680	8750300	Very cool. We'll link it. One of them has to be this complete amnesty and immunity and physical
8751440	8754240	of these people so they can come forward with everything they have.
8754780	8755280	Right?
8755680	8759460	But you can't expect people to do that naked, uncovered,
8759780	8764820	when if they're doing so, it could result in their families being killed
8764820	8767220	or they're being imprisoned under false pretenses.
8767360	8767560	Of course.
8767800	8772100	So I tell people, what good is there having an FBI,
8772960	8776420	is what I'd say to Mr. Cash, Patel,
8776540	8781140	if it's not going to be used against the worst criminal enterprise
8781440	8783840	within the US, the true deep state,
8784460	8787540	that is victimizing patriots and heroes
8787540	8789060	trying to come forward.
8789540	8791900	I mean, this nonsense needs to come to a screeching halt.
8792080	8793940	And a lot of these men and women,
8794020	8795100	that's what they're waiting for.
8795380	8797160	And we got really close to it
8797160	8800100	when Congress was supposed to pass that bill
8800820	8804460	to give them safe harbor or amnesty and protect them.
8805100	8809100	But it was gutted by Turner, Rogers, Pelosi,
8809380	8810100	some other people.
8811440	8817700	out there do you have a most kind of visceral convincing piece of evidence
8817700	8821740	that you've seen in your life or you're in possession of either a document or a
8821740	8826760	piece of material where you're like this is disclosure for me you know this is
8826760	8832260	this is kind of obvious it was the weight of the evidence and you know I
8832260	8837360	don't have a dead ET body or a craft I can haul out mm-hmm but that's what I'm
8837360	8840800	hoping this special operations team can acquire well there you go because we
8841720	8844980	do you feel like you're being so i know where the under you know if you look at our map
8844980	8850640	that's in hold that up this is the brief there is a map in there that actually has
8851280	8855820	where all the key black sites are and where all this stuff is we'll throw it on and it but it's
8855820	8862620	all based on frankly intel from all these whistleblowers yeah we had a deep underground
8862620	8867780	military bases are across the u.s and bechtel has built a lot of them i think we use techniques used
8867780	8870340	by the Nazis actually after in World War II.
8870340	8873160	Well, no, because in our archive,
8873200	8875680	we have the actual 1960s patent
8875680	8878680	for a nuclear-powered tunneling device.
8878880	8880020	And let me explain how it works.
8880260	8883660	It goes through bedrock and basically turns it into glass.
8883900	8884240	Whoa.
8884280	8889840	And so you have connectors from Nellis, Area 51,
8889860	8892360	to Edwards, go underground, boom.
8892620	8897600	Dugway, from the Capitol out to the mountains in Virginia,
8898400	8899780	These have all been built.
8899900	8903840	Now, of course, they don't want to disclose because it's a nuclear-powered thing if it malfunctioned.
8904000	8908880	But it's a nuclear-powered device that Bechtel and other corporations have used
8908880	8912500	to build not only the connectors but the deep underground facilities.
8913660	8916420	Most people call them STIFs, subterranean facilities.
8916880	8919640	Some people call them DUMs, deep underground military bases.
8920000	8924940	But it's a bit of a misnomer because military would connote the legal military.
8924940	8931240	So you have the shadow government military that Senator Inouye talked about, and you have the conventional.
8931680	8939520	Now, when I was briefing the senior investigators for Senate Intelligence Committee when I first started meeting with them, they didn't know we had these facilities.
8940100	8942340	They didn't know we had man-made UFOs.
8942560	8950220	They didn't know the NRO had neutrino light detectors on them, picking up the signature of the ET craft and knocking them down.
8950480	8952680	They didn't know, and the list goes on and on.
8952680	8961720	And interestingly, the main guy I was talking with in his portfolio of oversight for the Senate Intelligence Committee was the NRO, CIA, and NSA.
8962880	8964760	Totally had no knowledge of it.
8965060	8981180	So I tell people this is where it gets scary for me as a young doctor when I discovered something this important is being taken out of the hands of the oversight of we, the people's government.
8982680	8984100	that we elect and the people we appoint.
8984700	8990440	And then the people who are in that system, because they're there, are basically not answering
8990440	8994720	to the Constitution, the president, or the will of the people and the Congress.
8994860	8997960	They're answering to this cabal of corrupt enterprises.
8998540	9006160	And that is a very dangerous thing when you're dealing with technology at this level and
9006160	9007300	the human future.
9007640	9010800	And this is where I'm fiercely...
9012680	9016140	I feel like I'm a one-man anti-defamation league for ETs.
9017540	9020720	Because everyone out there wants to have the good ones and the bad ones,
9020780	9023800	where we're going to have Star Wars and Cowboys and Indian in space
9023800	9025280	and an endless war of...
9025840	9028460	I'm going, oh, my God, can we just grow up out of that?
9028800	9030020	I mean, this is so...
9030020	9031180	First of all, it's so stupid.
9031720	9032960	I mean, it's dumb.
9033760	9034160	Dumb.
9034320	9035200	I mean, it's like...
9035200	9036900	But it's hard to speculate on these things.
9037020	9037320	I mean...
9037320	9037900	No, it isn't.
9037940	9039280	We don't have great data.
9040220	9042400	You know, because you haven't studied my stuff.
9043560	9044740	We have great data.
9044740	9045900	I've been looking through it.
9045900	9051160	Go look up this reference that Jacques Vallée's document from the CIA has.
9051200	9054560	Black and white says we're conducting the abductions.
9055060	9056720	But it's not just in the United States.
9056760	9057880	These operations are global.
9058380	9064360	So again, the other thing I said, so in the SCIF, the Secure Compartment Information Facility,
9065360	9067760	I'm in there and there's a map on the wall.
9067760	9072380	And it's a normal map of the world with all the geopolitical boundaries.
9072500	9073520	I said, see that map?
9074220	9078360	The boundary between America and Canada?
9078500	9079060	Erase it.
9079220	9082180	The boundary between Mongolia and China?
9082420	9083120	Erase it.
9083620	9088200	The boundary between wherever, India and China?
9088280	9088880	It's gone.
9089060	9094040	This organization moves with alacrity across the globe
9094040	9099340	because their technologies allow complete covert movement, invisible
9099340	9105680	movement, and they have assets everywhere. We know that there have been apparently
9106600	9111340	a man-made UFO that went down in Russia. We've gotten that confirmed recently
9111340	9116160	from a special operations team. Wow. And there was one that crashed and went down
9116160	9121080	in northern Iran that we had to try to go in and stomp down. But you know we
9121080	9123540	We have the, this is the next one that just came out.
9126020	9127480	Ouch, hurts to bend.
9128120	9131060	I have these three big puncture things in my abdomen.
9131360	9134140	So this is Disclosure and Illustrated History.
9134640	9143960	And it's a 220, 30 page book that has, you know, all the, I wonder where the Herrera one is.
9144180	9144440	Yeah.
9144680	9146720	So they have all these cases.
9146880	9149180	Oh, here's the Tic Tac.
9149380	9150260	Oh, there you go.
9151120	9153140	San Diego, California, 2004.
9153580	9161040	Yeah, but we have one in there as a contrast from 1967 in Pennsylvania and 1991 off the Azores.
9161420	9166660	Here is the Raytheon Triangle at Fort Irwin.
9168320	9170160	That is man-made.
9170320	9170820	Wow.
9170940	9175800	And the guy who saw it in detail, because he picked up some night skids he was told not to,
9176440	9180920	saw that there was this one, and then they were holographically projecting several others.
9181300	9185760	This could be used in a false alien invasion, like a hoaxed invasion.
9186520	9192020	And then later, he and his wife got abducted by this thing and tortured.
9192780	9194180	And it was Raytheon.
9195300	9197500	I would say out of a million people...
9197500	9198620	Do you have proof that it was Raytheon?
9198960	9202920	Oh, yeah, because he said the men who took him there were Raytheon operatives.
9203320	9205500	They took him aside, wanted to show him this.
9206120	9207980	but not without the night scopes.
9208060	9209660	So he saw more detail than they wanted.
9209840	9211720	And for that reason, it ruined his life.
9211800	9213540	Stephen Digno, wonderful man.
9213880	9215620	And Wernher von Braun was convinced
9215620	9218300	that there would be this sort of false flag operation?
9218300	9220500	Sure, because he knew when he died in 74,
9221100	9222800	that was all fully operational.
9223160	9224540	You work with his assistant, right?
9224940	9227740	His last spokesperson for his life,
9228420	9230520	Carol Rosens on our team, wonderful woman.
9231160	9233120	She's been trying to get a treaty signed
9233880	9238300	that should have been signed decades ago keeping these weapons out of space.
9239700	9245300	Didn't she also tell you though that Wernher von Braun used
9245300	9249560	psychotronic weapons technology against her or something? Used some psychotronic
9249560	9254740	technique? It wasn't against her, it was for him to transmit to her a speech he wanted
9254740	9259660	to give to a big conference. Wow. And he used like a mind interface.
9259660	9262900	interface, a neural link sort of thing, but without the wires.
9263680	9266020	What Elon's working with with neural link, think of it,
9266980	9270020	what Jake's talked about with psionics. Think of being able,
9270080	9275140	this is where my specialty came in, back after my contact experience
9275140	9277260	in 73, is
9277260	9282300	I realized that these civilizations have
9283160	9287180	technologies that interface directly with coherent
9287180	9294000	thought. So not just any scattered thing. But like if you like in the consciousness field
9294000	9301300	is not limited by space time. And which means it is essentially omnipresent.
9302020	9306440	So if you operate at a level of understanding that and then with thought intend,
9308080	9312720	you can reach any place in space time, but also you can transmit information that way.
9312720	9318100	And it can be received, but they're not just doing it telepathically like gurus.
9318400	9328080	They have technologies that would look like a little box or a little device that can receive directed thought, consent, and transmit.
9328380	9340700	So in 1991, I wrote a paper, went all through the aerospace industry and CIA, which kind of also put me on the radar, talking about technology-assisted consciousness.
9340700	9341920	Consciousness, right?
9342080	9344620	Where your technology can assist you in the ability.
9345820	9347820	But also consciousness-assisted technology
9347820	9350640	where your thought, bioelectric field of thought,
9350780	9354100	can actually turn on a computer or affect remote places.
9354860	9358160	But it can be done innately, you know,
9358180	9359960	just through those powers and abilities
9359960	9363680	that some telepathic and telekinetic people have.
9364020	9366940	But it can be done technologically-assisted.
9367200	9369660	So that's why I call it TAC and CAT.
9370700	9375200	So that's in my first book, Extraterrestrial Contact, the Evidence and Implications, but
9375200	9375840	it's from 99.
9376200	9377240	You can still get it.
9377580	9383480	But I think that that describes this, and that is exactly what they have.
9383620	9389120	So interstellar communications don't involve a smartphone going at the speed of light.
9389360	9393080	They involve node-to-node quantum entanglement.
9393400	9398200	So if you know what quantum entanglement is, every point in space is connected to every
9398200	9402080	other in sort of a holographic non-locality.
9402880	9407580	And so whether you're in an Andromeda galaxy and you're here, two and a half million light
9407580	9407800	years.
9408740	9415280	You're not going with a Verizon signal at the speed of light, because it would take
9415280	9419400	two and a half million years to go one way, answer the call, it'd be another two and a
9419400	9419880	half million years.
9420040	9422580	It's going node to node through entanglement.
9423220	9425520	But there are technologies that assist with that.
9425520	9436520	But when you get to that level of physics, you also get into the telekinetic, psionic, telepathic capabilities, which can be interfaced technologically.
9436920	9439820	So that's actually what we're doing with CE5 Contact.
9440060	9446160	We're not using any technologies, but we know our friend, the visitors, they have it.
9446460	9451500	So if you can remote view them, connect to them, and then invite them, we don't summon them.
9451680	9453620	I told Jake, don't use the word summon.
9455520	9458040	If you're the king of England, you summon your valet.
9458740	9460140	These are not your servants.
9460380	9462300	It's a disrespectful term.
9462880	9463960	We invite them.
9464280	9468480	And so we say what we're trying to do is create a rapprochement
9468480	9473220	and a contact between human and non-human for peaceful purposes.
9473480	9475400	We're not here to summon them over and kill them.
9475860	9481560	So that's the philosophy, let's say, or ethos behind CE5 contact.
9482420	9485420	And, you know, there are millions of people around the world doing that.
9485480	9485800	Amazing.
9487220	9488620	That gets me the most grief.
9488820	9491120	You know, Jake and I have talked about it, other people have talked about it.
9491240	9495740	But it's also why the CIA and military intelligence took us most seriously.
9496000	9497360	Because they knew it worked.
9497680	9502240	I mean, they knew when we had this group in 92 on a beach near Pensacola, and we had this
9502240	9506740	60 people for a weekend demonstrating this, four of these craft just pop up right there.
9506960	9511120	They seem to take intense interest in people who attract UFOs.
9511560	9517060	in you, there's Chris Bledsoe, this case in North Carolina where Hal Pauvenmeier, this
9517060	9517820	longtime NASA guy.
9517820	9522080	Oh, and then he's been intercepted by Jim Simivan and other disinformation people who
9522080	9522860	are eschatologists.
9523340	9524640	So do you think he...
9524640	9526520	They're fanatics who want the end of the world.
9526520	9527940	Do you think Chris Bledsoe actually saw something?
9528300	9528860	Oh, sure.
9528980	9529460	I'm likely...
9529460	9530080	I don't know him.
9530180	9530660	I don't know him.
9530720	9533020	Because by the time I learned of it, he'd already been intercepted.
9533060	9534280	But you think he got intercepted?
9534280	9535320	He saw something and then...
9535320	9535700	Absolutely.
9536220	9536620	Absolutely.
9537180	9538340	Most people are.
9539440	9545400	And you think their interest, these military intel guys, their interest is in eschatology?
9545980	9551280	No, not all of them. Like I said, you can't be simplistic here. Some are about
9551280	9558120	macroeconomics, power, control, military industrial, endless war. Others have this sort of belief
9558120	9565940	system that we have to have some kind of end game Armageddon nonsense in order for Christ
9565940	9571680	to come back or the Messiah if you're Jewish or whatever or the Maitre or Buddhist you know
9572580	9578020	all of that is of course I think a misinterpretation of things I don't think it's the end of the world
9578020	9584400	it's the end of this era the opening of another a golden age so I think if you look at what the
9584400	9591020	so-called current cycle of the last 400 000 years that's one cycle I think we're coming to the end
9591020	9595460	of that cycle and opening a cycle that will be universal that'll be about
9595460	9600980	another 500,000 years that'll be marked by universal peace not just world peace
9601940	9607420	interstellar travel a very advanced society here and people being liberated
9607420	9612760	financially and and by the means of work so their work week will come become 10
9612760	9616580	15 hours and they'll be pursuing the development of higher states of
9616580	9620100	consciousness and all these other abilities that are innately within us
9620920	9625280	part. So I think that's where we should be going. Now there are other people when
9625280	9629900	it's just a, it's like the Hopi prophecy. One line goes up and the other one
9629900	9634980	terminates. The question is do we want to be on the termination line? In which case
9634980	9639000	the only way to go forward is for our civilization to come out of the dust.
9639320	9645120	Like at the Phoenix out of the ruins. Rise from the ashes. Which can happen but
9645120	9649780	you know why choose that when we can choose something else? Yeah. So right now
9651020	9657160	is open for us to make that choice, individually, collectively. The people who are proffering false
9657160	9663360	information about the alien threat, that we don't have these technologies. If you say we don't have
9663360	9669640	them, then everything going on, you can ascribe to aliens when it's not. That's the false flag.
9670040	9674580	That's what I'm going to go after. Because people who say that, they're lying. They're either
9674580	9680420	ignorant or they're lying. Now Elon Musk recently said on Joe Rogan he has an
9680420	9684480	all-access pass through Lockheed and Northrop and we don't have any of
9684480	9688820	these technologies. The best technology out there is his rocket. To be honest
9688820	9694960	with you I don't know the gentleman. I have no idea if he's not been read on or
9694960	9700700	if he's deliberately deceiving. What would be your guess? I wouldn't wager one
9700700	9702200	because I could see it either way.
9702640	9704980	Because of the level of people I've met with
9704980	9705880	and have met with recently.
9705900	9706660	He's got to know.
9706860	9710400	If in the world in which UFOs and zero-point energy,
9710540	9711400	all these things are real,
9711500	9713640	he's got to be the, you know.
9713700	9715240	No, but here's the problem.
9715260	9716260	He doesn't have an all-access pass?
9716400	9722520	I was once at a meeting with a chairman of SRI and AT&T.
9722920	9725560	They have compartment operations that have dealt with this.
9726800	9728620	Bell Labs and all that.
9728800	9730100	This was back in the 90s.
9730700	9739420	And they said to me, we suspect there are projects in our companies, Stanford Research
9739420	9743520	Internet, dealing with this, but we're not read on to them.
9744540	9746920	So there's a very big mistake people make.
9747040	9747840	Oh, he's the president.
9748000	9749680	He's chairman of Senate Intelligence.
9750140	9756340	He's another general I briefed was the head of the Defense Intelligence Agency.
9756340	9764140	Now, for people who don't know, DIA, Defense Intelligence Agency, is the top military intelligence
9764720	9769560	organization for the whole Pentagon and military, like CIA is for civilian.
9770060	9773520	And I briefed a three-star general, Patrick Hughes.
9773960	9778340	He had absolutely gotten him briefing materials before the meeting, like I had for Admiral
9778340	9780300	Wilson and these sort of things.
9780980	9782140	He had no knowledge.
9782300	9784540	And when he made an inquiry, he just got brushed off.
9786340	9794300	disclosure project witness at work for DIA and also NRO imaging these objects out in space.
9795560	9800780	And he was very upset, General Hughes, because I'm in the conference room for the general.
9801620	9806880	And I said, look, there are people on your staff who absolutely have been read into this,
9806920	9811900	and they're lying to you. How does that work? Just as far as there being no clear chain of command,
9811900	9817940	end like how do you have pockets of middle management that are right in and then higher up
9817940	9822560	you know their their superiors don't know what's going on because i've heard stories they're huge
9822560	9828520	they're huge organizations and the people who are corrupt who are getting money they get kind of
9828520	9834780	paid back door by of course they're cut out they're cutouts they're operatives and you know
9834780	9839620	i mean there are all kinds of knocks non-official cover people so this is really an issue of both
9839620	9844120	corporate and American sovereignty because it's you're sort of you have
9844120	9848280	this like backdoor funneling of money in many yes that's right there's the legal
9848280	9854460	black budget of the United States right that the president and a gang of eight
9854460	9858520	the top people in the Congress know about sure not all the congressmen mm-hmm
9859120	9864880	and I deal with those folks but then there's the illegal black budget and I
9864880	9869460	tell people let's make it simple for the average person you know if we get
9869620	9875820	build two billion dollars for a B-2 stealth bomber. It's probably costing less than a hundred million
9875820	9879860	to make it. I mean, come on, once you've made a few of them. Does B-2 stand for Bifield Brown?
9880020	9885780	Do you think it's Townsend Brown? Wait, let me finish. The rest of the money goes out the back
9885780	9893460	door, the other 1.8 or 1.9 billion, out the back door into these clandestine, illegal,
9893460	9902460	illegal man-made UFO projects. So, you know, I've been over sites where these objects that are
9902460	9908960	man-made come up out of the desert, up through an opening, come up into the air, and they're
9908960	9916760	100% man-made. And I would say that almost everyone in the normal government, let's call it
9916760	9924480	the regular would think it was, oh my God, it's a UAP. Well, I guess it is. It's unexplained to
9924480	9930340	them. It's an unknown to them. But see, that's where it's dangerous. Because one of the reasons
9930340	9938540	I had the meeting with General Hughes was one of his colleagues, if you look at our disclosure
9938540	9945420	witness, Merle Shane McDowell, look it up, it's in here. He was working under Sink Atlantic Command,
9947180	9953800	Command in Norfolk. And they went to a full code zebra alert, which means the facility
9953800	9959540	shut down, you had to have zebra stripes on your badge, or you were shot by the Marines
9959540	9963800	there with M16s. Everyone had to be cleared out. I've been there. It's an underground
9963800	9969020	place. It's where World War III would be fought, all the nuclear submarines that we have. I've
9969020	9974800	been in there. My military escort took me in. Admiral train, Admiral Harry train back
9976760	9978860	an object came in off the coast of Newfoundland.
9979520	9982120	And it was what you said about Jack Kennedy
9982120	9984380	trying to deconflict this problem with the Soviets.
9985040	9988460	We thought it was a Soviet object or missile.
9989380	9992780	And so he picked up the red line to the Soviet Union.
9992860	9993620	This was the 80s.
9994140	9995400	It wasn't theirs.
9995660	9997960	It wasn't ours or that he knew of.
9998320	10000180	It came off down the coast,
10000420	10002740	ended up being on five radar stations.
10002980	10005740	We deployed an aircraft to shoot it down.
10006760	10014300	And it couldn't, but it had gun camera, and the admiral and this gentleman saw that footage.
10014520	10015440	I don't have it.
10015500	10016200	It's somewhere.
10018060	10020880	But the admiral was shaken to his face.
10020960	10022080	He had no idea what this was.
10022960	10025760	We could have gone to nuclear war over this mishap.
10026340	10027300	Think about it.
10027540	10034560	The guy sitting there, some commander in chief, Atlantic command, four-star admiral, not read into this.
10034560	10039720	So when I found out the head of the Defense Intelligence Agency wasn't read on,
10039840	10043800	and he's the top of that whole system for military intelligence,
10044480	10049400	I realized this is really dangerous that people at that level of our government
10049400	10056600	are completely unaware of this and could mistake a man-made UFO with an alien one
10056600	10059920	or something from another country and trigger World War III,
10060100	10063040	either off-planet or on-planet.
10064560	10069960	misinformation is of enormous national security consequence, but it's never been treated that way.
10070120	10077360	See, this is the problem. It's movies, it's podcasts, it's entertainment. But no, this is
10077360	10081820	of the gravest level of national security of anything I've ever heard of. And I've been around
10081820	10088920	a long time looking at a lot of spooky stuff. So that is where, this is how a country like ours
10088920	10097020	wars or others, they get sort of stumbled into a war, is what happened with the Iraq
10097020	10098120	and Afghanistan wars.
10098460	10103400	So we have to be careful here, because here we're not talking about a kinetic war with
10103400	10109200	boom boom bombs and cannons and the meat grinder of Ukraine and Russia.
10109420	10113400	We're talking about something that's very dangerous, orders of magnitude more dangerous.
10113400	10118860	And it simply is not being looked at and managed in a way.
10119120	10122200	Now, these executive orders that,
10123260	10125640	I mentioned the ones about the whistleblowers
10125640	10132680	and having an operation to get these stood down,
10133480	10136380	like the facilities that have been targeting these craft
10136380	10138480	that are ET and knocking them down,
10138540	10139420	that needs to be stood down
10139420	10140960	because that could lead to World War III.
10142100	10148700	and we need one that requires all these operations to fully disclose within six months
10148700	10152520	or the people involved would be prosecuted for treason and other crimes.
10152740	10158660	We need an executive order to authorize an advanced diplomatic team based on CE5 contact
10158660	10161860	to make peaceful contact with these non-human.
10162000	10170360	Because there has been no response from humans that has been anything but denial
10170960	10177520	or violent. Very ridiculous. That's why I started this whole project in 1990.
10178160	10185160	It was to address this issue that they're there, but how are we reaching out to them? Nobody is.
10185300	10190720	Not the United Nations, no foreign ministry, our State Department. It's all off,
10191240	10196580	because it's an unknown subject. So that has to be done, and we need an executive order
10196580	10201420	authorizing the review and release of the technologies as I said but excluding
10201420	10205900	things that could be used as a weapon system right but things that would
10205900	10211780	ameliorate the environmental problems and poverty on the planet and eventually
10211780	10216820	give the whole world what this executive chairman of this big corporation said
10216820	10221340	free energy for the whole world because you're pulling energy out of this
10223160	10227340	This subatomic field, hydrogen atom is key to this, by the way.
10227480	10227840	Interesting.
10228120	10228280	Yeah.
10229040	10230580	We're getting to the weeds here of physics.
10230840	10235280	If you were able to separate the oxygen and hydrogen bonds.
10235520	10236780	Oh, the hydrogen atom.
10237000	10237700	I'm talking about the atom.
10237860	10240820	So what people don't, here's the secret about Stan Meyer's little giddy.
10241840	10245320	He didn't know it at the time because they didn't have the tools to measure it.
10245640	10247280	It was an empirical observation.
10247740	10251120	I mean, it was just observed in the real world.
10251340	10255000	So empiricism is the foundation of most science.
10255420	10257680	You know, like we can observe the effect of something,
10257780	10262500	like a substance that's in foxglove, the herb, digitoxin,
10263100	10266800	which actually is used in medicine for congestive heart failure.
10267040	10269600	Well, it was discovered 100 and some years ago.
10269660	10272020	We observed the effect, but it was only very recently
10272020	10275020	that we knew what the actual mechanism of action
10275020	10280060	at a molecular and physics level was of this 100-year-old medicine.
10281880	10285820	aspirin. We knew it had these effects. We didn't know how it worked until not that long ago.
10286220	10294080	So this man, Stan Meyer, observed an effect that at certain frequencies, water would dissociate
10294080	10299800	into hydrogen and oxygen at less than the Faraday constant, the amount of energy needed to
10299800	10306060	dissociate it. What he didn't know, which has been documented, we mentioned this in our documentary,
10306160	10310040	The Lost Century, if anyone wants to look at it, go to Tubi, it's up there for free.
10311340	10320540	And it describes that when you do the very electrostatic high voltage system he was using at certain frequencies,
10320780	10333440	it creates these tiny little like ball lightning effects that it kind of tiny little explosions that activate and perturb,
10334740	10337920	stimulate that zero point quantum vacuum field.
10337920	10353180	And that's why the energy that he was getting out, in other words, if you just took the energy of oxygen and water, I mean oxygen and hydrogen, if you separated them into gases and burned it, he was getting much more energy than that.
10353220	10354340	But he didn't know where it was coming from.
10354700	10355680	That's where it's coming from.
10355800	10357600	So now we know the physics of that.
10358300	10363920	And I would like to see if anyone's listening who's actually venture capital, let's start a venture capital fund to do this.
10364440	10366860	Because I've got the people who can do it, but we don't have the funding.
10367920	10370180	here's a warning to you money-grubbing whores.
10370800	10373720	It's going to be open-sourced.
10374520	10375540	It's going to be like GitHub.
10375640	10377940	It's going to be put out openly to the public.
10378100	10379580	We have a mutual friend, Adam Curry.
10379820	10381720	He's super deep in a lot of these technologies.
10381720	10383080	Oh, yeah. He's a wonderful guy.
10383220	10384920	Yeah, he's great. Big fan of his.
10385100	10389100	But someone's going to have to actually set up a secure lab
10389100	10393820	that would be blockchained, open to the Internet.
10394260	10396300	Everything going on is known in real time.
10396380	10397440	No secrets. Sail back.
10397920	10401360	So you're not going to do the whole, here's the problem.
10401440	10402720	People think they're so clever.
10403240	10405140	They're going to work on this and it'll be secret.
10405460	10406760	Yeah, until they kill you.
10407200	10414960	The Stan Meyer guys, those guys who got the Stan Meyer collection and that toroid, all of them but one were killed.
10415700	10424760	And before they were killed, the Lord, I won't say his name, Lord so-and-so, out of the United Kingdom who was their funder,
10424800	10427060	called me up and said, Dr. Greer, we need your help.
10427920	10434260	late and a dollar short. They're after them. They figured out how these things work. And they think
10434260	10438800	they need to move their lab from Michigan to another country. I said, bro, you're going to
10438800	10443080	have to move your lab to another star system. This organization will hunt you down anywhere.
10443340	10448920	And what they need to do is dump everything they have through blockchain on the internet
10448920	10454800	and out to the public. But see, they had such a, excuse my language, they had a hard-on for
10454800	10457260	for getting the money and monetizing it
10458140	10461500	and keeping it their own little secret thing.
10462600	10463580	Next thing I...
10463580	10465820	So I wrote a whole, I don't know,
10465840	10467780	a couple-page thing, strategy for them.
10467900	10469240	I think it's in our archive.
10470900	10471560	It is.
10472260	10475460	But taking the name off of the Lord so-and-so
10475460	10477680	because he doesn't want to be known publicly.
10478380	10479260	That's amazing, though.
10479280	10480780	Somebody in the House of Lords was funding
10480780	10482660	this free energy project?
10482660	10484560	Well, I mean, everyone's interested in this,
10484800	10488440	If you've got a thinking mind and you're concerned about the world,
10488480	10490900	if you care about the world at all, but it was done incorrectly.
10491880	10493740	And I warned them at the front end of it.
10493800	10497540	I said, if you do this the way you're planning to do it, you're dead men walking.
10497960	10501660	Sure enough, a few years later, I meet with a guy in Orange County
10501660	10503600	who knew the one survivor of that.
10504120	10505900	And the guy was crying like a baby.
10505940	10506820	He said, all the rest were killed.
10507260	10508100	I said, of course.
10508960	10509980	What do you think would happen?
10510020	10512860	They were obscure, secret, unprotected.
10514800	10519160	if you're Elon Musk, you don't have enough money to keep yourself safe from that crowd.
10519420	10521540	You have to open source it.
10521860	10523220	How do you think you've been able to survive?
10524100	10525720	Attempts have been made on your life, right?
10526000	10526380	Oh, sure.
10526720	10526800	Yeah.
10527460	10530560	Do you feel protected by the ETs?
10530840	10531100	Yes.
10531220	10531680	You do?
10531880	10532160	Yeah.
10532240	10533300	You're guided by them?
10533580	10533800	Yep.
10534360	10534800	Wow.
10535100	10535960	That's fascinating.
10536060	10537160	They have a security team.
10537720	10538160	Wow.
10538740	10539440	That's amazing.
10539580	10543780	Like a physical security team, or it's more like sort of ephemeral as far as how they-
10544800	10548480	But I mean, look, they can move between dimensions.
10548880	10549260	Wow.
10550300	10554320	Look, when I died, one of the great things of having been so sick and died,
10555140	10556780	this is kind of worse because of me.
10560560	10563380	But if you have that kind of experience,
10565500	10568940	I'm not particularly religious at all in terms of organized religion,
10569120	10569920	but spiritual, yes.
10571100	10572540	Jake and I have talked about that.
10572540	10578880	is that what you're afraid of what you know if you know there if you know that
10578880	10585080	your conscious self continues in higher and higher states of consciousness
10585080	10591380	forever why are you so you know make my day and kill me I've seen the other side
10591380	10595260	it's beautiful so I don't want to I mean look have 12 grandkids and four
10595260	10599360	daughters I mean I'm not going anywhere yeah unless it's my time you know my
10599360	10600820	My ticket gets punched, I'm out.
10601160	10606960	So I sort of give it to the great spirit and say what happens, happens.
10607480	10611740	But what it means is it liberates you from having your life guided through fear.
10612660	10614660	So remember how controlling fear is.
10614860	10616300	Fear of the aliens.
10617040	10619180	Fear of Armageddon.
10619440	10621740	Fear of being tortured.
10622180	10623600	Fear of poverty.
10623920	10625900	Fear of having your secrets exposed.
10626320	10626500	Fear.
10626500	10632180	fear, these evildoers, these thugs, control through fear.
10632320	10635320	But remember, fear is the mind killer.
10635440	10639500	It makes people take leave of their intellect and their spiritual faculties.
10640680	10646620	So that is why demagogues, religious, political, what have you,
10646720	10651600	they're very adept at utilizing fear for control.
10651600	10657520	role. That's my big concern and my beef with most people in the UFO subculture who put out these
10657520	10665100	fearsome dystopian views of the ETs, but also at the same breath, cover up the fact we have the
10665100	10672540	technology to stage everything that would look ET that isn't. So with that being said, if it's just
10672540	10680240	at a UFO conference with a few hundred aficionados of this, that's one thing. But when it gets to
10681600	10688820	is in major media or talking to Don Jr., this nonsense, I have a problem with that because
10688820	10694420	that has consequences. So people need to be very careful about that because there's a whole team
10694420	10700080	of people who are attached to senior national security now who know that's going on. And if
10700080	10707140	we can get a law enforcement operation stood up, not just investigate because we're doing that,
10707600	10715100	but to actually act, take action, anyone on the wrong side of this, wittingly, knowingly,
10715100	10719280	is going to be in a world of trouble because you're really talking about colluding with a
10719280	10723960	treasonous group of people who are an imminent threat to national security.
10724700	10728800	So I say that, and people say, are you making a threat? I said, no, I'm just saying that
10729360	10734960	it goes to follow that once people at a certain level of government realize that they've been had
10734960	10741140	and they've been deceived and lied to, they have the mechanism to fix it. Now
10741140	10745660	maybe it would be fixed clandestinely, we wouldn't know about it. Fine. But I'm
10745660	10750680	saying to the public, anyone who has actionable intelligence needs to come
10750680	10756160	forward to us very soon. If you're on the wrong side of this, we can get you on
10756160	10762960	the right side and we can get you immunity, right? We can. Now even without
10764960	10771360	Law enforcement at a certain level has the ability to immunize people if, big if, they
10771360	10772360	completely come clean.
10772580	10779440	So it's transactional in the sense that you would have to come clean with everything and
10779440	10784540	not be involved any further in illegal operations, and then you would be immunized.
10785080	10787680	So I was told a few months ago that can be done.
10787880	10789820	So I'm making an appeal to people.
10790280	10792840	Now, if you're going to do it, now's the time to do it.
10792840	10797240	you don't want to you want to be on the right side of history you don't want to be on the wrong side
10797240	10806320	of this because ultimately truth will come out about it and it's going to be better for people
10807000	10811720	if they do what jake and his guys are trying or just starting to do a little bit
10811720	10816920	and step over into the correct side of it what do you think of his new private venture his company
10816920	10822780	Oh, I don't know. I mean, you know, wishing luck. I mean, so long as it's non-kinetic
10823340	10828280	against the ETs, it's fine. I think mostly what they're encountering are our stuff.
10828580	10829940	Okay. Interesting.
10830300	10831000	Yeah, because-
10831000	10834700	Because it's on a range that where our stuff might fly or something?
10837080	10842340	Look, remember 80, 90% of everything people see out there, they're calling it UAP, is
10842340	10851820	our stuff. And a lot of it is so advanced now, it can mimic an ET object. So it takes a lot of
10851820	10857440	information and experience to distinguish the two. But he would have the experience, right,
10857480	10862100	to distinguish? No, he even admits that it's at the point that, and I will admit,
10862920	10868720	that as I said earlier, this technology curve keeps going up of human reverse engineering.
10868720	10874080	engineering. So when you've had some of the highest IQ brains in the world gifted, who
10874080	10884160	worked in these programs, studying the real ET material, material science, physics, all
10884160	10892120	of it, you're going to eventually be at a level of close to parity, where what happens
10892120	10898260	happens is that even a very experienced operator like Jake and his guys or me, and I've been
10898260	10904960	involved in contact with ETs since I was eight years old seeing them, and then even more
10904960	10909540	intimate contact, you can be easily deceived, and this is dangerous.
10909860	10916460	This is why 30 years ago I raised the alarm bell, this is going on, but technology doesn't
10916460	10916980	stand still.
10916980	10926220	It's not like we got the ARV from late 50s, 60s, you know, that Mark McCandlish's drawings and, you know, Brad Sorensen went to this air show in 1988.
10926960	10927660	That's in here.
10927920	10931980	Yeah, you have the mama bear and papa bear, acorn-shaped UFOs.
10932640	10933000	Yes.
10933000	10941160	And he was shown this video, and he was with this Italian financier, and they go to this sort of back-of-the-house thing, and then they have these magneto-hydrodynamic drives underneath.
10942680	10945780	Yeah, but the hangar at Norton, which has been decommissioned in 88,
10946980	10951720	show to get more money from the Reagan era people. And there were three of them. There was the baby,
10951860	10957400	the mama, and the granddad. And those three, that was real. But you know when those were built?
10957900	10962380	When were they built? Late 50s, early 60s. Well, they had a lot of wear and tear on them,
10962400	10969240	according to Brad Sorensen. But no, the interior, I have a full transcript of Brad Sorensen talking
10969240	10970440	talking to an aerospace writer.
10971160	10973420	And those components on the inside
10974460	10977840	were from the Mercury space capsule era.
10977980	10978100	Whoa.
10978640	10980280	Late 50s, early 60s.
10980300	10983500	But then James Allen, the creator of the movie
10983500	10987500	about Mark McCandlish, Zero Point or whatever,
10987640	10989920	he died of an aggressive form of cancer
10989920	10992340	and they found heavy metals in his autopsy.
10992340	10993100	I don't know if you're familiar.
10993300	10993540	Oh, yeah.
10993620	10995100	I mean, look, a lot of people on my team,
10995100	11002220	I've had, I was, me and my best friend and assistant at the time and a member of
11002220	11006900	Congress all got aggressive metastatic cancers. Jesus. And yeah I almost died. I
11006900	11010300	had metastatic malignant melanoma. You think that was brought on by this topic?
11010320	11016380	Oh yeah, absolutely. We know how it's done. I've gone through hell, but you know, and
11017180	11023460	but the point I'm making is those, the folks involved in these programs who
11025480	11040460	You know, they are at some significant risk until the government, the good guys, let's say, in government, representing we the people who aren't read into this, stand up an operation to stop it.
11040800	11047240	Because otherwise it's an unchecked rogue power with unbelievably malicious intent.
11048060	11052200	And, you know, you can't let that go on for, I mean, it's been going on for 70 years.
11052380	11052620	Yeah.
11052780	11054660	Can't go on for another 10.
11055100	11059620	don't think it can go on for another five this is why i think whether you love or like him the
11059620	11063840	current president that administration is going to have to deal with this if we're at technological
11063840	11068860	parity whether they like it or not if we're at technological parity with these extraterrestrials
11068860	11076260	how can we be sure that the crashes that or not even crashes the the vehicles that jake barber
11076260	11081120	and his team retrieved were in fact of extraterrestrial origin the egg and the eight
11081120	11085340	gone at these test ranges in California? If we're at parity and it's hard to
11085340	11089980	distinguish, how do we know? Well you have to actually get to the point where who's
11089980	11094640	on board and is it a man-made alien or a real one? Because we have man-made ones
11094640	11098560	that are both robotic and partially biological. Is there anything about his
11098560	11103060	testimony that makes you confident that you know I look I think he seems very
11103060	11107460	sophisticated and experienced. No he has definitely dealt with retrieving
11107460	11115480	the non-human but he's also has seen and seen the testing of the man-made ones okay and so it's his
11115480	11120500	experience with both that gives him conviction yes and then it's hard to say because a lot of
11120500	11124400	the stuff is classified as far as the difference is or whatever because i i'm just trying to think
11124400	11128700	through it first principles for me and i'm like i don't and i go through the same algorithm when i'm
11128700	11133360	out there with my team looking at something got it you know is it real or is it memorex like the
11133360	11140880	the old commercials, you know, is it a well-done human facsimile or is it an actual extraterrestrial
11140880	11142240	vehicle or NHI craft?
11142640	11153760	Now the best way to do it is if that object, it responds very clearly to what I call the
11153760	11154960	coherent thought intention.
11155920	11157220	That ain't ours.
11158360	11158900	That's ET.
11158900	11166860	So one of the tests we do is conscious mind-matter consciousness technology interface.
11167320	11173240	And if that gets confirmed, very likely it's ET.
11173520	11181440	If it doesn't, I'm kind of agnostic about it and say, well, that might have been ours, it might have been theirs.
11181620	11185160	And without enough data, who knows?
11185160	11193000	And we have had experiences where the ETs themselves have teleported right into our circle or near our circle.
11193400	11195420	We have a couple of great photographs of them.
11195800	11198200	Why are you so controversial?
11198520	11200500	I tweeted today that I'd be speaking to you.
11200540	11201560	I was very excited for this.
11201620	11203740	For me, this was a long time coming.
11203840	11205600	I was really excited to just dive deep with you.
11205720	11208700	And I want to say most people were pretty positive on Twitter,
11208780	11210520	but there was a subset of people that were like,
11210620	11214340	ask him about the flares at the CE5 thing.
11215160	11216260	Yeah, you know, that was put out.
11216300	11220160	I'm going, I don't know anyone who's ever done that at any of our events.
11220320	11221520	And I certainly haven't.
11221520	11222340	So you're on record.
11222420	11224040	That's fake, according to you.
11224100	11224540	That's fake news.
11224540	11225140	Oh, 100%.
11225860	11226220	100%.
11226220	11227960	But here's what's going to happen.
11228060	11229540	Anything like that could be an orb.
11230760	11234980	If you want someone who wants to defame you to say, oh, well, that was something Greer paid someone.
11235680	11237940	First of all, I don't have the assets to do that.
11238020	11240640	And secondly, I've never done something like that.
11240720	11242900	He put me under a sodium pentothal.
11242900	11249180	But those things are put out there to discredit someone who's actually telling the truth, the whole truth, and nothing but the truth.
11249780	11251040	That's what they don't want to hear.
11251240	11255800	They want you to tell a partial truth that comports with the false disclosure.
11256160	11258240	So there's two disclosures trying to happen.
11258560	11264020	There's the actual truthful disclosure, and there's the truth that serves the secret agenda.
11264640	11272400	In 1999, go look it up, I wrote a paper, and it's called When Disclosure Serves Secrecy.
11272900	11275420	So when a disclosure is spun in the direction,
11276300	11283040	a la Elizondo, a la Sheehan, a la Gary Nolan, a la...
11283040	11284360	Sheehan? You don't like Sheehan?
11285300	11287900	Well, he was our lawyer, but then he went over to Elizondo.
11288460	11290880	Would you ever debate Elizondo?
11290960	11291880	Oh, sure. No problem.
11292020	11293680	I think he's going to be in town tomorrow.
11293960	11294820	Yeah, all the time.
11294980	11296220	Do you have any interest?
11296220	11299020	I'm on another show, and then I fly out tomorrow night, and I'm injured.
11299460	11299820	Okay.
11299900	11302540	But this is the... I don't know if you showed this.
11302900	11304280	when Mr. Herrera was there.
11304480	11304740	Oh, yeah.
11304800	11305840	He had a model of this.
11305960	11306560	Oh, good, good, good.
11306680	11307020	Yeah, yeah, yeah.
11307020	11308020	So just so to...
11308600	11310700	So this is one of the cases in this new book.
11310780	11312400	By the way, everyone can order this.
11312480	11313660	It's hard and soft copy.
11313660	11313680	Super cool.
11313900	11315020	That's an awesome book.
11315100	11315840	Yeah, yeah.
11315880	11318200	And Michael Stratt is a great illustrator.
11318360	11318720	Researcher.
11318740	11319200	And researcher.
11319200	11320240	No, he didn't do the illustrations.
11320420	11321240	Oh, he didn't do the illustrations?
11321240	11323320	No, those were done by a professional artist.
11323520	11324100	Okay, okay.
11324340	11326220	And some of them he had done before we had paid him.
11326220	11328100	Well, he helped organize your archive, right?
11328140	11328400	Yes.
11328420	11329400	And he's a former Lockheed Martin?
11329780	11329980	Yep.
11330020	11331600	Yeah, but not doing this stuff.
11332900	11337400	doing stuff that conventional it okay you know mr. Shratt was not part of the
11337920	11343820	skunk works got it got it by the way yeah James Goodall Jim Goodall's friend
11343820	11350660	of mine and he probably was the last man to talk to Ben rich been rich for he
11350660	11355900	died and said you know remember said ah anything you can imagine that you've
11355900	11360460	seen at Star Trek and this and that we already have done at the skunk works and
11360460	11362600	And then he said, it's not at Area 51.
11362620	11363880	It's out in the desert there.
11364100	11367120	If you want to talk regarding Jim Goodall,
11367220	11370380	I'll be happy to get him on the phone right this very second if you want to.
11370380	11371080	We'll do this live.
11371260	11372140	Let's call him.
11373120	11373800	It's awesome.
11374280	11375320	Hey, Jim, are you there?
11378960	11379540	That's okay.
11379640	11380160	That's okay.
11380340	11382120	So just a quick review.
11382600	11384180	I'm doing this in real time.
11384340	11385760	I'm in Austin, Texas.
11385880	11387000	I'm with Jesse Michaels.
11387120	11387920	I'm doing an interview.
11387920	11390260	we were talking about John Lear
11390260	11392200	we were talking about your good friend
11392200	11393220	at you know where
11393220	11395340	so could you talk about
11396020	11396860	paraphrase here
11396860	11399420	talk about what Ben Rich told you
11399420	11401960	at the hospital just before he passed away
11403880	11405160	just before
11405160	11406940	Ben Rich passed away
11407820	11409240	when I was talking to him
11409240	11410300	he told me
11410300	11413000	at the end of a 45 minute
11413000	11414040	conversation
11414040	11417620	he said Jim we have things out in the desert
11417920	11419520	and he wasn't referring to Area 51.
11419960	11425100	We have things on the desert that is 50 years beyond what you can comprehend.
11426000	11427860	I can comprehend a hell of a lot.
11429920	11435480	And he said, if you've seen movies like Star Trek or Star Wars,
11435760	11439620	we've been there, done that, or decided it wasn't worth the effort.
11440300	11441780	I've been to that site.
11442160	11444800	I have videotape and photographs from my iPhone
11444800	11450620	flying in a chopper over the Lockheed Skunk Works site where the man-made stuff comes up.
11450780	11451000	Wow.
11451380	11459060	So when I gave that to Senate Intelligence Committee in September of 23,
11459480	11464360	about a year and a half ago, about three weeks later,
11464500	11469300	someone sawed through the bolt that holds my mountain bike seat on, and it fell.
11469460	11474140	And I went down, and my left leg came off.
11474800	11479340	foot came off you see the pictures and these two bones are in the air my left
11479340	11483220	shoulder was ripped off and my right lower abdomen was split oh I had four
11483220	11488360	surgeries in three months those an attempt on your life and who know I mean
11488360	11494320	it's somebody mess with that so but you know I went through rehab and physical
11494320	11499140	therapy and I'm back working out and I was fine till this happened because I
11499140	11505240	leg press 700 pounds and I work out hard. 700 pounds? Oh my god. Yeah. That's amazing.
11505420	11510740	I work out, I mean I'm an old guy but I try to stay strong. You're 70 and your leg
11511320	11517940	press is 70. Yeah in June I'll be 70 and June 28th I turn 70. That's impressive man. So I just work out hard but
11518560	11523700	luckily because I work out hard you know I was in good enough shape that the
11523700	11526840	The rehab period, you know, it was hard.
11527140	11530720	I mean, because I had no arm or leg, I was in a wheelchair.
11531360	11534040	And anyone who knows me knows I'm very active.
11534220	11535140	And it was like that was torture.
11536180	11542740	But I recovered and been fine until my appendix ruptured yesterday.
11543960	11545400	You don't need your appendix.
11545840	11547500	It's a vestigial organ.
11547720	11548160	That's right.
11548220	11548680	Snip, snip.
11548920	11549440	That's right.
11549440	11555300	When the nurse was rolling me out last night at about 10 or whatever at the hospital, I'm
11555300	11559480	in a wheelchair because I'm still kind of a little loopy from the anesthesia.
11559980	11562000	And she says, have you forgotten anything?
11562280	11563360	Because I had to get dressed.
11563520	11565520	And I said, well, I think I forgot.
11565740	11567740	Or I've left my appendix back there.
11568740	11570300	I said, go get my appendix.
11570320	11570840	I was joking.
11572860	11573840	That's gone for good.
11574400	11575680	We cut up a lot.
11575680	11583360	I mean, as an ER, you know, I'll tell you, when you're dealing with major emergency trauma like I did, you got to develop a sense of humor.
11583500	11583760	Yeah.
11583900	11584880	Or you're going to eat your gun.
11584940	11589360	You know, I mean, this stuff, when you deal with this level, you got to have a sense of humor.
11589580	11590300	I mean, yeah.
11590400	11591640	And you got to have fun.
11591740	11592060	Yeah.
11592160	11596300	And you got to have, I mean, my assistant here, Raven, is an angel.
11596500	11598220	She's been 27 years with me.
11598400	11600320	My wife and I, 46 years together.
11600620	11600980	Congratulations.
11601000	11604540	I have dear friends that I've been with for 50 years.
11605680	11612920	You have to develop a support team, a network of people, and you have to learn to have fun.
11613520	11614560	I'm a party animal.
11614620	11617300	If you ever go out partying with me, I'm wild, man.
11620480	11621080	That's funny.
11621240	11624100	I feel like I've become more...
11624100	11626900	Oh, I'll be out three or four in the morning having a great time.
11628280	11629400	I've become more lame.
11630820	11634240	Whatever partying I used to do has gone into the craziness of the topic.
11635680	11639560	crazy that I'm like... You gotta bring balance, man. You have to balance. Fair enough. Fair enough.
11639800	11644380	Balance. Mind, body, spirit. You have to balance that. That's true. Yeah. Always. Yeah. Everything
11644380	11648400	in moderation, including moderation. Everything in moderation. Oh, no. I've never done any drugs
11648400	11653280	or anything, but you know. Yeah. I was telling someone, someone once bought me a third tequila
11653280	11660000	shot. Yeah. Oh my God. Wasn't tequila... I got so wild. It was on Halloween. I never had had a
11660000	11664220	tequila shot. I never drank liquor, that liquor, but it was like, oh, whoa. You know, I was like,
11665680	11670760	loose you know well maybe at some point we'll be partying with the et yeah man allow they have
11670760	11677080	actually they have a great sense of humor uh-huh uh they can be very playful and childlike uh-huh
11677080	11683280	and uh very into high cues if we had a scale 450 yeah in that range do you think they're hybrids
11683280	11689700	among us well look i think all of life in the universe is a hybrid but we're gonna get into
11689700	11696280	to something here that's very complex. But if you understand Rupert Sheldrake's
11696280	11700100	morphogenic fields... Oh yeah, he's a friend of mine, I love him. Yeah, brilliant, brilliant,
11700160	11705460	brilliant guy. So anything that starts to happen through non-locality and in
11705460	11709860	the conscious field can begin to replicate. So look at the entire
11709860	11716240	creation that way. So I look at this from a very conscious quantum
11716240	11724600	quantum holographic point of view, which integrates, it's integrative. Now, there's a place for
11724600	11728360	reductionism, where you break everything into parts. I mean, medicine, science, you have
11728360	11738040	to do that. But there's a place to also bring in this more holistic and the totality of
11738040	11743840	of it that has to do with the conscious holography of the cosmos.
11744300	11746240	And that's what's fascinating.
11746460	11752020	I think civilizations that have survived this sort of crazy time we're in and have made
11752020	11758160	it through the nuclear threshold and the trans-dimensional threshold and become peaceful, one of the
11758160	11761440	reasons why I don't think they're hostile is that if you have that consciousness that
11761440	11765680	humans have, you're going to destroy yourself before you get out of your solar system.
11765740	11766300	Look at us.
11768040	11774060	with Russia and China. If you don't evolve a certain level of peaceful consciousness.
11774480	11779860	So I always tell people we have a lot of problems, but the root of it is very,
11780780	11788360	not religious, the root of it is social, spiritual, conscious evolution. Because if we don't evolve
11788360	11796140	to a certain level of that consciousness of peace and seeing the oneness of life here and out there,
11798040	11805320	humanity because we're not using just muskets and bows and arrows or even whatever. Now we have
11805320	11809580	weapons of mass destruction that can destroy the planet. And in these covert programs,
11809800	11816060	they have technologies way beyond a hydrogen bomb that are supercharged quantum potential
11816060	11823140	scalar type weapons. So you really can't go forward as a people. And I think that other
11823140	11826980	civilizations have passed this way before and if they survived that
11826980	11832560	threshold or maybe they crashed and came back out of it they've learned a very
11832560	11838480	big lesson what I'd like to see is humanity come out of this era where we
11838480	11844700	are now instead of crashing completely transforming into a new civilization a
11844700	11849620	new awareness about this and I think it can happen but we need to articulate it
11849620	11853000	and sort of show that vision, that path forward.
11853760	11857940	And it isn't going to happen by just continuously stirring up hatred.
11858580	11861620	See, the alien hatred thing, you know what I think it is?
11861660	11865520	It's an exploitation of the original sin of humans,
11865720	11867960	and that's tribalism.
11868400	11871360	So if you look at chimpanzees, we're 98% identical.
11871780	11874180	They organize in the troops and engage in war.
11874960	11876740	We have that proclivity.
11876740	11885200	that's where racism homophobia misogyny ethnicity all the war everything we fight over
11885200	11891920	it's it's it's demagogues being able to trigger that impulse now the big one the trigger would be
11891920	11898900	human versus non-human right you pull the whole world together as demagogues and people
11898900	11905780	wanting power against another intelligent life form is that what reagan was referring to in his
11906740	11908200	Yes, because he had been gaslit.
11908260	11909340	I knew the people who did it.
11909660	11909940	Wow.
11910280	11913460	General Homan, no, I'm sorry, Colonel Homan, before he died,
11913960	11919420	he was the one who sold SDI Star Wars to Reagan.
11919720	11920080	Wow.
11920160	11924060	And he told me before he died, he said, he was a full bird colonel.
11924100	11927060	He had been on that committee selling Star Wars.
11927980	11931700	First, he tried to sell it to Carter, and Carter was too smart, didn't buy it.
11932780	11941200	Then he told Reagan, so he said we had Soviet Union, these other threats, da-da-da-da-da.
11942160	11945740	And where he really got him is that he convinced him of the alien threat.
11945900	11947960	Now, he told me, he said, we knew that was false.
11949420	11952060	But it got billions of dollars for SDI.
11952480	11958980	So here's the other risk with President Trump, is that he could be shown a lot of false evidence.
11959640	11966280	evidence. For example, you go in with a portfolio of gruesome vivisections and mutilations and
11966980	11972020	abductions and other scary things, all done by psyops from CIA and other cutouts.
11972320	11977340	But aren't some of these pre our ability to even, like my buddy Chris Ramsey, who runs a great
11977340	11983180	channel called Area 52, he's an admirer of your work and consumed it for a while, but he always
11983180	11988320	points to these he said there's like in 1904 there's like this Chilean cattle
11988320	11992440	mutilation series and it's like we didn't have the ability to do this back
11992440	11998320	then did we in 1904 yeah I don't know what the evidence my lab you know who
11998320	12002680	knows what that was okay back then and what technologies were used if you have
12002680	12010200	those capabilities what are you using it for I mean obviously if they wanted to
12010200	12015980	overtake the earth and humanity. They could have done it before we had the technologies we had by
12015980	12023280	time we detonated the first atomic bomb. Okay. So there's no internal logic to that thesis,
12023740	12029600	is what I'm saying. Now, there's a lot of reason to believe maybe there have been other
12029600	12037060	civilizations that have done things where they're monitoring our evolution because they know in the
12037060	12044560	the future we could be friend or foe or we could go one way or another. And so some of this I like
12044560	12050480	and to imagine if you're, well, here's a good analogy. Imagine you're me as an emergency doctor.
12050900	12055560	Someone comes in, either a two-year-old child with the symptoms of meningitis,
12056680	12063000	right? Which can be fatal. All right. So I have to do a spinal tap and I have a needle this long.
12063000	12071700	So to the child, I'm a monster who's having my nurses hold the child down in the fetal position.
12071860	12080440	They go in and get the cerebral spinal fluid off from around the spine to test it to see if there's bacterial or infection.
12081900	12084940	But to the child, I'm torturing that child.
12085940	12087380	I'm trying to save its life.
12088220	12093320	I'm there with the best of intentions doing everything I can to be sure this child doesn't
12093320	12101340	die of meningitis or have brain damage and hearing loss. I think we have to also be careful in taking
12101340	12108880	just an empirical observation, let's say, in an ephemeral superficial way and ascribing motive
12108880	12116140	to it. Right? Because think of how many things I've had to do as a doctor. Doesn't that flip
12117380	12119020	Like how can we know they're positive?
12119880	12120740	You know what I mean?
12120920	12126860	Because, as I said, the colonel in charge of the Wright-Patterson Air Force Base operations for this,
12128460	12130780	Colonel Canola, when he said to me that, he said,
12131700	12133760	I went from the Rockefeller Ranch to there.
12134020	12134340	Wow.
12134900	12136680	He was head of the Foreign Technology?
12137020	12137380	FTD.
12137440	12141320	Well, at that time it was called FASTIC, the Foreign Aerospace Science and Technology Center.
12141400	12142520	They keep changing the name of it.
12142600	12143860	So you spoke to him directly?
12144180	12144640	Oh, yeah.
12144640	12149580	Yeah, that meeting was ordered by the head of intelligence, joint staff.
12149620	12150960	Not Kramer, but another one.
12152820	12155920	Not Tom Wilson, but Admiral Kramer ordered that meeting.
12156020	12157980	You met with all these fascinating people.
12158160	12160540	I don't know, like, you know, I'm a fan of Joe Rogan,
12160580	12162540	but I don't see how anybody can just write you off.
12162720	12164220	Like, you really like...
12164220	12167100	No, no, I mean, it's threats and money.
12167680	12168560	Look, I don't know.
12168620	12171240	I mean, you ask Joe, he's a neighbor of yours, you know, fine.
12171400	12172640	I'm happy to go on his show anytime.
12174640	12180080	against him. I just know that I'm blacklisted off of it. That's weird. Well, who cares? I mean,
12180100	12185360	you know, I mean, I can reach a lot of people other ways. So what was your conversation like?
12185880	12193120	Well, you know, he thought I was coming there to see what he had. So I said, I had my military
12193120	12198580	advisor there and a guy who was a former State Department, actually CIA guy there. And this
12198580	12204500	meeting had been ordered from way above his pay grade. Now the head of Air Force
12204500	12209360	Intelligence didn't want to do it, but the head of intelligence, the whole joint
12209360	12216220	staff, ordered it. I can talk about this now. So it happened. And the conversation
12216220	12222720	kind of went like this. He went, well, you know, I really, I said, look, I'm not here
12222720	12226460	to see what you have here. I already know what you have here. I have people who
12226460	12233080	worked in your facility. Now this is September of 93. So I said, I don't need to see that. I know
12233080	12241840	what you have. I'm here to let you know that we have an operation, CE5 contact, close encounters
12241840	12245900	with it. And we want to deconflict what we're doing with anything you and your colleagues are doing
12246300	12251100	so that you don't interfere with us and we don't interfere with you. A lot of people don't know
12251100	12255400	this. That was 93, early, early on. So you kind of came to them in peace. You weren't like,
12256460	12260260	Yeah, but I also said the Clinton administration is keen.
12260440	12261900	He'd just taken office in January.
12261940	12262680	This is September.
12262900	12265240	And this may come here.
12265600	12267700	So you need to be prepared to cooperate.
12268100	12268240	Yep.
12268720	12271080	And then he said at one point,
12271180	12275540	well, what makes you think that these civilizations aren't a threat?
12276360	12277840	You know, the whole party line.
12278160	12279300	He was a colonel.
12279300	12280860	He brainwashed like everybody else.
12281480	12284560	And I go, well, we're having this conversation, aren't we?
12286460	12291600	air of earth. And the fact that we're still breathing the fear, the free air of earth,
12291700	12297200	given the galactically stupid things we've been doing, targeting and downing their own
12297200	12303520	craft and killing their own people, if they were hostile like you think, we'd be done.
12303660	12309300	Right. And he just looked at me. So I said, the proof that they're not is that you and
12309300	12312720	I are still breathing earth's air. What if they're impervious? What if it's
12312720	12319020	It's like these biological drones where they're like, this is sort of like disposable stuff.
12319300	12319960	Oh, some of them are.
12319980	12322260	Like the little von Neumann replicators to like-
12322780	12323120	Some are.
12323180	12325840	Some are organic, indigenous ET.
12326580	12328620	Some are kind of robotic.
12330020	12332600	They have integrated circuits in their cerebral cortex.
12332820	12338400	But we have man-made grays and man-made looking ones that have that because we've studied them.
12338460	12339800	Do you believe in different alien races?
12339880	12342040	The grays, the nautics, the reptilians?
12342720	12347560	that or well no all those names are just racist appellations hmm I mean remember
12347560	12352200	I was telling you before so it's all one the foundation of all of you ufology is
12353360	12357660	let's say call it interspecies racism hmm that's the fact everything that
12357660	12362420	you're mouthing they've just been able to trigger the innate racism within
12362420	12367640	everybody everyone's we're all monkeys we all have this sort of monkey mind but
12367640	12372040	are there ones that look different there are dozens and dozens of them okay
12372720	12374780	I know that Clifford Stone said in the 60s.
12374780	12376840	And they're all good, all of the groups.
12376840	12378560	There's no indication any of them are hostile.
12378800	12379020	Okay.
12379120	12382080	There's indications that some of them are extremely unhappy
12382080	12386680	with what we're doing to the planet and what we're doing to them.
12388260	12392280	But there is a universal right to self-defense, number one.
12392700	12397220	Number two, let's say you're a species that's been monitoring this planet
12397220	12400660	for thousands or hundreds of thousands of years.
12401720	12407760	In a 100-year period, we go from horse and buggies to thermonuclear weapons.
12408460	12413340	We go from a pristine environment that was in agricultural civilizations
12413340	12421420	to an industrial civilization that suppresses the natural evolutionary breakthrough
12421420	12425540	in electromagnetism to have free energy, and we're destroying the biosphere.
12425700	12426940	We're killing the oceans.
12427180	12430320	We have thousands of species of plants and animals going extinct.
12431360	12435260	And so if the earth had been somehow bioformed or assisted in its evolution,
12436020	12440420	they would be less than amused, not with humans per se,
12440560	12443160	but with the captains of human civilization.
12444400	12447980	So they would be right in saying that we're mad.
12448940	12451560	It's like as an emergency doctor, you can commit someone
12452700	12457440	if they're a danger to themselves or other mentally ill or substance abuser.
12457440	12471220	I believe that some of these civilizations view us as collectively insane, that humans, given what we're doing to the planet and to each other, and now to them, are sort of mad.
12471660	12473860	Like, what the heck's going on?
12473860	12491980	So I encourage people to step out of the anthropocentric, self-centered view and begin to look at the world and what we're doing through the eyes of a non-human intelligent species who would rightly be appalled at what we've been doing to the Earth and to each other.
12492700	12493840	Endless world wars.
12494280	12497680	The Earth's biosphere, the ocean's dying, the coral reef's dying.
12499660	12506200	unnecessarily because we've suppressed the genius breakthroughs of Nikola Tesla and others
12506200	12514340	in energy generation so that a handful of uber oligarchs and control freaks can benefit from
12514340	12522920	that system right in the whole planet only 0.83 percent of the population has any involvement
12522920	12526700	with energy generation at any level, green or otherwise.
12528320	12532540	And for that, we're sending the planet over a cliff.
12532920	12534960	Have we made agreements with the aliens?
12535120	12539280	Like there's this rumor in 1954 that Eisenhower was, I think,
12539280	12542640	in Palm Desert in California or was it Palm Springs?
12543000	12544000	I think it was in 56.
12545000	12545580	56?
12545840	12547120	I thought it was 54.
12547240	12547660	Murat.
12547680	12548520	It was in Murat.
12548540	12549040	Yeah.
12549040	12552860	Yeah, and he says it was under the cover of a dental exam,
12553060	12556960	but he might have actually made an agreement with some alien.
12557160	12558540	It wasn't an agreement. It was a meeting.
12558700	12559220	It was a meeting.
12559340	12563200	And the ETs wanted us to stop the nuclear holocaust potential.
12565300	12568760	And we were to then do so.
12568940	12570760	Do you believe this? Do you think this happened?
12571260	12575400	Well, I got a series of reports from the French Ministry of Defense
12576080	12577900	indicating that meeting did happen,
12579040	12584220	you're referring to and it was really an attempt by the ETS before we went full-on
12585380	12592600	dangerous proliferation of tens of thousands of thermonuclear weapons to try to change that direction and
12593680	12595560	Eisenhower was inclined to do so
12596140	12602840	this cabal of more mongering sociopaths like Allen Dulles and Paul Mellon said no we're not and
12602840	12606240	They're the ones who then cut the president out of the loop
12606240	12617480	This is why one of our whistleblowers was a young army guy at the White House under Eisenhower in the Signal Corps, I think 59, 60, named Stephen Lovekin.
12617620	12619360	You can read his testimony in our material.
12619780	12625760	And he said that Eisenhower would doodle pictures of these, you know, E.T. craft, and he was fascinated.
12626040	12632020	And he brought the issue up to Eisenhower and said, Eisenhower said, well, I don't have control of this anymore.
12632020	12639760	more. So I think that because Eisenhower, he knew the dangers of endless war. He had been a
12639760	12645980	five-star general in World War II. And he wanted peace. I think he wanted a golden age.
12646680	12651720	And I think about the time, I was born in 55. I think this happened in, could have been 54 or 56.
12652100	12658700	But around that time, this could have all gone another way, you see. So what a waste. And so
12658700	12661100	So instead, he got pushed aside.
12661200	12669000	That group of sociopaths and control freaks then took over those operations,
12669380	12671900	and those have been illegal operations ever since.
12672340	12678960	And so the president, I think Eisenhower, what I understand, died a very bitter man about this.
12679180	12681780	He never spoke of this in particular.
12682200	12687180	But he also knew that there was an organization that had moved him to the side.
12688700	12692120	to Bill Holden, the chief steward on Air Force One.
12692580	12694560	But I have many data points for this.
12694840	12702280	And so my concern is, how long can that continue with an unchecked group with that kind of
12702280	12702560	power?
12703480	12708640	I don't think it can go on much longer because their technological prowess has reached a
12708640	12711540	point that it's not only a threat to Earth, it's a threat out there.
12711960	12714600	And so I think we have to resolve it.
12714840	12717120	My recommendation is resolve it peacefully.
12718700	12724760	happens, Dr. Greer. I mean, we're kind of on the verge of this deep politics civil war right now.
12724860	12731140	It feels like with USAID and Elon and Trump on one side and kind of bureaucracy on the other side,
12731180	12736880	they're really clashing. And so it's an interesting time. And I hope that all of the political
12736880	12743740	capital spent on all the other disclosures do not cut against UFOs. And in fact, they cascade
12743740	12747040	into UFOs, so I would take there, yeah.
12747200	12750780	I think all of that's a sideshow and a waste of time.
12751560	12752680	Here's what I think.
12753820	12755560	It's fiddling while room burns.
12756860	12757980	So all those other things,
12758800	12762060	I'm not saying there's all manner of corruption
12762060	12764260	and waste and fraud,
12764400	12767200	but the big one is this stuff.
12767380	12767820	UFOs?
12768900	12772740	This is where $8 trillion to $12 trillion minimum is gone.
12774060	12775640	And it's still going.
12776620	12780720	And so the question is, you want to get serious about this?
12780800	12786640	Same thing with criminalizing illegally,
12788180	12791040	using the criminal justice system against people.
12791600	12796120	And also letting people get away literally with murder and abductions and kidnapping.
12796600	12801360	One of our whistleblowers whose case is in here, who we don't name,
12801360	12806380	He's by an initial. He was on a crash retrieval team in the northern Nevada
12806380	12812160	desert way north. Used to be called the Nevada test range and about I think it
12812160	12817840	was 2009 somewhere around there he was on a team retrieving these objects and
12818800	12824200	it's a very long story but cut a long story short when he reached out to us I
12824200	12827640	was going to bring him to Senate Intelligence and Armed Services and then
12827640	12832380	then over to Arrow. And we were getting, in the process of actually getting this ticket.
12833000	12837160	So those of you who kvetch about the fact you have to pay money for this book like you do a
12837160	12844800	latte at Starbucks, I don't, I'm retired and I don't get money from all this. It's paying for
12844800	12851720	whistleblowers to go to DC and provide security and all that. So, you know, all these, the naysayers
12851720	12856960	and say, why is there a tuition? I said, well, how do you put on something? If it costs $200,000
12857640	12862700	to put on an event. Who's paying for that? Me? I'm a doctor, not a tech
12862700	12868000	billionaire. Anyway, you know, but so we're getting his ticket, we're bringing him to
12868000	12876740	DC, a van pulls up, SUV out in front of his house, his wife's at work, and they
12876740	12882960	have two young kids, boys, and they say, look at your phone and your computer, and
12882960	12886520	And they had embedded child pornography all over it.
12886560	12887140	No way.
12887500	12888660	Yep. Happens all the time.
12888780	12891200	They said, you take one more step towards this.
12891540	12895620	You're going to spend the rest of your life in prison and never see your children.
12896460	12898860	So I have said this to people in law enforcement.
12898920	12907040	I said, why should someone who's a hero of the country be afraid for his life and afraid of false imprisonment and entrapment?
12907720	12910120	Where is our justice systems?
12910200	12912100	Where's the Department of Ms. Bondi?
12912960	12916540	and Kash Patel, where is federal law enforcement?
12916800	12918600	When you have this kind of thuggery,
12919500	12924740	but we've had this thuggery used against even folks like
12924740	12927940	the senior investigators for Senate Intelligence Committee.
12928860	12934760	So at what point does someone grow a pair and stand up to the Goliath?
12934940	12936640	Now, granted, it is a Goliath,
12936640	12939980	and they have enormous power and enormous technology,
12939980	12942900	and they're very corrupt and they're ruthless.
12943660	12945240	They will kill their own.
12945800	12948780	But I don't think that that is any excuse
12948780	12951000	for putting your tail between your legs
12951000	12953100	and running away like a coward.
12953280	12956360	Maybe Elon's engaging in some sort of encirclement strategy
12956360	12959080	where you go for the less important stuff first
12959080	12961000	and then you close in.
12961160	12962280	I don't know.
12962440	12965440	Again, I don't know Mr. Musk and I wish him well.
12966400	12971840	and what I do know is that there are very senior people around the president
12971840	12976740	who are taking this seriously, which is a good thing. And there are some
12976740	12982960	wonderful people in there, like RFK Jr.'s son's wife.
12983300	12984040	Amaryllis Fox.
12984480	12990300	Amaryllis Fox Kennedy is a friend of mine and she's gonna, she's on the White
12990300	12995120	House Intelligence Advisory Group now and I will also work closely with
12996000	13001700	Gabbert, who's the DNI. I've met Tulsi before and I think she's great. And then I've heard
13001700	13007300	great things about Amaryllis Fox. Amaryllis is wonderful. She's very smart. She understands
13007300	13013900	everything we've been talking about. And I think RFK Jr. does too in my conversations there, but
13014520	13021580	not at a granular level. But I think there are people in place who I think can help guide
13021580	13027680	the administration to what the facts are and what the truth is. But more importantly,
13027860	13032760	we need to get past this thing of just endlessly yakking and investigating the issue.
13032940	13033260	Yeah.
13033500	13034020	We need action.
13034600	13035460	No, I'm with that.
13035540	13042020	Yeah. At some point, the federal government of the United States and others are going to need
13042020	13047720	to take action to get those operations under control, stand down the malignant ones that
13047720	13051680	that are targeting ET craft and victimizing other humans
13052460	13054020	with abductions, mutilations, threats.
13055360	13057960	And then we also need to have somebody with enough vision
13057960	13061640	to say, wow, well, if we're not alone in the universe,
13061860	13063480	maybe we should reach out.
13063800	13066780	I mean, Mr. Trump reached out to Putin and Zelensky.
13067060	13069740	Maybe we need to learn to reach out to out there.
13070540	13072080	So let's reach out to these civilizations
13072700	13076020	and begin a rapprochement and a dialogue.
13077720	13081080	The reason I started this whole project was for that reason.
13081420	13084520	And I got diverted into these other things.
13084700	13090480	But that's the real purpose is let's go forward in a world where we're at peace and we're
13090480	13091500	in peace and space.
13091740	13098840	We've transformed our whole civilization into a new high tech society and poverty vanishes
13098840	13099820	within a generation.
13100080	13103300	I mean, you will, my children will.
13103700	13105560	And let's have a new world.
13105560	13111840	That's a beautiful note to end on. Let's move forth into a utopia, not hit the
13111840	13117060	great filter, let out all this suppressed technology, and commune with the
13117520	13121640	extraterrestrials. Thank you so much for your time, Dr. Green. I really appreciate it. This was an honor.
13121680	13121900	Thank you.
