start	end	text
0	3660	Well, I think that being alive is an anomalous experience.
4000	4280	It is.
7440	12900	I've been trying to interview our next guest since I started American Alchemy a couple of years ago.
13140	18020	Her book was perhaps the biggest catalyst for my early interest in UFOs.
18020	21000	Her name is mentioned in literally every interview I've done.
21200	21940	Diana Pasolka.
22020	22760	Diana Pasolka.
22920	23680	Diana Pasolka.
23780	24460	Diana Pasolka.
24520	27140	I love her book, American Cosmic. I love her work.
27400	29660	And yes, she's American Alchemy's white whale.
30000	31220	our Moby Dick, if you will.
31820	33920	I've never been so trolled in my life.
34080	35120	Yeah, yeah, yeah, yeah, yeah.
35260	37660	We finally caught up to her in Palo Alto
38280	40060	right after the launch of her new book,
40220	43480	Encounters, and before Gary Nolan's Soul Conference,
43740	46340	a meeting of some of the best academic, military,
46440	49860	and civilian minds in UFO research at Stanford University.
50260	52140	We don't believe or disbelieve in my field,
52240	53500	but I fully didn't believe.
54060	56900	I was like, why are people believing in these things
56900	59280	that they mis-see, say, in the sky?
60000	63960	Hannah is a religious studies professor at University of North Carolina, Wilmington.
64740	68860	She's versed in the classics and maintains a deep knowledge of Catholic history.
69280	74840	While doing research for a book on purgatory she wrote, called Heaven Can Wait, in 2014,
75360	81880	she began to document dozens of historical cases of nuns, priests, brothers, and saints
81880	85420	who had reported direct divine or angelic contact.
85840	87620	But here's where the story gets interesting.
87620	92260	Dr. Pasolka did her own translations of these contact experiences.
92700	95980	She didn't take the official church translations for granted.
96220	101500	And in many cases, her direct translations didn't exactly sound like the official versions
101500	102280	of the story.
103440	107640	Take St. Francis of Assisi, a 12th century Italian friar.
107800	112520	The popular narrative is that St. Francis saw Christ under the appearance of a seraph
112520	115320	or angel on Mount Laverna in Italy.
115320	120600	But the first English translations of this experience from Thomas of Solano don't mention
120600	122020	anything about Christ.
122440	128100	Instead, the original translations describe Francis encountering a sound in fury, atmospheric
128100	130180	sparks and a flaming torch.
131260	136780	Telepathic communication between Francis and the torch occurs, in which Francis is treated
136780	140960	harshly and wounded with rays of light that rip through his hands.
141240	144640	Francis' wounds get interpreted as Christ's stigmata.
145320	147360	very similar to things that people talk about today.
147560	148500	Radiation damage.
148600	149040	Yeah.
149120	151220	Could this be the same radiation damage
151220	154100	that occurs in what we now call UFO experiences?
155340	157680	The people getting like burns,
157800	160180	so that's ultraviolet, that's like ionizing radiation.
160460	163760	So that would be light being blue shifted
163760	167360	into the ultraviolet as it's lensed across the bubble
167360	168620	that the craft creates,
168860	170540	and you're getting literally a sunburn.
170720	172740	Are modern gray aliens just the angels
172740	174260	or demons of times past?
175320	179820	you know, witches sitting on the chests of people feeling paralyzed in medieval times.
180120	183120	It's like our overlay is this classic alien kind of motif.
183480	185440	And what about flying saucers or discs?
185860	190660	Are they just the flaming chariots or burning shields or wheels of antiquity?
190840	193400	Ezekiel saw the wheel, baby. First chapter. I'm with you.
193960	197640	What we're talking about is in some sense a modern reformation.
197980	202820	Just as Martin Luther believed the Word of God was all one needed for salvation,
202820	207780	Diana is going back to the original texts and translations of divine contact
207780	211940	events and finding all sorts of commonalities with modern-day alien
211940	216280	contact experiences. This is a new form of religion. It's not just a religion
216280	220420	because we do have UFO religions, right? But this is a new form of religion. And
220420	224700	the contemporary mythology defines how we discuss or recollect these
224700	230000	experiences. As French philosopher Henri Bergson wrote, the eyes can only see what
230000	231760	what the mind is prepared to comprehend.
232140	234020	People have been seeing the same stuff.
234300	236260	Like, so the Tic Tac of today
237320	240640	was the flying butane tank of the 1950s.
240720	243480	It's almost like you have like a meme library in your head
243480	245700	and then you have this higher platonic thing
245700	248860	that's happening and you attach the closest meme
249580	250400	that you can to it.
250460	250880	Yeah, exactly.
251120	253440	So are we just now getting closer
253440	255220	to the root layer of religion,
255500	257620	understanding its proto-architecture,
257620	260100	It's universal timeless nature.
260220	261520	Maybe we're looking at the source code.
261760	264680	The point is we're all getting a little closer to the light,
264800	267320	seeing beyond the shadows of Plato's cave.
267580	269520	And Diana is helping us get there.
269720	273780	So on that note, please enjoy this riveting, simulation-breaking conversation
273780	278620	with this week's American Alchemist, Dr. Diana Walsh Pasulka.
282620	284900	Different parts of the brain have different activities.
285240	286580	You know that, don't you?
290380	292940	Maybe you should interview me.
300680	306240	Diana Walsh-Peselka is an amazing religious studies professor at UNC Wilmington.
306300	309000	She's the author of two books, American Cosmic and Encounters.
309120	312980	And I think people don't even realize that before David Grush,
312980	320700	You were almost the first person in the civilian context to out these sort of secret space programs.
321740	323400	And the book is incredible.
323760	325500	I'm so grateful you're here.
325600	329180	I know we've tried to make this happen a few times, and I'm just honored to be with you.
329320	329800	Absolutely.
329800	332420	I'm so happy to be here, and thanks for the invite.
332660	339580	I think the first thing that maybe we want to talk about is that American Cosmic opens at a crash retrieval site.
339580	346500	That was in 2016 that I went with people that I had to have as pseudonyms.
346540	351960	Okay, so now Gary Nolan has come out, and that's actually a relief to me that he's come out as himself.
352240	356180	And the reason why we went was because Tyler, who's still a pseudonym,
356840	360660	for a person who is a mission controller and works in the Space Force,
361220	366260	I'd been studying this topic, but truly I didn't believe in it, right?
366260	371100	I just was on the fence of belief or disbelief, which is kind of the method that we use.
371240	374340	We don't believe or disbelieve in my field, but I fully didn't believe.
374960	382280	I was like, why are people believing in these things, you know, that they miss see, say, in the sky?
382560	383920	And belief has gone up.
384120	385900	And so I wanted to know why.
386160	389820	And I had a feeling it had to do with entertainment media, right?
389900	390820	And that's what I was looking at.
390820	398600	And the implication with Tyler is almost, because he worked on the NASA Challenger mission and he had a colleague, an astronaut, famously die in 86.
398940	403780	And he worked on a lot of space missions since then and high up in NASA.
404060	411840	And the implication is almost from your book that he's using his consciousness in some way and mission control.
412080	418800	Or was he somehow, because he feels very tapped into some sort of network where he gets ideas.
418800	423760	He says that he goes to a room where there's a machine and he doesn't know exactly what
423760	428240	the machine does, but he gets a lot of ideas about biomedical innovations and goes on to
428240	430240	actually start companies that are super successful.
430760	437500	And so what is the link between space, bear, and consciousness?
437800	439900	Is there a clear link?
440720	443900	Well, okay, these are things that I think we're working out.
444140	447460	So what I noticed was exactly what you noticed.
448800	453800	The trajectory of his professional life was incredibly lucky.
454440	454880	Yes.
454880	455200	Yeah.
455260	459720	Like this was a guy who was so lucky that it just seemed improbable.
459780	459960	Right.
460040	461160	How could you be that lucky?
461280	461440	Right.
461580	465440	You know, I mean, also he wasn't the best in college.
465640	465920	Yeah.
465940	467500	Almost flunked out even.
467540	468100	That's interesting.
468320	469940	And didn't go to the best college.
469940	470200	Yeah.
470200	472020	How did he get in this space?
472380	472740	I know.
472820	475780	Well, he told me all these stories about how these things happened to him.
475780	481160	And every time he told me a story about this, I was like, that's highly unlikely and improbable.
481260	482720	But it did truly happen.
482860	485920	So I began to see what he did.
486100	487760	I began to study him.
488120	489480	So he had a protocol.
489860	492180	He used these things that I later called protocols.
492580	498720	But they reminded me as a person who studies religion, these protocols that people use in each religion.
498960	503040	And one of them, obviously, is prayer or meditation in the Eastern traditions.
503040	509160	Actually, at the time, I started to practice these protocols because I was really incredibly
509160	514760	busy and drank too much coffee, didn't sleep well.
514960	517340	It wasn't a bad life, it's just that I was really busy.
517540	519860	So he would talk about connecting.
520200	523020	He would go into some type of a state.
523660	526220	When he woke up, he made sure he got a lot of sleep.
526900	528740	He made sure that he was hydrated.
528740	536460	Okay. Well now we know why hydration is really important because you know, our bodies are like 80% water around that and
536460	541440	Water conducts. So if there are electrical things happening, you just have to be hydrated
541440	544700	and so he made sure he was hydrated so he made sure that his
545340	551960	Biophysical self was able to connect with this thing that he said he explained how it felt
551960	554100	it would feel like a
554100	555760	signal coming in
555760	562560	And then he would get the information that he needed to do these technologies or create these businesses.
562860	570500	So this is kind of a crazy, weird question, but Jacques Vallée has clearly influenced you a lot.
570600	570920	Yes.
571140	576360	In some ways the godfather of modern UFO research, one of the early pioneers of the Internet,
577280	581520	but also talked about how UFOs work as sort of control systems,
581520	588980	some intermittent reinforcement to sort of maybe control societies in ways that we don't even fully understand.
590400	594380	And he's also interested in fallen angels.
594480	595820	You talk about this in Encounters.
595840	596200	That's right.
596320	599460	And also demons.
599620	606940	And so angels and demons, what does this have to do with modern ufology?
607560	608240	Yeah.
608260	608900	Okay.
609080	609660	So, yeah.
612420	616100	where I'm having lunch with Jacques Vallée.
616220	621400	So we're in his study, and it's really amazingly beautiful here in the Bay Area.
623380	627440	And he starts to explain a couple of things to me,
627480	632380	and I notice a bunch of books on shelves, and I notice those things, right?
632540	632900	Yeah.
633640	637080	So I go, and I start to look to see what he has on this one shelf,
637080	643480	and then he takes one of the books off and it was a book about angels he says of course you can't
643480	649640	have one without the other right and so we went out and had some coffee some coffee and pastries
649640	656020	yeah um in his living room and so we talked and he asked me what i learned from tyler yeah he said
656020	665360	what do we learn from tyler and at the at the time i was like you got my book you know i was
667080	669560	But then I thought, what did we learn from Tyler?
669900	671740	So I couldn't really answer him.
672060	677000	And thankfully, I took too long to answer him because he picked up another book and he said, you need to read this book.
677160	680260	And whenever he says that to me, of course, I'm going to get the book and read it.
680380	681500	But this one was weird.
681680	684160	So he showed it to me and it was the history of Satan.
684220	686440	It just had big words on it that said Satan.
686700	692120	And again, if I wasn't a little bit concerned before, I was absolutely concerned at that point.
692200	696000	I was like, you know, Jacques Vallée is handing me this book that says Satan on it.
697300	699920	He said, look at the pagination.
700220	702220	So I looked at the pagination.
702240	703140	It was 666.
703520	704000	Whoa.
704120	704480	Yeah.
704520	706480	I thought that was so, you know, of course.
706620	706980	Wow.
707360	709120	It was a really weird moment.
709300	718340	And he said that in the States, we think of Satan or the devil as really, really terrible, right?
718440	722480	But, you know, he said that the French, they have a different view of it.
722600	725820	And it's a much, it's less sensationalist.
727080	730500	And then he had another bookshelf and it was the same thing.
730620	733440	So he picked out a book and it was, he made a joke.
733560	735460	You know, he's really funny, as you know, right?
735480	736400	He's super funny.
736520	738100	And so he made a joke and he said.
738140	740000	It feels like he's always trolling you a little bit.
740080	740620	I'm serious.
741000	742380	That's exactly how he is.
742400	742680	He is.
742780	747600	And it's almost like the work that he talks about where, you know, it's like the hand
747600	750240	of, the sound of one hand clapping the Zen cone or whatever.
750320	753940	The absurdity of the phenomena itself, it almost feels like it comes through him.
753940	757420	and the way he speaks is sort of like confusing
757420	759220	and it's like he throws like a smoke bomb
759220	760240	and you're like, what did you say?
760360	762320	And you like, you end up trying to parse it
762320	764460	even more than you would if it were immediately clear
764460	765840	because he would just be like, okay, yeah,
765860	767120	I'll meet you at this place or whatever,
767240	769280	but he uses a word and you're like, what's going on there?
769580	771620	And then he's sort of, you're more motivated to.
771700	772660	Yeah, yeah, I agree.
773120	777340	My son, burn it, it is from the devil.
778240	780260	I've never been so trolled in my life.
780360	781460	Yeah, yeah, yeah, yeah, yeah.
781600	782940	Throughout this whole study.
783940	788860	I was just like this normal kind of professor of religious studies doing my thing.
789000	790200	And all of a sudden, boom.
790600	795420	And all of a sudden, my life becomes this crazy town.
795720	800820	Well, the hermeneutic reading of American Cosmic is that you start out this analytical,
801000	809440	rigorous academic, and all of a sudden, the observer observed wall breaks down and you
809440	812040	are sort of converted yourself into a UFO believer.
812280	812400	Yeah.
813940	815620	It's really, really so strange.
817140	822200	Here's why Diana's book American Cosmic changed me and many people I know forever.
822580	827960	It starts off not only skeptical of UFOs, but has a pretty rational academic take on
827960	828460	the subject.
828760	833660	In fact, the first half of the book almost reads like a dismissal of UFOs as a modern
833660	840260	scion, discussing how TV and media are very influential in defining how people recollect
840260	842200	their alien or UFO sightings.
843940	849820	Betty and Barney Hill in 1961 seeing aliens with eyes wrapped around the rim
849820	854840	of their heads. But were they just being subliminally influenced by the CBS show
854840	859940	Outer Limits that also show aliens with horizontal slit-like eyes? The show
859940	863840	premiered just a couple of weeks before the couple's reported abduction
863840	870280	experience. Diana also writes about the monolith in 2001 Space Odyssey and how
870280	875700	it may not represent an alien artifact that inspires tech innovation, but actually a digital
875700	883160	screen that manipulates our 3D lower reality. In fact, 2001's director Stanley Kubrick said
883160	889260	in a 1969 interview that interpreting the monolith as an alien artifact is the movie's most
889260	895420	superficial interpretation. Kubrick even initially experimented with the monolith literally being a
895420	900940	screen that flashes targets for the apes to hit with rocks, almost a visual hunting manual,
901080	906140	flashing shapes and colors for the apes to learn increasingly abstract concepts and evolve.
906580	912260	In the novelized version of 2001, written by Arthur C. Clarke, the monolith above astronaut
912260	918080	David Bowman's bed was actually just a TV. So is the monolith just the smoke screen in
918080	918760	Plato's cave?
919080	924860	Diana goes even deeper on the possibility of a UFO psyop. She gets into modern UFO cults
925420	931040	Martin and her followers, a group of Midwestern rapturists that believed that they were recipients
931040	937920	of a UFO prophecy about an impending apocalypse in 1954, which of course never happened.
938180	943520	Okay, so media subtly influences our UFO experiences, the monolith isn't an alien
943520	948100	artifact, it's a screen that manipulates our reality, and we have a bunch of crazy
948100	953600	UFO cults running around. Are modern UFOs just a psyop built in a Disney studio? But as soon
955420	961180	big psyop, something kind of crazy happens in the book. She meets the pseudonymously named Tyler,
961400	966900	who worked as a NASA mission controller since the 80s, but also worked in an alleged secret
966900	973180	space program where he used specific protocols to mentally download information instrumental
973180	979880	for biotech companies that he founded. He's definitely atypical of a space force guy,
979980	984540	you know, rocket scientist. You have a certain stereotype of these guys and they're not driving
985420	988120	or flying around in jets, but that's what he was doing.
988320	991120	He actually said he was interested in what I studied.
991540	993600	And, you know, I study religious studies.
993800	998200	Now, he's not the first aerospace guy who's asked me about my work.
998320	1001720	So I had been asked by some people that I later found out
1001720	1003520	were part of what we call the Invisible College,
1003780	1007280	these scientists who study, you know, this topic.
1007460	1011860	And I had been doing some work on pretty much historical angel events.
1012060	1012380	Yeah.
1012460	1014120	And they wanted to see what I was doing.
1015420	1019960	people from an aerospace company who are interested in this and so I sent him the work, right?
1020180	1026040	She also meets Dr. Gary Nolan, a tenured Stanford professor and microbiologist, with his own
1026040	1026920	mental protocols.
1027300	1032960	Dr. Nolan would later go on to use his Stanford lab to attempt to do material science analysis
1033660	1036160	on what he thinks might be UFO crash parts.
1037000	1042340	Tyler takes Diana and Gary blindfolded to a UFO crash site in New Mexico together.
1042340	1048720	It was a secret place on government land. It was a New Mexico crash retrieval place.
1048860	1054400	And it was a place that, you know, was not Roswell, but this is what Tyler told me.
1054420	1057700	He said there were a few crashes that happened in the 1940s.
1057820	1064040	They then find UFO crash materials with anomalous isotope ratios not generally found on Earth.
1064300	1067940	We did find things, but they weren't easy to find. If they were placed there,
1067940	1075800	They were placed so far down rocks that had been there for like a hundred years, you know, like stuff that you just couldn't get.
1076060	1079100	If all of this sounds insane, it initially did to me, too.
1079260	1083280	But reality is insane, or at least it's a little weirder than you think.
1083580	1084340	It's so interesting.
1084620	1086680	I know. It's really, really so strange.
1086900	1088920	The thing about it is it's a both and.
1089220	1096320	So you say, you know, at first you think the book is going to be about Walt Disney did it all and Psyophthus and things like that.
1097940	1124660	It's like, yes, there were psyops that happened. And yes, there is a phenomenon that exists. And so I guess that is the hardest thing to convey is that people want either or, you know, they want to either there's nothing and we're being fooled and, you know, bad on you government or yeah, whoa, it's really the space people are here and they're going to save us. What if, I mean, it's way more complicated than that.
1124660	1147300	And what if, per yours and Jacques Vallée's work, where you can compare past, you know, St. Francis of Assisi or the Ecstasy of St. Teresa, feel like modern alien abduction experiences, or Jacques Vallée in Passport to Megonia would say, you know, in Celtic medieval Ireland, you might see a leprechaun or a fairy, and now you're seeing an alien.
1147300	1149900	What if it is both?
1150140	1152960	Because I've never seen a document leaked from the government
1152960	1155700	that says we are going to wholesale fabricate UFOs.
1155720	1157280	Like, that never exists.
1157500	1159920	What you do see a lot of is Walter B. Smith,
1160060	1162060	the director of the CIA in 1953, saying,
1162140	1163460	we're going to play up the phenomenon
1163460	1166000	for psychological warfare purposes in the Cold War.
1166160	1166480	That's right.
1166480	1169020	So you're using an existing underlying phenomenon
1169020	1170420	for your own purposes.
1170520	1170800	That's right.
1171000	1174680	And so the modern space alien stuff,
1174820	1177060	that might be the smoke screen we're seeing.
1177300	1183140	We're just seeing the veil and we're seeing these sort of low-level memes or motifs.
1183420	1189320	And yet, in a weird way, this has been going on transcending space-time.
1189420	1193300	This has been going on across history in these really profound ways.
1193460	1194640	That's not a psy-op.
1194800	1195220	No.
1195340	1195920	That is so real.
1196120	1196400	Yes.
1196420	1198660	And the experiences people have are real.
1198800	1199900	Totally, totally real.
1201520	1206680	In the late 1800s, while sleeping in her small cell in a Catholic convent,
1207300	1213160	nun named Sister Maria was awakened by a shining object, like a flame, that appeared to emerge
1213160	1217760	from her room's wall and hover above her. No one in the convent believed her, but she
1217760	1222820	convinced the Mother Superior to stay up with her one night. Lo and behold, the flame emerged
1222820	1227760	from the wall and hovered over the two women. The Mother Superior determined that the flame
1227760	1231180	must be a soul stuck in purgatory in need of prayer.
1231520	1237000	Now cut to the 20th century. Melissa, in her early 20s, saw a ball of light come through
1237300	1242480	sliding doors of her apartment, bounce around the room, go down the hall, and into the other room.
1242680	1247820	She followed the light around the room before it went back outside through the same sliding doors.
1248220	1254480	This is an exact description of a UFO encounter from John Mack's 1994 book, Abduction. Mack was
1254480	1259800	the head of the Harvard Psychiatry Department who devoted the end of his life to studying alien and
1259800	1265940	UFO experiencers. And this description of an orb bouncing around Melissa's room sounds exactly like
1267300	1268260	Catholic nuns experience.
1269120	1271800	Are these two experiences the same thing?
1271940	1277100	One with a religious overlay and the other interpreted as paranormal or extraterrestrial?
1279340	1287120	In the age of disenchantment and secularization where even garden variety people who follow
1287120	1293020	religion often don't actually believe in the metaphysical reality of the religion, it almost
1293020	1300260	It almost feels like the most charismatic thing that you can believe is something that really marries science and religion with the UFO thing does.
1300520	1300920	Yes.
1300960	1307660	Because it is both nuts and bolts and space and it is angels and demons and spirituality.
1308420	1308760	That's right.
1309000	1318240	And so there's something highly charismatic about it that I think we would both say on a go forward basis, it's probably just going to keep growing.
1318560	1319040	Yes.
1319040	1325720	And so what I'm getting at, I guess, is it can be really negative and it can be really positive.
1325900	1327880	And so how do you make sense of that?
1328000	1331140	It's just like angels and demons and it can be both.
1331240	1335560	And there's a book called The Devil that it's about the history of demons and science.
1336160	1347840	And, you know, whether it's, you know, James Clerk Maxwell or Laplace or Descartes, a lot of these people had experiences with sort of demonic entities.
1349380	1352920	And Socrates spoke to a daemon, so one letter off from daemon.
1353280	1358400	And then some of these inventions are really positive for humanity,
1358620	1361660	and then at other times they're cataclysmic and destructive and horrible.
1362360	1363740	So what's going on?
1364120	1364820	Yeah, yeah.
1365100	1366620	Oh, gosh, that's a big question.
1366940	1368180	How am I going to answer it?
1368240	1369340	I don't know how you're going to answer that.
1369340	1371040	How about if I have a conversation about it?
1371160	1371740	Okay, let's do it.
1371740	1372320	Okay, okay.
1372800	1373240	Peripatetic.
1373240	1374680	Yeah, exactly, exactly.
1375100	1375540	Dialectic.
1375880	1376500	Dialectic, yeah.
1376500	1382320	So it is true that you say the UFO melds science and religion, right?
1382540	1383800	And it's not going away.
1384060	1384540	Okay.
1384620	1387920	Well, this is what I saw before I wrote American Cosmic.
1387940	1390180	And I said, this is a new form of religion.
1390400	1393340	It's not just a religion because we do have UFO religions, right?
1393480	1393740	Yeah.
1393820	1394280	Okay.
1394680	1396400	But this is a new form of religion.
1397440	1399560	And this is going to happen.
1399700	1404680	And I kind of tried to stay with that thesis.
1406500	1411180	And I talked about how media is going to kind of, it's the infrastructure that's going to,
1411180	1415300	you know, it's just going to disseminate through all kinds of different screens, right?
1415420	1417140	And we're just going to be converted through these screens.
1417400	1425800	But I didn't, I didn't figure that I would have experiences myself going through the
1425800	1430720	study of it and that I would then think, okay, something is happening here.
1430920	1432140	And that's what happened.
1432340	1432860	Yeah.
1432860	1437520	Yeah. Well, that's, and now I'm just going to be open about it because it's,
1438080	1443060	it feels like the cat's out of the bag with all this stuff. I used to try, I used to try to
1443060	1448200	maintain sort of impartiality. And then, you know, the book I would always give people when they were
1448200	1452340	skeptical is a book called UFOs and Nukes by a guy named Robert Hastings. Yeah. Great book.
1452480	1456700	Amazing book. And it's super dry and hardheaded. And that's why I would give it to people. And
1456700	1462120	I recently connected with him two weeks ago and he was like, I've had a lot of anomalous
1462860	1464400	since I've started studying the phenomena.
1465160	1466980	I've had a lot of weird experiences
1466980	1468560	since I've gotten into this.
1469040	1471180	And I've never said this before publicly,
1471400	1474740	but my dad's godfather is a guy named Rod Serling
1474740	1476000	who created the Twilight Zone
1476000	1479840	and made the most famous UFO documentary
1479840	1482940	in the, I think it was the 50s or 60s.
1482960	1485040	And then I made this thing with Grush or whatever,
1485220	1486620	like a couple of months ago.
1486720	1487980	And it's just this weird thing
1487980	1492680	where you start to feel even more connected to it
1493780	1496880	The goal of science is to stay impartial,
1496940	1498740	but it's sort of impossible with this.
1498840	1501020	And everybody I know who's at the forefront of disclosure,
1501240	1503820	whether it's you or Gary Nolan or any of the people,
1505000	1508700	they admit that they've had sort of anomalous experiences themselves.
1509200	1510320	And so have you had,
1510460	1512300	you don't have to talk about it if you don't feel comfortable,
1512460	1514100	but have you had any experiences like that?
1514260	1517960	Well, I think that being alive is an anomalous experience.
1518100	1519200	It is, yeah.
1519200	1523720	And that we just have defense mechanisms to keep us from recognizing it.
1523800	1524200	Yes.
1524300	1528800	And I think what happens is that the UFO comes along and busts your defense mechanisms.
1529080	1529300	Yes.
1529320	1532700	So you saw my defense mechanism bust in American Cosmic.
1532820	1533140	Yes.
1533140	1534300	And a lot of people did.
1534500	1534880	Yes.
1534880	1536800	And then it went out and busted theirs too.
1537020	1537340	Yes.
1537340	1538880	Because I was so honest about it.
1538940	1540880	I was like, this is going to happen.
1540960	1541900	It's a new religiosity.
1542200	1543560	You know, let's do this academically.
1544100	1545120	And then boom.
1545600	1546520	Oh, what?
1546660	1548000	This is for real?
1548140	1549040	It is for real.
1549200	1557280	and then okay if it's for real what does it mean and that's my follow-up was like so i you know my
1557280	1563640	follow-up was like if it's for real then what it means is that we better take life pretty darn
1563640	1569740	seriously yes okay so if it doesn't cause you to go off the deep end i think what it does is it
1569740	1575880	causes you to i hate to say this word but or this term but go on the straight and narrow yes
1575880	1576880	Yes, absolutely.
1577380	1578520	Because if you don't.
1578520	1579700	I basically don't drink anymore.
1579900	1581380	I have very little caffeine.
1581460	1582360	I never have caffeine.
1582500	1582700	Wow.
1582720	1583060	Basically.
1583140	1587880	And you feel more sensitive to reality in a way.
1587960	1591440	And then you end up having to go in the straight and narrow.
1591700	1592200	You have to.
1592220	1593200	It sort of forces you.
1593340	1593400	There's no choice.
1593420	1593820	Yes.
1593980	1594960	It's a forcing function.
1595040	1595340	That's what.
1595900	1596900	Oh, very good.
1597140	1597380	It is.
1597400	1598840	Jesse, it's a forcing function.
1599060	1599320	Yes.
1599320	1600560	I'm going to now use that term.
1600560	1611820	I tried to understand what it was when I told people that these people aren't holy, but they are doing this, and they're doing this because they have to do it, and that's not a choice.
1612140	1616260	These visitations, in a way, are kind of like a modern mystery event.
1616380	1618420	People don't just walk away traumatized.
1618460	1619260	In some cases, they do.
1619560	1622640	But in other cases, I mean, transformed for the better.
1622640	1635020	Well, it's almost like as you study this, you become, and this is not scientific terminology, but like a higher frequency, but nonspecific amplifier or receptor.
1635480	1644640	And so as you get deeper into it, you pick up more, you become much more sensitive and bad stuff can glom onto you more easily.
1644900	1648940	And so it's almost like C.S. Lewis, the screw tape letters where you have to be hyper vigilant.
1648940	1649180	Yeah.
1649460	1652840	But you also are tapped into really good stuff too.
1652940	1653440	Yes.
1653440	1659820	And it's like an amplification or intensification of what somebody who isn't on the path yet
1659820	1660580	might experience.
1660980	1661100	That's right.
1661100	1662720	Let's talk about a specific example.
1662760	1667960	The one I love is St. Francis of Assisi where the UFO experience becomes a forcing function
1667960	1672860	to become a better person, but also that involves a lot of hardship for him.
1672880	1677580	He starts out this sort of popular, you know, life of the party guy and then he has a UFO
1678940	1685120	dies from it oh do you want to tell the full account yeah okay so what happens is that francis
1685120	1695880	is praying and something comes out of the sky and the way that it's described is that there's a lot
1695880	1704000	of like sparks and it seems kind of spinning and there's an there's an eye right that comes down
1704000	1708480	and there's different versions of it too.
1708760	1710320	So that's what people need to know
1710320	1712640	is that there's the artistic version of it
1712640	1714880	and the dogmatic version of it.
1715040	1717160	So the information I was able to get
1717160	1720560	was that the angel was harsh with him.
1720900	1724140	Okay, now I'm not quite sure what that means,
1724240	1725380	but that's how it gets translated.
1725620	1728320	So it deals harshly with him
1728320	1731780	and he receives burns maybe.
1731780	1736480	So this is then interpreted as being the stigmata.
1736680	1740720	And it's interpreted as the angel, like Jesus talking to him.
1741020	1745000	Like, you know, this messenger coming down and talking to him.
1745140	1752340	Now, this isn't unlike things that you see today, like in contemporary, you know, UFO.
1752680	1759140	That's the thing that I was trying to point out was that this looks very similar to things that people talk about today.
1759140	1766060	Day radiation damage and all the yeah, yeah, Gary Nolan's work. I mean that's when it really hit me was I was actually
1766580	1770540	At the New Mexico site and we hadn't gone there yet
1770540	1774440	it was a night before and we were all just hanging out having a beer and
1774440	1776880	Gary decided he was gonna share his
1777620	1783180	Research with us and photos and everything and took like two hours to go through a lot of this stuff
1783180	1786300	And I was horrified out, you know, because he's doing
1786300	1792320	I mean, he's, and in fact, part of his motivation was to try to stop this from happening, right, to people.
1792860	1803620	Do you think that, my mind went for whatever reason when you were talking about the story of St. Francis of Assisi to the Ark of the Covenant and the holiest of holies.
1803780	1808080	And you have to be a certain level of purity to make contact.
1808180	1811840	And if you don't, then somehow it does violence to you or something.
1811840	1816560	So do you okay so this question of your purity or else okay?
1817300	1823300	So in a lot of traditions that have these you know that discuss this contact with
1823960	1829660	Non-human intelligences whether we interpret them as like deities or you know UFOs or whatnot
1830780	1835220	a lot of them do you have these this idea similar idea as
1835840	1840880	In the Merkabah tradition right you do you have to be by the way you also see this in the Socratic tradition
1841840	1843340	Strangely, it's with philosophy.
1844100	1854260	You know, so you have to be a certain age and you have to have done so much math and purified yourself in order to understand philosophy like truth and things like that.
1856260	1858020	So, yeah, so you see this.
1858120	1871560	So now, I don't know if that's true or not, but this is, you know, this is the historical fact that people believe this and people have prepared themselves to do this.
1871840	1883140	Now, listen, when people ask me, because a lot of people do, I have people say I go talk to a class or, you know, do some podcast and I'll have somebody ask me, how can I make contact?
1883340	1883560	Right.
1883660	1885480	And I don't recommend that at all.
1885540	1886140	Yeah, right.
1886680	1887180	Right.
1887200	1892080	Especially not in some sort of recreational, you know, like it's fun or whatever.
1892220	1893180	Like, good luck.
1893420	1893760	Yeah.
1893800	1894100	Yeah.
1894200	1895080	I don't recommend it.
1895260	1896160	It's dangerous.
1896300	1900680	I think if it happens, it'll happen when you least expect it.
1901840	1907160	Reality is set up the way it is for a reason. I think yeah, you can just move
1907720	1909500	through your own life and
1910420	1912300	contemplate virtue and
1913040	1917180	Get where you need to go through that and then I do think yeah
1917180	1923920	It's like staring at the Sun for too long when you yeah, yeah study. That's this stuff. Yeah, whatever. It's the heroic dose
1923920	1930240	Yeah, totally don't do it. Just don't do it or two steps forward one step back and yeah
1931840	1934100	Don't always go looking for it.
1934300	1939920	Do you think that the Last Supper was some sort of hermetic ritual?
1940200	1943560	Was it like maybe a mystery ritual?
1943840	1949380	Like there's another religious studies professor at Princeton, I believe, named Elaine Pagels.
1949420	1950520	Yeah, I know her.
1950680	1951140	You know her?
1951140	1952020	Yeah, yeah, she's great.
1952220	1953660	And she wrote Beyond Belief.
1953700	1954320	Yeah, she's great.
1954520	1957700	And she talks about the Gospel of Thomas.
1957740	1958400	Thomas, yeah.
1958400	1963200	Yeah. And how Jesus takes Thomas aside, whispers secret words to him.
1963340	1971980	And maybe the whole thing, even if you read the book of John, the whole thing, there's a reading of it where the whole thing feels a little more choreographed than you might expect.
1972760	1983540	And so do you think maybe the wine was like the Kekion, you know, this Greek drink spiked with ergot that maybe allowed him to see beyond the veil?
1983540	1989080	and then there's this other sort of this we're getting deep conspiracy territory but i'm friends
1989080	1994540	with randall carlson and you know brian from a rescue and they suspect maybe jesus never died
1994540	2002520	and um joseph of arimathea actually just uh took jesus in who was lifeless when pilot sort of
2002520	2007840	poked him but actually resuscitated him with herbs this is probably all very heretical for
2007840	2012760	your religious studies professor so if you feel like you need to say this is bullshit please just
2013540	2017540	Elaine Pagels also studies. Yeah. So she studies heretics.
2017580	2021080	Yeah. Okay. Well, so is there any chance that...
2021080	2024880	We don't have any. We're not like practitioners, or if we are, we don't bring it into our work.
2026300	2031140	Certain Gnostic interpretations of the New Testament maintain the belief that Jesus
2031140	2037200	actually never died. That the Last Supper was all more of a choreographed mystery ritual than
2037200	2044320	meets the eye, where Jesus was sedated and then resuscitated. Take Luke 22 10. Jesus tells the
2044320	2050500	disciples, Keep your eyes open as you enter the city. A man carrying a water jug will meet you.
2050840	2056500	Follow him home. Then speak with the owner of the house. The teacher wants to know,
2057280	2061320	where is the guest room where I can eat the Passover meal with my disciples?
2062920	2066700	Already, there are references to something going on behind the scenes.
2066960	2068400	Who's the guy with the water jug?
2068680	2070860	Then in the book of Matthew, Jesus says,
2071060	2074280	Verily I say unto you, that one of you shall betray me.
2074800	2077080	So he knows he's about to be betrayed.
2077380	2080200	And then he drinks hyssop, an herbal sedative.
2080440	2082820	Maybe so the Romans think he's dead.
2083100	2088680	In fact, the popular account has Jesus dying within six hours while on the cross, which
2088680	2090440	doesn't really make biological sense.
2091320	2093840	The apocryphal Gospel of Thomas goes even further.
2094280	2099500	These are the secret sayings which the living Jesus spoke in which Judas Thomas wrote down.
2099820	2104940	And he said, whoever finds the interpretation of these sayings will not experience death.
2106060	2111780	So all of a sudden, the disciple supposedly betraying Jesus is maybe his closest confidant,
2111980	2114660	recording the secret knowledge of immortality.
2114920	2120060	Joseph of Arimathea, who is supposedly a disciple as well, indicating that there are more than
2121320	2127120	then comes to retrieve Jesus' body. Joseph embalms him with herbs, myrrh and aloe,
2127260	2132280	which you might do if you were trying to resuscitate someone. The text even reads that
2132280	2139040	Pilate granted Joseph the corpse of Jesus, using the Greek term potoma, or a lifeless body. But
2139040	2145800	when Joseph asks for the body of Jesus, he uses the word soma, meaning to save, heal, or make the
2145800	2151080	body whole. Finally, when the disciples go to roll away the stone of the sepulcher, it had already
2151320	2158920	rolled away maybe by a recently resuscitated jesus is there any chance do you think that the last
2158920	2166200	supper was a mystery ritual okay so i have to talk as a not practitioner here sure sure you know of
2167080	2173520	and as a religious studies professor yeah so listen when i look at uh that ritual yeah you
2173520	2179300	know the uh the last supper yeah which is they're jewish so it's a seder right yeah exactly passover
2179300	2208220	Yeah, yeah, okay. But we have to wonder why it was up taken then into the Roman Catholic Church, because it wasn't like the agape feasts. They weren't really that they weren't that ritual, right? So then let's think about this. What distinguishes like, certain types of institutions or societies from some sorts of institutions that are more like smaller institutions, like tribal villages or indigenous communities?
2209300	2216520	They basically believe in the presence of spirituality in many, many things, like in
2216520	2221680	forests, in rivers, sky beings, in trees and things like that.
2221860	2223180	So there's a sense of presence.
2223640	2231760	Well then, what happens in the institution of Rome is there's no presence, right?
2232020	2235880	And so you make this, what they're doing is they're recreating presence.
2236860	2237940	I think so.
2239300	2245820	presence exactly well okay so if you're catholic and you're orthodox you know this that that ritual
2245820	2252240	is supposed to be when the priest does the transubstantiation of it's supposed to be the
2252240	2258100	actual presence of jesus you hear the bell in the mass it goes ding and then that's the presence
2258100	2264540	not just the it's also the bread and the wine yeah become the blood and the body and that's
2264540	2270480	not symbolic for Catholics or for Orthodox. It becomes symbolic for Protestants.
2271060	2280260	And so, oh wow, so is Catholicism more sort of cannibalistic than we realize or something?
2280760	2281540	Well, of course.
2281560	2283140	Like you're eating? Yeah, you're eating good, of course.
2283140	2287560	I mean, yeah, there's like an alter. I mean, I hate to tell you this and you'd be shocked,
2287720	2293120	but this happens to my students. When we talk about, you know, I say, okay, when you went,
2294540	2301060	So they don't know that this is what Catholics and Orthodox Christians are doing when they're like doing this thing on the altar.
2301280	2303920	And this brings me back to the, let's talk about Rene Girard.
2304040	2304720	Yeah, let's do it.
2304740	2312260	Because Rene Girard is like, this is exactly what he's talking about because he talks a lot about structural violence, right?
2312460	2313280	Structural violence.
2313360	2317880	So he basically asks, why are we so mean to each other?
2318020	2320880	Like, why do we always feel the need to kill one another?
2321120	2322360	Like, what is this?
2322360	2331940	And so I think about my life, you know, as a young person, going through college, then going through graduate school and all the books that I read, like some of them really stood out to me.
2332040	2336280	And they were Plato's Republic, which asked, could there be a just society?
2336700	2339160	And there were the Gospels of Jesus, right?
2339260	2340860	Obviously, I became a religious studies professor.
2341420	2343700	And there was Rene Girard's work.
2343860	2348260	Really, each of these texts say that this is structural.
2348260	2351120	You know, so when you think, like, you know,
2351120	2353980	as a kid kind of growing up with parents who were liberal,
2354140	2356720	you know, we got to save the world.
2356880	2358660	Well, yeah, we do have to save the world.
2358740	2361200	But the thing is, is that it's structural.
2361440	2362640	The bad is structural.
2362860	2363200	Right.
2363280	2364940	You can't do enough.
2365540	2365900	Yes.
2365900	2368920	And Gerard is interesting because, yeah,
2369500	2371940	he had sort of a bit of a cult following as a professor.
2372200	2374700	And I think there's a Roberto Colosso quote,
2374820	2376560	there are foxes and there are hedgehogs.
2378260	2382240	that know a lot about a lot, and then there's somebody that knows one thing, and you can apply
2382240	2385320	it. It's sort of grand theory of everything. Oh, yeah, that's him. That's Rene Girard.
2385320	2391360	And that was Rene Girard, because he was sort of a hedgehog. And in his case, I think he thought
2391360	2394760	that the history of the world was the history of violence, and you had these sort of pagan
2395240	2401820	scapegoating cycles. And the only thing that is, in some sense, he situates Christianity as a
2401820	2406180	non-unique religion, because it's just another scapegoating story. That's right.
2406180	2429580	But the way in which it is unique is that it sort of signals the end of history because for the first time the mythology and the story is taking the side of the scapegoat and not the mob, not the masses, which then you sort of unlock this idea that is both maybe saving of humanity but also destroying it.
2429580	2446700	Like it sort of signals the end of the world or something because the scapegoating rituals are cathartic control processes to keep society moving forward where you have sort of rivalrous interactions around kind of desires that everybody have that are emergent.
2447500	2454560	And the scapegoat is then ritually sacrificed and then society that pacifies society and it can keep going.
2454560	2460220	But it can't keep going if you know that you're doing a wrong thing in scapegoating this character.
2461020	2472300	And so there's something about Christianity which is subversive and messes with this technology that keeps the world going in a way that creates, sows the seeds of the apocalypse.
2472860	2473500	That's right.
2473600	2473980	That's right.
2474120	2477260	So the thing is that we, and by the way, A plus on that.
2477660	2478420	Thank you.
2478420	2478740	Thank you.
2478740	2479400	That was really amazing.
2479620	2479760	Yeah.
2479760	2490600	Okay, so the thing about it, though, is that, so the Christian recognition that we killed Jesus, right?
2490680	2490900	Yes.
2491120	2492320	We are the ones that.
2492320	2492960	Yes, the guilt.
2493160	2493440	Yeah.
2493500	2494500	The depravity.
2494580	2494860	Right.
2494860	2495140	Yes.
2495260	2498180	And so he rightly, remember we talked about a defense mechanism.
2498480	2504620	Like a student asked me the other day, you know, is there, you know, what's hopeful or is there something to hope for?
2504740	2505780	And I said, yes, you know.
2505780	2508660	But in part of the answer, we were talking about religion.
2508860	2510000	Does religion offer hope?
2510200	2512220	And in one sense, yes.
2512400	2516500	But in another sense, it's a defense mechanism, right?
2516620	2518040	And it defends us against.
2518100	2525840	So, you know, religion springs up as a defense against our need to be this violent and to
2525840	2530060	hurt each other like this and to kill the neighbor, you know, because we want what the
2530060	2530640	neighbor has.
2530640	2538320	and Christianity that the beauty that Gerard interprets Christianity as being
2538320	2542360	and by the way a lot of times I don't think Christianity lives up to Gerard's
2542360	2554040	idea because because once we then perform this constantly we become like
2554040	2559180	you didn't even know that it was a sacrifice this mass you know so the
2560640	2565500	is that we're in the ritual and we kill this innocent victim.
2565800	2570640	We're killing a perfect good person is what we're doing
2570640	2571840	and then eating them, right?
2572040	2572200	Yeah.
2572560	2573120	Okay.
2573320	2577120	But once we start to do this again and again and again,
2577320	2580020	we just don't know what we're doing anymore.
2580200	2582940	And then people act, we become programmatic.
2583040	2583440	Yes.
2583440	2584300	People don't have.
2584420	2589700	So that's why I think something like a UFO then comes in to break that up
2591160	2599040	say there's something here and it's it's actually not within your program yes and i think if you see
2599040	2604940	the synchronicities you sort of know you're on the right path you know you're like you're in some
2604940	2610340	like exciting whirlpool if you see when you see the signs yeah okay i learned a bit about this
2610340	2615880	actually yeah tyson yunca porta's book sand talk is really good by the way but he calls these
2615880	2622000	synchronicities and these kinds of things that happen yeah um extra cognitive events yeah okay
2622000	2627720	and he says that they're natural things what they do is they and i got this from studying creativity
2627720	2634440	is that they actually provide dopamine right yeah so when you're like doing something that's really
2634440	2640340	creative and maybe even productive like creating a technology or something then you're gonna really
2640340	2644560	enjoy it like you know when people get into a creative space and they just go and they can't
2645880	2651740	with them. Yeah. Wow. So it's like intermittent reinforcement where you get a little dose of the
2651740	2656440	dopamine or something. That's right. That's right. I kind of think that synchronicities are more how
2656440	2663160	it actually is. And that when we get out of our program, we actually go, whoa, okay, this is how
2663160	2668760	it is. But then we just go back into our program because we're all trained, right? To on a program.
2668940	2673100	That brings you back to the Girard. Yeah, that's right. That's right. Yeah. The defense mechanism
2673100	2676260	that we have of life that we figured out.
2676320	2677220	Yeah, we did.
2677580	2677840	Amar?
2677840	2677840	
2690440	2695600	What do you think is the relationship between time and UFOs?
2696400	2698420	Is there some interesting relationship?
2698440	2699900	Are they from the future?
2700120	2703080	Are aliens in Close Encounters of the Third Generation
2703100	2709640	kind of just experiences with our future selves or yeah what do you think yeah that's a really
2709640	2716960	good question okay so what's really interesting is that okay so after the you know around 2019 or so
2716960	2721500	i started to meet people who were people from technology communities right tech techies
2721500	2729560	basically yeah um and a lot of them really resonated with tyler and recognized themselves
2729560	2735600	and a lot of them were creators of AI and some of them did quantum computing
2735600	2740500	and things like that and so I started to engage with them because I was learning
2740500	2744900	from them and I was learning about this whole idea of you know what are these
2744900	2749180	things right and so I thought that their ideas were very interesting because the
2749180	2753480	the normal idea is that they're extraterrestrial which means that they're
2753480	2757820	from another solar system or even our solar system who knows and they've
2759560	2761720	have some kind of craft that comes here.
2761860	2764340	This is supported by craft retrieval,
2765140	2766500	you know, talk and stuff like that.
2766520	2767280	And they come here,
2767400	2772360	but that doesn't accord with what people see
2772360	2773580	when they see them in the sky.
2773760	2774920	You know, they kind of disappear
2775460	2777200	and reappear, disappear, reappear.
2777260	2779920	So this would suggest something entirely different
2779920	2782540	or that, you know, we just don't understand
2782540	2784280	that technology that they have.
2784380	2786980	So AI people being really smart
2786980	2789420	and generally very self-confident,
2790100	2791360	believe that they could figure it out.
2791500	2793660	So they've been talking about
2793660	2795520	the temporal aspects of it, right?
2795620	2796840	So they're, and by the way,
2796860	2798780	this guy named Stephen Dick,
2798900	2800160	who is a NASA historian
2800160	2802140	and has been for like 40 years,
2803020	2804460	he's now retired,
2804600	2806380	but he's on the research team
2806380	2807300	for the Galileo Project.
2807580	2808900	I've corresponded with him
2808900	2810140	for about a long time,
2810140	2813220	for since the beginning of my study,
2813260	2814340	which is in 2012.
2814860	2816540	He's been doing this for a long time.
2816980	2825180	And more than 20 years ago, he suggested that these were AI, a form of AI, or that if we met them, they would be a form of AI.
2825720	2829520	And so this accorded with what Jacques Vallée said, that they're technological.
2829860	2830120	Right.
2830200	2832100	Or it's like cellular automata.
2832240	2836380	Yeah, these sort of control systems that it's like if you were trying to get.
2836640	2839140	So this is like rats in a prime number maze.
2839260	2841140	They don't understand the concept of prime numbers.
2841280	2841480	Right.
2841520	2844840	So there's no way you can say turn right every single time you hit a prime number.
2844920	2845100	Right.
2846980	2848560	or intermittent reinforcement,
2848900	2850860	you could get them to run a prime number maze.
2851040	2852000	They don't know what they're doing.
2852160	2854040	No, they're just going on the impulse
2854040	2856260	to get the treat or whatnot.
2856260	2858280	But they're implementing some grand plan
2858280	2860180	or kind of grand plan in the process,
2860260	2861020	a plan that you know.
2861240	2861760	Right, right.
2861820	2863980	And so maybe these are AI envoy
2863980	2865900	von Neumann replicators or something
2865900	2869020	that nip at the herd in ways that we don't know.
2869040	2870480	It's like, why Betty and Barney Hill?
2870640	2872540	And why Antonio Villas-Boas?
2872620	2874160	Like, why these specific people?
2874160	2880560	but it might be moving us, swaying society in a specific teleology or something.
2880780	2881800	Well, yeah.
2881900	2885200	So in conversations with some of these AI people,
2885920	2890520	they were basically saying that now that we have that,
2891160	2894660	the discovery is true of superposition in this,
2895780	2901660	what it shows us is that there is this place beyond space-time
2901660	2909520	and there's information there and so this is information coming to us and and it's intelligent
2909520	2917600	and that it doesn't have the same it's it doesn't have the same word it's that the carrier is
2917600	2925820	different right so it's not us yeah let's just uh before i don't want to forget this because we
2925820	2932180	we were talking about Tyler. You go to the Vatican Observatory with him. Yes. And he has a conversion
2932180	2936800	experience. Yes. And so, okay, can we talk about that? Because that seems like this profound thing
2936800	2941660	where he bursts into tears and he says, all I want to do, I don't care if I ever go back in the space
2941660	2946980	program, all I want to do is help people. Yeah, because he was really doing a lot of this.
2947200	2951860	I wouldn't, he wasn't really conscious about what he was doing. He was just doing it, right? This
2951860	2952540	This was his job.
2952560	2955700	He was doing it since he was really young and he was really good at it.
2955760	2956680	He knew what to do.
2956700	2957600	He knew how to do it.
2957680	2958080	Okay.
2958340	2961560	So then when he met me, I told him what he was doing.
2961760	2966100	And that forced him to start to think about, wait, this has been happening.
2966400	2971940	And so when we went to the Vatican, this priest comes up to him and then they engage.
2971940	2980060	and then the priest somehow immediately decides that he's gonna take on Tyler
2980060	2986880	like like a like a mentor or something and he even blesses the project yeah so
2986880	2990480	there's a picture of him blessing like the project which hadn't even been named
2990480	2993960	or it may have been named I don't know it was American Cosmo he blessed it he's
2993960	2998160	just a really nice guy I'm just gonna call him father K cool father K would
2998160	3001900	would take us to his chapel, which is outside the Vatican in Rome.
3002080	3003060	It was at a hospital.
3003380	3005320	And he would take us on his rounds.
3005380	3010580	So we would go to the hospital in the morning, do Mass, and then go on his rounds.
3010900	3015480	And he would take us to people who were ill, some of them terminally ill.
3015680	3027700	And he would have us help him give, like, it's not last rites, but it's a rite of healing.
3028160	3033340	to very sick people and he would do that and some of the people made a huge impression on tyler
3033340	3039820	because there was a man who was fairly young and you know was there to he was terminally ill and
3039820	3046940	i don't think that tyler had ever been around somebody he dedicated their lives basically to
3046940	3053300	other people i saw that he started to get internal and started to become like reflective about
3053300	3058700	about himself, and I could feel that this was happening,
3058820	3060300	but I didn't know it was gonna happen.
3060360	3062980	I just could sense that something was happening like this.
3063120	3065820	So then that's when we went to the observatory,
3066060	3068480	and in the observatory,
3068560	3071600	the observatory is the Catholic Observatory.
3071840	3077220	It's run by a Jesuit monk who's an astronomer.
3077500	3078480	MIT trained.
3078640	3080400	Yeah, yeah, he's like really,
3080400	3085560	you know, he and Tyler can have some good conversations, right? So the people that are
3085560	3091940	there and, and populate the observatory are the kind of people that would be like in the space
3091940	3097840	program, but they're super religious, they're Catholic. And so I had this feeling that when
3097840	3104600	Tyler met them, that it would be over for him, that he would definitely know that, that there
3104600	3109280	was, you know, there was something great and truthful and, you know, there was something
3110400	3116760	right actually strangely enough the international space agency people were there like 30 of them or
3116760	3121220	so and they were all really young yeah it was like a whole thing for the international space agency
3121920	3128380	young astrophysicists and stuff and and they actually knew who tyler was wow yeah because
3128380	3133640	no one knows who he is here he kind of got overcome with like i wouldn't say emotion but
3133640	3139200	maybe it was emotion he he got overcome with like the epic nature of what was happening
3140400	3146920	we were doing and looking at like actual books that were written by Copernicus, like first
3146920	3150800	first editions and stuff, you know, I mean, it was really amazing.
3151000	3157040	And Copernicus had a, you know, he was obviously came up with the theoretical model that the
3157040	3160900	solar system revolves around the sun and that we live in a heliocentric universe.
3161020	3163900	But he had a very interesting relationship with the sun.
3164040	3166600	It was almost like a very spiritual endeavor.
3166880	3167560	I didn't know that.
3167680	3168100	Oh, yeah.
3168320	3168680	Wow.
3170400	3174580	great book called The Kingdom of the Sun. And it's about our relationship to the sun throughout
3174580	3179560	history. And there's a whole section dedicated to Copernicus, who was a very mystical thinker
3179560	3181680	when it came to the sun. Fascinating. I did not know that.
3181760	3186920	Yeah. And I think of the sun too as like, it's so, it's like a nuclear fusion. It is a nuclear
3186920	3188140	fusion reactor. Yeah.
3188360	3193720	And it sort of powers the earth. And Henry Bergson, which we just spoke about as, you know,
3193740	3199780	kind of French mystical, but also kind of science, maybe pseudoscientific thinker in the early 20th
3201340	3208100	19th century also thought that the sun specifically spurred on evolution like it would it was somehow
3208100	3213480	essential to the evolution of mankind and so maybe it's a combination of the electromagnetic
3213480	3220520	field of the earth the new sphere you know yeah and then and then also this sort of the sun as
3220520	3226820	well but that's fascinating anyway back to so tyler yeah is uh studying this stuff and do you
3226820	3234000	You think in some ways for Tyler, it was a convergence of Catholic faith, but also his
3234000	3236040	life being dedicated to space.
3236120	3236500	Absolutely.
3236680	3242020	That was, it probably made him realize just how profoundly meaningful his past life had
3242020	3242240	been.
3242600	3243500	Yeah, I think so.
3244380	3249720	I think that's exactly what happened because I knew that he had a profoundly meaningful
3249720	3254620	life, but because he was in this community of being secret, you know, the fight club
3254620	3257340	club community that I discussed, no one could ever know it.
3257500	3264160	So then to have him recognized by international space scientists, you know, the European international
3264160	3268200	space scientists, it was a beautiful thing to tell you the truth.
3268420	3272080	And then he decided to convert.
3272300	3279000	And here I am doing this, you know, this study for years and years, and then this kind of
3279000	3279400	happens.
3279400	3285680	But also what happens is he changes his idea of what these things are that he's feeling he's getting signals from.
3285820	3291820	So he feels that they're more in line with what, because we were studying saints who had these experiences.
3292440	3297120	And he was thinking that they're more in line with what they were, you know, experiencing.
3298380	3300160	And he comes from a line.
3300160	3310320	You've talked about Tsiolovsky, the father of Russian rocketry, or Jack Parsons, who claimed to be kind of in contact with entities.
3310980	3313740	You know, Wernher von Braun would say all sorts of trippy stuff.
3314000	3320080	You know, he's the father of German rocketry and then went on to run the NASA Saturn project, which took us to the moon.
3320080	3332780	And so is there something about the history of the American or just space space programs in general that is more consciousness based than we somehow realized?
3334280	3345240	The Russian space program was inspired by early rocket scientists like Konstantin Tsiolovsky, who had basically constructed his own cosmic religion or worldview around space.
3345240	3351060	space. This included a belief that humans would colonize the Milky Way, achieve immortality,
3351800	3357040	regulate the forces of nature at will, and transition our biosphere into a new sphere,
3357300	3361460	a mental network. He also believed humans would achieve time travel.
3361720	3367020	His American counterpart, Jack Parsons, was equally unbounded by convention. He was part
3367020	3373060	of the Pasadena Cult O.T.O. along with Scientology creator L. Ron Hubbard. The two would perform
3373060	3379340	sex magic rituals and Parsons even received a past life regression in which he was Simon of Magus,
3379500	3384620	a biblical character who used black magic to levitate. All of that is to say maybe the true
3384620	3389220	history of American and Russian space programs is stranger than meets the eye.
3389940	3395060	Yes, they were doing some extraordinary types of rituals and they definitely believed that they
3395060	3401620	were in touch with these beings. They presented them differently. So the Parsons crew, yeah,
3403460	3405940	And they were doing this in the L.A. desert, right?
3406020	3408400	And stuff, and they were doing ritual magic,
3408520	3410640	and they believed that they were in contact with, you know,
3411460	3412660	extraterrestrials and things like that.
3412820	3413300	All right.
3414160	3417240	On the Russian side, though, they were doing the same thing,
3417280	3419140	but it was under a Christian veneer.
3419940	3423240	So Tchaikovsky believed that he was actually in touch with angelic beings,
3423540	3425500	and he talks about it and writes about it,
3425540	3428520	and that these beings are in constant contact with us
3428520	3431840	if we're able to receive their knowledge.
3433060	3440840	Do you have a sense of the relationship between the secret space programs and religion in its totality?
3440920	3449000	Do you think that these things are two sides of a pyramid that sort of converge at some omega point or something?
3449420	3452740	Are you asking about the religiosity of the space program?
3452920	3453060	Yeah.
3453060	3454080	Because there seems to be one.
3454080	3454980	I am asking that.
3455100	3455380	Yeah, yeah, okay.
3455380	3459060	Is it sort of a Gnostic religious initiation process?
3459340	3462140	I'm still trying to figure it out, but I do have some data on it.
3463060	3473680	So it looks to be, and actually, strangely enough, at the end of one of Tom DeLonge's books, actually, he makes a reference to the gods are still with us.
3473780	3479760	The Greek gods are still with us, which I didn't know about, actually, until about two weeks ago.
3479940	3488080	And it was really interesting to hear because I had just given a talk that I didn't want recorded.
3488080	3493680	I went to New York City and I was giving the talk and the name of the talk was the muse is real
3493680	3497540	Okay, I went from the very like first
3498400	3504140	idea of muses, you know thousands of years ago for the Greeks and then how they kind of
3504800	3511340	They never really go away. So even the founding fathers quote-unquote of our country like Benjamin Franklin
3511340	3513900	Did you know that they were actually part of a?
3513900	3517520	A mason lodge that was a muse lodge.
3517700	3518580	It was dedicated.
3518940	3519200	No.
3519200	3520380	I knew he was a Freemason.
3520400	3521960	I didn't know he was part of a muse lodge.
3522060	3523280	It was like the Seven Sisters.
3523580	3523820	Wow.
3523900	3524300	Yeah.
3524860	3526460	It was a French muse lodge.
3526540	3528160	Talk about a guy with a million ideas.
3528340	3532720	He invented the bifocals, a certain type of harpsichord.
3533520	3535680	Famously, he was involved in electricity experiment.
3536000	3538200	He was a complete polymath.
3538420	3540480	And so he was probably tapped into all sorts of ideas.
3540500	3540700	Isn't that interesting?
3540920	3542320	Well, they knew it to be real.
3543900	3549160	talk was that it wasn't just something that we think of them today the muses and we often think
3549160	3555420	of them as just like motifs or allegories or you know but we never actually think of them as
3555420	3559740	something that could be real yeah well the etymology of the word genius is attendant spirit
3559740	3564780	and it's kind of that's right that's right that's right okay a lot of our words come from muses by
3564780	3570960	the way like museums is about them in fact museums were supposed to contain the spirit of the muses
3570960	3571760	Did you know that?
3571860	3572200	I didn't know.
3572300	3578340	Isn't it interesting that we have a lot of museums in D.C. and a lot of architecture about the muses?
3578460	3579320	It's everywhere.
3579720	3581500	Well, it's also in the space program.
3581780	3591000	So what I found was that when Tyler would do these launches, there would be a lot of iconography that he didn't actually understand when I met him.
3591260	3594060	I would ask him, I'd say, why are they using this Greek goddess?
3594700	3596640	And he's like, is that a Greek goddess?
3597220	3598160	It is indeed.
3598160	3601680	Indeed. And they would use Latin and they would send it up into space.
3602020	3602460	Really?
3602640	3610240	Yeah. And so he said that, and by the way, it wasn't medieval Latin, which is a Catholic form of Latin, a Roman Catholic form.
3610440	3615440	It was like first, second century type of Latin, which is Roman Empire Latin.
3615620	3617260	You know, what does this mean? I don't know.
3617340	3622820	Other than that, I think that there's almost like a parallel type of religion that's happening.
3623180	3627200	Well, we have a mutual friend, Dr. E.A. Whiteley. You introduced me to her.
3627240	3627620	That's right.
3628280	3630520	She's written about in your next book, Encounters,
3630520	3631700	which is an incredible book.
3631820	3635860	And I think what she talks about and writes about
3635860	3637420	and deals with in her professional life
3637420	3640840	is when you talk about space technology,
3641240	3642780	whether it's rocketry or anything else,
3642860	3646460	it's so complicated and it's so hard to get right.
3646640	3649520	Even SpaceX succeeded on its fourth attempt
3649520	3651780	when it was on the verge of failure and bankruptcy,
3652020	3654260	and it was almost like a spiritual reckoning
3654260	3656720	that Elon had to go through where he put half his money in
3656720	3658140	and it almost failed, and then it finally came
3658160	3665760	worked and that almost feels like the story again and again Jack Parsons famously said after he read the Golden Bough by JG Fraser
3665760	3667080	he said I
3667700	3671520	Read that book and I realized science is a form of magic and not vice versa
3671520	3676620	Which no other scientist or engineer would ever say but it's it humbled him so much
3676620	3682540	we're making rocketry and so what somebody like you whitely deals with is once you've
3682540	3686680	You've dotted all the I's and crossed all the T's.
3686900	3694800	The tech is so complex that if there's any sort of mind-matter interaction, you have to get that right, too, in the case of space.
3695020	3695380	That's right.
3695520	3700740	And so she deals with the mentality of a fighter pilot.
3700860	3707100	And McDonnell Douglas, which is an aerospace corporation, at Wash U in St. Louis, had a parapsychology program.
3707460	3710780	Aerospace was definitely interested in parapsychology at some point.
3710860	3711080	Yep.
3712540	3718020	secret about parapsychology is your internal state really dictates how good you are at the
3718020	3721980	thing. It's almost like the book of Acts with Jesus, where you have to reach a certain level
3721980	3726840	spiritually to do well with it. Yeah. So like your body's an instrument.
3727040	3732580	Yeah. And it begs this question because 2017 and on is when the UFO thing really started to become
3732580	3736840	more popular and kind of in the zeitgeist since Leslie Kane wrote her article about,
3736940	3740780	you know, AATIP and the fact that we even had a UFO program.
3742540	3748820	year that due to a lawsuit, the Stargate stuff, you know, the psychic spy program was actually
3748820	3753800	sort of wrested from the government and made public. And so there's a part of me that thinks
3753800	3760300	that maybe there's more of an emphasis on nuts and bolts. And actually, the more interesting
3760300	3764940	stuff is sort of parapsychological and involves mind over matter and consciousness. But what do
3764940	3772120	you think? Yes, I absolutely agree with that. So the thing is, is that, you know, here you have
3772540	3781080	in 2013, you know, I begin my study in 2012, do the normal academic search for the space program
3781080	3786980	information, immediately see how much is classified in that. I can't do that. And then think, okay,
3787060	3793040	I can do field research, right? And I can learn from people, which is, you know, your next best
3793040	3798680	bet, right? And not that I'm trying to uncover anything to tell you the truth, because I don't
3798680	3804520	actually care to tell you i mean honestly i didn't go in with any kind of an agenda yeah i just went
3804520	3810340	in because i was curious and i saw that my former research basically you know my former research was
3810340	3817260	basically on aerial phenomena in catholic history but interpreted as angels and souls from purgatory
3817260	3824340	you know so i've been doing the research i just it was post 20th century and so then i recognized
3824340	3829240	that it was still happening. And I thought, very interesting. And so that's what got me interested
3829240	3834680	in doing that. But I think this whole focus, I don't want to be conspiratorial, but yeah,
3834740	3838940	this whole focus on nuts and bolts takes us away from what I found really to be the case.
3839040	3843700	And it sounds like they were interested in your work on St. Joseph the Divine. You could levitate
3843700	3850520	and other kind of historical figures in Catholic history that could literally levitate. I remember
3850520	3854840	I remember one time I was talking with Hal Puthoff, and he said to me, I was going really
3854840	3863240	deep on science and vector and scalar potentials that the quantum field breaks down into and
3863240	3868500	how that could be the mechanism through which telepathy occurs or whatever.
3868940	3874960	And I remember he cuts me off and he goes, or it could be a medieval secret society that
3874960	3878100	knows how to levitate, and they put these metal capsules around them.
3878240	3879060	And I was like, what?
3880520	3882840	He had ever said that, and I just remember that forever.
3883280	3892920	Like it was as if maybe the levitation history that you know is somehow tied in with, yeah, the UFO story.
3893180	3901300	And maybe we go down these really deep rabbit holes of science and, you know, how to reconcile UFOs.
3901300	3904240	You know, we talk about Alcubierre, you know, warp drives and whatever.
3904420	3909600	And maybe it's just sort of the human body is somehow way more integral to this.
3910520	3916160	seems like it's not just the human body in and of itself it's like groups of people too because i
3916160	3922380	noticed that there was a lot of so i i have because you know i've been a scholar of catholic
3922380	3928060	history and i'm in conversation with hal actually about these very things about levitation in the
3928060	3934400	past and levitation here now and um and looking at the data right and so what's interesting and
3934400	3939960	i have looked at so much data i mean i have the joseph of copertino records right yeah and been
3940520	3946280	them and they're pretty intense and it's really difficult to read through the whole
3946280	3949740	thing without coming away saying, heck yeah, that guy levitated.
3950020	3950580	Right?
3951080	3956940	Joseph of Cupertino was a 17th century Franciscan friar that would experience ecstatic visions
3956940	3961500	as a child and many people witnessed him levitating while participating in mass.
3963100	3968300	He was deemed holy by many of these witnesses, which the church thought was subversive.
3968300	3973680	Eventually, they imprisoned him in a small cell, forbidding him to join any public gatherings in the community.
3974060	3981700	He had his own strict protocols of asceticism, only eating solid food twice a week and adding bitter powders to all his meals.
3982520	3988620	And so when I started to look back at some of the research data that I had from my Catholic history stuff,
3988860	3996820	I started to notice the people who were the people who were said to have levitated or who received these miraculous interventions and things.
3998300	4004480	be doing protocols or they were children or they were somehow childlike or had a
4004480	4009640	childlike goodness about them and so I don't know I haven't concluded anything
4009640	4015080	about this this is just very initial data collection Margie of anything
4015080	4021240	received just something like in the in the book was listening that you keep
4021240	4029040	keep coming back to is the idea that you can't take the context outside of the experience of
4029040	4035820	the experiencer and and in a culture and in a and in a in a moment of time where we're so obsessed
4035820	4042780	on you know a hyper indexing of data and collecting more and doing more it was very it was a fresh
4042780	4049180	perspective to to really get to fully consider someone's full story and the circumstances they
4049180	4051220	they come with for why they might have had that experience.
4051360	4053200	That was more of a statement than a question.
4053320	4056620	But it actually helps me because I was going to bring that up.
4056720	4057120	Okay, amazing.
4057320	4062880	So when we look at the history of UAPs here in the States, right?
4063040	4068080	Okay, we've got actually three traditions, research traditions.
4068400	4074240	We have the invisible tradition represented, I would say, by people like Alan Hynek.
4074440	4077440	Okay, so they're in the intelligence community.
4079180	4084500	on and there's research going on, but it's not public at all. It's not transparent for probably
4084500	4091540	good reasons. And then what happens is that you get people like who do it as their hobby. So you
4091540	4099440	get ufology and it's public facing and it's public scholarship about UFOs. And then from there you
4099440	4106180	get academic scholarship. Okay. So you have, again, you have people like John Mack. John Mack comes
4106180	4111720	along he's a harvard university psychiatrist and he's he's actually in conversation with bud
4111720	4119420	hopkins he's looking at experiencers and then what we have is we have a fourth tradition all right
4119420	4126660	and that fourth tradition has just arisen in the last less than 10 years okay and i use myself as
4126660	4132480	an example of it because you have somebody who stumbles upon something that i'd never thought
4132480	4137280	thought to study, but recognizes that I've been studying something similar to it, if not it,
4137400	4143600	my entire life, and meets this person named Tyler, who's part of the first tradition,
4143740	4150780	right? The secret tradition. And what happens is a collaboration and then a transparency that
4150780	4158020	we've never seen before. And so what do we call this fourth tradition? Okay. What do we call this
4158020	4163840	fourth tradition. All right. So what I've tried to do is I tried to say, hmm, what kind of tradition
4163840	4169420	would this be? And I thought, you know, the strange thing about it, let me actually talk about
4169420	4175480	the context of it, the research context. We never talk about that. What's the research context?
4175860	4182480	Well, you and I just talked about Jack Parsons and Tchaikovsky in Russia. So we actually talked
4182480	4188340	about the context of them creating something entirely novel that actually does something
4188340	4195800	operational and gets us off of earth right and so i decided to look at my context the research
4195800	4202160	context between somebody in religious studies and somebody in the space force boom collaborating
4202160	4208160	almost accidentally it's emergent yes it's an emergent thing so what comes out of it is
4208160	4210860	is completely what people use the term emergence for.
4212060	4214320	Something bigger than its parts.
4214460	4217400	Because we're just these kind of parts that come together,
4217560	4220160	and all of a sudden we work together
4220160	4222400	and something comes out of it.
4222580	4225700	Well, that I think brings us to a question,
4225840	4227180	which is like, are we on the verge
4227180	4229320	of an epistemological paradigm shift?
4229660	4231500	Because I think about the Invisible College,
4231720	4234160	which was J. Allen Hynek's group with Jacques Vallée,
4234240	4235480	which was a tongue in cheek reference
4235480	4237280	to Robert Boyle's Invisible College,
4238160	4239880	which was kind of at the start of the Enlightenment.
4240020	4240520	That's right.
4240620	4243120	They would sort of study science, which at the time was considered heretical
4243120	4244760	and outside of the confines of the church.
4244860	4244880	Oh, yeah, it was dangerous.
4244920	4245780	It was dangerous.
4247020	4249540	And I think about how the Enlightenment started,
4249740	4254340	and there's a good book by Francis Yeats about sort of the Rosicrucian roots
4254340	4257940	of the Enlightenment, and the Invisible College is sort of a Rosicrucian term.
4257940	4258580	Oh, it totally is.
4258620	4259300	Yeah, yeah.
4259440	4263920	And the goal of Rosicrucianism was sort of to marry the science and the spirit.
4264040	4267840	A lot of the early Enlightenment proponents were also alchemists,
4268160	4279540	And it feels like we are now living in a time where science is, you have kind of Richard Dawkins, Sam Harris, like very shrill kind of defenders of the materialist paradigm.
4280100	4283480	And then you have kind of dogmatic religious fundamentalists.
4283580	4286900	And they have bifurcated or cleaved since the Enlightenment.
4287180	4289220	And now emergently they're coming together.
4289260	4297940	The fact that a religious studies professor is collaborating with a secret space program person who's a mission controller, who's worked on all these missions since the Challenger in the 80s.
4298160	4306620	is wild yeah and so where are we headed yeah well that's the thing so um i was trying to quantify it
4306620	4311540	today you know so to kind of say well what can i leave people with and i thought that's probably
4311540	4318500	not the best thing to do because i'm just a part the idea of disclosure uh as it's currently
4318500	4324620	happening being a very colonial concept because it assumes that it's like this new found like we're
4324620	4326000	were discovering this for the first time.
4326140	4329220	I think when we try to reduce things so much
4329220	4332640	to the observables that we can write in these specific formats
4332640	4337480	and we think that the human account of a story
4337480	4338100	is the weakest.
4338340	4339900	I mean, Johnny Harris is really like,
4340000	4342080	the weakest scientific measurement
4342080	4344160	is when you actually rely on the human story.
4344300	4345980	And I'm like, but what else do we have?
4345980	4346580	That's all you have.
4346580	4346960	Yeah, yeah.
4349120	4350700	So yeah, that part was fat.
4350800	4352580	I had never heard that perspective,
4352820	4354440	and it clicked so well.
4354620	4364380	Yeah, I know. That's what I said. That's part of also the reason that I wrote it was that disclosure can only happen because the U.S. government has the information.
4364400	4365320	Yes, exactly.
4366420	4374020	And it's like, really? And that but you talk to other countries and you talk to people in Native American.
4374220	4379180	Yeah, exactly. Yeah. Aboriginal Australians, indigenous Australian tribes.
4379180	4384420	and they've had they even have these you know different initiation ceremonies for it just like
4384420	4390160	you and i talked about the merkaba tradition you know and so yeah so i just wanted to put a light
4390160	4396360	on that just to kind of i don't think i could ever balance out that that discourse that's happening
4396360	4401180	now but i wanted to put it out there there is some hubris and saying we are now going through
4401180	4408280	disclosure or whatever and it it is what frustrates me about the sometimes the super anti-ufo people
4409180	4414040	people, UFO people, like, were super pro UFO, like, it's two sides of the same coin. And it's like,
4414120	4419200	you're relying too much on the intel community. Like, sometimes people will come after me because
4419200	4423940	I interview people in that world or whatever. And I'm like, they could flip tomorrow and it
4423940	4428800	wouldn't change my belief in this stuff because I know there's so much outside of what they're
4428800	4433480	talking about. And maybe there are ways in which the government is spinning things, but like,
4433480	4438920	I don't care. There's so much open source knowledge. You're over relying on the government
4439180	4445100	studying this. And I think Encounters is a really great kind of comprehensive overview of how you
4445100	4450600	can study this outside of official channels. Do you ever get skeptical when you hear, like when
4450600	4456660	we, the biologics thing messes with me and it messes, you know, it's sometimes it's, I do think
4456660	4461360	this is, it's the interesting thing about the UFO phenomena is that it is the intersection between
4461360	4465560	something that's a little parapsychological and consciousness based, but it's also sort of
4465560	4470800	of objective and real and that's really interesting and cool. But when I hear people say, you know,
4470840	4476380	there are these many races and it's like grays and tall whites and reptilians or something.
4476840	4481540	I don't know. There's a part of me that believes it. I'm like, okay, maybe. But then there's another
4481540	4484620	part of me that just feels like I have like an allergic reaction to it. I'm like, this is
4484620	4488960	important. Like even my, I have a very open, I'm very high on the openness scale. And I'm like,
4489000	4494800	I don't know. Do you have any beliefs about that? Well, I mean, I'm used to hearing stuff like this
4495560	4502580	I study religion. So in religions, you have those things too. Like you have non-human intelligences
4502580	4510220	of all sorts that are identified, like, you know, the medieval angelologies, right? So of the
4510220	4514240	Catholic church, you know, they describe the different angels and what they do and, you know,
4514240	4521060	things like that. So to me, it's like this taxonomy of entities, right? That people are
4521060	4527240	now doing with DMT. So it's kind of interesting to me. Maybe there are these things in these other
4527240	4533280	dimensions that are like if two people sit down and they're taking DMT or they're doing it and
4533280	4537000	they have the same experience, but they don't talk to each other. What's going on there?
4537000	4541040	This is like Andrew Gallimore in the Imperial College and stuff. They're sort of mapping
4541040	4546740	the spirit world. It's really interesting. I mean, it's interesting as long as you don't
4546740	4550840	become literally a believer. Well, do you think any of these things are walking among us?
4551060	4555340	know what it is that doesn't belong among us oh gosh like when you read like penetration by ingo
4555340	4560400	swan or something and he's like you know he's a famous remote viewer who's like involved in the
4560400	4563780	beginning of the starting program yes but then you read you're halfway into the book and he's
4563780	4568780	like and then i'm at the supermarket and i see one and you're like what like and she's beautiful
4568780	4573300	and she's beautiful she's ravishing and she's ravishing so these things you see in religious
4573300	4577820	traditions too yeah and you also see them in somebody just emailed me and told me about
4577820	4579100	about traditions like that in Haiti.
4579380	4582120	You know, in that, you know, he came to the United States
4582120	4583840	and he couldn't believe that we didn't have any belief
4583840	4584500	in this at all.
4584560	4588280	When he would see things like that when he was there, okay?
4589140	4592140	And, okay, so what do I think about that?
4592460	4595000	There are things we don't quite understand about,
4596420	4598300	well, there's so many things we don't understand.
4598500	4599780	I mean, what am I gonna say?
4600020	4602320	It's like, there's these kinds of questions
4602320	4603940	I don't think I could say publicly.
4603940	4632100	Well, I tend to think human biology is fairly, what always interests me is the variance of humans. Like I meet certain people and I'm like, you are on some other thing. And then I tend to think in a lot of these cases, I'm like, but you bleed real blood. You're just like the Shylock line. You bleed normal blood and you go to the bathroom and you know, your body functions in a biologically human way, but you are sort of very tapped into something else.
4633940	4638600	couple stuff. This is my non-public research. Yeah. So I can't actually talk about it, but I
4638600	4643500	can answer your question if you want. Okay. All right. So when I'm doing, I've done some research
4643500	4648840	with people who talk about either mediumship or, or even possession. And what you find is that
4648840	4654600	the, the boy who was at the basis that he was, his story was used for the exorcist,
4654600	4659020	the first exorcist movie, uh, who then turned out to be like an aerospace engineer. I guess,
4659020	4662200	did you hear about that? That boy? I didn't know that. Yeah. He grew up to be like an aerospace
4663940	4672000	yeah i worked for nasa i think crazy okay so listen though is that while after you know because
4672000	4677260	it took a while for him to get depossessed apparently okay so this is the story but
4677260	4683260	afterwards there were he had he went to the bathroom a lot he urinated like tons and tons
4683260	4688760	and tons and tons so much that people are like how are you even it's not even possible okay
4688760	4695320	Okay. Well, you also see this with other kinds of like mediumship and things like that. So something
4695320	4699840	is happening physiologically to them. And I don't know what it is, but it has to do with water.
4700160	4701240	That's so interesting.
4701420	4701580	And hydration.
4701660	4702140	Hydration.
4702320	4702600	Yeah.
4702940	4706260	Well, I could, did you know the memory of water stuff out of Japan?
4706260	4707080	Yes, I do. Yeah.
4707140	4711540	So it's like maybe water holds more semantic content than we realize or something.
4711800	4717460	But I had an experience at Skinwalker Ranch. I smelled sulfur there.
4717640	4718080	Yes.
4718760	4720000	That's right. It's common there.
4720040	4722280	It's common. It's a sign of the devil.
4722300	4723100	It is, yes.
4723160	4725820	And I proceeded to have the worst month of my life.
4725960	4729180	And then at the end of the month, I felt like I was saved by God.
4729260	4731740	Like God swooped in and saved me.
4731740	4733320	And I prayed the whole night.
4733380	4733880	It was horrible.
4734080	4736140	Like every day, like some gnarly, weird.
4736280	4736560	Wow.
4736660	4737780	It was like in a dark energy vortex.
4738840	4743320	And on camera, there's a video of me just candidly being like,
4743400	4745600	I smelled something weird and it smells like sulfur.
4745760	4747420	It smelled like sulfur or whatever.
4747820	4748380	Oh, really?
4748760	4750220	You know I wear this, right?
4750460	4750920	No.
4751340	4754460	So this is a hydrogen sulfate gas monitor.
4754760	4754920	Yeah.
4755140	4762420	And because, you know, like in mines and things like that, that gas, people smell the sulfur smell before it.
4762560	4762920	Yeah.
4763000	4771160	So I wear this so that if someone says that they smell something like that, we know whether it's really gas or if it's something happening up here.
4771220	4772740	Because people that have had instances...
4772740	4773540	Is anything coming out?
4773680	4773840	No.
4774120	4774580	Okay.
4774700	4776180	No. So...
4777040	4781860	It's like, what is that? Are we swimming in a soup with this stuff? Like, it's kind of, yeah.
4782140	4788440	Yeah. So I guess that's the sobering moment, right? The sobering moment is to recognize that
4789760	4791760	it's a real kind of phenomenon.
4792000	4796840	Is that why it's being hidden from us? Like, sometimes I think Carl Sagan, who grew up
4796840	4801920	writing about UFOs in his diary and would debate with his mentor all the time about them, and then
4801920	4805080	and somehow flipped into being super anti-UFO,
4805320	4807780	you know, him writing the demon haunted world.
4807940	4810180	I think of that as somewhat of a double entendre
4810180	4813580	and like maybe it's like the world is haunted by demons,
4813720	4814340	literally.
4814880	4816720	And then it's like the screw tape letters.
4816840	4818480	You have to be like very hyper vigilant
4818480	4821480	about following the godly path, whatever that is,
4821660	4823440	and like fending them off.
4823620	4825560	Cause you have like wormwood and screw tape
4825560	4827980	and you know, a bunch of bad entities.
4828680	4831760	Well, I think that we can safely say that evil is real.
4831940	4833080	Evil is very real.
4833220	4835520	Because look, we have human trafficking and things like that.
4835560	4836160	These are evil.
4836340	4838480	But we're talking about like supernatural evil.
4838620	4838800	Yeah.
4839040	4843260	Because, you know, the human trafficking is human evil, right?
4843340	4845560	But we're talking about something called supernatural evil.
4845740	4848320	So it's another category of evil that we're talking about.
4848580	4857080	And I think when you get into the UFO scenario, you know, when you start to go into the communities and you're, you know, a little bit self-aware.
4858720	4861500	it does that thing that you explained earlier,
4861680	4863360	you know, it's like a forcing function.
4863540	4863820	Yes.
4864040	4867420	And it causes you to see the reality of things
4868220	4869900	that we weren't taught to believe in
4869900	4872240	because we live in a fairly secular society.
4872680	4875340	Even if we're religious, we're still secular, right?
4875400	4877480	So it's like the re-enchantment of the world.
4877560	4878100	It really is.
4878700	4881120	Are we on the verge of a paradigm shift,
4881380	4883200	a re-enchantment of the world,
4883300	4886080	a breakdown of the cold scientific paradigm
4886080	4887200	that's run its course?
4887980	4890660	Science has become the pervasive mythology of our time.
4890860	4895860	It has a founding myth, the Big Bang, a miraculous event for which we don't really have too
4895860	4901740	many plausible causal explanations, a teleology of primitive to progress evolution which makes
4901740	4907260	us feel safe, and rituals that involve lab coats, beakers, and microscopes to gain deeper
4907260	4909320	access to the secrets of the universe.
4909600	4912600	In other words, it has all of the elements of a religion.
4912600	4918080	Yes, scientific breakthroughs require domain expertise, hard work, time, and diligence.
4918420	4922700	But then there's a final step that no one can dissect involving spontaneous revelation.
4923160	4927460	Whether that's Einstein constructing the photoelectric effect while bored at his Swiss
4927460	4932980	patent desk, Wolfgang Pauli dreaming up the architecture of the hydrogen atom, Heisenberg
4932980	4938340	at Helgoland, or Dirac staring at the fire in Cambridge, this last revelational step
4938340	4944220	step of science is inexplicable and irreducible, and it seems a lot like what we used to call
4944220	4945120	divine inspiration.
4945700	4950340	So what drives these epistemological shifts that seem to occur for mankind throughout
4950340	4950900	history?
4951200	4956120	Well, in her latest book called Encounters, Diana writes that she refrained from teaching
4956120	4959180	her students one thing about Plato's cave allegory.
4959300	4961140	The existence of the puppet masters.
4961620	4964760	Who's controlling the shadows on the cave wall we see?
4964760	4967820	Who's dropping the monolith and manipulating our reality?
4973580	4974760	Let's talk about Simone.
4975060	4975520	Yes.
4975780	4977520	Okay, so Simone's in the book.
4977540	4978740	I have a chapter devoted to her.
4978820	4983600	She does believe that we're living in a time of a revelation, literally, though.
4983720	4988640	And what is being revealed is that we is AI.
4988640	4997000	And AI, she thinks, is hopeful because it will take the power out of a group that has
4997000	4999500	had it for a very long time and distribute it.
4999580	5002500	It's kind of like another French revolution, but a definitive one.
5002500	5007680	But depending on how it goes, it could be like the Gutenberg press, and it's subversive,
5007740	5014400	or it could be, Biden just came out with regulations around it, and there are a few companies that
5014400	5016080	that feel like they're really on the frontier of,
5016160	5018160	I think AGI is overhyped and BS,
5018340	5020720	but like, you know, the harder core research,
5021180	5023520	and then you have the CCP using AI
5023520	5026100	for draconian 1984-like purposes.
5026280	5028140	And so I do think it could go either way.
5028540	5031000	It's like up to us, like history is being written.
5031040	5032340	All the UFOs are similar.
5032480	5034320	They're these sort of like generic templates,
5034420	5038280	like AI, UFOs, and it's almost like this Gollum-like thing
5038280	5042700	that we're actively creating and they can be evil
5044400	5046000	where they can be good and personally empowered.
5046200	5047660	Well, you see, this is where I kind of differ.
5047820	5048220	Okay.
5048260	5048600	Jesse.
5048640	5049520	Let's get into it.
5049560	5049780	Yeah.
5049840	5050220	Okay.
5050260	5053800	So how I differ is I don't think it's up to us.
5053900	5057160	The only thing that's up to us is our personal salvation.
5057660	5059180	Ah, I love that.
5059280	5059620	Yeah.
5059620	5059940	Totally.
5060060	5064440	And when I say personal salvation, I'm not talking about that in a strictly Christian way.
5064720	5067400	I'm talking about that in a human way.
5067640	5072160	Every one of us has, you know what that means, right?
5072240	5072940	When I say that.
5074920	5079580	implicated every one of us and that's necessary now yeah totally necessary
5079580	5083160	like you said that's why I like your idea of the forcing function yeah of the
5083160	5089900	UFO and AI yes and so that's good yeah yeah well worshiping them is bad both oh
5089900	5094200	of course like I met that I interviewed the Google engineer that left because he
5094200	5099000	thought that lambda whatever uh-huh and I came away thinking because I actually
5099000	5104040	worked in AI at Google before getting my I didn't know yeah yeah and I came away
5104400	5109260	I always was cynical about the AGI narrative, the idea that we'll have some hard takeoff
5109260	5115260	and artificial general intelligence will realize that human meat space is not being used efficiently
5115260	5116400	and kill us all or whatever.
5116560	5118200	I just always was kind of cynical about that.
5118420	5124620	And I think it's mostly statistics on steroids and not sentient, not actually conscious.
5124860	5129520	But I came away from that interview being shocked at his belief.
5129880	5132040	And I couldn't argue with his belief.
5132220	5132780	No, you can't.
5134400	5136100	My own belief in UFOs is similar or something.
5136220	5150320	And so I was like, whether or not the AI is conscious or not, the sociological repercussions of people impugning consciousness on the AI, that is going to be drastic and massive.
5150520	5151260	Yes, totally.
5151260	5152860	And it's the same with the UFOs.
5152880	5153940	Yeah, exactly, exactly.
5154860	5156000	Yes, I totally see.
5156060	5157380	You sound like a religious studies scholar.
5157840	5159240	You know, you're doing the meta.
5159300	5160160	Look at it.
5160160	5162300	Instead of just taking it at face value.
5162300	5164580	You're like, the belief in it is the issue.
5164760	5166900	It doesn't matter whether it's real or not.
5167020	5167280	Right.
5167300	5175380	And then if you have a parapsychological worldview where belief is fundamental, then all of a sudden, you know, that's a false dichotomy.
5175640	5176120	That's right.
5176200	5177360	And that's like the most powerful thing.
5177520	5177840	Yeah.
5177900	5178760	What humans believe.
5178800	5184640	Or if you're a follower of Plato, belief is somehow just central to where society goes and what happens.
5184640	5192440	But the thing that we're asking now is, you know, at this time in human history, I think that we need to see ourselves.
5192900	5197840	How do, you know, the Greek would be like noesis, knowledge of your primordial soul.
5197960	5202200	How do you, there's clearly no, you know, formula.
5202520	5203300	Well, there kind of is.
5203400	5204000	And what is it?
5204120	5206120	It's like self-examination.
5206300	5206500	Yes.
5207020	5208920	It's like, how do you feel now?
5209160	5210160	Why do you feel that way?
5210360	5210560	Yeah.
5210640	5212340	You know, somebody comes into your space.
5212420	5213260	Are they in need?
5214640	5215800	oh, what are you going to do about it?
5215820	5217020	Kind of thing like that.
5217220	5217360	Yes.
5217420	5221920	Like, these are the kinds of things that we just need to,
5221920	5223300	we need to pay attention to us.
5223420	5225600	And like I said, the UFO is probably out there
5225600	5227520	to get us out of our program
5227520	5229880	so we can actually do some self-examination.
5230000	5230820	How do you feel now?
5231220	5231980	Pretty awesome.
5233080	5234280	Me too, yeah.
5238640	5241440	In Encounters, Diana also interviews a friend
5241440	5243700	whose father was allegedly part of one
5244640	5250520	space programs. Something like the one Tyler from American Cosmic was in. One thing her friend told
5250520	5256040	Diana about her father gave me goosebumps and will probably stay with me forever. She says,
5256220	5261600	a joke my father and his friends often exchanged consisted of one word, simulacrum.
5263240	5266320	Can I make one more point? Make it, dude. Okay.
5266320	5274660	Okay, if you want to shatter the Western mental structures, the Western mind so to speak,
5274700	5281300	which is now permeating the whole earth in its materialist, dualistic philosophy, the
5281300	5287740	way you do it is you take something that's supposed to be in the spirit world, because
5287740	5291860	even in the West we can make allowance for the spirit world, we can study it through
5291860	5299300	mythology, through religion, through imagination, through poetry. But the one unforgivable sin to
5299300	5305360	the Western mind is when something that should be in the spirit world transgresses and shows up
5305360	5311320	in the physical world. That traffic is the cardinal sin for the Western mind. So it has great
5311320	5316600	power to shatter the belief structure of the Western mind when that occurs. And that's precisely
5316600	5319120	what's occurring in this subduction phenomenon.
5320160	5323780	Very good point. Thanks very much for talking with me.
5326020	5327300	Good, good, good.
