start	end	text
0	7480	There was an age in which the gods were dwelling on earth among men.
10560	13580	And those beings came from somewhere.
15440	23500	The human species was originally created, designed, intended to be a member of the divine family.
23500	30380	way. This is an archetypal myth that cuts across a lot of regions and cultures. It's universal.
32640	37680	So we have these watchers that came down, they were extraterrestrial, they mated with man,
37740	42840	they created Nephilim, and then we have evidence that a lot of this actually holds astronomical
42840	50040	weight in the ancient world. There are ruins of an ancient civilization on the planet Mars,
50040	52120	specifically in the region of Cydonia.
52240	54420	And this, what's so fascinating about this,
54520	58320	is that the ancients believed that the gods descended from Mars.
58700	60500	We can understand the modern phenomenon
60500	61500	in light of the Book of Enoch.
62560	64000	Hearing about the Book of Enoch,
64160	65880	and it sounds a lot like Prometheus,
66120	68560	where you have titans who try to give
68560	70560	mankind sacred knowledge.
70820	72700	So these were very, very intelligent beings,
72760	74540	probably in possession of what I would describe
74540	76420	as advanced aerospace technology.
76820	79180	I myself have seen a UFO right above my car.
80040	85560	thing just descended and just hovered there like I was supposed to see it. That is some top secret.
88940	94740	Speaking of evidence of Nephilim and this whole narrative, you're one of the few people who
94740	101520	has gone deep on this phenomena of giants. The story that has since become known as the
101520	107840	Kandahar Giant. This is where it begins. He was a cargo pilot and he would describe these missions
107840	108900	as classified.
109260	110540	And one day he's flying in there.
110700	112140	They said, this never happened.
112220	112880	No pictures.
113080	114120	Don't ever talk about it.
114200	117160	He sees a forklift bringing over an air cargo pallet.
117220	118420	And there's something on it.
120160	122860	And he said the first thing that hit him was the odor,
122960	124360	like BO and death.
125000	126700	The hair of this being was red.
126860	127700	The skin was pale.
127940	130500	He said it had six fingers on each hand
130500	132040	and six toes on each foot.
132220	134440	And he said this thing was solid as a rock.
135140	137560	So you can imagine, let's say it was 12 feet tall,
137840	139760	The whole thing weighed 1100 pounds.
140080	141160	That's pretty crazy.
141440	141700	Yeah.
141920	142240	Yeah.
144780	146480	Ignition sequence start.
148220	149820	How is this possible?
150740	152580	Nothing too unusual about that.
154280	157580	The existence cannot longer be denied.
166260	168860	As you know, we have a new starship.
168940	171240	Of course, we have a healthcare center on board.
171500	173580	Ask what my new favorite product in it is?
173860	175980	Iris Store's Illumina Face Mask.
177180	180240	Some billionaires are rejuvenating in underground light pods.
180520	182800	I'm doing my own version in my living room.
182960	185320	This mask is like a med bed for your face.
185320	192220	It's lightweight, super convenient, cordless, and runs red, blue, and infrared light therapy all at once.
192360	196380	The same type of technology NASA studied for skin healing in space.
196740	200740	It's safe for your eyes too, so you don't have to sit there like a statue.
200940	202020	You can live your life.
202440	206420	I wear it when I'm reading, meal prepping, or investigating life's mysteries,
206600	209000	without feeling like I'm staring into the sun.
209140	212080	Ten minutes of light and my skin looks and feels so good.
212300	215160	Finding red light therapy was a revelation for me.
215320	218600	I've definitely had a few late nights reading about magnetic pole shifts.
219100	221960	But with this mask, I look like I actually slept.
222180	223760	Did I? That's debatable.
223960	227720	It's warm, wireless, convenient, and makes your skin feel super soft.
228040	232460	And iRestore is kicking off their spring savings with some very big discounts.
232880	241240	Right now, you can get the Elite Plus Illumina Face Mask Bundle at an exclusive deal when you use code JESSE at iRestore.com.
241240	245740	That's jesse, J-E-S-S-E, at iRestore.com.
246200	249060	Please support our show and tell them we sent you.
249320	253340	I don't know exactly what AG1 is doing in my body,
253420	256600	but I do know that my microtubules are online.
257020	259360	I'm not saying I can feel the force,
259540	262440	but my chakras have definitely auto-aligned.
263140	265640	In fact, I used to think I had seven chakras,
265640	269020	just like everybody else, and then I drank AG1.
269120	270660	Now I have 50.
271240	276160	Just kidding. But I did used to wake up feeling stiff and groggy like my brain's on airplane mode.
276360	281320	And then I started one habit, one scoop in eight ounces of water. It's a multivitamin,
281420	287620	a prebiotic, a probiotic. And with its adaptogens, it's the only green powder I'd ever bring to a
287620	292600	skiff. Shout out Chris Ramsey. I take this in the morning and it's the easiest upgrade I've ever
292600	298500	made. My favorite flavor is berry, but honestly, they're all good. AG1 has over 50,000 verified
325000	328400	Thank you so much.
328500	337200	to AG1 for sponsoring today's episode. I'm here with Timothy Albarino, and I could not be more
337200	343560	excited to speak with you. I have been just going through all your stuff, all your podcasts,
343980	349580	your book, your amazing book called Birthright, which is really awesome because I think people
349580	355540	in this space, it's always an anecdotal story that's really crazy and interesting. You have a
355540	359840	a lot of those anecdotal stories. I want to talk to you about the Peruvian face peelers. I want to
359840	363560	talk to you about the giants of Kandahar, all of these amazing things that you cover. You're this
363560	370640	kind of modern, larger than life adventurer. But you also are, I think, a really impressive kind
370640	375440	of philosopher and sense maker. And you do such a great job in this book, Birthright, which I
375440	384180	recommend people get, in reconciling the whole kind of alien, you know, NHI phenomena, which is
385540	391820	with kind of the modern disclosure movement, but with ancient traditions and with the Bible and
391820	397720	Plato and the book of Enoch, which is where I kind of want to start this conversation. So
397720	403840	I appreciate what you're doing. I think it's really cool. What does the book of Enoch hold
403840	413320	in terms of relevance for our life and our world today? Enoch provides the foundation for Hebrew
413320	419760	cosmology as it pertains to the antediluvian world. So you cannot separate what I call the
419760	424480	Enochian narrative or the Enochic tradition. You cannot separate that out from the biblical
424480	431960	narrative. It is fundamental to how the Hebrews, the ancient Hebrews view the antediluvian world,
432040	441380	the world before the flood. And not only is it the ancient Hebraic view, it's the view of our
443320	449160	crossed the board. The ancient Egyptians, the Mesopotamians, the Greeks, the Romans,
449400	456880	they all viewed the antediluvian world in a particular way, namely that it was a time of
456880	464700	great learning. It's a time when the fundamentals of civilization were imparted to mankind from
464700	472940	extraterrestrial entities. And in the pagan world, and pagan just means everybody but the
473320	479900	in the pagan world, this was known as the Golden Age or Zeptepe to the ancient Egyptians.
480680	486940	And it was a time when the gods commingled with mankind, literally. They procreated with human
486940	494280	women. They progenerated a race of hybrid demigods in the earth. In many accounts,
494360	499780	these demigods were giants, such as in the biblical account and the ancient Mesopotamian
499780	505740	account, the Epic of Gilgamesh. Gilgamesh himself was a giant. And so these traditions are ubiquitous
505740	513080	across the earth. And this is how civilization began in the minds of our antecedents. Again,
513220	518460	whether it be the Hebrew account, the Judeo-Christian account, or the pagan accounts.
519380	527600	Now, among the Jews, there was no greater prophet and scribe, and these are important terms,
527600	535480	prophet and scribe than Enoch. Enoch was the greatest pre-flood patriarch. He was revered
535480	540500	above all others. And the Bible says very little about Enoch. It says that he walked with God
541520	550080	for 365 years, and then God took him. And that's pretty much all the Bible says of Enoch,
550140	554940	and there's a couple of references in the New Testament. But it always was strange to me as
554940	560680	as I was a teenager, thinking and reading the scant information provided in the biblical text
560680	567180	concerning Enoch, who clearly was the greatest pre-flood patriarch. The Bible has much to say
567680	571400	about its other prophets and scribes. The Bible says a whole lot about Moses.
571960	578820	It says a whole lot about Elijah. It says a whole lot about Noah. It says almost nothing about Enoch.
580100	587800	and it occurred to me when I was probably, I think I was 16 years old. I just had gotten
587800	595040	my driver's license and my father was a pastor. So I grew up in a very, very good home. I had a
595040	601560	very, very good upbringing. My dad was an excellent father and pastor. And I had a wonderful mother.
601560	602720	My mother died when I was 14.
604220	610840	But I remember when I was 16 years old, I drove to Borders.
612260	613740	That's the one that went out of business, right?
613780	614040	Borders.
614220	614760	Yeah, Borders.
614820	616180	I drove to a Borders bookstore.
617000	621940	And I remember I was perusing the aisles, just sort of wanted to buy a book.
622660	626280	And I was particularly interested in the pseudepigrapha.
627600	630180	And I pulled the pseudepigrapha off the shelf.
631560	634020	ancient-looking book that they had there in Borders.
634580	636420	And I was most interested in the Book of Enoch.
636520	639360	I had heard about the Book of Enoch, and I didn't really know what it was.
639940	643840	And so I remember pulling it off the shelf and sitting down on a bench in Borders
643840	647220	and opening it up and sort of skimming through the Book of Enoch.
647320	649240	I was instantly captivated.
650200	651560	And I bought it, and I took it home.
651920	656300	And that sort of began my fascination with the antediluvian world.
657280	660120	Because what the Book of Enoch does is it—
661560	668840	It provides, as I said earlier, it provides the foundation of Hebrew cosmology in regard to the antediluvian world.
670780	686520	And I remember reading, when I was a teenager, reading the verses in Genesis 6, those enigmatic verses inscribed in Genesis 6 about the sons of God who saw the daughters of men, that they were beautiful.
686660	689800	And they came down and they took wives of all whom they chose.
691560	695600	with these women and progenerated a race of giants in the earth called the Nephilim.
696620	704180	But that was it. Just this little footnote. It is a bizarre digression in the Genesis narrative.
704460	710600	And this precedes the flood. The next chapter is the flood. And then you get to the New Testament
711520	720240	and you see Peter referencing the angels who sinned and as a result are chained in the
721560	730920	gloomy abyss, Tartarus. Jude takes verbatim from the book of Enoch, he copies and pastes into his
730920	741500	epistle a few verses straight out of 1 Enoch. And it's the same sort of, it comes from the book of
741500	748980	the Watchers. And the book of the Watchers in 1 Enoch is the story of the descent of these beings,
748980	755300	of these heavenly beings, these celestial beings. And you realize when you read the book of Enoch
755300	761120	that the reference in Genesis 6 is an abridged version. It's just an abridged,
762440	770180	it's a cliff note, basically, of a story that was clearly already well-known by the audience.
770280	775580	So the author of Genesis, when he inserts into Genesis 6, again, this bizarre digression of the
775580	779960	the Genesis narrative, about these heavenly beings, the sons of God who descend and commingle
780480	788260	with the daughters of men and copulate with them. The reason he doesn't expand on that story is
788260	792280	because it was already well-known from oral tradition, but I also think from written
792280	797000	tradition, namely the book of Enoch or some version of the book of Enoch. So the story was
797660	802200	already so well-known to the audience that the writer of Genesis, whether it was Moses
802200	809660	or someone else, didn't need to retrace the details of this story. It was so well known.
809920	817020	It was so essential to the fabric of their cosmology. And indeed, the book of Enoch lays
817020	822000	out this story. So what does it say? The book of Enoch says that in the days of Jared,
822660	829980	who was the sixth from Adam, Jared was the father of Enoch, that these heavenly beings,
829980	832760	which the book of Enoch denominates as watchers.
833280	837180	And the watcher denomination is not exclusive to extra-biblical texts.
837320	838860	It's in the Bible. It's in the book of Daniel.
841020	844180	That these beings called the watchers, 200 of them,
845800	848000	decided that they were going to descend to the earth,
848580	850320	or maybe they were already on the earth,
851280	852760	but that they were going to,
854560	857920	they wanted to take wives from the daughters of men.
857980	859640	They wanted to wed the maidens.
859980	866500	these, these, the daughters of Adam, because they were beautiful and they wanted to procreate with
866500	876740	them. And, and they wanted to, to, to essentially to make families, to sire offspring. And these
876740	885480	watchers knew, these 200 watchers knew that this was a grave transgression. And so before they did
885480	889880	this thing. They bound themselves on the summit of Mount Hermon. According to the book of Enoch,
889940	896480	they descended on the summit of Mount Hermon. And they bound themselves by an oath of mutual
896480	900920	imprecations. In other words, we're all in this together and we're all going to suffer the
900920	905400	consequences whatever befall. So they bind themselves with an oath. And that's why to this
905400	914540	day, Mount Hermon is known as the mountain of oath. And so after binding themselves by an oath
915480	916700	They descend into the plains.
916900	918160	They choose for themselves wives.
918460	925480	And then they make a transaction, I believe, with the fathers of these maidens.
926520	928280	A dowry of sorts is paid.
930300	936220	They provide, the fathers provide their daughter's hand in marriage, the maidens.
936480	941840	And the watchers in turn, as a dowry, remember, this is a very patriarchal society in the pre-flood world.
942160	944420	The fathers give their daughter's hand away.
945480	950160	you know, it's mutual agreement, let's get married. In the anti-Diluvian world and even
950160	955480	in the ancient post-Diluvian world, and still is the case in some parts of the earth, the father
955480	962960	gives the daughter's hand in marriage in exchange for something, a dowry. And so the watchers
962960	966560	received the daughter's hands in marriage from the fathers, and they in turn gave the fathers
968040	973340	information, knowledge, forbidden knowledge. Book of Enoch says they gave them the knowledge that
973340	975720	that the men were striving to learn.
977140	979560	And I think this was technological knowledge,
980840	983000	what we would call today scientific knowledge.
984020	987760	And then the watchers, just as it says in Genesis 6,
987860	991220	they copulate with their wives who conceive
991220	995300	and give birth to a race of giants called the Nephilim.
996280	1000620	And then what results is men are corrupted
1000620	1002600	by the forbidden knowledge of the watchers.
1003340	1010200	giants grow to an enormous size and ultimately begin to consume all of the acquisitions of the
1010200	1016220	land so that men can no longer sustain their appetites. So human beings were basically
1016220	1022980	subjugated to this hybrid race of giants. And they were spending all of their time and energy
1022980	1027260	feeding them. And when they could no longer satisfy their enormous appetites, the giants
1027260	1033040	began to devour mankind. And it's at this point that men begin to cry out to God,
1033120	1038520	and the court of heaven hears the appeal of mankind, and God dispatches some angels to the
1038520	1047340	earth. He binds the watchers. But by the way, I should say, nobody knows the duration of time
1047980	1053160	from when the watchers descended in the days of Jared to the flood of Noah.
1053160	1058920	Noah, at the very least, you're looking at hundreds of years, if not thousands of years
1058920	1066040	of this going on on planet earth. And then, so the watchers are dispatched. I mean, the angels
1066040	1070520	are dispatched to the earth. They bind the watchers, but before the watchers are incarcerated
1070520	1076640	in the abyss, they're forced to watch the destruction of their beloved sons, of the giants
1076640	1082360	who are enticed, who are incited to war with one another. So you have this fratricidal war
1083160	1090180	place among the giants. And I describe this as the empire of the gods, because it's not like,
1090240	1094680	you know, big dumb giants from Disney movies when we were growing up, you know, bashing each other
1094680	1101400	over the head with clubs. These were exceptionally intelligent beings. Their fathers, the book of
1101400	1108520	Enoch says, taught them and their wives. They instructed them in their knowledge. So they were
1108520	1112400	receiving the instruction of their fathers. So these were very, very intelligent beings,
1113160	1117840	possession of what I would describe as advanced technology, maybe even advanced aerospace
1117840	1122640	technology, which I do believe existed in the antediluvian world. I think that's how the
1122640	1128820	Watchers got to the summit of Mount Hermon, by the way, at the helms of advanced aerospace
1128820	1136840	vehicles, what we would describe today as UFOs. And so to close out this story, the Watchers,
1136840	1141140	rather the Giants, go to war with each other. I believe this is a technological war.
1142120	1146900	and then the flood ensues, the great flood.
1147080	1151600	And the flood was intended to cleanse the earth
1151600	1154040	of the abominable seed of the watchers
1155520	1157520	and to reset mankind.
1158680	1161120	So that's an encapsulation, a summarization
1161120	1165580	of what the first section of the Book of Watchers describes,
1166520	1168880	rather the Book of Enoch called the Book of Watchers.
1169040	1169880	It's a great summary.
1171860	1177880	biblical scholar, would I have any points around the book of Enoch to say that it's,
1177880	1182680	oh, it's just apocryphal and it's not connected to the Bible? And what would you say to those
1182680	1192080	points? Well, nearly all scholars agree that the book of Enoch provides the cosmological substrate
1193700	1199500	for the ancient Hebrews. There's no doubt about that. I mean, the story is referenced
1201280	1206040	in the Old Testament, obviously Genesis 6 and in other portions, but also in the New Testament.
1206400	1213740	In fact, when you get to the New Testament, you find Jesus of Nazareth using a title,
1213860	1219460	a very specific title, the title he preferred more than any other. It's a messianic title,
1219540	1224520	but it doesn't come from the Old Testament. It comes exclusively from the book of Enoch.
1224520	1232720	and that title is the son of man now there are several titles that jesus could have employed
1232720	1240160	when referencing himself messianic titles and he did use various titles the son of god for example
1240160	1248240	which he was but he uses the son of man the most and there is no reference that it's that that is
1248240	1255020	is a proper title, the son of man. So the only reference in the Old Testament that scholars will
1255020	1261840	go to is a reference in the book of Daniel, where Daniel sees one like a son of man, but that is a
1262840	1268920	descriptor. That is saying like, I saw one who looked like a human being, like an offspring of
1268920	1275740	Adam. It's not a proper title. The proper title, the son of man comes from 1 Enoch, specifically
1275740	1279680	specifically from the second section of 1 Enoch, which is called the parables.
1279820	1284740	And the parables are the oracles of Enoch. And the oracles of Enoch pertain primarily
1284740	1292160	to the Son of Man and were clearly fulfilled in Jesus of Nazareth. Now,
1293600	1300600	there is some dispute in regard to when the parables were authored or compiled. The book
1300600	1305040	of Enoch, first of all, the book of Enoch is a compilation of texts with several authors.
1306300	1311360	And the various sections of Enoch were probably written at different times, different periods of time.
1311800	1322100	The oldest section, namely the Book of the Watchers, containing the Enochian tale of the Watchers, that was written at least circa 300 BC.
1322480	1326140	But I think that the oral tradition at least is way older.
1326220	1327780	I think it began with Enoch.
1327780	1337740	And in fact, the Hebrews believed that Enoch was the inventor of writing, that he was the first to write.
1339500	1344840	And remember, Enoch was revered as a prophet and a scribe, so he prophesied and he wrote.
1346940	1352240	And tradition says that those writings were delivered ultimately to Noah and preserved through the flood.
1352240	1364900	So is it possible that portions of 1 Enoch actually originate thousands of years ago? Maybe the very first writing ever conceived by the human species was written by the hand of Enoch.
1364900	1376380	And that's why people, the contention here is, mostly from the secular world, that the Bible is, all of the stories in the Bible are just copies of the more ancient Mesopotamian texts.
1377700	1383640	Well, sure, but what if the foundation for those stories goes all the way back to Enoch?
1384740	1389220	Then everybody's copying Enoch, and everybody has a version of what Enoch wrote.
1389220	1408940	And it's very possible in my mind that the Hebrews have the most faithful rendition of the oral traditions and, in fact, of the written compositions that came from the antediluvian world, which far predate the ancient Mesopotamians.
1409160	1411360	And Enoch was related to Noah, is that right?
1411360	1420620	Yes. Yes. I believe Enoch was his great, great grandfather. Enoch was the father of Methuselah, who was the father of Lamech, who was the father of Noah.
1420780	1430000	Interesting. And yeah, in the Old Testament, Methuselah, a lot of these guys lived for very long periods as well, which I think caused you to ask all sorts of interesting questions.
1430000	1430800	900 plus years.
1431040	1435680	That's right. Yeah. It's so fascinating. How was it found? How was the book of Enoch discovered?
1435680	1445480	discovered? The book of Enoch was preserved by the Ethiopians. And had the Ethiopians not
1445480	1450300	preserved the book of Enoch, we would not have it to this day because it was clearly expunged
1451440	1458520	from the scriptoriums of the Middle East and the West. There was controversy, a lot of controversy
1459120	1463320	in the early church age over the book of Enoch. Some of the early church fathers wanted to
1463320	1468080	to incorporate it into the canon. So there was a debate, an ongoing debate that what cannot be
1468080	1474820	denied is that the book of Enoch was, is that the early church was conversant with what we call
1474820	1480800	first Enoch today. Now there's clearly a different manuscript in circulation because some of the
1480800	1487220	early church fathers cite the book of Enoch and they're citing portions of the book of Enoch,
1487280	1492080	which we don't have today in what we call first Enoch, but then they also cite portions, which we
1493320	1497920	So some of these early church fathers referenced the Book of Enoch as scripture.
1498940	1514660	In fact, around the 4th century AD, the Tawahedo Orthodox Christians and the Beta Israel Jewish community in Ethiopia incorporated the Book of Enoch into their canon.
1515100	1516600	That's why they preserved it.
1516600	1523700	it. So to this day, if you visit Ethiopia and you visit a synagogue or you visit an Orthodox church,
1524520	1531440	among the scriptures that we have in our canon in the West, you'll find the Book of Enoch
1532240	1538680	and some other apocryphal works as well. They revered the Book of Enoch, and so they preserved
1538680	1556300	So, but as I said, the early church was undoubtedly conversant with portions of what we call today First Enoch. And what I was going to say before was you have the book of Enoch attested in the Old and New Testament.
1557500	1586280	And when you read the parables, the Oracles of Enoch, which are primarily prophecies pertaining to the Messiah, to the Christ, again, fulfilled in Jesus of Nazareth, clearly, you realize that the writers of the New Testament derived much of their eschatology and Christology, their theology regarding the Messiah, directly from the New Testament.
1586300	1594520	from the oracles of Enoch. And in fact, there are citations throughout the New Testament that are
1594520	1600240	not found in the Old Testament, references, indirect references that are only to be found
1600240	1608660	in the book of Enoch. So, scholars will say, you know, it's divided, the scholarly community,
1608840	1614680	there's lots of difference in opinions there in regard to the book of Enoch. They all will
1616300	1624920	portions of Enoch were compiled around 300 BC. Some scholars will say that the parables,
1625500	1632520	again, containing those messianic prophecies, were compiled sometime around 100 AD.
1633640	1640440	There's a lot of debate about that, but because, precisely because, it's apparent that the authors
1640440	1645440	of the New Testament are deriving so much of the theology from the parables of Enoch.
1646520	1664600	And so it's hard for some scholars to believe that these prophecies, which are so astonishingly accurate, fulfilled, clearly fulfilled, as I keep saying, in Jesus of Nazareth, that those could have been written before the advent of Christ.
1665380	1666500	I believe they were.
1666500	1682820	I believe that the oracles of Enoch are ancient, that first Enoch, that the earliest portions of first Enoch, namely the Book of the Watchers and the oracles of Enoch were written by his hand.
1684460	1691200	Or some version of them, you know, carried through the flood in the form of oral tradition at the very least.
1691220	1692820	And then someone later compiled them.
1693300	1701800	Is there some sort of control mandate or something? If you think of the Council of Nicaea and creating the modern canon.
1702080	1702540	Yeah, I think so.
1702740	1709500	Is there a reason to specifically get rid of the Book of Enoch because it's sort of subversive or irreverent in some way?
1709500	1719200	Yes, because the prevailing view became, especially because of Augustine, or Augustine, I always forget how to pronounce his name, the saint.
1720660	1730660	Because he was a proponent of what's called the non-supernatural view of Genesis 6.
1730760	1735380	The supernatural view of Genesis 6 is that the sons of God were the angels of heaven.
1735380	1755060	Clearly, this is the case because in the Septuagint, which is a Greek translation of the Old Testament, which was in circulation during the time of Christ and certainly during the early church, this was the manuscript that the non-Jewish converts were reading was the Septuagint of the Old Testament.
1755240	1758820	So it's a translation of the Tanakh, the Hebrew Old Testament, into Greek.
1758820	1767940	And in the Septuagint, when you read Genesis 6, it doesn't say the sons of God, it says the angels of God.
1768180	1769200	So that's definitive.
1769620	1770920	These are not human beings.
1771140	1772560	These are celestial beings.
1772560	1792620	And this was the prevailing view until probably the second century AD when the Jews, the Jewish community, they preferred the non-supernatural rendering of that verse.
1792620	1806200	And what they did was they said that the sons of God in Genesis 6 that copulated with the daughters of Adam, that these were noble men from the line of Seth.
1807040	1810180	And or the Sethites is what they call it.
1810200	1811180	It's called the Sethite theory.
1811440	1813600	And these were not heavenly beings.
1813820	1815020	These were just men.
1815160	1817620	And the church adopted that position.
1818340	1820740	They followed suit and they adopted that position.
1822620	1829040	primarily because of St. Augustine. And so that became the prevailing view. And it is the
1829040	1833280	prevailing view to this day, although the tides are turning. More and more people are realizing
1833280	1841980	that that's preposterous. By the way, the story of Enoch, the Enochian tale, is attested not just
1841980	1847360	in Enoch, but in several Dead Sea Scroll manuscripts, including the Book of Giants,
1847360	1856020	the book of jubilees the genesis apocryphon and others all all of these and there's no question
1856020	1863820	that um that the supernatural view of genesis 6 was the prevailing view during the second temple
1863820	1869160	period no question whatsoever and then you combine that with the zeppeti with the greek
1869160	1875880	god precisely with like all of these other kind of myths across disparate cultures all involving
1877360	1880160	like little g gods and then some sort of flood.
1880420	1883260	And it's like, okay, maybe we should stop treating this
1883260	1885420	just as myth and start treating it as history.
1885520	1887320	Plato and so on.
1889020	1892880	It's just kind of ubiquitous.
1893360	1894700	The difference is,
1894720	1897540	this is kind of what makes the Hebrew account unique.
1898120	1900900	The difference is those other cultures,
1901700	1904460	they viewed the antediluvian world
1904460	1906740	through a laudatory prism.
1907360	1914720	In other words, they viewed it as this wonderful time of peace and prosperity, of the sharing of knowledge from the gods to mankind.
1914860	1925420	The gods, as I said earlier, were establishing the foundations of civilization, of learning, of science, were imparting them to mankind.
1925420	1931720	kind and that the world that existed in the antediluvian world was in every way vastly superior
1932320	1937080	to to their own civilizations to their post-flood post-cataclysmic civilizations
1938140	1943460	post-cataclysm civilizations that they they when they look back into the past very this is
1943460	1948140	antithetical to the way we look back into the past so when we as moderns and we look back into the
1948140	1954200	past we see this you know the timeline of history right we are in our minds we're the pinnacle of
1955420	1957580	We're the pinnacle of learning, scientific learning.
1957700	1960980	We're the smartest human beings ever to exist on planet Earth.
1961280	1965800	Everybody that preceded us was inferior to us, intellectually speaking.
1966300	1973580	And there's this gradual retrograde of civilization as you go backwards on the timeline of history.
1973740	1980840	So you start from superior modern man, and then you progress backward through history,
1981000	1984040	and people are getting dumber and dumber and dumber and dumber,
1985420	1990280	into the Neolithic and you've got cavemen, right? You've got these, just these, these Neolithic
1990280	1997920	dummies, basically, you know, one step removed from, from chimpanzees. That's not how the ancients
1997920	2004400	viewed the past. Quite the opposite. The way that our antecedents viewed the antediluvian world
2004400	2013220	was that they were like children trying to recover some vestige of the knowledge of the glory of the
2013220	2017660	the magnificence of their antecedents that existed in the world before the cataclysm.
2017880	2026520	When they went backward in time, it wasn't a gradual decrease in the knowledge and sophistication of civilization,
2026700	2034840	but rather the civilizations that preceded them in the antediluvian world were vastly superior to them.
2036000	2038380	Speaking of which, you said something amazing earlier.
2038380	2047240	You said you think that that time period, those sort of demigod creatures used advanced aerospace vehicles.
2047440	2051840	And, you know, I think of the Vimana as just kind of the proverbial example of this.
2051920	2057340	Is there any other evidence that they actually had kind of technological, you know, aerial vehicles?
2057560	2059120	Obviously, we have to go to texts.
2059380	2060120	You have to go to texts.
2060120	2060380	Yeah.
2060420	2062400	So I don't know of any archaeological evidence.
2062660	2062920	Sure.
2063060	2067860	Of course, you have anecdotal accounts like Bob Lazar.
2068380	2068760	Yeah, yeah, yeah.
2068820	2078260	Who said that, you know, among the craft that he saw in the hangars at the S4 facility, he was told that one of them had been retrieved from an archaeological site.
2078400	2078780	That's right.
2078900	2079560	It was very ancient.
2079600	2081360	Not the one he worked on, not the sports model.
2081460	2081580	Yeah.
2081620	2090820	But a different one had been allegedly, and he didn't know if this was true or not, but allegedly it had been recovered from an ancient burial site, an archaeological dig.
2092560	2094440	So, yeah, I don't have any problem with that.
2094440	2114920	You know, when you look back into the, again, this is a period of time that the ancients described as the golden age. And what I was illustrating earlier was that in the mind of the pagan cultures, this was the pinnacle of mankind, of civilization, and it was a time of peace and prosperity.
2114920	2137120	But from the Hebraic perception, this was a dystopian nightmare. This was a time of great oppression, the empire of the gods, when essentially the watchers were governing the earth by proxy behind the thrones of their hybrid giant offspring who were devouring mankind, who were oppressing mankind.
2137120	2156840	It was a time of unparalleled bloodshed and sorcery and all manner of transgression against the king of heaven. That's the difference. So from the pagan worldview, the gods were like our Promethean benefactors. They stole fire from the gods and gave it to mankind.
2156840	2182060	But from the Hebraic perspective, these watchers were evil. These were malevolent beings, and their intention was to deceive mankind, and that mankind was corrupted by the knowledge that was given to them, the forbidden secrets, as the Book of Enoch has it, and that all of this activity led to the flood, to the destruction of the world.
2183180	2189920	So that's a very different view of the antediluvian age from the Hebraic perspective.
2191380	2200160	Do you think this book is not just this kind of, you know, past thing about, you know, kind of metaphysics pre, you know, flood?
2200600	2202560	And do you think it holds relevance today?
2202860	2204540	Where are the watchers today?
2204980	2205740	Yes, it does.
2205740	2220780	So, to your first question, according to the book of Enoch and the Bible and the New Testament, according to Peter, according to Jude, the watchers are currently chained up in, Peter calls it Tartarus, the abyss, in the gloomy darkness.
2222300	2224200	And this is directly from the book of Enoch.
2224200	2236500	So when the angels were dispatched to bind the watchers, remember the watchers were first forced to watch the destruction of their beloved sons in this fratricidal civil war, which again, I think was technological.
2237540	2240420	And then they were in prison.
2240520	2241160	They were incarcerated.
2241820	2244260	And they're still incarcerated to this day.
2244620	2253020	And according to the Book of Enoch, they're going to be incarcerated until the end of the age, when the age is fully consummated.
2255080	2256400	and until the day of judgment.
2256700	2258000	So until the very end.
2258060	2262060	Now there's some biblical commentators,
2262660	2263720	some colleagues of mine,
2264140	2266820	who believe that the watchers are going to be released
2266820	2267740	at the end of the age
2268460	2270780	and that they're going to create a lot of havoc
2270780	2272580	that you see unfolding in the earth
2272580	2273540	in the book of Revelation.
2274480	2275120	I don't know.
2275140	2276740	I personally think that the book of Enoch
2276740	2278320	is pretty explicit that the watchers
2278320	2280440	are going to be chained until the day of judgment,
2280580	2282660	which would mean all the way to the very end
2284300	2285720	Judge returns to the earth.
2285880	2294840	By the way, I should probably, this is a little bit of a digression, but here's another illustration, another attestation of the book of Enoch in the New Testament.
2296100	2312880	Jesus was in the land of Gadara with his disciples, and he was approached by a man, a man who the Bible describes, or two men, depending on which gospel you're reading, who's described as the Gadarene demoniac.
2314200	2319160	is full of a legion of demons. You'll recall this story. So Jesus disembarks on the shore of Gadara.
2319440	2325460	This demon-possessed man, who has a legion of demons inside of him, comes running up to Jesus
2325460	2333540	and throws himself at his feet. And he declares, we know who you are, you son of God. And then he
2333540	2342800	says, why have you come to torment us before the appointed time? And that always puzzled me when I
2344200	2348580	age are reading that. What do you mean before the appointed time? What does that mean? They
2348580	2354700	recognize that Jesus was that son of man from the oracles of Enoch, the son of God,
2355780	2360040	and that there was an appointed time of judgment for them. So why were they freaking out?
2360420	2365720	Because they recognized two things. They recognized that Jesus was the great judge.
2365800	2370600	He was the judge who was going to judge them at the appointed time. And the second thing they
2370600	2377340	they recognize it wasn't time yet. But here's the judge. What are you doing here? It's not time yet.
2377420	2384400	You're early. Now, where does that come from? It doesn't come from the Old Testament. It comes
2384400	2394480	from the book of Enoch. Because when the giants destroy themselves in this fratricidal war,
2395640	2402320	they're cursed god puts a curse on them because they're not fully of their of their celestial
2402320	2408140	fathers the watchers and they're not fully of their human mothers so they're they're unsanctioned
2408140	2413700	sentient beings and so they're cursed to when they die and their spirits depart from their bodies
2413700	2422220	their spirits are now going to be forced to wander the earth as disembodied vagabond wraiths
2422940	2424400	But the curse is this.
2424820	2426740	They're going to have all of the desires of the flesh.
2426840	2430960	They're going to be hungry, thirsty, presumably have all of the sexual impulses of the flesh,
2431060	2436800	but without corporeal bodies through which to satiate these desires, to satisfy them.
2436980	2437820	That's the curse.
2438420	2444180	And you'll probably recall that this was the Mayan curse in the curse of the Mayan gold
2444180	2445720	in Pirates of the Caribbean.
2446040	2446520	Remember?
2446780	2447020	Yeah.
2447220	2450940	That's the Nephilimic curse in the Pirates of the Caribbean.
2452340	2456920	and his crew were, they were deathless, basically.
2456940	2460900	They couldn't die, but neither could they enjoy anything
2460900	2462700	while they were alive perpetually.
2462840	2465060	And remember, Barbossa wanted to bite into the apple,
2466040	2468000	and it was revealed, I forget in the story,
2468080	2469240	I think on a full moon or whatever,
2469360	2470980	that they were like these wraiths,
2471400	2473140	and they couldn't enjoy anything.
2473280	2475460	And so they desperately wanted to break the curse.
2475600	2476900	That was the premise of the story,
2476960	2479400	and that's exactly the situation
2480040	2481980	of the spirits of dead giants.
2482360	2486340	And this is where you get the origin of demons
2486340	2488900	in the New Testament and in the Old Testament.
2489020	2492140	Demons, according to ancient Hebrew cosmology,
2492320	2495440	are the disembodied spirits of dead giants
2495440	2497220	that persist in the world.
2497260	2497500	Really?
2497560	2498100	Evil spirits.
2498320	2499480	That's like the definition.
2499760	2500260	That's the definition.
2500540	2501620	And in the book of Enoch,
2503200	2506280	the judgment that comes against the giants is
2506280	2511360	you will be called evil spirits in the earth or unclean spirits in the earth.
2511940	2513320	And you will wander the earth.
2513560	2516940	You'll have all of the, you'll be hungry, you'll be thirsty, but you won't be able to
2516940	2520520	satisfy the desires of your flesh because you won't have any flesh.
2520700	2523420	And so what do these beings do?
2523520	2525100	What do these disembodied spirits do?
2525280	2527960	They seek to inhabit human flesh.
2528140	2533100	They possess human beings in order to attempt to satiate these desires.
2533520	2534980	That's why they inhabit the body.
2536760	2541380	Testament. And you have Jesus of Nazareth encountering, and his disciples, encountering
2541380	2546100	people who are demon-possessed, and they recognize who he is. And he tells them to be quiet in a
2546100	2550480	couple of occasions, because they say, we know who you are, you son of God, right? And so now,
2550500	2556060	fast-forwarding to the Gadarene demoniac who's inhabited by a legion of demons.
2557420	2563200	Oh, and I actually skipped the most imperative point here. Going back to the book of Enoch,
2563200	2566320	Now, part of the curse was this was going to be your lot.
2566420	2577080	This was going to be your curse to the spirits of the dead giants until the great judge appears to judge the living and the dead until the day of judgment.
2578100	2585760	And then they will be judged with finality and cast into the lake of fire.
2585760	2597680	And so the legion of demons recognizes that Jesus is the great judge from the oracles of Enoch.
2599020	2604720	And as I said before, knows that the time has not yet come for their final judgment.
2604840	2607060	That comes directly from the book of Enoch.
2607280	2615320	So it's just another illustration of how the themes, the Enochic traditions and themes are woven through the Old and New Testament.
2615760	2618820	that's a digression from what we're talking about.
2618860	2619640	No, it's fascinating.
2619880	2625340	And a burning question I have is you have this conversation around UFO
2625340	2629720	disclosure to alien beings or, you know, non-human intelligence.
2629820	2634540	You have a Congresswoman, Anna Polina Luna going on Joe Rogan.
2634580	2635020	That's right.
2635080	2637420	And saying, you know, read the book of Enoch.
2637500	2639920	That somehow is important for this whole story.
2639960	2644780	Like imagine a world in which if Enoch was left in the Bible and people were
2645500	2652840	happened? Okay, so if you read it, it talks about the fall of angels, thus creating really the
2652840	2658520	precursor of civilization that led to the first flood. I think that when you even go into
2658520	2663640	potentially the technology that was given to mankind by these angels, it talks about the hidden
2664540	2670920	beliefs and theories in astronomy, etc., metal workings, all of it. If you have this information
2670920	2676520	information pertaining to UAPs, whatever they might be, the origins. I mean, if you have an
2676520	2680180	understanding of what Enoch was talking about, it kind of makes sense.
2680500	2687720	So what does this clearly, you know, not so apocryphal, actually probably core text in the
2687720	2692940	book of Enoch and the Nephilim and the Watchers, what does that have to do with modern kind of
2692940	2694140	alien UFO disclosure?
2694140	2708320	Well, so generally speaking, what do you have in the book of Enoch and in Genesis 6 are extraterrestrial beings descending to the earth.
2708460	2709500	And why do you think that?
2710320	2712640	Well, because they are by nature extraterrestrial.
2712740	2715840	This is one of the things that I talk about in my book, Birthright.
2718040	2722860	So I think the word extraterrestrial is a very useful word.
2722960	2723880	It's a very useful term.
2724140	2730140	Because extraterrestrial simply means a being whose provenance is not planet Earth.
2730760	2735040	So a being whose origin is not the Earth.
2735280	2737480	That's an extraterrestrial.
2737540	2744820	And of course, we're contextualizing this term within the context of sentient beings.
2744940	2747240	I'm not talking about amoebas here or something like that or bacteria.
2747460	2750560	Although those would also be considered extraterrestrial bacteria.
2750560	2756540	bacteria. Should we find bacteria on Mars, those would be defined as extraterrestrial bacteria,
2756920	2760260	right? Because they're not from the earth. Even if they're very similar to bacteria on earth,
2760320	2765260	well, they're extraterrestrial because they're not from the earth. So it's a very accurate term,
2765880	2771920	very useful term. Now, opponents of mine will say, wait, that's not a biblical term. Well,
2771960	2777860	I would like to highlight that neither is the term fallen angels a biblical term. And a lot
2777860	2781620	lot of people think it is. It's not. You will not find fallen angels in the Bible. It doesn't exist.
2781920	2788760	Now, the concept is biblical. The concept of a quote-unquote fallen angel is very biblical.
2789060	2798120	A fallen angel are defected sons of God. They are apostate sons of God. They're angelic beings who
2798120	2803760	defected from the kingdom and now are in opposition to God. We all understand that. That's what fallen
2803760	2809520	an angel means. In the same way, the word extraterrestrial doesn't show up in the biblical
2809520	2814260	text or extra biblical text. They didn't use that terminology back then. But the concept
2815060	2821940	is accurate, is biblically accurate, in that you have beings who are clearly not from planet Earth,
2822820	2828860	whose provenance is not planet Earth, and indeed, whose origin is preexistent to mankind. They
2828860	2829880	They preexist us.
2830200	2842000	This is clear, especially in the book of Job, where we read that the morning stars sang together and the sons of God shouted for joy as the foundations of the earth were being laid.
2842140	2849340	Or, depending on how you view that, as the earth was being renewed previous to the creation of mankind.
2849720	2854760	So here you have sentient extraterrestrial beings.
2855120	2858080	By definition, they're not on the earth.
2858860	2863640	the creation or the reformation of the earth, depending on your theological worldview,
2864540	2870580	and they are celebrating it. They're shouting for joy. And the designation morning star and
2870580	2877820	sons of God, morning stars and sons of God is very important because morning stars, the Bible uses
2877820	2885460	the stars as a metaphor for angelic beings, for celestial beings. So a morning star,
2885460	2893260	star, what that designates are beings who were created early on, who are preexistent.
2893740	2898180	They're the first beings to appear. In other words, the stars you see in the morning,
2898360	2903940	it's like those are the morning stars. These are the beings who appear at the beginning of
2903940	2909520	creation, the first sentient beings. So I think they're very old. And furthermore, they're called
2909520	2917060	sons of God, which is very important because that's a designation, that's a familial designation.
2917980	2926660	These aren't just whatever sentient beings. These are sons of God. These are members of the family.
2926960	2933500	This becomes very important in the biblical text, and this is something that I articulate in
2933500	2943220	birthright is that Adam was created to be a son of God using that same familial language.
2943540	2949420	And that we, through Christ, become the sons of God, according to Jesus of Nazareth, being,
2949520	2957480	by the way, sons of the resurrection. So, there's a family dynamic here.
2957480	2964480	the Bible uses these familial terms because there's a family. There's a divine family.
2965620	2972760	And when you read the genealogy of Jesus of Nazareth, it traces Jesus through Joseph or
2972760	2977440	through Mary, depending on which genealogy you're reading, back through David, back through Abraham,
2977580	2983520	back into the pre-flood world through Enoch and all the way back to Adam. And when you get to Adam,
2983520	2988820	It says, Adam, the son of God.
2989720	3000520	So what the Bible is signaling here is that Adam, the human species, was originally created, designed, intended to be a member of the divine family.
3001540	3009060	And so this ties into the gospel of Christ later on because you understand when Jesus shows up on the scene.
3009620	3015340	scene, I hope you don't mind me digressing into a bit of theology here. When Jesus shows up on the
3015340	3026720	scene, he makes it abundantly clear that his mission is to bring back the prodigal sons
3027380	3032900	back into the family of God, that he gives us power to become the sons of God. So,
3032900	3038560	in other words, that's really the message of the gospel, that you were once members of this
3039060	3042940	You were once members of the divine family in Adam, and that was the intention.
3043120	3045760	Mankind was, in my estimation, created for two purposes.
3045860	3059280	Number one, to commune with the creator, with the maker, and with who I describe in birthright as his elder siblings, these other sentient beings, the other sons of God who preexist mankind.
3059720	3063060	To fellowship in the family of God, that's the primary purpose.
3063220	3067580	And then secondarily, to govern the earth, to govern planet earth.
3069300	3083320	These theological threads become very, very important when you get to the discussions that are currently happening about extraterrestrials and how we ought to view that coming from a Christian perspective, at least.
3083840	3090960	And so the whole point of the gospel is to return the sons and daughters back to the family of God, illustrated, by the way, in the parable of the prodigal son.
3091960	3095140	So you have these sons of God who preexist mankind.
3095720	3098200	They're not clearly, they're not human.
3099060	3104620	and they're not from planet Earth. They are therefore, by definition, extraterrestrial.
3105340	3110360	The celestial beings, they're extraterrestrial. Now, you can quibble over whether or not they
3110360	3116600	come from a literal extraterrestrial world, like a different planet in the universe,
3117440	3122880	or they come from some kind of a spiritual world, like a different, I guess, dimension,
3123400	3126900	or you could just say they're interdimensional beings that come from a different dimension.
3126900	3129980	It doesn't matter which of these you choose.
3130060	3134980	You're still talking about beings whose origin, whose provenance is not planet Earth.
3135160	3139760	They are therefore unequivocally extraterrestrial.
3139860	3148100	So this describes the beings who descended in the days of Jared, according to the book of Enoch in Genesis 6.
3149140	3152420	These beings came from some extraterrestrial realm.
3152420	3158800	Again, whether you think it's a interdimensional realm like Anapolina Luna, whatever, it doesn't really matter.
3158800	3181740	And this lines up, by the way, with Sumerian myth. You have the Anunnaki. Lines up with Greek myths where you have these Titans and they're the sons of God. And, you know, I'm hearing about the book of Enoch and it sounds a lot like Prometheus, by the way, where you have this sort of rebel faction of Titans who try to give mankind sacred knowledge.
3181740	3194420	And then our, you know, in his case, I think he's chained up to a rock and, you know, vulture has to, you know, picks at his liver like constantly. And so it's, this is an archetypal myth that cuts across a lot of regions and cultures.
3194420	3218260	It's universal. It's universal. The universal testimony of our antecedents is that there was an age previous to a great flood or a great cataclysm in which the gods were dwelling on earth among men, imparting their knowledge, establishing civilization, the benchmark, the trademarks of civilization.
3218260	3226880	civilization, and that those beings came from somewhere. And specifically, this is, by the way,
3226960	3233900	what the late researcher extraordinaire David Flynn unfolds in his book, Cydonia, which was
3233900	3240240	the most, as I was telling you earlier, the book Cydonia, that's the most consequential book I've
3240240	3244980	ever read in my entire life. You got me a copy. I really appreciate it. It looks amazing.
3244980	3245220	Amazing.
3245640	3256980	It's, it's, and his, uh, his, his daughter, Ticey, who I'm friends with, I'm, I'm very good friends with his, his, his twin brother, Mark, who's, who's brilliant in his own right, author himself and his daughter, Ticey and his son, Alexander.
3258000	3262900	And, uh, and I'm so excited that Ticey, cause it was basically out of print for a long time.
3262940	3265340	There's a, there was a couple of places you could find it, but it was extreme.
3265420	3273920	That book was, that book before Flynn's daughter reprinted it, it was going for two and $3,000 online.
3275000	3302380	And then she reprinted it. Now you can get it for like 25 bucks on Amazon. But Flynn really unpacks a lot of this in that book. And it really, that provided sort of the substrate for my book, Birthright. And what Flynn proves, I would say definitively, is that not only do the ancients believe that the gods descended to the earth in the antediluvian world during the golden age, but that they came from somewhere very specific.
3303020	3305600	They came from a planet in our solar system.
3305800	3306420	Which planet?
3306640	3309340	Well, it's which planets.
3309880	3320880	Primarily, there's a planet that Flynn talks about, which is sort of in popular culture, it's referred to as Krypton.
3321100	3325920	That's where you get the Superman mythology from.
3325920	3339040	But the ancients also had a krypton in mind, a destroyed planet, a destroyed realm from which the gods descended or destroyed realms more specifically.
3339400	3348260	And one of these planets, Flynn believed and I believe this as well, I write it in Birthright, is actually named in the biblical text cryptically.
3348720	3350420	It's called Rahab.
3350620	3351080	Wow.
3351080	3357860	And that this planet, there was this conflict that erupted in the cosmos long before the creation of mankind.
3358160	3368500	Because in Flynn's view, and I completely concur, our solar system was inhabited by a non-human extraterrestrial race of angelic beings.
3369340	3375660	So Flynn viewed this very much not as sort of like an interdimensional thing, but literally the planets were inhabited.
3375660	3383060	That's why on the cover of that book there, you have the ruined structures on Mars.
3383480	3389240	And I believe, of course, most of us are familiar with the Cydonia region of Mars, the alleged face on Mars.
3389300	3396860	And Richard Hoagland was instrumental in publicizing this back in the 90s.
3396920	3404940	And in fact, Richard Hoagland did a series of conferences with David Flynn, sometimes accompanied by the late Michael Heiser.
3405760	3423320	The scholar. And they really, as I said, really publicized the idea that there are ruins on the planet Mars. Ruins of an ancient advanced civilization. Of course, you have the remote viewer, McDonagall.
3423360	3424680	Yeah, Joe McMonigle.
3424860	3428580	McMonigle, who recently, I believe he was on Sean Ryan's show.
3428580	3435740	um he was tasked by the cia to remote view mars a million years ago and described giant beings
3435740	3441520	that's right uh like and ruins yeah and ruins eight to twelve feet tall beings and pyramid
3441520	3447380	structures by the way we i think on sidonia you do have some pyramid the dnm pyramid which is a
3447380	3453400	mag which is a a uh massive massive pyramid it's remarkable and then you also have this guy
3453400	3454060	Allegedly.
3454340	3476420	Allegedly. You have this guy, John Brandenburg as well, who's a PhD physics who worked at Lawrence Livermore in Sandia. And he believes that Argon-40 and Xenon-129 exist in excess of what you would ever see just based on kind of natural decay. And this is proof of a nuclear cataclysm that occurred on Mars.
3476420	3487860	And apparently he got called by Carl Sagan when he started to talk about this publicly. And Carl Sagan was like, John, why are you making such a fuss about all this stuff or something like that?
3487860	3508500	And you know what? I mean, so Hoagland and Flynn were talking about this back in the 90s and early 2000s. And then NASA, you know, NASA released some, the early photographs that it looked like a face on Mars. It looked like a pyramid. And then they released new higher resolution photographs, which seemed to debunk the whole thing, right? No, actually it doesn't look like a face and it's not really this.
3509900	3512560	I personally, I have no proof of this.
3512640	3514200	I'm just spitballing.
3514240	3522780	But I personally think that the images from the first mission of the surface of Mars were correct, were accurate.
3523040	3531340	And that NASA released those second higher resolution images to sort of quell the firestorm that had erupted.
3531340	3535720	and I am extremely persuaded
3536420	3538420	that there are ruins
3538420	3540220	that dwarf anything on planet Earth.
3540440	3543060	The ruins of an ancient civilization
3543740	3545160	on the planet Mars,
3545240	3547260	specifically in the region of Cydonia.
3547400	3549560	And this, what's so fascinating about this
3549560	3551920	is that the ancients believed
3551920	3554320	that the gods descended from Mars
3554320	3556860	and from this other planet that was destroyed.
3557020	3558200	It's sort of, and this is, again,
3558280	3559600	sounds very complex, it is,
3561340	3570580	I mean, you read Sidonia and it's like, to me, there's no question that the ancients believe that the gods descended from Mars and from Rahab.
3570580	3594900	And as I said before, I believe that the destruction of Rahab, which is always associated with the wrath of God, this pre-Adamic conflict that erupted in our solar system, and this faction, this defected faction of angelic beings who went to war with the king of heaven.
3595720	3600340	And it's associated with the dragon, and the dragon becomes a moniker for Satan in the Bible.
3601060	3606140	which neither dragon nor Satan are his actual names, nor Lucifer, by the way.
3606240	3610040	That's a misnomer from the Vulgate, from Jerome's Vulgate.
3610980	3617440	But there's this character in the Old and New Testament, the Bible, who's never actually named.
3617480	3620820	He's much like Voldemort from the Harry Potter series.
3621020	3623820	It's he who should not be named, right?
3623860	3624640	He's never actually named.
3624640	3633520	But he's the great opponent of the king of heaven and of the purposes of God.
3634580	3642480	And I think one of his primary monikers is the dragon or the serpent.
3643000	3645140	And so the destruction of Rahab.
3645320	3647520	And Flynn goes through this in Sidonia.
3647540	3648660	I go through this in Birthright.
3648660	3661480	There are multiple verses in the Old Testament that seem to suggest that God shattered a planet, that he shattered Rahab like a vessel of clay.
3661620	3664780	He pierced the dragon and shattered Rahab.
3664980	3667400	Are there any of those verses that come to mind?
3667420	3670540	And then what's the evidence that it's Mars specifically?
3670920	3673680	Well, the shattered planet isn't Mars.
3673780	3675320	The shattered planet is Rahab.
3675320	3675540	Okay.
3675540	3688660	So the idea is that the asteroid field, the asteroid belt between Mars and Jupiter, that that is the residue of a planet that exploded.
3689500	3693900	And the contention, the popular contention is that there's not enough debris.
3694360	3695440	It can't be a planet.
3695540	3696120	There's not enough debris.
3696260	3699380	But recent papers have been published, peer-reviewed papers.
3699520	3704240	I read a couple of them, one at least, in which a very good case is made.
3705540	3710540	paper here, but I can't, I don't remember what it is. We'll pull it up. That there is enough debris
3710540	3716000	because much of the debris, if a planet exploded, much of the physical debris would have A, been
3716000	3722180	vaporized and B, shot off into space. So you would have the planet explode, much of the debris is
3722180	3729520	just getting jettisoned into deep space. And only a very small fraction of it would get caught up in
3729520	3737540	the gravitational pull of the sun and would form ultimately the asteroid belt between Mars and
3737540	3742580	Jupiter. Now, I'm not an astrophysicist, okay? So I'm way out of my depth talking about this kind
3742580	3748660	of stuff. But the ancients believe, you can track it, that there was a planet that was destroyed.
3749520	3753680	And this is one of the places that the gods came from. Now, it connects to Mars,
3753680	3757040	because Mars was destroyed partly
3757780	3758880	because of the,
3758920	3760880	in the wake of the destruction of this planet,
3761000	3762060	which again,
3762240	3766320	I also believe is attested in the biblical narrative.
3766560	3768320	There's a few verses and I don't,
3768320	3769680	I mean, I have them in my book, Birthright,
3769800	3770940	the exact verses,
3771000	3772760	but there are some verses in the Psalms and elsewhere
3773380	3775740	which position the earth as a spectator
3776360	3778340	to this cosmic destruction
3778340	3781980	that causes the mountains to melt like wax.
3783680	3787040	if there was a massive planet between Mars and Jupiter,
3788060	3791740	assuming that the planets today are in the same orbits as they used to be,
3791820	3794600	because there's a possibility that such an explosion could have pushed,
3794820	3796700	you know, could have moved things around.
3796900	3799520	But that planet implodes.
3799900	3804260	I mean, we can't even imagine the destructive force that that would have unleashed.
3804400	3806840	I mean, there's no explosion except for like a supernova
3806840	3810240	that we can think of that would be that powerful.
3810240	3830840	But when that planet exploded, it rained down fire. Shards of Rahab bombarded the surface of Mars, bombarded the surfaces of the other planets in the solar system, bombarded the surface of the Earth, and absolutely reduced everything to rubble, eviscerated whatever civilizations were inhabiting those planets.
3830840	3850940	And it's, and so, but it's, but also previous to the destruction of Rahab, I believe, again, in the biblical narrative, you can, you can trace the thread of a cosmic pre-Adamic war that erupted in the heavens among this angelic civilization and possibly other things as well.
3850940	3865580	And it was between what the Bible describes as the king of heaven who vanquished the dragon, who pierced the dragon, who crushed the dragon's head and shattered Rahab like a vessel of clay.
3865940	3871360	And that in that process, in this conflict, the civilization on Mars was eviscerated.
3872240	3879780	In other words, they were first engaged in this conflict, technological conflict.
3881120	3885220	with, again, who the Bible describes as the king of heaven, who is revealed to be the son of God,
3886020	3895160	kinetic war. And then after that, or in the midst of that conflict, Rahab explodes. God destroys it.
3895240	3903800	And then that's the final blow to this rebel faction. So, the idea here is a rebellious
3903800	3909140	faction of quote unquote fallen angels are going to war with the king of heaven,
3910140	3916580	kinetic war in the cosmos, indeed in our solar system before the creation of Adam.
3917020	3922020	So this is a pre-Adamic race of intelligent beings, clearly extraterrestrial, especially
3922020	3927760	if their habitation is on Mars and Rahab and elsewhere in the cosmos, which I believe it was.
3928100	3933660	And I don't think it's even controversial in kind of conventional astronomical circles to
3933800	3938320	say that Mars had a biosphere at one point. I mean, there are water caverns all throughout Mars.
3938440	3946000	I believe also in the 90s, there was ALH 84001, this meteor that was found that Bill Clinton made
3946000	3951180	a speech on and said they found, you know, polycyclic hydrocarbons or whatever in the
3951180	3956100	meteor. And I think they sort of backtracked that like they backtracked on the, you know,
3956100	3961840	the Viking missions. By the way, I've heard that the JPL guy who was in charge of the Viking
3963800	3966940	there being sort of, you know, evidence of life on Mars or something.
3967220	3967700	Ruins on Mars.
3970480	3972020	So it's all very interesting.
3972220	3978500	What's even more interesting is that Elon Musk is determined to put men on Mars.
3978640	3979240	Occupy Mars.
3980000	3983420	And what people don't realize, again, I'm going to reference Sidonia,
3983420	3986180	this is what Flynn traces in his book,
3986180	3991700	is that the objective to put a man on Mars
3991700	3994120	is an ancient aspiration.
3995220	3997460	It is, in fact, one of the primary objectives
3997460	3998280	of the mystery schools.
3998620	3999180	Really?
3999220	4002800	Yes, to make contact with this,
4002860	4007280	to recover the lost knowledge of the gods on Mars.
4007300	4008060	On Mars specifically.
4008340	4009640	On Mars specifically.
4009640	4010840	Like mystery schools,
4011660	4013760	like the Brotherhood of the Serpent
4013760	4015460	and the Freemasons.
4016180	4020260	Mystery schools going all the way back to, I believe they go back to Cain.
4020400	4023760	Obviously, that's just a conjecture of mine.
4023880	4033500	But certainly, unequivocally, the mystery schools are perpetuated primarily through the Phoenicians.
4034660	4043820	And the Phoenicians really are the, you might, aside from the antediluvian mystery schools, if they existed,
4043820	4049420	the Phoenicians are certainly the primary post-Diluvian keepers of knowledge from the
4049420	4054060	anti-Diluvian world. I mean, the Phoenicians were the great masons of the ancient world and
4054060	4062260	navigators. They circumnavigated Africa for sure. I think they crossed the Atlantic. I think they
4062260	4067140	were mining copper in the Great Lakes. I know that's very controversial. I think that the reason
4067140	4071660	why you find red-haired giants, the remains of red-haired giants in the mountains of America back
4071660	4075120	back in the 18 and early 1900s,
4075120	4078800	is because they came over the sea with the Phoenicians.
4078960	4080680	The Phoenicians had a cult of giant worship.
4080980	4084360	All kind of evidence of giants among the Phoenicians.
4085600	4087540	And the Phoenicians are like,
4087640	4089100	they were essentially a secret society.
4089540	4090700	Wow. Fascinating.
4090720	4091540	And they, I mean,
4091580	4094860	who did Solomon contract with to build the temple?
4095480	4095960	Phoenicians?
4096040	4096480	The Phoenicians.
4096560	4097300	Hiram of Tyre.
4098480	4101480	And Hiram Abiff, his artificer,
4101660	4109580	Hiram of Tyre the king and Hiram Abiff, his premier artificer, that's who built the temple, Solomon's temple.
4109860	4111780	They were the master masons.
4111880	4115000	They built the fleets for Egypt, for ancient Egypt.
4115340	4118640	And the mystery schools have this aspiration.
4118660	4124700	Because I think of the Temple of Solomon as part of the mystery school aspiration and interest as well.
4125500	4128440	But they have this sort of three line around getting to Mars.
4128520	4129300	I didn't know that.
4129320	4129640	Yes.
4129960	4130480	Yes.
4131660	4136800	Again, one of the primary aspirations of the mystery schools is to recover the lost knowledge of the gods from Mars.
4138620	4143180	Now, is our aspiration, is Elon Musk's aspiration to go to Mars associated with this?
4144180	4149860	Or just part of that impetus, the sort of undercurrent for the mystery schools?
4150260	4153140	Is there a hidden hand directing us back to Mars?
4153720	4154640	I would say so.
4155240	4169660	And I think when we go there soon, probably in our lifetime, we are going to find evidence of an ancient civilization, extraterrestrial civilization on Mars.
4169860	4177100	And I have a feeling that it's going to be announced rather soon, perhaps even by President Trump, that there's microbial life on Mars or was.
4177280	4180600	That we have evidence of, I mean, NASA's sort of already beginning to prime that pump.
4181400	4189120	So I think what's going to come first is the announcement that, hey, there was life on Mars. We have evidence of microbial life on Mars. And that's the preamble.
4189720	4205820	That would be a good little soft disclosure. Exactly. Test the waters. See what happens there. So I think, okay, so we have, let's establish a baseline. So we have these watchers that came down. They were extraterrestrial. They mated with man. They created Nephilim.
4205820	4210800	Nephilim, um, of which we are kind of the descendants, the Nephilim were banished.
4210820	4216320	They were made to be kind of these, uh, disincarnate kind of wandering spirits, demonic
4216320	4216940	spirits.
4217340	4223320	Uh, and then we have this, all this interesting evidence that a lot of this actually holds
4223320	4225460	astronomical weight in the ancient world.
4225500	4225900	That's right.
4226000	4231860	Um, what is all of this have to do with modern, you know, we think about UFOs flying around
4231860	4233180	and alien abductions.
4233180	4236700	And is there anything that we think of,
4236700	4238660	you know, metaphysically back then
4238660	4241520	with those stories that still apply to today?
4241700	4244220	Because I think my biggest question is like,
4244420	4247640	you have UFOs back then
4247640	4249740	and you have sacred knowledge back then.
4249760	4252240	The sacred knowledge gets lost in the flood.
4252480	4256080	And now, you know, circa 2026,
4256460	4259320	you have Trump tweeting about UFOs.
4259340	4261120	We're all talking about all this stuff.
4261860	4268360	And then you have this alleged group of evangelical Christians who are being talked about all the time now.
4268460	4269620	The Collins elite.
4269720	4271020	The so-called Collins elite.
4271560	4272080	Yeah.
4273040	4274500	It's all very interesting.
4274780	4275040	Yeah.
4275180	4282200	So do you think the flying vehicles of today, because you're kind of, you could be considered a modern ufologist.
4282280	4284660	You research a lot of these phenomena today.
4284660	4291600	day, if the watchers are chained up somewhere, but some of that knowledge made its way to
4291600	4295700	mankind, what are these aerial vehicles that we're seeing?
4295800	4297460	So that's actually a great point.
4298780	4305000	So these 200 watchers that descended to the earth within the biblical context, these were
4305000	4310020	a separate group from the other beings, the other angelic beings who the Bible describes
4310760	4314460	in many ways, but in one passage is the devil and his angels.
4314660	4328780	So the Satan figure was here before the watchers descended to the earth. Satan was here with his quote-unquote fallen angels. I'm not a big fan of that term, but people understand when I use it what I mean.
4328780	4339880	So these apostate rebel sons of God, angelic beings, are here on the earth, and they have not been chained up.
4340600	4341420	They've been here.
4341520	4342680	They were here before us.
4345140	4354120	and this is a remnant of that let's put it into star wars terms a rebel alliance except in this
4354120	4357800	case they're the bad guys who were fighting against the kingdom of heaven that we talked
4357800	4362940	about earlier when rahab exploded in the in the civilization on mars and all that they came from
4362940	4367620	there so we're not even that we're not even referencing the watchers in that context the
4367620	4368560	The Watchers came afterward.
4368940	4371660	The Watchers came in the days, descended in the days of Jared.
4371760	4374000	So humankind was already populating the earth.
4374140	4375620	That's when the Watchers descended.
4375820	4392520	But, you know, the dragon, the devil and his angels, Satan and his consort, his cohort, they came to the earth or were cast down to the earth a long time ago after that cosmic battle.
4392520	4408760	So they were here before Adam. They were here before the Watchers. They're a separate group. These are heavenly beings, right? Probably the same kind of beings as the Watchers.
4409820	4430960	And by the way, there's a misconception, and this really is propagated in the West, and this has to do more with cultural perception than any sort of biblical fact, is the idea that, quote-unquote, fallen angels are these ugly, grotesque, demonic-looking beings.
4431540	4435860	Like they look reptilian or something, or they have horns and whatever.
4435860	4442100	there's no indication that that's true anywhere. That's certainly not a biblical concept. That's
4442100	4449320	a Western traditional concept because we ascribe their qualities, the attributes,
4449480	4455440	that they're cunning and they're deceptive and they're evil. These are malevolent beings. And
4455440	4461680	so we portray them. Traditionally, the church has portrayed them in culture as these ugly beings,
4461680	4481340	Right. Who embody these attributes. But but I believe that these in fact, biblically speaking, Satan is described as as the most beautiful being. He's he was he was he was the sum of perfection. And and he was absolutely beautiful.
4482120	4507140	Beautiful. And so quite the opposite of the Western tradition. And I think that goes for Satan and the other angelic beings who defected with him from the kingdom and are now in opposition of the King of Heaven. And they're, at least in part, here on earth, and again, have been long before Adam, at least from my theological perspective, and many others as well. But from my theological perspective, they've been here a long time.
4507140	4520340	So let's differentiate between the watchers who descended in the days of Jared and who the Bible designates as the devil and his angels, the dragon and the other apostate princes, because that's what they are.
4520540	4522400	These were princes in the kingdom of heaven.
4522520	4536520	Okay, so what I'm trying to describe here is a kingdom, a real kingdom, not an imaginary kingdom, not a spiritual kingdom, not a interdimensional kingdom, because these are all, there may be, you know, interdimensional aspects and things like that.
4537140	4542200	get people to disassociate the kingdom of heaven with sort of the fairy tale stuff and think of it
4542200	4550140	instead as a practical functioning kingdom and that those who've defected from that kingdom
4550140	4554920	before the creation of Adam, in other words, angelic beings who defected from that kingdom
4554920	4564180	are still here with us today and perhaps elsewhere. And that those beings, according to the Bible,
4564180	4576460	are still active in the world. And so, from my point of view, these beings are, they are very
4576460	4585100	comely. They look, we look like them, these angelic beings, which is apparent in the biblical
4585100	4592380	narrative. Every time human beings encounter angels in the narrative, and when I'm stressing
4594420	4601040	of the Bible, and then you have the prophetic content. The prophetic content is a world of
4601040	4609820	symbolism. This is when the prophets are having these visionary experiences, they're either A,
4609840	4615440	in a trance, or B, dreaming. They never go anywhere. They're in a trance or they're dreaming.
4615700	4619120	So just like in a dreamscape, everything you encounter in a dreamscape,
4619120	4624580	in as much as it means anything is symbolic. So this is a world of symbolism and communication,
4624920	4630360	the world of what I'm calling the prophetic, right? So set that aside. But the narrative,
4630600	4635060	what I refer to as the narrative, the biblical narrative, is the actual story. I'll give you
4635060	4642220	an example. Abraham encounters angelic beings in the narrative, not in a vision, not in a trance.
4642500	4647500	In the actual narrative of the story, Abraham encounters a group of angelic beings,
4649300	4654280	has dinner with them. He sups with them. He interacts with them just like we interact
4654280	4660220	with each other. And they look like us. They look human. They're not human, but they look human.
4661620	4668380	His nephew Lot encounters angelic beings who come to extract him and his family before the
4668380	4676220	destruction of Sodom. And what does he do with these beings? He eats with them. He has dinner
4676220	4681920	with them. And then they escort him out of the city and the city is destroyed. So what I'm trying
4681920	4687640	to establish here is that these beings that we describe, again, I'm coming from a Christian
4687640	4695940	perspective, the beings that we call angels in the Bible, we have a false perception of what
4695940	4701200	these beings are, what they look like, and what they do. And that perception comes from tradition.
4701200	4709280	It's not extracted from the biblical narrative. Rather, it comes from church tradition and just Western tradition in general.
4710300	4726100	And in the Western tradition, of course, we're all familiar with the depiction of cherubim in the Catholic Church in Roman Catholicism, which depicts them as little chubby toddlers, basically, with little wings.
4727840	4732460	is absurd. That's absurd. That's not what cherubim are. That's not how they're described in the
4732460	4738980	Bible. And even the way they're described in the Bible is symbolic. So, because that's within that
4739680	4746200	visionary context. But angels, whenever they're actually interacting with mankind in the narrative,
4746400	4753460	they look very much like we do. And they don't have wings. Angels do not have wings. And in fact,
4754220	4758720	there are these vehicles that are described in the Bible and I'm not talking about Ezekiel's wheel
4758720	4766600	because Ezekiel's wheel we're going to relegate that to the trans visionary stuff the dreamscape
4766600	4774260	stuff because that's what that was it's symbolic so I don't think Ezekiel's wheel is a is a UFO
4774260	4781360	however in the narrative you have these other vehicles that are called the chariots of God
4781360	4787740	or the chariots of Israel or the chariots of fire. They're described variously, but the same thing.
4788860	4794760	And these are very ambiguous, but these are clearly some kind of vehicle of conveyance.
4796220	4806100	And, you know, I'm old enough to know that horses don't fly. And, you know, the Bible doesn't oblige
4806100	4811000	me to believe that horses fly. Because when you think of a chariot, obviously, a chariot is
4811360	4816440	the most advanced vehicle of conveyance in the mind of the Iron Age writer, right?
4817700	4820900	There's nothing that's more advanced than a chariot. That's it. I mean, that's
4821560	4828060	like the Ferrari of their time. So, a chariot is pulled by horses. So, if you're trying to
4828060	4836260	describe a vehicle that is advanced, you might describe it as a chariot, a chariot of fire,
4836260	4838040	or a chariot of God or a chariot of Israel.
4839040	4843880	And so I do believe that these beings, these angelic beings,
4845020	4847540	A, as I said earlier, they look like us.
4847560	4848660	Why do they look like us, by the way?
4848680	4849500	It's something I mentioned earlier.
4850340	4851480	Because they're our siblings.
4853180	4854160	They're the older siblings.
4854320	4855880	They're the sons of God that preexist us,
4856040	4858340	that Adam's created to be a son of God.
4858560	4859480	So it's a family.
4859640	4861240	Clearly, it's a family.
4861720	4863540	And we were supposed to be part of it.
4864500	4870240	And we were part of it in the beginning, but we've been sundered from the family, divorced from the family.
4870280	4872980	This is a great tragedy of our story.
4873600	4880980	We were sundered from the family, subjected to decay and degeneration.
4882660	4889100	But the good news is, and this is what the good news, what I alluded to earlier, is that there's a way back in through Christ.
4889220	4892660	He brings us back and restores us back into the family of sons.
4893540	4905340	So these other sons of God, the morning stars, remember that we're singing together and the sons of God shouting for joy before mankind was created.
4906960	4911680	That because we're members of the same family, we bear the same image.
4911960	4914540	We look similar to one another.
4914660	4915560	And I would go further than that.
4916220	4926980	I would say, based on everything we've discussed here from the book of Enoch in Genesis 6, we're so alike that we're genetically compatible.
4927800	4929220	We can copulate.
4929340	4930880	We can procreate.
4931520	4934000	That's exactly what we're doing in the book of Enoch.
4934140	4935900	That's exactly what's happening in Genesis 6.
4936320	4939760	The sons of God are procreating with human women.
4940060	4944560	So I just choose the path of least resistance here.
4945560	4949840	because they're genetically compatible. And one thing I didn't mention when we're talking about
4949840	4956460	those sons of God was that the impetus, what I call the first cause of the Watcher's defection,
4956480	4964020	was lust. They lusted, the book of Enoch says, and this is what the Genesis 6 implies,
4964240	4970020	they lusted after the daughters of men. They were sexually attracted to human women.
4970020	4992100	Well, I mean, we can extrapolate then that they have the male machinery, right? Because if you're just some wraith or you're just some spiritual being, how do you lust? How are you consumed with lust after the female form? And then furthermore, how do you copulate with a woman and procreate?
4993360	4999140	and and so i as again i just take the path of least least resistance i add up all of these
4999140	5005440	data points from the biblical narrative and i conclude that we are the younger sibling
5006000	5010220	they're the older sibling i call them the the elder the elder race in my book
5010220	5020280	by the way that's a a wink and a nod to jrr tolkien remember the eldar yes in the uh in the
5022100	5026320	and the Silmalerian were the elves, were the high elves,
5027040	5031680	and who were somewhat related to humans and could certainly copulate with them.
5032180	5040140	So, but that's not why I, that's not exactly from where I derived the idea.
5040180	5043140	I derived it from the biblical text, that we are the younger sibling.
5043400	5049600	So why am I building, I'm building this structure here so that I can begin to build on top of it.
5049600	5060700	So what I'm trying to depict here is that there's a faction of beings, perhaps one of many, that pre-exist us.
5061240	5062580	They look like us.
5062600	5064320	Rather, we look like them.
5064420	5065900	They're more magnificent than we are.
5066660	5073300	King David said in the Psalms that mankind was created to be a little lower than the heavenly beings.
5073620	5075220	So these are those heavenly beings.
5076140	5078320	We were members of the same family.
5079600	5085980	look like each other. We bear the image of our father. And who's the express image, according
5085980	5091240	to the scriptures, the express image and likeness of the father? The son of God. So basically,
5091280	5098320	we look like the son of God, who's the preeminent son. And so we are genetically compatible. We can
5098320	5105680	copulate. And so I'm depicting a class of beings, angels, who are technologically advanced,
5105680	5115000	advanced, who utilize technology, dare I say flying saucers, who have knowledge that is
5115000	5122180	much older than any knowledge on earth, much more advanced, who come from a kingdom the Bible
5122180	5129200	describes as the kingdom of heaven, a literal kingdom with a king and a council and courts
5129200	5141680	courts and courtiers and couriers and armies. The most common name for Yahweh in the Old Testament
5141680	5148140	is Lord of armies, Lord of hosts. That means Lord of armies. So you have angelic armies.
5149060	5155920	And when I was a kid, I always thought, how do you have supernatural armies? How do they
5155920	5173480	How do they do battle? Because I was thinking of it as supernatural, which means above and beyond nature. And I've since changed my view, and I believe there is precisely one supernatural being in the universe, and that is the Father, God, Supreme.
5173480	5178640	preen. Everything else, everybody else is subjected to the laws of nature, equally so.
5180920	5188960	So you have this functional kingdom from which these beings come. Now, so you have this faction
5188960	5194620	of beings, the angelic faction, the sons of God, the morning stars. These are all the same. I'm
5194620	5198640	I'm using those terms analogously for these beings.
5199920	5202400	And we look like them.
5202500	5203500	They use technology.
5203900	5204880	They speak a language.
5205600	5208840	And then you have a group of them that defected.
5210620	5212660	Those are the quote-unquote fallen angels.
5212820	5214460	That's the group that defects from the kingdom.
5215260	5220040	Those are the beings who are in opposition to the king of heaven on earth,
5220240	5223100	opposition to his kingdom, opposition to mankind,
5224620	5233160	to corrupt and cause mankind to become disaffected with the kingdom of heaven and to sin against God
5233160	5238740	and to reap the repercussions, which is what they were doing with Israel. And these beings are here.
5240960	5250240	So, those beings speak the same language as the unfaithful fallen angelic beings speak the same
5250240	5254880	language as the faithful ones. They look the same. They use the same technology.
5256620	5263200	So again, what I'm doing here is I'm creating this structure upon which,
5263200	5269120	coming from a Christian perspective, to be able to understand the phenomenon without reverting
5269120	5274720	to supernaturalism. What do you think they want to do with humanity now? Do they have intentions
5274720	5278860	for us? Oh, yeah. There's no question about it. I mean, from a biblical perspective,
5280240	5286620	The enemies of God, first and foremost, are in opposition to everything that God desires.
5288200	5300420	And almost their job is to lead mankind astray into apostasy, to cause mankind to transgress and to destroy us.
5300500	5305820	And by doing so, to do injury to God.
5306620	5308100	That's part of what they do.
5308100	5310760	They're also—this is all building.
5310860	5314860	This is all crescendoing.
5314940	5317460	This is the crescendo of my book, Birthright.
5317580	5322040	The culmination is Armageddon.
5322420	5326220	And Armageddon is so often interpreted as a war with Israel.
5326960	5335100	But if you really pay attention, Armageddon is a war with the Son of God returning to the earth.
5335200	5336440	And I believe that's a kinetic war.
5338100	5346900	I think that literally these fallen sons of God, these apostate sons of God are slowly building.
5347760	5349740	Eventually, they're going to be building an army.
5350040	5352120	They're amassing the technology.
5352140	5353220	They're building an army.
5353260	5356320	They're leading humanity into a post-human condition.
5357120	5363520	And the objective is to usurp dominion of the earth and resist the son of God returning to the earth.
5363560	5366340	Now, I understand that, you know, that's a very theological position.
5368100	5371600	viewers who aren't coming from a biblical perspective may think that that's absolutely
5371600	5380300	absurd. However, from a biblical perspective, that's absolutely accurate. So, yes, there's a
5380300	5387120	conflict coming, and all of this is mounting towards that conflict, that ultimate conflict
5387120	5393000	between good and evil. And so, those beings are at work in the earth. They've been here for a very
5393000	5398640	very long time. So let me make this really practical for people and then I'll shut up.
5398700	5406100	Let me make this really practical. No, I love it. So, you know, I'm, I'm, you probably were, I'm,
5406100	5415120	I'm, um, a person who is completely, utterly convinced of the nuts and bolts reality of,
5415180	5420520	of the UFO phenomenon, because I myself have seen a UFO right above my car, 40 feet above my car,
5420520	5427180	a you know a ufo i think it was a um arv but nevertheless where was this brook park ohio
5427180	5434320	whoa um so is that near right patterson no it's near uh the john glenn nasa research center and
5434320	5440620	also um well yeah the nasa center there so you think it was possibly human reverse engineered or
5440620	5444880	so i'll digress into this really quick because this this does sort of illustrate the point i
5444880	5450900	I was about to make. So this was during a time, this was probably, my God, I don't know, 14 years
5450900	5454220	ago. I don't know. I always probably say a different number because I'm really bad with
5454220	5458800	numbers and dates and stuff. It was before I currently live in Montana. It was before I
5458800	5465000	moved to Montana. I was living in Brook Park, rather, Cleveland, Ohio, where I was born. I was
5465000	5472200	born in Brook Park, Ohio. And I had just returned a year or two previous to that from Peru. I lived
5472200	5479820	in Peru for about 10 years. And I was living in Cleveland and not far from my brother-in-law.
5480260	5484980	And he and I would always work out in his basement and we'd always lift weights in his
5484980	5491080	basement. And I would say more often than not, the topic of conversation was UFO stuff. And we
5491080	5496760	were deep into Lazar and just kind of kicking around what the reverse engineered technology
5496760	5501940	would look like. And all of that sort of stuff, talking about gray aliens, talking about
5502200	5509200	of all the ufological lore, that was more often than not the topic of conversation.
5510320	5514240	And he's an inventor. And so he liked to think about like, you know, maybe what some of the
5514240	5520940	anti-gravitics look like and stuff like that. And so one day, probably was the topic of conversation
5520940	5527140	this evening, we were working out in his basement and he wanted to run over to the suburb of Brook
5527140	5532660	Park, Ohio, which is, that's where I actually grew up was in Brook Park, Ohio. And so we hopped in
5532660	5536940	my car and this was probably, we were trying to get there before it closed. I think it closed at
5536940	5542860	nine o'clock. This was in February. Really, it was really cold outside and it was really windy
5542860	5548380	this particular night, like really, really windy. And we jumped in my car and we drove over to
5548380	5554200	Brook Park and we went to the Brook Park strip mall, the Brookgate, it was called Brookgate
5554200	5558560	trip mall. I don't know if it's still there to this day, but I used to ride my bike around there.
5558640	5563800	I'm very familiar with this area. And then, you know, not far from there is the airport in the
5563800	5574980	John Glenn Center, the NASA Center. And there's also a reserve, what do you call it? The Army
5574980	5579580	Reserve or whatever it's called, a base close by. Air Force Base or Army Base. Okay.
5579580	5583180	Yeah. And National Guard.
5583380	5583800	National Guard.
5584020	5608700	National Guard. And so we're, it's dark outside. It's probably 830 or so. And we're pulling up to the Brook Park, Brookgate shopping strip mall. And there's this light and we got to go through the light. Then you go into the parking lot and we're stopped at the light. And we're both kind of just, we're just talking. I remember he was talking to me about some invention he had related to like a toothbrush.
5609580	5615700	remember that. And, um, and as he's talking, we're, we're, we're just kind of looking ahead
5615700	5621000	and we see this thing, this craft hovering above the corner store and it's got really bright lights.
5621900	5626160	And we immediately thought it was a, a training exercise from the national guard.
5626620	5630080	That's what we thought. Oh, look at that. There's a helicopter. It's a training exercise. Like it
5630080	5634980	was big. I thought it was like a Chinook or something or like a Blackhawk. And we were
5634980	5640080	were just sort of, um, you know, uh, amazed that they're, they're hovering that low over the
5640080	5644480	building. It was probably only 30 feet above the building. And so we rolled our windows down
5644480	5649460	because we thought we were going to hear the telltale sound of blades whipping through the air,
5649560	5654500	nothing. And we were close enough. We should have heard it. And we, it was windy granted.
5655000	5661400	And we looked at each other like, Oh, so I go through the light. There's hardly anybody in
5661400	5664440	the parking lot. Cause it's almost, everything's almost closing, right? We're rushing to get to
5665220	5666640	probably 845 by now,
5667120	5668640	pull into the parking lot
5668640	5670820	and I don't even like park.
5670900	5673140	I just throw my vehicle into park
5674300	5675540	because this craft
5675540	5677360	that was hovering above the corner store
5677360	5678440	lifts up in the air
5678440	5680420	and effortlessly glides
5680900	5682020	right over my car.
5682260	5683560	But it wasn't directly above,
5683640	5684380	it was in front
5684380	5686420	so that it like positioned itself
5686420	5687740	so I could get a full view of it
5687740	5688300	through my windshield.
5688460	5689500	So it was in front, but above.
5689840	5692200	And then it descended to about 40 feet.
5693540	5698380	and it was immediately apparent to me and my brother-in-law that this was not
5698380	5705440	national guard this was not this was not anything conventional um it it was reminiscent
5705440	5713660	of the f-117 nighthawk fighter it had sort of that angular body armor a little bit of that
5713660	5718580	and it was like a grayish green dark color although it was hard to tell because it's
5718760	5721320	it had really bright triangular lights.
5721420	5722080	I remember two.
5722160	5723320	My brother-in-law remembers one.
5723460	5725460	But triangles, lights, white.
5725760	5727560	And then it had a series of, I think,
5727580	5729760	green and blue lights around the perimeter, the bottom.
5731220	5732780	And it didn't have wings.
5733420	5735940	It had little stubby protrusions in the place of wings.
5736580	5738400	And it was kind of shaped like a diamond.
5738680	5738820	Mm.
5741880	5747000	And it didn't really have sharp angles.
5747240	5748240	It was very smooth.
5749420	5752260	Um, there was no visible windshield or anything like that.
5752280	5752860	No markings.
5753340	5756960	There was no propulsionary systems, propulsion system to speak of.
5757000	5760200	No engines, no propellers.
5761560	5762920	Um, nothing like that at all.
5763000	5766260	Again, it just had little stubby protrusions in the place of wings.
5766420	5768360	It was not aerodynamic is what I'm trying to say.
5769780	5776140	And, and we rolled our windows down to listen to hear if there's any noise of an engine.
5776220	5777380	Nothing, completely silent.
5777460	5778340	All we heard was the wind.
5778760	5783240	The wind was so strong that it was rocking my car like this.
5783640	5784360	It's rocking.
5784360	5787920	The gusts of winds are rocking my little Kia Sportage, I think is what I had at the time.
5788880	5793940	And, and this thing just, like I said, descended and just hovered there like I was supposed to see it.
5794420	5796180	And we're just staring at this thing.
5797220	5802560	I remember saying the only thing I could say was, Tony, that is some top secret.
5804040	5804880	That's what I told him.
5805160	5807020	And then we're just staring at this.
5808760	5813420	And then suddenly, like, I'm thinking, I have a flip phone at the time.
5813460	5814020	He has a smartphone.
5814380	5816320	I'm thinking, get a picture.
5816920	5818340	Get a video of this thing.
5818380	5820240	So I said, Tony, your phone, your phone.
5821480	5826500	And he, like, he's coming out of a trance, and he starts, you know, looking for his phone in his pocket.
5826560	5828920	He finds his phone, pulls it out, drops it on the ground.
5829720	5834160	So he bends over to pick up his phone, right, to get a picture or footage.
5834160	5835700	and as he's bending over,
5836260	5837700	I mean, we probably were staring at this thing
5837700	5838740	for at least 30 seconds,
5838820	5839640	which is a long time,
5839700	5840700	maybe even a minute or two.
5840740	5841160	I don't remember.
5841300	5843400	We had a long look at this thing.
5844000	5846000	And as he's fidgeting on the ground
5846000	5847000	to find his phone,
5847080	5848640	the craft lifts up into the air.
5848940	5850700	Again, it is so windy,
5850840	5851780	and I failed to mention,
5851920	5854560	the craft is completely unaffected by the wind.
5855100	5855460	Completely.
5856460	5858920	As if it's in its own atmospheric bubble.
5859940	5860880	Lifts up into the air
5861320	5863440	and then it begins to turn effortlessly
5864160	5866380	And by the time he gets his phone up, it's moving away.
5867260	5868820	And it's just gliding away.
5869120	5870700	And we jump out of the car.
5871920	5876760	And it is, I just remember jumping out of the car, getting blasted in the face with ice cold wind.
5878100	5884240	And by the time he got his phone up, it was descending over the horizon, like over behind the houses.
5885080	5890340	Toward the NASA John Glenn Center, by the way.
5890960	5891940	Right in that direction.
5892060	5892220	Whoa.
5892340	5892500	No.
5894160	5899720	had no insignia, no Air Force insignia. It was not a helicopter. It was the size of a Chinook
5899720	5906220	or a Black Hawk helicopter. No insignia, no propellers, no noise, no propulsion system,
5906700	5912440	no windshield. Was it a drone? I don't know. Whatever it was, it was not using conventional
5912440	5917400	technology. That's for sure. You know, I mean, you know, when a Harrier jet takes off, if there's
5917400	5925080	vehicles below it, like blows them out of the way, right? This thing, nothing. So I don't know why,
5925840	5931540	but I sort of concluded that I was looking at, you know, what people call ARVs, alien
5932140	5937200	reproduction vehicle. I don't know why. I can't say, I don't know why, but I got the distinct
5937200	5944560	sensation that this was ours, but that the technology was exotic. I don't know. That was
5944560	5951340	was just a feeling, which doesn't mean much, but that's what I saw. And that was it for me. Okay.
5951400	5958660	So everything that I had been learning about in the realm of ufology was suddenly concretized
5959360	5963940	in that moment. Now that doesn't mean that everything's true, but it means the phenomenon
5963940	5971620	is real. 100%. We've got advanced technology. Now, whether we took some divergent path
5971620	5977040	from Nikola Tesla and built it ourselves, or whether we derived some of this technology
5977040	5981060	from crash retrievals, which is what I believe. In fact, I would say I know that to be true at
5981060	5988180	this point in my life. The phenomenon is real. The technology is real. People are in possession of it
5988180	5994460	and are utilizing it, are deploying it. And that really, like I said, it concretized the whole
5994460	6003080	thing in my mind way back then. And so moving forward from that position, I wasn't struggling
6003080	6008040	and choking on aspects of ufology like a lot of people do because they've never seen anything.
6008300	6016100	I was able to just have this baseline understanding that, yeah, there's some aspect of this is
6016100	6018880	is absolutely real.
6019200	6023180	Do you think this biblical fallen angel idea
6023780	6026920	accounts for all of the phenomena that we see?
6027280	6029700	Okay, that's a very good question.
6029880	6033480	So this loops us right back into what I was saying,
6033580	6038340	which was that I established that I believe
6038340	6041120	that the good guys and the bad guys look the same.
6041260	6042580	We look like them.
6042580	6048440	They come from an advanced ancient civilization that pre-exists us, biblically speaking.
6049260	6054660	And some of them are loyal to the king of heaven and some of them are in opposition to him.
6054720	6057700	So you have the quote unquote good angels and fallen angels, right?
6057800	6060280	Loyal sons of God, disloyal sons of God.
6061620	6066020	And they're both operating, I believe, with the same technology.
6066980	6071480	So like I said earlier, you know, we established that the Watchers are a separate group from,
6072660	6079320	same species, so to speak, but they're a separate group. So when the Watchers descended to Mount
6079320	6084660	Hermon, I believe that they were at the helms of advanced aerospace vehicles. I believe that the
6084660	6091900	technology of this civilization is exceedingly advanced. So some of what we see out there
6092760	6097740	is, for lack of a better term, angelic technology. That's the way that I would describe it.
6099140	6105360	Now, some of that technology is being piloted by good guys, and some of that technology is being piloted by bad guys.
6105900	6110240	But the technology itself, you cannot ascribe motive to a piece of hardware.
6110760	6119260	You can't say that that piece of hardware, you know, a flying saucer is no more good or evil than my truck.
6119520	6125040	So you would say, as below, so above, they're good and bad people, and they're good and bad.
6125540	6135120	Just like on earth. Yeah. There's, there's factions of human beings and some, some of us do good and some of us do evil, but we're the same species and we use the same technology.
6135120	6161040	So this is interesting because it's almost, you know, we've heard people like Jacques Vallée talk about connecting the modern phenomena with sort of biblical elements. And then you also have people like Hal Puthoff, who actually lives out here in Austin, who wrote an interesting paper about the Silurian hypothesis, these ultra-terrestrials, so survivors of an ancient cataclysm, and you're sort of combining them.
6161140	6164140	Well, I'm going, so that's the first...
6165120	6166960	That's just a component of the phenomenon.
6167220	6167420	Okay.
6167880	6169660	Do I believe that describes the totality?
6169780	6170000	No.
6170180	6170460	Okay.
6170520	6172260	It does not describe the totality of the phenomenon.
6172260	6174060	I'm glad you're saying that because I agree.
6174180	6177020	I think it's every time we try to explain everything.
6177500	6179800	No, I don't believe that describes the totality of the phenomenon.
6179980	6182680	I think that's an aspect of the phenomenon.
6183240	6185940	These beings we call angels in the biblical narrative.
6186020	6189340	Angel, by the way, is just a occupational descriptor in the Bible.
6189380	6192120	It just means messenger and envoy, one who is sent.
6192120	6195140	It doesn't give us any insight into the nature of those beings.
6195700	6198260	And often they're kind of terrifyingly violent.
6198800	6201620	Well, the bad ones are certainly.
6201900	6208900	Or even, I mean, it depends on where, like in the Old Testament, sometimes they're violent, but it's sort of in this moralistic.
6208900	6209800	Sodom and Gomorrah.
6209900	6210340	Sodom and Gomorrah, exactly.
6210420	6211960	They eviscerated Sodom and Gomorrah.
6211960	6212780	How did they do that?
6213320	6213880	I don't know.
6214140	6214860	Lasers or something.
6214860	6216660	Maybe there was a saucer hovering above that thing.
6216800	6217000	Yep.
6217000	6225840	So, you know, people, this is very difficult. And it was difficult for me in the beginning to sort of retool my mind.
6225840	6232300	um yeah but you know what uh to challenge the audience you know anybody who's like we're talking
6232300	6235780	about stuff that's serious now and that the government's talking about but in the past
6235780	6241780	all of this is extreme it's extremely speculative and you have to if you have these ancient
6241780	6249440	traditions that are all triangulating towards a common truth and you have you know eons i mean
6249440	6254420	literally i think jacques valet is kind of a this really important kind of godfather of modern ufo
6255840	6261480	you read Wonders in the Sky, you read Passport to Magonia, you have to take this trans-historical,
6261560	6268000	trans-cultural idea. This isn't just post-Roswell, nuclear age American stuff happening.
6268180	6272780	That's right. This is where I like to draw delineations here. So what I've described is
6272780	6280060	one faction, one aspect of the phenomenon. But I don't think that that describes the totality
6280060	6288180	of the phenomenon. And what I mean by this is, if I know, because I'm so convinced of the biblical
6288180	6293620	narrative, right? I know that that faction exists, this angelic faction, and that they're in the
6293620	6302620	game. They're major players in the game here. But also, being a eager ufologist for all these years,
6302780	6309000	I know that gray aliens exist. And I know I say that definitively, but I think the evidence is
6310820	6313360	and the reason why I say the evidence is overwhelming,
6313560	6316560	primarily it's not because of the whistleblowers
6316560	6318180	and all of the crash retrieval stuff,
6318680	6320840	Leonard Stringfield, all the stuff he compiled,
6321040	6322280	although all of that is compelling.
6322680	6326140	What pushes me over the edge is alien abduction.
6326300	6328400	That's what pushes me over the edge
6328400	6329400	in regard to gray aliens.
6329720	6333660	So I have too many friends and associates
6333660	6337080	who've seen them and touched them
6337080	6338560	and have been taken by them.
6341040	6348680	so yeah the amount of people out there who have been taken uh have implants with you know the
6348680	6352900	implants of isotope ratios that don't occur on earth that's right roger lear was literally like
6352900	6359960	extracting them from bodies many and many and then andy andy captured one of the best you and i don't
6359960	6364640	know what you think about it but one of the best ufo videos i've ever seen oh i've never seen this
6364640	6365400	You haven't?
6365420	6365640	Yeah.
6365760	6367020	You have to have seen this one.
6367120	6367400	Maybe.
6367520	6368580	I think it was in, was it in Lebanon?
6369260	6370520	I can't remember the details.
6370640	6373960	And it's like, it looks like a craft and you can see grays inside of it.
6374200	6374960	Oh, yeah.
6375220	6379220	And I don't, people say that that's been debunked and other people say it hasn't been debunked.
6379400	6379760	But.
6380140	6381460	I didn't know that was his video.
6381680	6381920	Yeah.
6381980	6383080	Roger Lear captured that.
6383220	6383580	Wow.
6383860	6384500	Isn't that weird?
6384600	6385100	That's wild.
6385560	6387620	Here's the guy pulling implants out of people.
6387720	6387960	Yeah.
6388000	6388600	Captures that video.
6388860	6393220	So now whether or not that video has actually been debunked, I don't think so.
6394640	6396460	I think it's one of the most compelling videos I've ever seen.
6396520	6396840	Certainly.
6397280	6397720	Is it,
6397740	6398920	is it Lebanon or is it Turkey?
6399100	6399480	Or Turkey.
6399540	6399780	Turkey.
6399780	6399980	Yeah.
6399980	6400400	Somewhere in there.
6400700	6401620	Somewhere in that area.
6401700	6401840	Yeah.
6401840	6403020	I don't remember where it is.
6403040	6404000	They're looking over the ocean.
6404080	6404180	No,
6404200	6404960	it's an amazing video.
6405220	6405540	Yes.
6405640	6405920	And,
6405920	6406380	and I mean,
6406400	6409280	it looks like these big bulbous headed gray aliens in there.
6409540	6412660	And nobody's ever conclusively debunked it as with a lot of imagery.
6412760	6413000	Yes.
6413000	6415960	You have the negatives and nobody can conclusively say it's fake.
6415980	6416980	Long before the age of AI.
6417320	6417560	Yeah.
6417580	6417740	Yeah.
6417820	6417900	Yeah.
6417940	6419120	So I don't know,
6419140	6420820	but that's that Roger Lair was,
6420900	6421460	was awesome.
6422720	6423360	And yeah,
6425060	6431040	are so overlooked i mean it's like by the way this is oftentimes my conversation with some of
6431040	6435980	the congressional people i interact with like you want evidence yeah there's a lot of people
6435980	6441180	walking around with with exotic material technological material in their bodies yeah
6441180	6450740	and and i don't there's there's no question about it i mean uh this is the aspect of ufology where
6450740	6454840	where you can mine the most physical material evidence is the abduction stuff.
6455120	6455340	Yeah.
6455580	6456560	It's so strange.
6456660	6460840	You know, I interviewed Whitley Streber and you could say what you want about some of
6460840	6463340	his stories or his book or his writing background, whatever.
6464180	6469920	I felt an implant in his ear and I don't think he's putting it in his own ear or behind the
6469920	6470060	ear.
6470120	6470360	Yeah.
6470480	6471960	And all he's doing that for show.
6472060	6472320	Yeah.
6472380	6472840	It's right here.
6472880	6475040	It's at the top of his ear and it's so strange.
6475200	6479540	And then I just did a show with my buddy, Chris Ramsey runs this great podcast called
6480740	6491240	We had this guy come up on stage and he had an experience when he was a child and he has something very similar in his ear and he could put a magnet externally on it and it'll stick there.
6491340	6492240	It's so strange.
6492660	6497040	Most people who have implants, most of them are generally located somewhere in the head.
6497140	6498240	Although people have had them all over.
6498300	6500320	Roger Lear extracted implants from knees and whatever.
6500320	6507840	And, you know, my colleague and good friend, Elie Marsouli, worked with Lair and was there when they extracted some of these implants.
6508480	6512320	And he would describe to me how some of these implants were evasive.
6512880	6513200	Yeah.
6513280	6516180	They move and they're not rejected by the body.
6516300	6516480	Yeah.
6516500	6517580	They don't cause swelling.
6517740	6520420	They migrate around the body.
6520600	6525060	And many abductees have ejected them unintentionally from their nasal cavity.
6526160	6529400	You know, they'll have a bloody nose and they eject an implant.
6530320	6531120	A little BB will come out.
6531200	6532220	A little BB will come out.
6532260	6533560	And they're shaped variously.
6533560	6535820	Like some of them look like tiny little pills, oblong.
6535860	6536920	Some of them are round, whatever.
6538440	6543580	And I think Lyric concluded that they had some sort of nanotechnology in them.
6543820	6544100	Yep.
6544120	6545940	Some very, very sophisticated technology.
6546520	6549720	And it's like, that's physical evidence.
6550120	6551120	It is physical evidence.
6551200	6551780	That's physical evidence.
6551900	6553120	And not only that.
6553540	6555620	And I know we're diving into alien abduction here.
6555640	6556280	But not only that.
6556340	6559960	Because let me, before I dive into alien abduction, let me just wrap up what I say real quick.
6560320	6564700	I said that the angelic stuff doesn't account for the totality of the phenomenon.
6564900	6565140	Yeah.
6565800	6567860	Because, you know, I look at the gray alien faction.
6568060	6570380	Again, I'm very, very persuaded that that faction is real.
6571240	6578180	And you have the little grays, you know, people thinker, automatons of some kind, maybe artificial intelligence or something.
6579000	6583280	I like to think of them as cybernetic clones, cybernetic clones.
6584280	6588860	And they're, to me, from my perspective, they seem to be clearly created by the insectolines.
6590320	6594940	Jacob describes as insectal and fermented beings. In my estimation, that's the biological species,
6595200	6599340	the organic species, and they're making the little greys. And there's not just little greys. I mean,
6599380	6603920	there's big greys too, I mean, from, you know, from ufological lore at least.
6605240	6608600	But the little ones are the ones that come to retrieve the abductees. So that's a faction.
6609560	6615300	And so when I say these things and I talk about angelic beings, people conflate the two. Like
6615300	6619440	they think I'm saying that the greys are the angelic beings. I am not. I just want to make
6620320	6621140	I think the greys are.
6621440	6623080	So I don't know.
6623220	6623460	Yeah.
6623560	6626840	I have no idea where grey aliens are, or where they come from.
6626880	6627020	Yeah.
6627140	6628560	Are they crypto-terrestrial?
6629000	6629500	Are they...
6629500	6633740	By the way, you mentioned something really interesting, the antediluvian hypothesis that
6633740	6639480	maybe some people from like an Atlantean civilization escaped and maybe went off planet or under
6639480	6643680	the earth, and then now they have this advanced technology that they developed a long time
6643680	6645480	ago, and they're still here, right?
6645580	6646800	I love that idea.
6646840	6647780	I don't know if it's true.
6647960	6648200	Yeah.
6648260	6649560	But I think I find it intriguing.
6649700	6650180	I think so.
6650320	6655500	intriguing. Now, one thing I think we can say about the grays definitively is that wherever
6655500	6662100	they come from, they have bases here now. So let's say there was a forward operation of grays that
6662100	6667480	came years ago. Well, they established bases a long time ago, just like we would. If we were
6667480	6672860	coming, by the way, for a hostile purpose, we would come and we would establish a forward
6672860	6680820	forward operating base and in anticipation for more of us coming later, right? And so those
6680820	6686200	forward operating bases would be established in the areas that human beings would least
6686200	6691400	look for them or be able to discover them, which would be at the bottom of our oceans,
6692120	6698740	under the ground, underground bases. And certainly at this point in time, I would say that it's
6698740	6704900	it's much more uh it's much more likely to be true than not let's put it in very generous terms
6704900	6711080	that these bases exist specifically the grays and maybe maybe there's mobile bases you know
6711080	6716300	the 4chan stuff that i've seen of mobile destruction units that's right and they're
6716300	6721860	creating these craft to spec which i think is again wildly intriguing yeah yeah yeah because
6721860	6727140	it seems to comport to a lot of the data then the other stuff about how the grays excrete
6728740	6733160	excrete waste out of their skin. They smell like ammonia and sulfur. That's why people say,
6733220	6737260	and you know, people sometimes, Christians say, well, they smell like sulfur, so therefore they're
6737260	6745000	from hell. It's like, whoa, whoa. They smell like ammonia and sulfur, which is like urine coming out
6745000	6748840	of your skin. That's what that would smell like, right? If you're excreting your waste through
6748840	6753440	your skin, you would expect it to smell like ammonia. And then like that sulfuric smell,
6753640	6758340	I could imagine that if you're dealing with beings that are excreting waste through their skin,
6758740	6764000	have sexual organs. Um, they don't appear to have tongues or, or they might have palates in their
6764000	6768840	mouth, but they don't appear to have teeth. Um, their organs appear to be different from ours.
6769240	6778260	Um, but they are clearly physical beings because they, they crash and die. And, you know, I've got
6778260	6785860	a friend who, um, I've got a friend who, uh, is an abductee and, and she actually, in one of her
6785860	6789960	her experiences, she actually grabbed one by the neck and squeezed it before she passed out
6789960	6794720	in one of her abduction episodes. And she said it felt leathery, like a snake, like the skin of a
6794720	6801880	snake, cold, clammy, leathery. And so the popular idea today is that some people don't think that
6801880	6806680	these are actually sentient beings, that they're just sort of meat suits either for artificial
6807300	6811120	intelligence or in the Christian community, it's very popular to say they're meat suits for demon,
6811120	6818200	demonic spirits um i don't subscribe to that theory myself but i think as i said i would
6818200	6823080	describe them as cybernetic clones the reason why i would describe them that way i know we're like
6823080	6827260	diving into great i don't know if you want to i love it yeah of course but the reason why i would
6827260	6834400	describe them that way is because they do appear to have according to abductees they do appear to
6834400	6840540	have personalities vague personalities but personalities nonetheless why do i say that
6841120	6848840	Because in the abduction material, you find abductees who can recognize the grays or they can perceive their age.
6848880	6852640	Like this one's older, this one's female, that one's male, even though they don't have sexual organs.
6853800	6862360	There's sort of a personality that they're picking up on, even though the grays are very robotic and dispassionate, stoic.
6862360	6868720	Do you have any sense, because I know you've looked at David Jacobs, Carla Turner, John Mack, all these amazing-
6868720	6880840	Bud Hopkins, who's really kind of the greatest compiler of all this stuff. Do you come out of looking at that research with any sort of idea as to the intentions of these beings?
6880980	6881180	Yes.
6881180	6881620	Or you do?
6881620	6906960	Yes, I think that. So, um, Bud Hopkins was just sort of documenting the phenomenon, you know, as an objective observer, maybe subjective sometimes he did get very, very enraptured in the lives of the abductees. Um, but brilliant, brilliant researcher. I'm going to, I'm going to separate out John Mack, quite tons of respect for love John Mack, but John Mack was much more, uh, psychologically involved in the phenomenon.
6906960	6911980	and on like, you know, kind of just sort of trying to parse it from a psychological aspect.
6912200	6914220	He was on the fence about it being physical.
6915700	6918740	But nevertheless, he laid a lot of groundwork.
6918900	6921320	And him and Bud, some of the, I don't know if you can still find these.
6921380	6926600	Have you ever seen the interactions, the dialogues between Bud Hopkins and John Mack?
6926680	6927320	I don't think I have.
6927520	6928340	Yeah, really fascinating.
6928380	6929100	I know they were childhood friends.
6929100	6930880	Both men were just complete gentlemen.
6931100	6931320	Yeah.
6931580	6934320	Both of them were extremely intelligent guys.
6934900	6936060	Both of them very objective.
6937240	6938420	So they're never arguing.
6938440	6939340	They're just having dialogue.
6939620	6945360	And it was some awesome UFO content that's not seen very often anymore.
6945540	6947000	You can probably still find it on YouTube.
6947340	6949220	I have a ton of respect for both those guys.
6949320	6963120	So Bud Hopkins was kind of documenting the physical reality of the abduction experience, missing time, the table procedures, all that kind of stuff.
6964320	6974720	Then enter Carla Turner, who was herself a student of Bud Hopkins from a farce, and Barbara Bartholick, who she interacted with, another great abduction researcher.
6975800	6980140	And what made Turner unique was that she was an abductee and her family.
6980180	6987220	So now she is writing from the perspective of being an abductee.
6987820	6993020	And her family was subjected to both alien abduction and MILAPS, military abduction.
6994320	6995900	Carla Turner stuff is so fascinating.
6996240	6997600	I love Carla Turner.
6997800	6999500	She died, obviously, very aggressive cancer.
6999920	7002620	I believe Hopkins died of cancer too, if I'm not mistaken.
7003860	7007560	Barbara Bartholick, if I recall, died in a car accident.
7008660	7009920	John Mack was hit by a car.
7009920	7011240	John Mack was hit by a car.
7011280	7016600	And if I recall, another guy named John Mack was hit by a car on the same day, right, in England or something like that.
7016700	7017780	Very strange circumstances.
7018060	7018280	Weird.
7018520	7021200	And then, you know, David Jacobs is still alive.
7021460	7021620	Yeah.
7021680	7022700	I think he has dementia.
7023060	7023460	I think so.
7023580	7023740	Yeah.
7024620	7027840	And so Carla Turner was...
7027840	7031760	What's the lesson here is don't study alien abductions or something?
7032000	7032840	Yeah. You know, think about that.
7032900	7033160	Yeah, yeah.
7033460	7039200	I mean, Turner said that she would say that she would be in her book.
7039300	7042080	She wrote the book Taken.
7042500	7045500	She wrote the book Into the Fringe, which was a story about her family.
7046060	7048100	And then, of course, Masquerade of Angels,
7048300	7050600	which documents the story of Ted Rice, who's still alive.
7051840	7060940	And Turner was so fascinating because she was so, so unflinchingly objective.
7061400	7067440	Even though her life was being affected by this, she would say, we don't know where they're from.
7067700	7070200	And we cannot believe anything they tell us.
7070580	7071740	Here's what we know.
7071900	7074780	We know they take us against our will.
7074920	7077840	We know that they force us to carry babies.
7078500	7092620	We know that they take sperm and eggs. We know that they subject us to all kinds of invasive procedures. So she was very, very, she was not like trying to put her own spin on it, which I really appreciated about Carla.
7092620	7099840	We really lost an amazing researcher in Carla Turner when she died.
7100280	7105920	And all these new people coming to ufology, they don't read Turner.
7106140	7107000	They don't read Hopkins.
7108180	7119380	But what I was going to say about Turner was she really highlighted a couple of things, the capabilities of these beings.
7119380	7140860	She referred to something she described as virtual reality scenarios, VRSs, that these beings were in possession of technology that allowed them to fabricate virtual reality experiences so that an abductee can be seeing and hearing things in this complete virtual environment.
7141120	7144320	And you could have other people around them and they're not seeing the same thing.
7144480	7147520	So it's like a hijacking of human perception.
7149980	7161660	Yes. So they have the ability to hijack, I think, both through telepathic powers and through technology, the implants and external technology that's directed toward the abductee.
7161740	7179200	So Turner's first like the first thing she would stress or one of the main things in her books and in her lectures was you cannot believe these beings. You can't. You can't believe anything they're showing you. You can't even trust your own experiences when you're with them.
7179380	7184360	because they control your perception 100%.
7184360	7186660	You are under their control.
7186940	7189280	That's one of the main things she would stress.
7189520	7193000	I think that's a very healthy starting point as to how to think about all this stuff.
7193000	7195020	It is a very healthy starting point.
7195220	7198860	So all these people established, like with alien abduction,
7199020	7202140	John Mack and David Jacobs,
7202280	7205260	and all of this really culminates in David Jacobs.
7205400	7208360	Like David Jacobs, I feel like pulls all the pieces together,
7209040	7220660	together. From a very objective perspective, he, of course, was a tenured professor of history at
7220660	7226540	Temple University. So he was approaching it as a historian. And all of these people,
7227240	7234640	between them, they interviewed thousands of abductees, thousands. And some of it was
7234640	7239120	hypnotic regression and some of it was like with David Jacobs, he didn't practice hypnotic
7239120	7247840	regression. He just did what he called relaxation techniques. And so all of them would, one of the
7247840	7253860	things that you realize is that this phenomenon, alien abduction, their starting point, just like
7253860	7263300	you said, is deception. That's the starting point of this phenomenon, deception. The program is
7264800	7280380	The grays don't tell, they don't communicate to you what the program is about. And you throw in the virtual reality scenarios that they generate. And that's not to say that the abduction experience is virtual reality. No, it's 100% physical.
7280380	7284940	physical you're literally taken from the point of abduction and brought on to an alien vessel
7284940	7291220	subjected to all the procedures that are typical of the of the abduction episode but they have the
7291220	7298580	power to completely hijack hijack your perception and in addition to that they implant false memories
7300240	7305040	so they they implant screen memories so that the real memories have to be retrieved behind that
7305040	7309420	screen so when you're dealing with beings who can do those things
7310380	7315640	You can't trust anything that they say or that you think happened.
7315740	7316200	That's why.
7316700	7324080	It reminds me of like the jinn in Islam or like these sort of trickster supernatural beings that implant false, literally false memories.
7324200	7331060	And you think, like I think in the jinn's case, they would like change certain verses of the Quran or whatever.
7331240	7332760	And that was, you know, it's like.
7332960	7337020	Yeah, it's sort of a typical trickery that's associated with demons.
7337020	7348260	However, I love Jacques Vallée, but I would disagree that as it, and so did Dr. David Jacobs, by the way.
7348780	7352980	And I would guess Turner probably would have disagreed with this as well, although I don't know that for sure.
7353060	7353880	Jacobs definitely.
7355620	7364080	That the alien abduction phenomenon has anything to do with fairies and gnomes and sky people, I disagree.
7364260	7365360	I agree with Jacobs.
7367020	7370140	This is a completely different phenomenon.
7370980	7374640	Now, does that mean that there weren't saucers and technology?
7374940	7375140	No, no.
7375220	7380240	I think that sort of technology did exist in the antediluvian past.
7380460	7384940	I'm just saying there's a different faction in play right now, or at least another faction in play.
7385300	7387480	This specific faction, the gray aliens.
7388360	7393740	It's interesting because I remember I had, and I think I said this in my book,
7393740	7414020	I had personally come to the conclusion after consuming all of this abduction material from these excellent researchers, the old school guys and gals, I remember concluding that it appears to me that the abduction phenomenon must have begun somewhere around the mid to late 1800s.
7415120	7429520	That was my conclusion. And I remember, and I drew that conclusion based on the fact that it seems that this phenomenon, the recollections of this phenomenon only go back to the mid 1800s, early 1900s.
7429520	7431900	and I remember
7431900	7433340	I was at the gym
7433340	7434520	working out
7434520	7437700	with my headphones on
7437700	7439120	listening to David Jacobs
7439120	7440680	listen to one of his lectures
7440680	7441860	and he said
7441860	7442900	in his lecture
7442900	7444500	that he and Bud Hopkins
7444500	7446720	because they were colleagues
7446720	7448380	and did a lot of work together
7448380	7449700	that he and Bud Hopkins
7449700	7450480	had concluded
7451160	7453500	that the abduction phenomenon
7453500	7456540	began in the mid to late 1800s
7456540	7459020	and that it is not older than that
7459720	7461680	and I was just astounded.
7461700	7465260	Like, that's precisely what I thought,
7466240	7468060	and I still think that to this day.
7468420	7470500	I believe that the abduction phenomenon began,
7471160	7472280	let's call it the turn of the century,
7472440	7475960	maybe late 1800s, early 19th century,
7476120	7478900	and this is in a very interesting period of time
7480140	7482200	because what most people don't realize
7482200	7484660	about the turn of the century, the 19th century,
7485800	7488660	is that there is a corresponding phenomenon happening
7489520	7491940	around the world, especially in the United States and in the West, generally speaking,
7492860	7495780	it was the phenomenon of spiritualism.
7497680	7504440	I was, when I wrote my book, Birthright, I was resourcing articles from the late 1800s,
7504440	7506980	early 1900s, all about this.
7507120	7512420	I mean, some of these are all about this phenomenon of spiritualism, this wave of spiritualism.
7513340	7517920	And some of these articles said, one of these articles in particular said that it was as
7519520	7524640	at the height of this thing, for an American to get up on a Sunday morning and go to a seance
7525360	7531660	as it was to go to church. And so when I say spiritualism, I'm talking about basically what
7531660	7539280	the Bible describes as divination. It's the seances. These are all kinds of psychic
7542220	7544840	acquiring of a medium. Yeah, mediumship.
7544840	7551260	it was happening in the white house um it was it was extremely common this was when you had the
7551260	7556620	yeah go for it go ahead i was just gonna say it'd be a parapsychology started then the society for
7556620	7563560	psychical research in the uk started then you had william james and uh those sisters what were their
7563560	7568100	names if they can make tables levitate and stuff like that i forget to sit those sisters and and
7568100	7573420	you have and then of course you had uh theosophy um as well bingo right in the middle of it salons
7574840	7583380	With all this occult history and this alternative history involving root races and Hyperboreans and Atlanteans and that sort of thing.
7583480	7584460	Right in the middle of it.
7584500	7586640	The Theosophical Society is established.
7587000	7587460	Exactly.
7588140	7589780	With Helena Blavatsky.
7590180	7599920	And so you have this spiritualism rampant in the West, the United States and Europe.
7600780	7605720	And then suddenly, at the same time, you have the mystery airship phenomenon.
7607760	7611260	Literally, same time, these things coalesce.
7611260	7611820	That's fascinating.
7612040	7615640	The movement of spiritualism and the airship phenomenon.
7615640	7634640	Now, I would say a good portion, I remember talking to Richard Dolan about this, that a good portion of the mystery airship phenomenon is just hyperbolic, is newspapers, periodicals at the time, just trying to one-up each other, right, with sensational stories.
7634640	7655500	So even considering that much of it was that, you still have incidents nestled inside of this mystery airship phenomenon that are very credible, witnessed by many, many people, and that correspond to the modern UFO phenomenon.
7655500	7662360	phenomenon. Silvery objects flying in the sky. I think a lot of the propellers and the balloons
7662360	7667040	and all that kind of stuff that people say they saw in the mystery airships was confabulation.
7667880	7671200	Remember, nobody's flying yet. Nobody's flying yet.
7671260	7671980	It's pre-Wright Brothers.
7672260	7676720	But you know what you have out there? Jules Verne. So you have the steampunk stuff
7676720	7681620	in the minds of the observers. And so I think in many of these cases, nobody can understand,
7681620	7687020	Like you take a piece of metal and throw it up in the sky and you can't envision how this thing can just stay up there, right?
7687060	7687880	It falls to the ground.
7688160	7690800	So see that little shiny thing way up there?
7690860	7691780	It must have balloons.
7692060	7693240	It must have propellers.
7693300	7700740	I think a lot of people confabulated, you know, they sort of overlaid the steampunk stuff.
7700740	7701860	Just like chariots in the Bible.
7701860	7702580	Just like chariots.
7703040	7703600	Precisely right.
7703600	7723680	But I think that when you distill the credible real sightings and you take all the cream off the top of all of the hyperbole and sensationalism, you're left with a phenomenon that is very much like what we have today.
7723680	7733400	Very much like what we have today in terms of the metallic objects, the saucer, the cigar-shaped craft, you know, darting around in the sky, moving at impossible speeds.
7735460	7745060	And this corresponds with the, so you have spiritualism, mystery airship, alien abduction, coalescing at the same time.
7745060	7748580	and this gets us into some very bizarre territory
7748580	7750320	because I think that
7752440	7753820	this gets a little theological
7753820	7756040	but I think that to some extent
7757420	7759860	we invited the phenomenon
7759860	7761720	not the totality of it
7761720	7763060	I'm just talking about a sliver
7763060	7764140	the gray alien faction
7764140	7767160	and this is what people get confused with
7767160	7768100	when I'm talking
7768100	7769440	they sort of jumble everything I'm saying
7769440	7772020	and not you but a lot of people in my audience
7772740	7774240	so I've separated out
7775060	7781360	the angelic faction, okay? That were here long before we were, right? They were here long before
7781360	7791460	we were. So they've been flying around here forever. I mean, since before human beings were
7791460	7797400	even created, biblically speaking. That faction is out here. We've already thrown them out into
7797400	7802320	the ether. Now we're narrowing down on this other one called gray aliens, which I would say is a
7802320	7807540	separate faction, a separate thing. Now, people from my community, Christians,
7808860	7812680	there's some very interesting ideas out there. Some people think that the gray aliens were
7812680	7820200	manufactured by that group. I don't know. I mean, I don't know. I guess anything's possible. Some
7820200	7825480	people think that the gray aliens are meat suits for demons. There's all kinds of ideas floating
7825480	7830580	around there, right? Some people think the gray aliens, that faction, are the watchers, whatever.
7832320	7835860	What I'm trying to do here is I took the sons of God.
7836060	7837400	I've separated them out.
7837500	7838700	Now we're focused on gray aliens.
7838840	7840640	I think that the gray aliens arrived.
7841760	7843420	I don't believe they're from here.
7843520	7844980	I think they came here.
7845320	7845820	Okay.
7846220	7848080	They arrived to the earth.
7848920	7852920	Maybe there were some forward groups that were here just sort of preparing.
7852920	7869220	But the abduction phenomenon began, as far as I can tell, and in accord with Hopkins and Jacobs, the abduction phenomenon began in the mid to late 1800s.
7869500	7876400	And I think that it had something to do, the Gray's arrival had something to do with the phenomenon of spiritualism.
7876500	7878580	There's a coalescing of these two things happening.
7878580	7883580	And maybe we were broadcasting something.
7883980	7887380	Maybe we were, again, theologically speaking,
7887660	7890680	maybe we were permitting something to happen
7890680	7891720	through divination.
7893180	7894660	Just speculating here.
7894780	7896600	But I don't think it's coincidental
7896600	7897820	that these two things dovetail.
7898000	7899980	No, and it's really interesting,
7900120	7904320	you hear about this Magenta crash, 1933 in Italy,
7904580	7908240	and it's being spoken about in very official circles.
7908580	7910580	This is what David Grush came out with talking about.
7910620	7915440	He wasn't talking about, you know, Roswell or any of the kind of proverbial archetypal American crashes.
7915820	7922740	And then I interviewed this guy, Harold Malmgren, who is this, you know, advisor to JFK, LBJ, Nixon and Ford.
7923480	7936040	And he's talking about how James Jesus Angleton, who's this longtime CIA counterintel guy who discusses UFOs a lot and is probably responsible for the MJ-12 docks getting leaked.
7936040	7963360	And it, you know, makes you think that maybe part of that's passage material trying to catch Soviet spies at the time, because that was what he was obsessed with. But he was stationed in Magenta, Italy with his father, Hugh Angleton. And Malmgren is 89 when I'm interviewing him. And he is just obsessing over this idea that the Knights of Malta have something to do with this crash. And, you know, they're obviously this military arm of the Vatican.
7963400	7963700	Yeah.
7963780	7965400	But they also have kind of, you know.
7966040	7972500	vatican yeah exactly and they have uh esoteric roots you know they're they're really the um
7972500	7978920	heirs to the hospitaliers which are the kind of medic armed to the templars and then you hear
7978920	7985160	things like the cosmo club you know had to do with ufo crash this is this like elite like dc society
7985160	7991160	which was doing kind of occult stuff and this guy dark journalist talks a lot about this stuff but
7991160	7995960	but I've heard it in circles, in UFO whistleblower circles as well.
7996180	7998400	And so there is something here.
7998480	8000440	I think we're looking at the remnants of the mystery schools.
8000500	8001140	Yeah, okay.
8001440	8001920	Yeah.
8001980	8005200	And so the mystery schools are, to the average person.
8005280	8009840	So the mystery schools are secret bodies, secret fraternities,
8010700	8017300	whose objective it is to preserve and recover knowledge from the antediluvian world.
8017620	8020440	The knowledge that was given to mankind by the gods.
8021160	8022980	That's the objective of the mystery school is.
8024500	8027440	And that's why they go back to at least the Phoenicians.
8027460	8035040	You know, the Freemasons, they trace their origins back to, well, really back to Tubalcain and Cain, the first builders of cities.
8035200	8042320	But even more specifically, one of their primary figureheads is Hiram Abiff, right?
8042400	8049300	We referenced him earlier, who was the great artificer of the Phoenicians at the time.
8052760	8053800	and Parthenetian.
8053940	8055740	And so these mystery schools,
8055960	8058240	the information that they keep,
8058420	8059280	that they preserve,
8060320	8062200	on the surface, it looks metaphysical.
8063200	8065100	On the surface, it looks mythic,
8066320	8067980	like the Freemasons, right?
8068100	8071520	All of their, when you see,
8071660	8073260	there's a video leaked recently
8073260	8075360	of a Freemasonic rite,
8075980	8077700	and it just looks like a bunch of adults
8077700	8079160	playing dress up, right?
8081160	8082860	It is at this point in time.
8082880	8086900	That's primarily what the Freemasonic Lodges are.
8087080	8090460	It's a good old boys club where they dress up and act out things they don't understand.
8090920	8097100	But the play acting is a mode of preservation of knowledge.
8097520	8104740	So the mystery schools preserve knowledge in their rites and in their various mythologies.
8104980	8107080	In fact, that's what mythologies do.
8107080	8112980	do. If you were to talk to the ancient sages, for example, and this becomes apparent when you read
8112980	8117340	material that's available from some of these ancient sages from Egypt and from
8118100	8129080	Mesopotamia and so forth, the myth is a capsule. It is designed to encase, to preserve,
8129080	8149600	Like a pill. It's designed to preserve and to transmit through time functional information, knowledge. Not metaphysical for the most part, but knowledge that pertains to what we would call the sciences today.
8149600	8157800	And many of the myths pertain directly to astrology and actually more accurately astronomy.
8158420	8161000	So many of the myths are astronomical.
8161240	8164240	The information that's encoded is astronomical.
8164600	8172340	And a lot of it pertains to what we call today the Zodiac, precession of the equinoxes and cyclic cataclysm.
8173060	8176180	And these are things that were very important to the ancients.
8176180	8184180	But in addition to that, there's information and knowledge that has been preserved from the antediluvian world.
8184800	8201400	And without digressing into the whole history of some of these myths like the Osiris myth, they illustrate that the knowledge that's being preserved is from the antediluvian world.
8203540	8212240	And by way of illustration, Osiris, according to legend, was the myth of Osiris.
8213080	8216100	You'll recall that he died and his body was divided up.
8217200	8218740	I can't remember how many pieces.
8218900	8220700	That's a very important part of the story.
8220780	8221760	I think it was 13 pieces.
8222560	8229220	But that story begins by his twin brother Set, who's like the evil version of him, builds this coffin.
8229760	8247580	He has this coffin built because Set wants to usurp Osiris' throne, get rid of him. And Osiris is, of course, married to his sister wife, Isis. And so Set has this sumptuous coffin built, and he throws a party.
8247580	8253340	and he says in the party, I've got this challenge. I've got this beautiful coffin
8253340	8260260	and whoever fits into it the best, most perfectly gets to keep it, right? But he already made the
8260260	8266420	proportions to fit his brother Osiris perfectly. So when Osiris gets into the coffin,
8267580	8276540	Set has him sealed inside, okay? First idea here. Osiris, a god from Zeptepe, the antediluvian
8277580	8286200	inside of a coffin. Then Set has the coffin thrown into the Nile. So here's Osiris inside
8286200	8290120	of the coffin, who's obviously going to die. He's thrown into the Nile in the coffin,
8290220	8295560	and the coffin floats on the Nile. So what we have essentially here is an ark
8296400	8302380	floating on the water with a body of knowledge inside of it from the antediluvian world, right?
8302380	8305540	Right? Osiris represents that body of knowledge.
8306360	8312120	And it's floating on the water, comes out of the mouth of the Nile.
8312780	8314120	Guess where it makes its way to?
8316500	8318480	Byblos, which is a Phoenician city.
8319380	8320580	It goes to Byblos.
8321220	8328540	It gets beached on the shore, and it gets entangled in the roots of the branches of an acacia tree.
8329820	8335160	Acacia trees are very important in the, a very important symbol in, in the mystery schools and in Freemasonry.
8335220	8341860	It gets encased in this acacia tree and so much so that, that you can't see it anymore.
8342020	8343100	It just becomes part of the trunk.
8345280	8349280	Now, Isis decides to go on the quest to try and find her husband's body.
8349900	8352800	So she's going through the lands looking for her husband's body.
8353160	8356100	Isis represents the objective of the mystery school.
8357540	8358500	Isis embodies
8359020	8360420	the adepts of the mysteries
8360420	8362720	her job is to go and find and recover
8362720	8364680	the body of Osiris looking for the
8364680	8366720	hermetic knowledge for the lost knowledge
8366720	8369000	so she goes
8369000	8370780	and she finally makes her way to Byblos
8370780	8372420	and the king of that land
8373680	8374980	Melikandor I think was his name
8374980	8375780	it just occurred to me
8377260	8378880	had taken that
8378880	8380740	tree he was he saw that tree
8380740	8382520	and he thought it was beautiful and he had it cut down
8382520	8384880	he had taken it and incorporated it into
8387160	8392100	pillar. Well, that's interesting. That's conveying that some of the knowledge is incorporated into
8392100	8401720	the architecture of some of these palaces and temples and so forth, right? The geometry now
8401720	8406840	is part of the symbolism and some of the messaging. Because remember, inside of that
8406840	8414720	pillar is the coffin containing the body of Osiris. So Isis looks for, she gets to
8416100	8423500	husband's body, and she's able to divine that the body of Osiris is inside of the pillar. She has
8423500	8432540	it cut out, takes it back to Egypt. Where was the pre-flood knowledge condensed? Two places,
8433780	8438820	among the Phoenicians and among the ancient Egyptians. So the knowledge goes to the
8438820	8443840	Phoenicians after the flood, and then from the Phoenicians to the Egyptians, right? You're
8443840	8452280	tracing the idea here through the story. So ISIS has the body of Osiris, but Set gets a hold of it
8452280	8456960	again. But this time he wants to make sure it's not found again. So he chops it up. I think in
8456960	8462120	13 pieces. That's a detail I should know. I'm pretty sure it's 13, maybe 14. I want to say 14
8462120	8467800	pieces. I don't remember. We forgive you. Yeah. You'll forgive me for that. But it's chopped.
8467940	8471320	The number is important. I just can't recall. Like I told you, I'm really bad with numbers.
8471320	8473320	So the body's been chopped up.
8473320	8475000	You're not bad with general memory.
8475680	8481840	It's chopped up into pieces, and those pieces are distributed all over the place because Set wants to make sure this is never found again.
8482660	8488820	He takes the phallus, you know, chops off his phallus, and it's thrown into the Nile.
8488900	8492380	And either some stories say it's swallowed by a croc, others say a big fish.
8492680	8494720	So the phallus is like gone, right?
8495500	8497880	And so Isis, what does she do?
8497880	8502620	she embarks on another mission to recover the various pieces of this knowledge that had been
8502620	8509280	scattered abroad. And she starts to recover the body of Osiris, which represents the body of
8509280	8513840	antediluvian knowledge, a knowledge that was given to mankind by the gods. She begins to assemble it,
8514520	8521920	but she can't find the final piece, which is the phallus, because it was eaten. So what does she
8521920	8530680	She fabricates one. She makes an artificial phallus so that she can copulate with Osiris.
8532260	8536400	She resurrects him. She puts all the pieces together. She resurrects him momentarily
8536400	8542200	with the artificial phallus. She copulates with him and becomes impregnated by him.
8542400	8548620	So that now she's conceiving the offspring of Osiris, which is Osiris who's going to be reborn.
8548620	8556940	and that child is named Horus. And so this story communicates the objective,
8557880	8563220	the modus operandi of the mystery school. It is to recover the lost knowledge of the gods,
8563480	8572280	reassemble it, and resurrect their empire. Literally bring them back. And that may sound
8572280	8577280	crazy and spooky and metaphysical to everybody, but I'm telling you that's what they want to do.
8578620	8581980	that one of the primary objectives in order to do this is to go to Mars
8581980	8584280	and recover some of the knowledge there.
8584280	8588180	They want to bring the gods back, and they actually believe that the gods are real.
8588500	8592480	What's so interesting is this guy Neil McCaslin, do you know that name?
8593260	8593660	Vaguely.
8593660	8596940	He's trending on Twitter right now, and I don't know when this comes out,
8596980	8601840	but hopefully he's found by the time this comes out because this is a guy who's a general.
8602040	8602820	He went missing, yeah.
8602820	8613600	Yeah. Right, Pat. Yeah. And I believe ran the lab that essentially, you know, foreign material exploitation ended up with the Roswell pieces, if you believe the lore.
8613960	8627880	And he was Tom DeLonge's source for a lot of his sort of stuff with secret machines and to the Stars Academy was known as this very kind of wise guy who literally I mean, he was AFRL like ran Air Force acquisition.
8627880	8654520	So like in conventional circles is like an impressive guy. And apparently he would talk a lot about Greek mythology. And so you have to, and then you hear things like Diana Pasulka, who talks to this NASA mission controller, Tim Taylor, and she talks about people in the quote unquote secret space program or even conventional space program, rocketry, you know, paying homage to the sponsors with second century Latin.
8654520	8657920	And then you look at all the names of all of the missions in NASA.
8658160	8661680	Well, the place, all of the locales that they land their stuff on.
8661780	8661980	Yeah.
8662000	8669060	All, it's all, um, from the, the, the, the pantheon of, of, of the Greeks and, and the
8669060	8671260	ancient Egyptians and the Mesopotamians.
8671400	8671640	Yeah.
8671700	8672500	It's fascinating.
8672620	8679000	It's almost as if they sort of secretly, they secretly believe that those sort of little
8679000	8683780	G gods or the, like, you know, the Greek gods or, you know, whatever, whatever your tradition
8684520	8692040	like the, you know, fallen angels are like more vital in some sense than the big G God or something.
8692040	8694600	And they're sort of like, you know, communing with them.
8694700	8695760	That's where all of this is headed.
8695820	8698780	I believe that's what I write in Birthright is the culmination of this.
8699120	8700500	We were talking about this off camera.
8700640	8704840	So what we're headed for here is the formulation of a new religion.
8705820	8707600	And I've been saying this since 2020.
8708320	8710440	We are headed for the formulation of a new religion.
8710440	8725820	See, everybody thought that the neo-atheism that was on the rise back in the 20-teens was kind of just going to sweep over the Western world and basically eradicate religion.
8726360	8728220	And actually, the opposite is happening now.
8728280	8729340	People are becoming more religious.
8729640	8729920	Yep.
8730020	8739640	And, you know, there's a lot of people who are becoming Christians now, but then also a lot of people who are just adopting other kinds of or becoming spiritual, generally speaking.
8740440	8746060	And then you have also now a religion of technology that the elites are obsessed with, right?
8746140	8753120	The Silicon Valley religion that, you know, I think it was Ray Kurzweil when they asked him, do you believe in God?
8753600	8754360	Not yet.
8754600	8758820	In other words, we're going to create God, artificial intelligence.
8759040	8761100	This is a religion of the technology.
8761140	8766240	And you have Noah Yuval Harari writing that Homo Deus, that's like, that's our next incarnation.
8766240	8769460	It's like when man becomes like God or something.
8770440	8776980	100 to, what does he say, 100 to 120 years from now, there will be no more human beings left on planet Earth.
8777040	8780860	And what he means is that the human species is going to evolve.
8781660	8783480	This is directed evolution, right?
8783760	8789060	So we're going to direct the evolutionary ascent of our species using technology.
8789520	8791440	This is the first time we've ever been able to do this.
8791440	8809180	We are now building the tools that are going to give us the capability to modify the human biology wholesale and integrate cybernetics, artificial intelligence, and then also something most people don't realize is coming is the genetic revolution.
8810360	8816560	Artificial wombs, designer babies, all coming along with robotics, advanced robotics, and everything else.
8817160	8818960	Some of it's here, right?
8819020	8820920	Artificial womb technology, I think, is here.
8822040	8833360	Some of these things, there's a moral gray area that there's some legislating that has to be done and some of these barriers that have to be surmounted before this stuff hits the commercial market.
8833640	8837820	But the point is that what I see is a convergence of two things happening.
8838860	8846040	I see a new religion being formulated, and it's going to combine the convergence of these two ideas.
8846180	8849180	One is a very ancient idea.
8849840	8851160	This is at the core of the mystery schools.
8851440	8853080	It's called apotheosis.
8853560	8858620	And apotheosis is the deification of man, man becoming like the gods.
8858820	8860220	That's what apotheosis is.
8861060	8867640	The second component is theism, a belief in the gods.
8868640	8872500	So the religion of the future, in my estimation, is this.
8873460	8879800	The gods of old actually exist, and we shall become like them.
8881440	8882640	That is the religion of the future.
8882800	8883620	And what do I mean by the gods?
8884400	8888540	They're going to show up in UFOs.
8888560	8888840	Whoa.
8889120	8890060	The gods are coming.
8890620	8896440	And I think this is going to be a component of our going to Mars.
8896660	8897160	Uh-huh.
8898080	8901620	I think there's going to be a revelation of Mars that's going to happen in our lifetime.
8902080	8907740	What we talked about before, that there was, in fact, an ancient extraterrestrial civilization on Mars.
8907740	8913620	and that the gods of the ancients were actually extraterrestrial beings. Of course, the claim
8913620	8919120	will be also that Yahweh was one of these extraterrestrial beings. And then furthermore,
8919960	8924260	culminating, by the way, I'll remind you from my point of view, culminating in Armageddon.
8924480	8930680	So the idea is going to be, and this is, by the way, going full circle back to the beginning of
8930680	8936320	the story where Eve is being tempted by the serpent in Eden. And what does the serpent say
8937740	8945980	eat of this fruit, you will not surely die. You will become like the gods. So it's going full
8945980	8951540	circle back to the beginning. So you're going to have a scenario in which, again, in my estimation,
8951560	8958400	from my perspective, in which it becomes apparent that the gods of yore were these real extraterrestrial
8958400	8963960	beings. And the God of the Hebrews is one of those. And he happens to be the tyrant.
8965080	8972280	and so the gods are going to lead humanity into a kinetic war and it really it's post-humanity
8972280	8977460	i know this sounds crazy but i do build and i'm not i don't keep referencing birthright just to
8977460	8984260	to promote it but really i do build a a it sounds crazy but but you can build a logical
8984260	8990260	progression to this reality and part of this reality is what i call the post-human apocalypse
8990260	8996120	apocalypse. And what I mean by post-human apocalypse is precisely what Harari says,
8996300	9003260	that in the future, the majority of the populace on planet Earth will be post-human,
9003960	9008520	will no longer be homo sapien sapien. In other words, will no longer be the offspring of Adam
9008520	9017000	and Eve, biblically speaking. They're going to forfeit the body of Adam, so to speak,
9017000	9026820	and with it the birthright of Adam, which is dominion of the earth, in favor of this Faustian bargain, in favor of life extension, in favor of living forever.
9027360	9031240	And there's indications in the biblical text that this is, in fact, going to happen.
9031340	9038560	I mean, in the book of Revelation, you have a group of people who are, when everything is coming apart in the book of Revelation,
9039140	9045100	when basically the judgment of God is befalling on earth, you have a group of people who cannot die.
9047000	9050860	And who are calling for the rocks to fall on them and crush them because they can't die.
9051860	9052740	Very interesting.
9053120	9059320	I mean, you can imagine a scenario, maybe not that far down the road, in which we perfected nanotechnology.
9061080	9061960	We're upgrading.
9062160	9066780	Maybe, I don't know if this is possible, we're uploading our consciousness into artificial bodies.
9066900	9070060	Maybe nanotech bodies, maybe robotic, whatever.
9071360	9072820	Combination of all these technologies.
9072820	9086480	See, the culmination of these technologies, make no mistake about it, the culmination of the technologies is to redesign human biology.
9087760	9092040	It is to create Homo Deus.
9093560	9097900	It is to create, to build the Ubermensch.
9098880	9126520	It is, it is, it is, that's the Friedrich Nietzsche. That is the impulse of evolution. Friedrich Nietzsche, obviously the famed philosopher, Friedrich Nietzsche was a proponent of evolution, but he didn't like evolution by natural selection. Why? Because Darwinism, evolution by natural selection, has no purpose. Right?
9127820	9135160	blind. Nietzsche didn't believe evolution was blind. He believed that evolution had a purpose
9135160	9143640	and the purpose of evolution was to bring forth the ubermensch, the Superman, the superhuman
9144380	9151480	in the earth. That's what, I mean, it feels like post-World War II, eugenics just went underground
9151480	9157200	and you see, I don't know, all this stuff coming out with the Epstein files and it's weird, man.
9158860	9162140	It is enmeshed with the occult.
9162480	9164520	Yeah, it feels enmeshed with the occult.
9164520	9167200	It feels very transhumanist.
9167680	9170320	I think the transhumanism stuff can be tricky.
9170500	9176460	Like there are things like IVF, for example, or things that are like, you know, it's probably pretty positive.
9176560	9180180	You know, like modern medicine is good on the whole.
9180360	9180780	Gene therapy.
9181000	9182560	Gene therapy would be awesome.
9182640	9187700	Gene therapy, you're taking, so, you know, our genomes are, we have what's called,
9187900	9190280	a mutational load in our genome,
9190320	9192540	which means that we're copies of copies of copies of copies of copies.
9192820	9194120	And every time you make those copies,
9194200	9194580	you get,
9194580	9196160	you get errors in the code,
9196200	9196400	right?
9197060	9199920	Some geneticists believe we're headed for error catastrophe,
9200240	9200840	by the way,
9200880	9202100	which means we can't reproduce anymore.
9202760	9203200	That's,
9203200	9206120	that's a thing that's believed quietly by population geneticists,
9206120	9206580	by the way,
9206620	9209560	we're going to become reproductively inviolable,
9210600	9212080	enter artificial wombs.
9212440	9212880	So,
9213580	9213680	um,
9213680	9219120	Um, so the idea is that you get to a point where you're reproductively, reproductively
9219120	9225360	inviolable because your genome has broken down to such an extent that, that, uh, you're
9225360	9227300	dying, you're dying of all kinds.
9227380	9229400	We have tons and tons of genetic diseases.
9229880	9231660	Um, but I'm digressing into this.
9231720	9232100	I'm sorry.
9232200	9232560	I cut you off.
9232640	9237100	No, I mean, so that's, it's clear to me that all of that is happening.
9237100	9239640	and even the thought process of,
9239880	9244560	hey, this is healing versus this is extending our brains
9244560	9247840	and turning us into some post-human thing,
9247980	9249620	that thought process is not occurring
9249620	9251340	among elite circles or whatever.
9251460	9255380	It's this reflexive desire for self-deification,
9255800	9257960	for everlasting life, all that.
9258160	9258460	That's right.
9258500	9260860	And then you said something else very interesting.
9260960	9262800	You said that will coincide
9262800	9265420	with the gods themselves returning.
9267200	9274300	this theological element to this. So is in your prediction, because I think the prediction around
9274300	9281580	elites doing transhumanist self-deification, I think that's safe. The other prediction of
9281580	9287240	the return of these beings and UFOs, would you put a lot of weight in that? Do you believe that
9287240	9293240	that will happen in our lifetime? Oh, in our lifetime? Probably. Yeah. Yeah. I suspect,
9293240	9317540	And by the way, to complete my thought, which I rambled on, I was going to tell you, I was going to agree with you that there are certain technologies that I'm totally for. Gene therapy, the reason why I said that was because the human genome is so full of error and mutation that you have what we know to be the correct code here. And if somebody's got a mutated gene, it leads to cancer, it leads to all kinds of sickle cell anemia.
9317540	9324540	So if you go over here and you take that human gene, the right code, and you plug it in to the equation, it cures the disease, right?
9324760	9326080	So I'm all for that.
9326180	9327140	I just want to make that clear.
9327320	9328240	I'm not like a Luddite.
9328620	9332020	I think you could take gene therapy, human to human.
9332020	9347900	The problem is when you're starting to either grab code, snippets of code that aren't human, cross-species genetics, or you're creating new code and you're modifying the genome in ways that are not natural to the genome, that are not indigenous to the human genome.
9348080	9354280	So just to draw that line, that delineation as it pertains to these technologies.
9354660	9359760	But yeah, I believe that at some point, so here's what I see.
9359820	9360720	Of course, I could be completely wrong.
9360840	9361060	Okay.
9362020	9370940	rank speculation here. I think that we're headed for a disaster, a twofold disaster.
9372120	9383220	I think that we are headed for a natural cataclysm because we're due for one. The hour is now for
9383220	9388600	cataclysm based on the zodiac, and we can talk about that later based on the precession of the
9388600	9394340	the equinox and all of that, we are transitioning from one aeon into another. And when that happens,
9394420	9398180	that's called a suntelia, lasts for a thousand years. And within those thousand years,
9399460	9405400	cataclysm befalls like clockwork. Going back and referencing what we're talking about,
9405460	9411720	the priests of Sais explaining all of this to Solon of Athens. That's a component over here.
9411720	9437360	Cataclysm is coming. But in conjunction with the cataclysm is you have the activity of gray aliens, which we were mentioning before. The grays appear to be engineering a human-alien hybrid species that is indistinguishable from us, but is not us.
9437360	9444760	a species that for all intents and purposes looks just like us, but they retain the telepathic
9444760	9450560	capabilities of the grace. They can control us, in other words. And one of the most frightening
9450560	9455960	things about, one of the most alarming things about Jacob's final book, Walking Among Us,
9457880	9466280	is he documents the latest thing that the abductees were telling him
9466280	9473740	from their abduction episodes in that he called this personal project hybrids.
9474440	9475100	Are you familiar with that?
9475180	9475400	No.
9475400	9476240	The personal project hybrids.
9476300	9478720	So he described this as personal project hybrids
9478720	9481020	because the Grays have been trying to perfect a hybrid.
9481020	9485040	And this progression is evident in the, in the
9485040	9486840	abduction material, because in the beginning,
9486900	9489720	people were encountering abductees were encountering
9489720	9490780	hybrids that were very imperfect.
9491200	9492540	Their heads were too big.
9492640	9493220	Their hair was scraggly.
9493820	9494860	Their eyes were too big.
9494940	9497300	They kind of look human, but they look too much
9497300	9497940	like the grays.
9498040	9498740	They were too short.
9499900	9502720	Um, and as the years progressed, so did the
9502720	9505880	program and you were getting more refined hybrids
9505880	9509740	that looked more and more like us until, until the
9511160	9516260	lately, or at least when Jacobs published his book, was it 2016, somewhere around there,
9517620	9527560	he was reporting these advanced human-alien hybrids that he calls hubrids. And they're so
9527560	9531580	advanced that, as I said before, they're indistinguishable from us, but they retain
9531580	9537920	the telepathic capabilities of the grays, and they're completely loyal. Their allegiance is
9537920	9544620	to the grays, not to human beings. And so these advanced human-alien hybrids would be assigned,
9544940	9551180	according to Jacobs, would be assigned to certain female abductees. So you get these male hybrids,
9552180	9556320	they're assigned to female abductees. These, Jacobs called personal project hybrids,
9556360	9566980	because the female abductee, they would have to tutor the hybrid and teach them about life on
9567920	9571740	them how to do mundane things, how to go into a grocery store and buy groceries without looking
9571740	9578400	like a freak, how to just be out in public, how to drive a car, what a refrigerator is, what a TV is,
9578540	9584980	just the most basic things. And what's really frightening, I should use the word alarming,
9585300	9593500	what's really alarming is that these hubris, according to Jacobs, are psychopaths. These are
9593500	9604240	are like superhuman villains. They abuse these women sexually, but also verbally. They completely
9604240	9610220	manipulate and control them. They're very violent. They beat them in certain cases. These are really,
9610280	9619480	really evil people, these hybrids, according to the accounts from the abductees. They're very
9619480	9625260	very abusive, or at least some of them. And so it makes you wonder, like, what is the end game here?
9625480	9629960	Well, David Jacobs said that the end game of the abduction program was planetary acquisition
9630520	9636760	by stealth. So they integrate themselves into us. It's the opposite of the Borg from Star Trek,
9636840	9642200	right? In Star Trek, the Borg assimilate other factions into themselves. Well, the Greys
9642200	9648380	integrate themselves into our civilization, and it's a conquest by stealth.
9650020	9654880	And so I think that elements of the United States government are aware of this.
9655820	9668040	And I think, and certainly if you're referencing Carla Turner's work, one thing that Carla was always talking about was the fact that some of these abductees were being, would be abducted by gray aliens.
9668720	9672320	And then when they were returned to their homes, the military would show up.
9672380	9678220	And then they would endure a MILAB, a military abduction, which was oftentimes much more violent.
9679480	9688260	And the military, according to Turner, and her husband got abducted, by the way, Turner's husband, was abducted by elements of the military.
9688480	9692800	They think they were brought on to Air Force bases in some cases, sometimes underground bases.
9693640	9698500	And they were interviewed and interviewed is a nice way to say it.
9700120	9701460	They were, what's the word?
9702380	9702820	Interrogated.
9702860	9703300	Interrogated.
9703300	9703620	Thank you.
9703680	9709140	They were interrogated in regard to what was happening on the alien vessel.
9709640	9710960	what were the Greys doing?
9711100	9712680	They were trying to figure out what the Greys were doing.
9712780	9714420	And they were trying to use the abductees
9714420	9716620	to get insight into what the Greys were doing.
9717720	9720120	And because I think there's,
9720120	9721940	panic had ensued by that time.
9722020	9723080	I don't know what you think about this.
9723840	9725160	I personally am persuaded
9726320	9728480	that the Greada contract was real,
9728580	9729360	that it actually happened.
9729620	9731800	So this is this Eisenhower agreement
9731800	9735800	that essentially in exchange for,
9736000	9737740	you know, some tactical advantage,
9739480	9746720	warfare, whatever, we would let the aliens do sort of medical experiments across the
9746720	9747920	United States population.
9747980	9749720	To abduct our citizenry.
9750220	9756500	So I don't know, but I also, if you look at the data, it seems like abduction sort of
9756500	9758920	ramped up around that time, like mid-century.
9759320	9761600	So it's very interesting.
9761780	9762200	They did.
9762200	9774940	And this is what I think some of these researchers would have concluded, was that, yes, there was an increase in abductions.
9775620	9781020	And the abduction phenomenon is exponential because it's hereditary.
9782960	9788700	And you know Eisenhower's granddaughter is an abductee and is like all over this issue, which is really interesting.
9788740	9788960	Laura.
9788960	9789160	Laura, exactly.
9789160	9789420	Exactly.
9789560	9792940	So alien abduction is hereditary.
9794200	9800480	And so if your parents were abductees or one of your parents, then you're also an abductee.
9800480	9801120	It's hereditary.
9801200	9803160	I found no exception to that rule.
9803540	9805680	Now, the reason why I'm so-
9805680	9807100	It runs in families.
9807460	9809280	Yes, it's definitely hereditary.
9809480	9815860	So the reason why I'm so interested in this phenomenon is because I interact with a lot of abductees.
9815980	9818760	They come to me and they tell me their stories.
9819220	9839420	And of course, I'm always aware of the fact that you got screen memories in there, you got VRS scenarios and so forth. You sort of have to navigate, circumvent some of that. But basically, and they're coming to me all the time. I'll probably get another wave of them after this interview. And they're all telling the same story still.
9840040	9862080	Maybe there's some variation in there that I haven't picked up on, but from what I've seen, it's the same thing. They're being abducted and they're being integrated into this breeding program forcibly. The men are having the sperm taken, the women are having ova taken, and then there's some sort of an in vitro fertilization with some exotic component.
9862080	9867360	interponent, then that's reinserted into the woman's womb or an extra uteral womb, even if
9867360	9872780	the woman doesn't have a womb. She had a hysterectomy. Is that what it's called? They
9872780	9878720	take the womb out and then the grays create an artificial womb. And these women, they carry these
9878720	9884600	babies, these hybrid fetuses for about three months, right before they really start to show.
9884860	9889040	And then they're abducted and the fetuses are taken out and put in gestation tanks.
9889580	9891640	This is the ongoing procedure.
9891980	9893060	This is what's happening.
9893620	9894840	And it's still happening.
9895040	9898160	I know there's a narrative out there that alien abduction isn't happening anymore.
9899140	9900320	Not as far as I can tell.
9900420	9903680	I have a friend, by the way, who I've known him for years.
9904920	9909040	And I've always suspected that he and his kids were abductees.
9909680	9910860	Why do you suspect that?
9911020	9913300	Because of various experiences and dreams.
9914060	9914460	Dreams.
9914620	9915020	Sure.
9915140	9915920	Things like that.
9915920	9919340	things that were indicative of alien abduction.
9920260	9923740	And I never really, I think I've asked him in the past
9923740	9925800	if he thought he was an abductee, and he never thought he was.
9926360	9929660	But the other day, this last spring,
9931200	9934000	I was in my office working, and he happened to be at my house.
9934860	9937480	And he came in, and my office, and we're talking for a second.
9937540	9940620	And then he's walking out, and he stopped, and he turned around,
9940700	9943520	and he said, I forgot to tell you.
9944520	9945700	They came and got me.
9946860	9952900	whoa and i was like what do you mean who's they who came and got you he said the grays they came
9952900	9960560	and got me whoa and and then he walked up to me pulled up his sleeve he said look and he had the
9960560	9966720	typical that i don't know if you've ever seen this the delta yeah formation little dots the dots the
9966720	9971860	delta formation that a lot of abductees yeah yeah and it and it had been a couple of weeks and it
9972860	9977920	clearly there. He said, he said, I had this wild experience at night. He was like, I was sort of
9977920	9983500	out of it and all this weird stuff. And I woke up with that. And he's like, they came and got me.
9984480	9990140	And it was just like a punch in my face. Like, you know, I'm constantly being reminded that this
9990140	9993760	thing is real and it's ongoing. And we were talking about the implants earlier too. I think
9993760	10000460	all abductees are implanted by the way. And so anyway, so that's happening. And if, and if Jacobs
10000460	10005720	is correct, and I think he is, that the objective is planetary acquisition, that they're integrating
10005720	10011220	these human-alien hybrids indistinguishable from us into human society, right? What's the end game
10011220	10016940	there? Who knows? To direct civilization in a particular way, and elements of our government
10016940	10023640	know about it, then that is a clear and present danger. I mean, that is, it's like a sci-fi movie.
10023640	10033980	movie. It's like a scenario that's ultra red alert. The human species is being usurped from
10033980	10039460	within, right? And so why do I bring that up? Remember I talked about the natural catastrophe
10039460	10046040	that's coming, the cataclysm, cyclic. We're due. We're in a suntelia right now. And we can talk
10046040	10050860	about that more if you want later, how we know that, but we're in a suntelia. Cataclysm is going
10050860	10056200	to befall. Now that's a thousand year window. So we don't know when exactly, but we're within the
10056200	10061860	window. And then you have gray aliens doing what they're doing simultaneously. So what do I think
10061860	10068240	is going to happen? I think somebody is going to show up to deliver us. Interesting. From either
10068880	10076220	one of these or both of them. Whoa. And that that group will be received as the gods returning to
10076220	10077860	of the earth, that these are the gods.
10077980	10080000	Perhaps they'll say that they created us.
10080060	10086620	They spliced our genome with Bigfoot or something or some ancient hominid and that they provided
10086620	10091240	some of their own genetic material and they've been sort of guiding us through our evolution
10091240	10093640	all of these centuries, all of these millennia.
10093740	10096460	And in your view, that should be viewed as a deception.
10096580	10105340	From my point of view, this would be the group that the Bible identifies as the man of sin.
10105520	10105880	Yep.
10106940	10111300	the antichrist basically presenting himself as the savior in place of christ
10113220	10121000	jesus was one of us or i am jesus that sort of a thing and showing up to to uh to deceive
10121000	10127480	humanity of course that's a very uh specific point of view it's a point of view coming from
10127480	10134520	a biblical perspective but i think my god i mean the trajectory is certainly headed that way
10136300	10149180	So, and that, what happens then is humanity is, and by the way, in the book of Revelation, this figurehead, the beast is what the Revelation calls him, right?
10149280	10149980	This figurehead.
10151680	10163560	The beast consolidates power on earth, governmental power on earth, and then he leads mankind into worship of the dragon.
10164460	10165400	That's what happens.
10166220	10173020	mankind into worship of the dragon. And so I think that the narrative that's coming is that
10173020	10177600	these beings are going to show up. Wouldn't be surprised if they look like Nordics.
10178720	10184100	Contrast that with the Greys. Here's the clear enemy. We have no defense, by the way,
10184120	10188220	against this enemy. They're far more advanced than we are. They're integrating themselves
10188220	10195600	into our populace. We have a natural disaster on the horizon. These beings show up to deliver
10196220	10203320	kind from these disasters, they will be received as our extraterrestrial saviors, our progenitors,
10203440	10210700	our Promethean benefactors. And then, according to my perspective, they will lead humanity,
10211240	10216100	post-humanity really, lead humanity into the final stages of a post-human transformation.
10216840	10224540	And then they will take the armies of earth and their faction to literally go to war with the
10226220	10232280	to the earth, that's called Armageddon. Now, again, I know that that may sound plausible to
10232280	10236720	Christians and it may sound utterly ridiculous to people who aren't Christians and people with
10236720	10242160	different persuasions, but there is definitely a biblical case for what I just laid out.
10242340	10248160	Yeah. Fascinating. Speaking of evidence of Nephilim and this whole narrative,
10248560	10255980	you're one of the few people I know who has gone deep on this phenomena of giants and giant
10256220	10262380	bones and mythology around giants. But I think maybe most interestingly is you've encountered
10263260	10271660	personnel in the Air Force who have fought giants in Kandahar in Afghanistan in the mid 2000s. Is
10271660	10277840	that correct? Yeah. So this begins, for me, this begins with Steve Quayle. I used to work with
10277840	10283980	Steve Quayle, who's an author and really his area of research, his primary area of research was
10283980	10292140	biblical giants. And I was working with Steve in Montana, and we created a production company
10292140	10295680	called Gen 6 Productions, and we were making a film series at the time called True Legends,
10295880	10301560	which was focused primarily on giants, right? And looking for evidence of giants and so forth.
10301780	10311000	And in the midst of this, Steve was contacted by an elderly woman who told him that her son
10311000	10315420	son had a story that he needed to hear, but her son did not want to come forward because he was
10315420	10320640	still active duty. And she said, my son has a story, you need to hear it. And ultimately,
10320960	10324880	she was able to convince her son to come to tell Steve the story. So he got in contact with Steve.
10324960	10330300	I believe they went on coast to coast AM with George and Ori. That's the first time that this
10330740	10337460	individual story was heard. And then subsequent to that, we wanted to put him in our film,
10337460	10345280	in our documentary series. And so we flew him out to Bozeman, Montana, and we interviewed him,
10345380	10353820	Steve and I. He showed us his CV, his credentials. He was active duty. He was a C-130 pilot,
10354660	10360440	cargo pilot. And he told us a bunch of stuff about his background. He was a fascinating guy.
10362460	10365340	and just a lot of confirming data
10365340	10367920	and just really demonstrating to us
10367920	10368900	that he was who he said he was.
10370040	10371140	And then we interviewed him,
10371180	10372660	but he wanted to be interviewed in silhouette.
10373280	10374480	Like he knew that, you know,
10374500	10375640	his voice is already out there
10375640	10377260	and people, he understood people
10377260	10378560	are going to be able to put the pieces together
10378980	10381260	and figure out who he was if they wanted to.
10382980	10385580	But just to maybe add a little layer
10385580	10387400	of making it a little bit more difficult,
10387460	10388880	he wanted to be filmed in silhouette.
10389040	10389980	So we filmed him in silhouette.
10391040	10398080	and he told us the story that has since become known as the Kandahar Giant.
10398400	10400740	It's grown into a mythology on the internet, right?
10400800	10402260	But this is where it begins.
10405700	10408620	So he was a, as I said, he was a C-130 pilot,
10409180	10413920	and he would fly missions into Bagram Airfield in Afghanistan.
10414740	10418800	And he would describe these missions as classified,
10420440	10426220	always often be called in to pick up high valued assets. And he said, usually these were like
10426220	10435060	Taliban guys. Um, and so this was routine for him. And one day he's flying in there. He said in 2005,
10437180	10442340	he was flying a routine mission into Bagram airfield. He lands on the tarmac. And I've
10442340	10446760	been getting this detail wrong for those who've been hearing me say this. Um, I've been saying he,
10446820	10450140	he disembarked from the plane and walked over to the hangar. That's not true.
10450440	10451480	I double-checked the other day.
10453220	10456200	He disembarks, he de-planes with his crew,
10456320	10461960	and they're met on the tarmac by individuals he describes as the babysitters.
10462680	10466420	And he thinks that these are Air Force intelligence or Army intelligence,
10466680	10467340	something like that.
10467900	10469620	And they told him right away, he said,
10469640	10471140	I've never been met on the tarmac like this.
10471180	10473240	I always go over to the hangar and get my cargo.
10474760	10479180	And they said, this never happened, no pictures, don't ever talk about it.
10480440	10499200	And as they're standing there, as he's standing with the babysitters, he sees a forklift bringing over a crate, a huge crate, an air pallet, an air cargo pallet, which are, you know, I think they're 14 feet.
10499880	10505480	I think I got that right. No, no, no, not 14. They're nine feet long. Somebody will correct me.
10505480	10509500	Nine feet long by something. Seven by nine, I think is what they're... They're larger than
10510040	10514680	like the pallets at Home Depot and they're heavier. There's dunnage under them and they're
10514680	10521760	heavy. And so it's a nine foot long pallet and there's something on it. And whatever's on it
10521760	10528720	is covered with a tarp. And he said the first thing that hit him was the odor. It was this pungent
10529200	10535200	odor of like BO and death. And it was, he said it was like, unlike anything he's ever encountered.
10535760	10540060	And then as they put this thing down on the ground so it can be weighed and loaded into the
10540060	10546540	aircraft, he realized that, that the tarp wasn't covering the whole thing, that parts of this thing
10546540	10553280	were hanging out. And it was apparent that it was a really, really big dude in his words. And,
10553280	10559960	But it was not a normal person because it was in the fetal position and it was hanging off the
10559960	10565620	palate in the fetal position, nine foot long palate, hanging off the palate. Part of its head
10565620	10569760	was, you could see part of its head, you could see its hands and its feet hanging off the palate
10569760	10574960	and they weren't covered by the tarp. And he said that the hair of this being was red.
10574960	10583440	red the skin was pale white he said it had six fingers on each hand and six toes on each foot
10583440	10592220	and the feet were wrapped in a very uh primitive canvas type wrapping and he said he and the guys
10592220	10597120	that were standing around the body were actually taking their boots and putting it up to the foot
10598500	10603100	and he said it was you know twice as big as every twice three times bigger than everybody's boot i
10604960	10606300	their feet up to the foot.
10607600	10610200	And he said this thing was solid as a rock.
10610360	10612680	He would, he was, they were all kind of tapping it on the top.
10613180	10614820	And he said it was like a brick.
10614920	10616640	I mean, this thing was just like solid muscle.
10616720	10620600	He said it could have been some rigor mortis or whatever, but I mean, it was apparent from
10620600	10623780	what you could see of this dude that he was, he was a brick house.
10625120	10626180	So how tall?
10626540	10629700	So the pallet was nine feet long and he's in the fetal position.
10629800	10632380	So they estimated his size at 10 to 12 feet tall.
10633780	10634500	They weighed.
10635140	10638900	the giant, they weighed this being because they had to weigh it. The loadmaster had to weigh it
10638900	10643620	before they put it on the C-130. He weighed, the whole thing weighed, I think they told me,
10643620	10647000	and I could be wrong, but I think it was 1500 pounds. And then when you subtract all the
10647000	10654000	dunnage and the pallet and whatever else, I know that the final weight was 1100 pounds.
10654420	10657380	The final weight was 1100. And then he told me for sure, he said that the weight was,
10657420	10663820	this thing weighed 1100 pounds. And so you can imagine, let's say it was 12 feet tall,
10665980	10671920	pounds. So, uh, I mean, I mean, this thing weighs more than like a Kodiak bear. I mean, it's a
10671920	10677060	massive, massive guy. And then, you know, he was asking about the body, like, how would you,
10677080	10681380	where'd you guys get this thing? And they told him that they had heard, they didn't know,
10681400	10687340	they didn't first had knowledge. They heard that a group of guys got lost somewhere out in
10687340	10693060	Afghanistan, that this, this, this group was out there. These military guys were out there
10694960	10700960	or something like that. And they weren't reporting back in. So they sent out another group to look
10700960	10707120	for him. Another team went out to look for that first team. And when that second team found them,
10707200	10710520	they found them either at the mouth of a cave or in a cave. I can't remember where,
10710640	10718700	but it was in the vicinity of a cave. And they were all dead. And this gigantic humanoid was
10718700	10724680	eating on one of them. And they were able to kill it. They were able to take it down.
10725220	10743520	So it killed the whole first team. That's what he heard. Now, again, that's what those guys had heard. So maybe that was just a rumor. But either way, the giant was airlifted from the Kandahar region and deposited at Bagram to be picked up by the pilot.
10743520	10752860	it and um so he loaded the giant onto the aircraft and then they they transferred it to
10752860	10759320	qatar a base in qatar and that's where his that's where his interaction with this being
10760060	10764920	ends so he was part of the transport of the body yes and he said he told me he heard through the
10764920	10767180	grapevine he said i don't know if this is true but i heard through the grapevine
10768360	10771200	that the giant ended up at Wright-Patterson.
10772220	10773240	He said, I don't know if it's true,
10773280	10774160	but that's what I heard.
10774440	10776720	And he was sure that the being was dead
10776720	10777780	while he was trained?
10777980	10778020	It was dead.
10778300	10780120	Yeah, it was definitely dead.
10781360	10782120	Was it shot?
10782680	10783080	Yes.
10783300	10788200	They filled it full of ammunition.
10788500	10789440	So, I mean, the thing,
10789580	10790940	and from what I,
10791040	10791920	he said that it was,
10791980	10794920	it took a lot of firepower to take him down.
10795140	10795540	Jesus.
10797180	10802260	as he's telling no no no he sounded very fascinated like this crazy thing happened here's what
10802260	10805620	happened yeah he wasn't traumatized because he didn't you know he wasn't involved in the
10805620	10809960	interaction with the giant when it was alive and he didn't know if the story of it eating on guys
10809960	10814620	was true sure so that's just what they had heard so he's like i can't confirm that but this is what
10814620	10820320	they told me still even seeing the thing it's like fuck that's pretty crazy yeah yeah since
10820320	10825880	conducting that interview with with the pilot in subsequent years i've been able to confirm that
10827520	10832560	sources or have that story confirmed by several sources. And I have to be very careful because I
10832560	10837820	want to protect these guys. And I should say before I get into that, that my colleague who
10837820	10844760	I referenced earlier, L.A. Marsulli, he had a guy come to him. And this is important because
10845820	10850320	this was confirmation of the story that we had heard from our pilot. L.A. Marsulli had a guy
10850320	10856420	come to him, a different guy. I think it was a special ops guy from the, I don't remember what
10857180	10863240	But he told Elie Marsulli a very similar story about the Kandahar giant.
10863480	10867660	We don't know if it was the same giant or if it was a different one.
10867780	10872480	But in that story, they said it was 2003 as opposed to 2005.
10872640	10875240	Maybe our pilot remembered the date wrong.
10875320	10875760	I don't know.
10875880	10877720	Or maybe they were remembering the date wrong.
10878760	10881900	But in their story, very, very similar.
10882080	10883380	A team went missing.
10883720	10885300	Another team was dispatched to find it.
10885480	10886840	They encountered this giant.
10887180	10892740	in a cave. And in that story, the giant skewered one of the guys with a spear.
10894260	10901120	But apart from that, all the details are pretty much the same. So we don't know, LA and I don't
10901120	10906500	know if it's the same story or if these are two separate stories. So-
10907280	10909480	Well, if there's one giant out there-
10909480	10916400	Well, after LA told that story publicly, he put it in a film and after he went public with it,
10917180	10922840	pilot got got a hold of us again he contacted steve quayle and he told steve and then he told
10922840	10931860	me subsequently that that he knows that the the other story is true because he purposely withheld
10931860	10937820	certain details from the story so that if somebody comes forward trying to add additional information
10937820	10942860	he could vet whether or not they're telling the truth and he said that guy's telling the truth
10942860	10968260	Whoa. So that was kind of a confirmation from our guy that Elie Marsouli's guy was telling the truth. Now, apart from that, I've interacted with a handful of people, some soldiers, others officers that have confirmed to me that A, that story is true and B, there are even wilder stories.
10968260	10975780	and there are more giants out there than just one obviously um and and then also that this is one of
10975780	10985540	the that this is this this topic is one of the most highly classified dangerous topics to broach
10987020	10993620	why do you think it's so dangerous like my i almost suspect it's more dangerous than ufos
10993620	11001400	and crash retrievals because it's confirmation somewhat maybe of an origin story of human
11001400	11006620	kind like it really breaks darwin unless you come up with some other reason as to why these giants
11006620	11013960	exist evolution of primitive to progress apes to mankind is kind of broken by this like where the
11013960	11022660	giants come from there are some difficulties for evolution by natural selection but not too many i
11023620	11028040	that this was a divergent Homo sapiens species that branched off of whatever.
11028040	11028760	Sure, you could say that.
11028760	11030900	So they could just add another branch of the tree, so to speak.
11031060	11031340	Totally.
11031660	11036180	Other people think that the reason why this is such a touchy subject
11036180	11039160	and apparently very highly classified, the existence of giants,
11040040	11043740	both in an ancient context and in a contemporary context,
11044740	11047260	is because it affirms the biblical narrative.
11047720	11051260	And although that's true, I don't think that's it either
11051260	11053680	because it doesn't just affirm the biblical narrative.
11053920	11054920	Like we were saying earlier,
11055040	11058540	it affirms the ubiquitous testimony of our antecedents
11059200	11060540	from the ancient world in general.
11061020	11063120	I mean, everybody had mythologies of giants.
11063200	11064980	The Egyptians did, the Mesopotamians did,
11065020	11067940	the Greeks, the Romans, the Polynesians,
11068080	11070760	everybody, the Inca, the Aztec, everybody.
11071000	11073120	It would explain a lot of this megalithic architecture.
11073420	11074820	Yeah, well, potentially, yeah.
11074940	11076780	The North American Indians had legends of giants.
11076980	11078920	Six-fingered red-haired giants, by the way.
11079000	11079340	Yeah.
11081380	11105060	Yeah. I mean, you know, I mean, the giants were being unearthed by the Smithsonian Institution in the Mounds of America. Right during that time, what we were talking about, the spiritualism and the airship phenomenon, the mystery airship phenomenon, right in that time, we're unearthing the bones of giants out from the mounds, from within the mounds.
11105280	11108980	So why hide, if you're the Smithsonian, you're the Air Force, why hide this stuff?
11108980	11119980	So I've been, I have my own theory here and it may or may not be true, but I have a feeling that really what's behind this, what's behind the secrecy is the occult.
11121100	11132400	Because if you know anything about the legends of giants, you'll find out really quickly that there was a cult of giants in the ancient world, especially among the Canaanites, but not exclusive to the Canaanites.
11132780	11135120	And there were some things that were known about the giants.
11135120	11142280	For example, it was known that the giants, in some cases, it was believed that they could be resurrected.
11142900	11150840	In other cases, it was believed that, and almost universally, actually, that the spirits of the giants could be contacted.
11151080	11160400	Remember I said in the book of Enoch that when the giants were killed, that their spirits departed their bodies and that they persisted in the world as vagabond wraiths, right?
11160600	11163520	So those are the demons of the New Testament.
11165120	11184380	And so those spirits are in the world, and occult practitioners believe that they can make contact with those spirits, either to harness their power or to extract information from them, to attempt to control them, or maybe because they're looking to possess themselves or other people.
11184440	11184960	I don't know.
11185120	11185800	I don't know.
11186180	11190820	But there's definitely, in the ancient context, there was a cult of giants.
11191360	11203520	And in fact, in the areas where, biblically speaking, we know there were giants, and then archaeologically speaking, I would say, we know there were giants, such as the island of Sardinia.
11204180	11209200	You have, and also Menorca, the island of Menorca, and Spain.
11209400	11213080	You have a lot, in fact, all over much of the world, you have dolmens.
11213300	11217660	You have dolmens, which are these sort of freestanding large stones, megalithic stones.
11217660	11226640	Oftentimes they're shaped almost like a little house with three walls and a big slab of stone on top.
11226760	11228200	Various configurations of dolmens.
11228340	11231920	Some of them are quite large, many of them megalithic.
11233280	11240740	And I believe that the dolmens are associated with the giants, not just because they're large stones, but they're associated with the cult of giants.
11240740	11248160	And this is what I would describe as Canaanite or Canaanitic sorcery.
11248160	11251500	More specifically, Canaanite necromancy.
11251860	11262800	Because necromancy is the, let's call it the dark art of trying to contact the dead or resurrect the dead.
11262800	11273340	it. And this was definitely a belief in Canaan among the Canaanites. We know because there are
11273340	11282240	Ugaritic texts that have been discovered that have summoning rites that are summoning dead
11282240	11289520	Nephilim. In other words, it's like an attempt to resurrect, either resurrect dead Nephilim,
11289520	11297480	re-embody them or contact their spirits it's a golem or something yeah the myth right and whoa
11298040	11303300	and and but before i forget there's a little bit of a there's a little bit of a crossover here
11303300	11310020	with the epstein stuff that you mentioned earlier because it's apparent that the some of the elite
11310020	11317520	some of our ruling elite are obsessed with with baal and baal was a canaanite deity right and
11319780	11324200	Canaanitish cult that's still being perpetuated among the elite.
11324360	11329060	And part of that Canaanitish cult, at least in ancient Canaan, was the cult of giants.
11330380	11339620	So if you go to the island of Sardinia today, for example, you will find many, many megalithic structures that are still standing.
11339700	11342100	Those are called nurage towers.
11344060	11346560	And they're circular stone towers.
11346720	11348780	And they're pretty impressive, although they're crude.
11349520	11355020	This is Cyclopean architecture, which is large stones fit together without the use of any binding agent like mortar.
11356440	11359200	And at the top of these towers, some of them were over 100 feet tall.
11359380	11364620	And there were over 30,000 of these things on the island of Sardinia, over 30,000.
11364840	11370400	At the top of some of these towers were megalithic basalt stones that were cut.
11371180	11379340	So you do have some more of the monumental architecture incorporated into the top of the towers, whereas the rest of the towers, pretty crude.
11379520	11384560	but big stones nevertheless in the cyclopean style but associated with these towers
11385460	11391240	are what are called the tombs of the giants to this day they're called the tombs of the giants
11391240	11396080	really on the island of sardinia i visited i've been to sardinia a few times and i visited many
11396080	11404620	of the both the towers and the tombs and the tombs are configured in the shape of a womb
11404620	11422420	Now, I used to think that it was a bull's head because of Molech and Baal, and it was clearly a Canaanit-ish. The ancient culture that they attribute these towers and these tombs to is called the Nuragic people, the Nuragic culture.
11422420	11439420	But the Nuragic culture, it's clear, were Canaanit-ish, for sure. That culture was Canaanit-ish. Their iconography, we know that, at the very least, we know that the Phoenicians inhabited that island for some time.
11439420	11450820	And the Phoenicians were descended from the Canaanites and had continued on many of their rites, including, according to the Romans, they sacrificed their children to Molech.
11452020	11457040	And that's part of the reason, ostensibly, why the Romans detested them.
11457260	11457960	I didn't know that.
11458180	11465260	So these practices, the sacrifice of children was practiced widely by the Canaanites and also by the Phoenicians.
11465440	11469160	The Canaanites, the Greeks called the Canaanites Phoenicians.
11469980	11476700	and and so you had that specifically the inhabitants of of tyre sidon and biblos were
11476700	11482020	phoenician and they were canaanites so but then there were other canaanite tribes right and in
11482020	11486840	the old testament among these canaanites were literal were literal tribes of giants clans of
11486840	11492580	giants mostly inhabiting the high country and these are the giants that joshua encountered
11492580	11498120	during the conquest so i think my and i'm going to get back to the occult thing here i think that
11499420	11505120	They drove out a lot of the giants that weren't killed in the conquest.
11506080	11515160	They went over the Mediterranean, across the Mediterranean, and many of them reestablished themselves on the island of Sardinia.
11515280	11516260	That's my guess.
11516480	11519300	That's just a conjecture of mine.
11519440	11522420	Are the tombs extremely large there?
11522960	11523520	Yes.
11524000	11526440	And I'll get back to the tombs in a second.
11526440	11548860	So this migration, this forced migration, this eviction of giants out of the promised land documented in the biblical text is evidenced in the fact that there was a, I forget who recorded this, one of the Greek historians, that there was in Tunisia, there was a column that had an inscription.
11549160	11555500	And the inscription read, we are the Canaanites who fled before the face of Joshua, the son of Nun.
11555740	11556040	Whoa.
11557560	11564720	and so the canaanites obviously were evicted from the land of canaan and i think they coalesced on
11564720	11572280	the island of sardinia and so now you have massive megalithic towers and you have massive
11572280	11577120	megalithic tombs again to this day known as the tombs of the giants and initially as i said i
11577120	11584540	thought that the could are the teams for uh like a 10 foot plus body or okay so i'll describe the
11586440	11593580	talk about a controversy regarding them and how large they are. So the tombs are shaped,
11594300	11598160	generally speaking, like a bull's head, right? Like the Chicago Bulls logo,
11599280	11603680	generally speaking, shaped like a bull's head. So I had thought initially that because this is a
11603680	11607040	Canaanitish culture, that these tombs are shaped in the bull's head, which is a very
11609200	11615600	iconic figure among the Canaanites, sometimes representing Molech or Baal, right? And
11616440	11619120	And so I had assumed that this was the configuration.
11619440	11620180	I was wrong.
11620980	11623740	The tombs are actually shaped like wombs.
11624920	11633060	They're shaped like a uterus, which is, if you look at it, like if you pull it up on Google Images, it's shaped like, it looks like a bull's head kind of.
11633220	11637000	So it's got like the two arms and then this curved portion on the bottom.
11637640	11640720	And that's how all the tombs are shaped in Sardinia.
11640780	11642160	Now, there's two types of tombs.
11642760	11654200	One of them has a trilithon entry, a trilithon doorway, which means it's like megalithic stones that are stacked basically like a doorway, right?
11655140	11666100	And then the other configuration is a large megalithic stone that's like a stelae with a little doggy door in it, the bottom, just like a little door that you and I couldn't fit through.
11666100	11668500	but a young person could,
11669240	11670360	like a 12-year-old or something,
11670420	11671080	like 13-year-old,
11671100	11672440	could squeeze into the hole.
11674060	11675980	So as I keep saying,
11676200	11679540	I'm not inventing the word tomb of the giants.
11679580	11680520	That's what they're called.
11680620	11681760	Since time immemorial,
11681940	11683380	they were called the tombs of the giants.
11683540	11686500	And the locals believe that giants were buried
11687080	11689420	in them, in the vicinity of them,
11689480	11691460	or more importantly, beneath them.
11691860	11694460	So the contention is by armchair archaeologists
11694460	11694820	that,
11694840	11695460	you know,
11696100	11700720	the bodies of giants can't fit in the tombs. Well, first of all, that wasn't the purpose of the tomb.
11700900	11704140	The purpose wasn't to put the body inside. I'll explain that in a minute.
11704940	11711280	But even if it were, I went to Sardinia with a tape measure. And yes, you can fit the bodies
11711280	11716580	of giants in those tombs. So even if that was the purpose, you could fit a 10 foot tall dude
11716580	11722400	in there. And I'm estimating a guy that's three times my width, like laying on the ground,
11722400	11724320	just imagining somebody three times my width,
11724940	11726300	you know, two, three times my height.
11726420	11727040	Yes, you can.
11727200	11729420	And the locals think that the giants were buried.
11729460	11730860	There is mythology local.
11730880	11732260	They're associated with the tombs.
11733900	11736160	So I learned when I was in Sardinia
11736160	11739780	that the tombs actually are configured
11739780	11743000	the way that they're configured in the shape of a womb,
11743780	11745560	with a door, one with a trilithon door
11745560	11746700	that you and I could get into,
11746760	11748100	but we'd have to stoop down, right?
11748180	11749440	But the other one, the little door,
11749580	11750820	we couldn't squeeze into it.
11753940	11757780	that those tombs, it's known to the archaeological community,
11757960	11760560	were configured in such a way so that they could accommodate
11762120	11766480	what's called the rite of incubation or a rite of incubation.
11766920	11768340	What is the rite of incubation?
11768700	11772280	It was a rite of passage ceremony.
11772640	11776020	So when young people were adults, and back then in the ancient world,
11776220	11778360	I mean, you were an adult when you were like 12 years old, right?
11778440	11781780	12, 13, 14 years old, you're being initiated into adulthood.
11782400	11790380	get married at 14, 15, 16 in the ancient world, right? So the rite of incubation is a rite of
11790380	11797200	passage in which the young person would squeeze into either that little doggy door in the stelae,
11797200	11801740	the one configuration, or they would be sealed in with a door with a stone into the other
11801740	11806560	configuration, both of them configured in the shape of a womb. So what you have
11806560	11812600	have is a gallery inside the tomb. And both of them, it's quite a large gallery.
11814580	11822240	And in the tomb with the trilithon doorway, you can stand up and walk around. They're very large
11822240	11827380	inside. And there's a little bench built into it. And you could see where maybe you could put some
11827380	11833900	candles or whatever. And the idea was that the young person, as part of this rite of passage,
11833900	11838580	would incubate in the tomb in order to commune
11838580	11843440	and to absorb the power, the prowess of the mighty one
11843440	11846080	buried beneath the tomb.
11846920	11847520	Whoa.
11847840	11847960	Right?
11848000	11850140	So this is like, you can think of this as a,
11851300	11854120	maybe like a resurrection tomb.
11855140	11857600	Somehow, were you communicating with the beings,
11857840	11860460	the dead giants, their spirits come?
11861140	11862960	Remember, the mythology of the ancient world,
11864420	11867940	was that the spirits of dead giants persisted in the world as demons.
11869680	11872640	So you could commune with their, if you have their bodies,
11872780	11875620	maybe you can commune with their, reach out to their spirits,
11875740	11877540	commune with them and be inhabited by them,
11877620	11880680	or just gain information so that, imagine, you know,
11880700	11884240	the Gadarene demoniac that we talked about earlier was so,
11886220	11888440	was so energized, demonically energized,
11888860	11892420	that they would chain him up in the tombs because he would scream.
11893900	11899340	feral. And he was so demonically energized that he would break the chains. So you're talking about
11899340	11905220	superhuman strength. That's pretty useful if you're like a warrior society, right? You want
11905220	11909640	to field some berserkers, some demon-possessed berserkers. That's a very useful technology,
11909900	11915820	so to speak, to field on an ancient battlefield, these demonized berserkers. That's one possibility
11915820	11919840	that they were trying to become infused,
11921300	11923320	inhabited by demonic spirits,
11923540	11926560	but also maybe just to commune with the mighty ones
11926560	11928400	who had died and gone before them.
11928540	11930100	But they were incubating,
11930100	11932620	and they were sealed in there for a period of time.
11933320	11933940	It's wild.
11934200	11935360	It gets wilder.
11935620	11936680	Keep going.
11937460	11938820	How does it get wilder?
11938840	11941460	Do you remember the WikiLeaks emails?
11941960	11942600	Yeah, of course.
11942800	11944940	Remember there was allegedly an email
11945820	11951580	with Hillary Clinton, where she was inquiring about the resurrection tomb and body of Gilgamesh.
11951640	11954040	That's right. And Gilgamesh was a giant.
11954200	11960000	Yes. So this connects back to the occult stuff. So what do I think is behind the cover-up of
11960000	11964580	giants? I think the occult is behind the cover-up of giants, the Epstein-type
11964580	11971980	Baal-worshiping cult, who are literally attempting to either demonize themselves or others or make
11971980	11977540	Make contact with these spirits of dead giants, harness them, gather information from them.
11977620	11989420	If the antediluvian world was technologically advanced, there's a lot of information, practical, functional information that you could gain by interacting with these ancient beings.
11989900	11990220	Yes.
11990360	11993080	Have we ever found giant bones?
11993620	11994200	Okay.
11994240	11998300	So that's a whole conversation in and of itself.
11998460	12001500	So on the island of Sardinia, again, I was there three times.
12001980	12003080	I interviewed a lot of people.
12003100	12003380	Yeah.
12003540	12004720	And I put all this in a film.
12004740	12009260	It was in one of those true legends documentaries that I mentioned earlier that I produced with Steve Quayle.
12011640	12020520	I interviewed dozens of people in Sardinia who had dug up the bones of giants themselves with their hands.
12020860	12027480	And, you know, the common contention here is that these were the bones of giant sloths and mastodons and other megafauna.
12028700	12039500	But the problem is that the reason why the Sardinians at that time, we're talking about the 30s, the 40s, you know, 50s, 60s, back in that era.
12040000	12049940	The reason why, and these were all elderly people I talked to, the reason why they were actively looking for, or if they were plowing in their field, they would, you know, they'd have a horse drawn plow at the time.
12049940	12058880	Plowing the field, they kick up a large, some skeletal remains, right, of a large, let's say, forearm and hand, fingers.
12059280	12069500	The reason why they would be excited about this is because oftentimes, more often than not, they would find jewelry associated with the remains.
12069780	12078020	Rings on the fingers, necklaces, different pieces of jewelry that were just jumbled in with the bones or sometimes still on them.
12079940	12084140	heard this from a lot of people in Sardinia, the elderly people who still remember it.
12084460	12090100	And I interviewed a couple of gentlemen who excavated at the site called Anastasia,
12090180	12096280	at the Church of Anastasia, it's a Catholic, little Catholic church. And the church was
12096280	12104100	planted on top of a, of a, of a neurologic archaeological site. And they decided to do
12104100	12108760	an excavation of the site. And these individuals excavated, I'm probably going to get the dates
12109940	12118880	I want to say one of them excavated from like 78 to 79, and then the other one excavated from like 80 to 81, in that range, right?
12119520	12125200	They both excavated at the same site, and I interviewed them separately, and they both told me the same story.
12125440	12137300	They were hired by the municipality to go to the grounds of the Church of Anastasia and start to remove, systematically, take apart the ruins and remove the artifacts.
12137300	12143700	artifacts and both of them the the procedure was all of the artifacts that came out of the site
12143700	12147980	went into the church they put tables they set up tables in the church i went to the church of
12147980	12153160	santa anastasia and it's just this little chapel and they put tables they set tables up
12153940	12159400	inside the church and then they would take the artifacts all kinds of artifacts gold and silver
12159400	12166240	and all kinds of artifacts and goblets and plates and jewelry and the bones of giants
12166240	12173120	would come out of the site and they would put them in the church. They found entire skeletons
12173120	12180360	of giants. Entire skeletons, both of them independently. And I could give you just a
12180360	12184640	ton of examples here, but I remember one, there's a couple of examples that jump out.
12186460	12191060	in one day of working, one of these gentlemen found three, they found three skeletons of a
12191060	12197240	giant, you know, they, they reassembled it. They, they, they, they extracted the pieces and parts,
12197260	12202900	and then they re they reassembled it in the, they were told to, to, to lay out the bones next to the
12202900	12207640	church, as opposed to usually everything went inside the church. But in this particular occasion,
12207740	12213280	he laid out three skeletal remains of giants. And he said, so the procedure was, I know I'm
12214640	12216640	Tying this in a confusing knot here.
12216700	12223700	But the procedure was the artifacts go in the church, and then overnight, somebody came to take them all away.
12223900	12226120	And then when they would come back in the morning, everything's gone.
12226580	12229260	And they would just, that was how they proceeded.
12229540	12234740	But on this occasion, this guy was told to lay these bodies out next to the church in the yard.
12234820	12236300	So he laid them out, three bodies.
12236340	12237980	They were at least nine feet tall each.
12239280	12240240	Next day, they were gone.
12240440	12241380	And another occasion.
12241720	12242500	Who takes these?
12242500	12260360	Well, that individual told me that he knows that some of those artifacts were retrieved by certain individuals who were associated with the University of Cagetti, the capital city.
12260360	12265060	in Sardinia, it's called Cagetti. The University of Cagetti, he knows that there was some certain
12265060	12271020	professors or somebody associated. He told me the name who communicated with him about what to do
12271020	12275080	with some of these artifacts, including the bodies of giants. You contact that professor?
12275400	12284180	I couldn't find him. So then the other individual, the other individual, he told me, there's dozens
12284180	12288760	of stories from both of these guys. He told me that he was excavating one day and he had his
12290360	12296400	they found a skull that was so big. And he said the vertebrae was still attached to part of it
12296400	12299740	because these were very well preserved. When I say skeletal remains, I'm not talking about
12299740	12306240	bleached bones. I'm talking about like bodies that are really well preserved. Not exactly like
12306240	12310920	mummies, but like some of them have sinews. Some of them still have like, they're not just
12310920	12318300	skeletons. And he said this, he unearthed this gigantic skull. It was so large that he and his
12318300	12321760	his wife had to carry it together and they brought it into the church.
12321880	12323540	Then he said there was another day he was,
12323560	12325600	I'm just skipping over a bunch of other ones, by the way,
12325640	12330900	but he said he was excavating at the site and they were excavating one of
12330900	12332700	those towers, one of those Nuraghe towers.
12334080	12339560	And they unsealed the chamber.
12339760	12344360	It was almost like hermetically sealed because what it looks like had
12344360	12349440	happened to these towers is they were suddenly submerged. They were suddenly covered in earth,
12350280	12356960	almost like a tidal wave had swept across the island and deposited all of this, all of this
12356960	12364960	soil over the towers and buried them. Wow. And in fact, that's true because, um, I saw, I saw,
12364980	12369380	so keep in mind, some of these towers are very tall. Some of them are up to a hundred feet,
12369380	12370680	but they've since crumbled, right?
12370800	12371720	But they're still pretty tall.
12372740	12376520	And if you look at the towers before they were discovered,
12377200	12378400	they just look like hills.
12379180	12381620	They just look like hills of dirt, right?
12381760	12383780	And then they dig into them and it's one of these towers.
12383980	12386600	And they're all over the place still out there.
12386940	12388060	All over the place.
12388320	12392460	Does anybody have photos or video of the bones or?
12392660	12393280	So, no.
12393440	12396380	So keep in mind this is back in the late 70s, early 80s.
12396380	12396600	Yeah.
12396600	12400840	And they were told not to take any pictures and never to talk about it.
12401380	12402620	Again, two individuals.
12402620	12405080	How many of these witnesses came out in your documentary?
12405400	12406960	Well, this particular case, two.
12407120	12407460	Okay.
12407520	12409180	But of other cases, dozens.
12409400	12409880	Okay, wow.
12410620	12415620	And so they unsealed this one, this tower that was buried.
12415780	12418240	Remember, let's say this thing is buried suddenly, right?
12418340	12421100	Let's say you've got somebody living inside of this thing.
12421840	12430520	Tidal wave hits, carries a mountain of soot, dirt, deposits it suddenly over one of these towers, hermetically sealed.
12431160	12431640	Yeah.
12431860	12434020	Whatever's in this thing is sealed inside, right?
12434140	12435320	And going to be well-preserved.
12435460	12446680	So they opened up one of these chambers, and he said they walked into the chamber with flashlights, and there was a giant seated at a table.
12446960	12447780	He was dead.
12448220	12448700	What?
12448740	12450000	And he was just slumped over.
12451460	12454980	and they said that everything was gigantic.
12455200	12456380	He said the table was gigantic.
12456660	12460200	There was a gigantic plate and goblet on the table,
12460280	12463520	and the plate still had, like, oysters on it.
12463900	12464340	What?
12464520	12466860	Yeah, and the giant had been eating oysters,
12467020	12469040	and there's a giant goblet on the table,
12469140	12472780	and probably 9, 10, 11 feet tall, maybe 12 feet tall.
12472860	12475200	Somewhere in that range is most of these giants are in that range,
12475260	12478240	between 9 and 12 feet tall.
12478260	12480040	Wouldn't the flesh have decayed by that?
12481100	12485820	decay immediately as soon as they like it started to crumble so it was like somehow it was sealed
12485820	12492000	from oxygen it was hermetically sealed the thing was just buried suddenly probably shit so at least
12492000	12497720	this is what they said you know this is what they're telling me so um and i didn't pay these
12497720	12504220	guys or anything like that yeah there's nothing like that so they they they took the body of this
12504220	12509260	giant they carried it out together and laid it in the church wow it was very very well preserved
12511100	12511740	lid and the plate.
12511880	12516800	And I mean, they found earrings, they found all kinds of things, jewelry, all kinds of
12516800	12522460	stuff at this one site in Santa Anastasia in Sardinia.
12523560	12527980	Apart from that, I interviewed lots of other people who found the remains of giants all
12527980	12528980	over the place in the countryside.
12529560	12531420	One guy said that-
12531420	12535320	Do you think we'll get concrete evidence of this in our life?
12535320	12535700	I don't know.
12535980	12536720	I don't know.
12536820	12537920	This one guy said-
12537920	12540900	Because if this is this prevalent, I would expect that.
12541100	12542420	And I would hope that we do.
12542580	12545960	Well, like I said, I think the occult's at the center of this thing, so I'm not sure.
12546240	12546480	Right.
12546960	12551640	But it's the same thing with the UFO stuff, where it's like, it always disappears, always slips through your fingers.
12551820	12555140	Are these Baal-worshiping pedophiles ever going to go to jail?
12555400	12555680	Right.
12556060	12556380	Yeah.
12556540	12556840	So.
12557160	12557480	Yeah.
12557520	12557840	Yeah.
12557840	12559500	No one apparently visited the island.
12559680	12560000	Yeah.
12560100	12560420	Exactly.
12560440	12562860	You know, everyone was on the emails, but no one actually.
12563140	12563660	Or, yeah.
12563880	12567920	So, if I see a bunch of pedos go to jail, then I'll have more hope that we're going to learn the truth about giants.
12568220	12568500	Yeah.
12568500	12568620	Yeah.
12569340	12574920	So just to give you one more illustration here, I talked to a guy who was 101 years old when I interviewed him.
12574960	12575140	Wow.
12575280	12578560	He was still very spry, very spunky, funny guy.
12578940	12580380	It's a blue zone there, right?
12580500	12581620	There's like centenarians.
12581660	12582020	Yes.
12582020	12585500	This is some of the longest lived people in the world, you know, in Sardinia.
12586480	12587480	So he told us-
12587480	12588700	Maybe it's the giant DNA.
12588900	12589360	Maybe it is.
12589440	12592040	Well, actually, they say some of them that they were descended from giants.
12592180	12592380	Whoa.
12592380	12594900	And on the island of Sardinia
12594900	12596120	You do have an unusual
12598120	12599120	Portion of the population
12599120	12599880	With red hair
12600740	12601320	So
12601860	12604780	Which seems to be a trademark of these
12604780	12605980	Nephilimic tribes
12605980	12609160	And didn't Canaan
12609160	12610980	Literally had red hair
12610980	12612240	I believe right? Who?
12612680	12614800	Or maybe it was Esau
12614800	12616980	Had red hair. Esau was like
12616980	12618560	A hairy ape. Red hairy ape
12618560	12619300	So
12619300	12620400	So, um.
12620580	12621820	And that's not related to this.
12622020	12622860	It is kind of.
12622900	12623320	Kind of.
12623320	12625680	So, but just to give you another illustration here.
12625720	12627900	I talked to this guy, 101 years old, can't remember his name.
12628780	12630660	It just came into my head and then departed.
12631920	12633520	But it was a lot of fun talking to him.
12633560	12636040	And of course I had a translator with me, Anna Tuveri.
12636060	12638000	So Anna, if you're watching, shout out to Anna Tuveri.
12638100	12638400	Shout out Anna.
12638580	12640920	She was born in Rome, a native Italian speaker.
12641100	12644120	Actually, I believe some of her family was from Sardinia.
12644220	12644500	Oh, wow.
12644580	12646280	And so she was with me as my translator.
12646280	12653600	translator. And we interviewed this gentleman and he, uh, he told us some wild stories. One
12653600	12658060	of the stories he told me was one time he was working in a field when he was a young man. So
12658060	12661620	this was, I mean, he's 101 years old. I don't know what, what year that would have been.
12662060	12668680	He told us, I can't remember. Uh, it was like 1920s, 1930s, something like that. And,
12669580	12673880	and he's working in this field because this, the owner of the field wanted to plant a vineyard.
12673880	12676560	So they were tilling, getting ready to plant a vineyard.
12676960	12680780	And this field was in the vicinity of one of those towers, right?
12680840	12681860	One of those nuraghi towers.
12683020	12684440	And they're plowing.
12684440	12689980	And as there's a bunch of guys out there and they're tearing up the soil and suddenly they
12689980	12694420	start unearthing the remains of gigantic people.
12695000	12698860	And he said, they were all starting to shout to each other and a big commotion because
12698860	12703000	they were all sort of simultaneously starting to unearth like this graveyard.
12703880	12708280	he said all of the bodies were positioned like this, two by two in a cross configuration.
12709140	12710380	So like that, all the bodies.
12710480	12711560	And there were dozens of them.
12711660	12712860	And he said they were gigantic.
12713520	12716480	So when people say that in Sardinia, they mean 9, 10, 11, 12 feet.
12717280	12720920	And there were clearly humans that had been buried there intentionally.
12721000	12721440	This was a graveyard.
12721880	12725940	And as they're digging this up, the owner of the field says, stop, stop, stop.
12726180	12727100	I got to call this in.
12727500	12728880	Got to call the coroner or whatever.
12729940	12732620	And so he made a phone call to whoever.
12733900	12739500	university. I don't know who he called. And then he came back and he said, everybody has to vacate
12739500	12743520	this area. We all have to leave. He said, I've been told they're going to come get the remains.
12743800	12750160	They want us out of here. So we have to go. Well, this gentleman I was interviewing, he's very
12750160	12756400	funny. He said, well, I really needed the money and I wanted to make this guy pay me a day's wage,
12756480	12761720	not a half a day's wage. So I stayed. He said, my plan was to just stay and work and then say,
12761720	12762360	Say, hey, I just stayed.
12762440	12763120	I worked the whole day.
12763200	12764300	So you get a day's wage.
12765760	12770840	But what happened was as he's in the midst of working by himself now, right, he said,
12771520	12777780	these vans pulled up, a bunch of vans pulled up, and these people started getting out of
12777780	12778720	the vans with equipment.
12779460	12780300	And he hid.
12780460	12782980	He went and hid himself like in the bushes or something.
12783140	12789520	And he watched them come out of the vans, take pictures of all of the remains that were
12789520	12790260	We're in a cross configuration.
12791180	12793860	Gather up all the remains, load them into the vans.
12794600	12800760	Then he said they went into the tower and they were examining the tower, taking pictures of the tower.
12801100	12809540	And he said there was like this, in that tower, there was like some kind of like a passageway that went down and maybe was obstructed.
12809560	12810880	They sealed it up.
12811640	12814520	I think he said they put some stuff and cemented over it.
12815420	12816380	And then they left.
12817840	12818640	So strange.
12819520	12825000	are the kind of stories I heard one after another. And don't you also have a story of being at a
12825000	12832660	function? You see this kind of high up Air Force officer and you mentioned the Kandahar 2003 or
12832660	12839460	2005 kind of giant and, you know, confrontation. And then it was his wife says like, he's not
12839460	12843440	supposed to talk about this. I don't want to, I gotta be really careful with that story because
12843440	12846880	that, that I don't want to get that guy in trouble, but yeah, let's just put it this way.
12846880	12854100	let me be very vague i've had interactions yeah with people where we could talk about like ufos
12854100	12857680	underground bases and they'll whisper you know and tell you a little bit of what they know
12858440	12861840	but when you bring up giants one of them literally went like this to me
12863880	12871540	and pointed to his phone what like that's crazy and um and and then i had a friend of mine who
12871960	12875100	who I told him some of these stories, right?
12875180	12881240	And he said that he was with a friend of his
12881240	12882940	who happened to be, and I got to be careful here too,
12883080	12884820	but he was with, let me be very vague.
12885820	12887960	He was with, I don't want to get anybody in trouble.
12888160	12888560	Sure.
12888640	12891920	I talk a lot and I got to make sure I'm not saying things.
12892620	12893720	I don't want to burn any sources.
12894100	12898160	So he was with this individual
12898160	12900120	who's associated with the government,
12900300	12901300	somebody from the government.
12901680	12929200	And they're just having a casual conversation. He said, they're really good friends, having this casual conversation. And he had just been with me, this guy, my friend who's talking to his government buddy. He had just been with me. And we're talking like we're talking right now. We were talking like we're talking right now. And he was like, whoa, that's crazy. I can't believe that. I was like, well, listen, man, bring it up. See what happens. Bring this topic up to people who you think might know something. Watch what happens.
12930000	12930640	So he did.
12930740	12932260	He brought it up with this individual.
12933200	12937860	And he said, he asked him, he said, hey, do you know anything about like this Kandahar giant thing?
12938200	12943060	And he said, this person who's his friend just totally switched.
12943560	12943940	Yeah.
12944200	12946240	And said, I'm trying to think what he told him.
12946280	12952060	He said something like, what the hell are you getting yourself into?
12953160	12956000	What are you getting yourself into?
12956340	12957580	You need to be careful.
12957700	12958080	Okay.
12959200	12960420	You need to be careful.
12961280	12966600	Like just, just, just casual fun conversation just turned into like this very serious warning.
12966940	12971980	I don't know what you're getting yourself into, but you need to be careful is what he was.
12972020	12980280	So then he called me and he told me, dude, he said, he said, man, I didn't know what to think after you talked to me, but man, I brought this up.
12980320	12983740	And just like you said, he changed on a dime and warned me.
12985120	12987620	So, you know, I have a lot of little anecdotal things like that.
12989200	12993320	accuse me all the time of you know the trust me bro stuff i get it look these are stories okay
12993320	12999900	well i'll you know i'll hit you with the story of mine which is before we even met and you know
12999900	13005920	maybe i was vaguely aware of your work but this was years ago i had a friend who's kind of uh you
13005920	13011260	know prominent and like or semi-prominent on like twitter and like tech circles and stuff he's like
13011260	13017140	not into any of this like ancient civilization ufo stuff really i mean like maybe is somewhat
13017140	13020920	somewhat partial to it now, but like is, you know, has been dragged into it by the fact that
13020920	13026900	the narrative has changed so much in the last five, six years. And, uh, we're at like a conference
13026900	13032280	or something. And he's telling me about, uh, his buddy who is special forces. And he's like,
13032320	13038380	you got it. You know, um, you come to New York, get dinner with me and, uh, this guy, uh, he's
13038380	13046140	special forces and he claims to have, or his troop or whatever is, you know, um, the core he was with
13047800	13054780	this giant in in the caves of afghanistan and so this was like totally independent of anything
13054780	13061040	having to do with you and uh and so i have to do that because honestly at the time i was like
13061040	13067800	that's insane this is crazy i was like i mean i was at the time you know ufo stuff was so still
13067800	13072860	like kind of integrating in my mind and i was like this is this is really crazy like what the
13072860	13077760	the hell but uh so another independent source yeah and i don't know i'm pretty sure i could
13077760	13082960	be wrong about this but i'm pretty sure that i saw something that looked like an official like
13082960	13088720	press release from the pentagon saying the kandahar giant story is not true like oh that's
13088720	13094780	funny they commented yeah it seems like they've gone uh they've explicitly wanted the public to
13094780	13100960	know that this story isn't true so again why all the secrecy like what's the big deal so giants
13102860	13105740	We know that giants existed in America.
13105860	13110060	The Native Americans had the legends of the red-haired giants.
13111160	13119080	And as I said earlier, their bones were being discovered on record in the Smithsonian Institution's own annual reports.
13119580	13129620	You have evidence of very unusual skeletal remains, many of which were very large, which were the remains of giants.
13130440	13132100	And where did those go?
13132860	13151780	Where did those go? You have Abraham Lincoln, who's waxing poetically about Niagara Falls in a speech in which he says, the eyes of that ancient species of giants whose bones fill the mounds of America have gazed upon Niagara as ours do now.
13151980	13152840	That's wild.
13153160	13161200	Abraham Lincoln. So is he referencing something that nobody would understand what he's saying? Of course not. He's referencing something that everybody knew to be true.
13162860	13168860	ancient species of giants, or the eyes of that ancient species of giants, whose bones
13168860	13170660	fill the mounds of America.
13172700	13175640	So it is bizarre.
13175860	13182620	It is bizarre when you can talk to guys about UFOs all day long, government types, but they
13182620	13183760	won't say a thing about giants.
13184060	13184340	Yeah.
13184360	13186320	Not only will they not say a thing, they freak out.
13186420	13186760	Yeah.
13187080	13189180	They get visibly concerned.
13189600	13190000	Yeah.
13190100	13191380	It's so strange.
13192860	13199380	would i would say that there's something uh if i can use the term epsteinish epsteinian
13199380	13205740	about this whole thing with the giants and the ball and the in the in the occult well yeah that's
13205740	13210880	the i mean you want the deeper thread on the epstein stuff it's like why is he showing up
13210880	13218560	in email saying i killed ponds from ponds and fleishman like cold fusion which is clean limitless
13218560	13225560	energy. He's saying, you know, Robert Maxwell, Ghislaine's, you know, super spy father who was,
13225600	13230860	you know. Buried on the Mount of Olives, I believe. Interesting. Well, there you go. Yeah. MI6,
13230880	13237160	Mossad, you know, all these basically like helped invent peer review, scientific peer review,
13237260	13242400	was also in charge of Nazi tech transfer, which is really, I think, an important fact.
13242400	13260760	And then you have Epstein telling Bannon in an interview that he moved Zora Ranch to where it was or he moved his or a ranch because it was near retiring Los Alamos physicists. And then he's he's showing up and he says he's killing cold fusion and he's obsessed with anti-gravity.
13260760	13275560	So you end up like with the bones of the giants or with UFOs or with all of these things, because you ended with really like this weird, like there's almost like a cult of science, like, like, uh, uh, cause there's so much circumstantial evidence.
13275560	13295640	There's so much. And then there's very little concrete evidence in the way of like really good high res photography. And then there's always some muddling of the good, you know, when there is good evidence, we talked about photographs that have negatives. We talked about videos, talked about implants. We've talked about material. Like there are all these things, but there's always the muddying of the water.
13295640	13317840	So you get into this really weird ontological territory where there is literally a faction on Earth that wants to hide breakthrough technology and wants to hide breakthroughs as far as our own ancient discovery, you know, like understanding our past and wants to keep us in this state of amnesia.
13318120	13320960	Are these the adepts of the mystery schools?
13322020	13322500	Maybe.
13322640	13323900	I mean, I don't know.
13324020	13324800	I don't know the answer.
13324820	13325260	I don't know.
13325640	13327700	There's a lot of weird symbology on Epstein's.
13327700	13333480	It's not coincidental that Baal comes up, Canaanite, I mean, the Canaanite god.
13335100	13340780	As I said, the cover-up of giants, crossover with the UFO stuff,
13341020	13345760	and you throw under the mix just the rank occultists like Aleister Crowley and Jack Parsons.
13346100	13350540	Right. And Crowley's another guy who an alien being sort of seemed to show up.
13350720	13351660	Yeah, the lamb thing.
13351780	13352580	Lamb thing, yeah.
13352680	13353180	He conjured.
13353440	13355380	Yeah, so there's a lot of crossover here.
13355640	13384620	Yeah. Is there, is any of that? Cause like, you know, mostly I associate the occult with like left-hand path pursuit of power via paranormal channels in a way that is a Faustian bargain and kind of blows up in your face if you do it, but maybe it confers power for a temporary period of time. And then I also think of like the founding fathers of America, all being Freemasons and like, I'm interested in the Templar.
13385640	13391180	You know, I don't think this is all like, I often find myself caught between the people who are like, it's all demonic.
13391380	13397020	And then these other people who are like, you know, uh, obsessed with it for very dark, bad reasons.
13397140	13401740	I'm sure that within, within some of these, like for example, Freemasons is a great example.
13403840	13408000	Uh, most Freemasons, certainly the ones that I know are just good old boys.
13408380	13410160	They don't know nothing about anything really.
13410180	13412220	That's, I mean, now if you're a Freemason, you don't know shit.
13412260	13412540	Yeah.
13412540	13412820	Yeah.
13412820	13420060	Yeah. So maybe back then, I'm sure it was much more intense. I think Francis Bacon, who was the author of the colonization scheme.
13420360	13421520	Ah, I didn't know that.
13421880	13425420	He knew some stuff. He read like the New Atlantis.
13425560	13427740	I think he was a Rosicrucian.
13427760	13428120	Yeah.
13428180	13431160	And I think he was an acolyte of John Dee.
13431880	13432320	Right.
13432400	13437900	The famous magician at Elizabeth's court, who was definitely a Rosicrucian.
13438100	13441880	So I think that, yeah, you definitely have a cult activity.
13442820	13449940	have certain acolytes in the occult who are very serious and who know things and who have very
13449940	13456160	devious, dark aims. Then you have other people who are involved for other reasons, fraternities.
13456620	13460880	It was popular to be a member of some kind of fraternity back then because you didn't have
13460880	13466460	cell phones and internet. So if you're going to network with people, you did it in a fraternity
13466460	13470740	a lot of times, or you did it in like a church. And some people think that Jesus himself was
13470740	13499060	So there's a Martin Luther King Jr. actually wrote a book, or sorry, an essay called The Pagan Continuity Hypothesis. And then you have people like Brian Marescu who writes The Immortality Key and Elaine Pagels is Princeton religious studies professor. And a lot of these people sort of hint at the idea that the Last Supper was itself a mystery ritual that had some continuity between the El Usinian mystery rituals and whatever he underwent.
13499140	13500420	I have no idea if that's true.
13500740	13509860	I personally would reject any notion that Jesus was a mystery school adept or went to India to learn from the gurus or whatever.
13510020	13511140	You know, there's lots of things people say.
13511340	13512740	But do you think he had secret teachings?
13514240	13517880	I think he was, I would say that Jesus is exactly who he claimed to be.
13518420	13520360	He was the Messiah, the Son of God.
13520700	13521700	That's what I would say.
13522520	13527740	in that he differed from all of these other masters and gurus
13527740	13532900	in that he was endowed by the Holy Spirit to do what he did,
13532980	13535000	and he rose from the grave,
13535180	13538560	which distinguishes Jesus of Nazareth from everyone else.
13539040	13540560	So I would say as a Christian,
13540600	13544220	I believe that Jesus was the Messiah, the Son of God, literally.
13544440	13548460	All this stuff around him, you needing to have ears to hear
13548460	13551520	and having disciples and stuff, initiates.
13551700	13558380	of something. It is very interesting that Jesus, so here you have, according to the authors of the
13558380	13569400	New Testament, Jesus is, he's the son of God and he is the creator. It's Colossians 1, 15 through 17,
13569880	13573940	which reads, he, the son of God, Jesus, he is the image of the invisible God,
13574140	13579600	the firstborn over all creation. For by him, all things were created that are in heaven and that
13579600	13584060	that are on earth, visible and invisible, whether thrones or dominions or principalities or powers,
13584180	13590480	all things were created through him and for him, and in him all things consist. In fact,
13590500	13595400	I missed the other part. And he is before all things, and in him all things consist. So,
13595400	13603040	that is a very unique, I mean, the person of Christ to the apostles was not just the great
13603040	13610400	teacher. He's the singularity. All things were created through him and for him, and he is before
13610400	13617120	all things, and in him all things consist. And this is what the apostles believed about Christ.
13618400	13625460	And Jesus, so here you have the author of creation who is walking among men.
13626300	13629820	And he could have taught us about anything. He could have instructed us in
13629820	13633560	in electromagnetism, electricity.
13634220	13639980	I mean, you know, the Jews were under the dominion of the Romans.
13640180	13642800	Jesus could have conferred information to them,
13644840	13649080	upgraded their military technology, right?
13649300	13652480	Given them information, electricity and so forth,
13652580	13655460	that would have allowed them to easily dominate,
13655740	13658120	not just the Romans, but the entire world, right?
13660460	13666980	their civilization. He didn't do that. In contrast to those gods who descended in the days of Jared,
13667840	13672700	Jesus spoke in parables and he taught the people like they were little kids.
13673120	13681700	And his message was about the kingdom of heaven. And everything that he did was a demonstration
13681700	13688280	that he was precisely who he said he was, namely the son of God. And so I look at that and it's
13689860	13705000	The message of Christ was the gospel of Christ is about, as I referred to earlier, is about redeeming the sons and daughters of Adam and reconciling them back to the Father.
13705120	13709820	That's why the cross of Christ brings reconciliation so that we can go back into the family.
13710380	13711400	That's what he was about.
13712560	13714900	He could have taught all manner of secret knowledge.
13715540	13719220	And instead, he taught us about the kingdom of heaven and about his Father.
13720320	13725260	and the way to go back to be reconciled to the Father,
13725360	13725980	which was through him.
13726080	13728820	So I separate Christ from all of these other,
13728940	13731600	I don't believe that Jesus was a mystery school adept.
13731800	13734420	I think that, in fact, his message was in direct contradiction
13735600	13739080	to the knowledge of the watchers,
13739140	13743060	to the knowledge of the gods that was delivered to mankind.
13743500	13745940	The people that like to lump him in with the mystery schools
13745940	13749140	also say he hung out with the Essenes or whatever at the time.
13749820	13751020	This is, of course, conjecture.
13751120	13751660	Yeah, of course.
13752620	13756780	You know, we know that Jesus, that they fled to Egypt.
13757460	13759460	And he was in Egypt for a while and they came back.
13759960	13766300	And that Jesus was growing up with his parents, arguing with the teachers of the law in the synagogue and so forth.
13766400	13775020	So, yeah, I would ascribe to, rather, I would not, I don't personally subscribe to any of those alternative ideas about Christ.
13777520	13780160	Christ, I believe Jesus is precisely who he said he was.
13780540	13786820	And do you think, you know, with respect to, you know, this idea of the watchers and the
13786820	13789720	Nephilim, he's of a totally different variety.
13790060	13792120	He is just the son of God.
13792480	13792820	Yes.
13792820	13793520	So, yes.
13793940	13799860	You know, so much of what was happening in the life and ministry of Jesus of Nazareth
13799860	13802980	was really kind of undoing what had been done.
13802980	13814100	by the watchers and reclaiming and reestablishing the kingdom of God.
13814520	13820220	And so there's a great book called Reversing Hermon by the late scholar Michael Heiser.
13820540	13826740	He also wrote another great book called The Unseen Realm, which is a really, really, I
13826740	13833660	I think, critical scholarly dissertation on the life and ministry of Jesus as it relates
13833660	13837960	to the things we were talking about earlier on, the watchers and everything that they had done.
13838200	13843200	Heiser also really corroborates the Nephilim idea. It's like a real historical thing.
13843320	13843640	Yes.
13843680	13849500	And he's a guy who sort of throws, pours cold water on the Zacharias Sitchin kind of-
13849500	13852880	Yeah, he had a website called Sitchin is Wrong. I think it was Sitchiniswrong.com.
13853000	13853660	The whole, yeah.
13853660	13862740	in which he demonstrates how a lot of Sitchin's interpretations of the cylinder seals were not very good.
13862980	13869300	So another point in favor of giants is a biblical scholar who's pretty serious in debunking other people
13869300	13874020	who are, you know, considered more quacky or whatever, seems to corroborate the giants.
13874160	13879900	Yeah, I mean, Heiser would have affirmed and did that the Enochian tale that we talked about earlier,
13879900	13892900	That the idea of the gods, the watchers descending to the earth and copulating with human wind and progenerating that hybrid race of giants, that that formed the substrate of Hebrew cosmology.
13893500	13900640	That that was part and parcel to the historical narrative of the Hebrews when they looked back into the antediluvian world.
13901920	13905260	There's a lot of other scholars, too, who acknowledge that.
13905260	13907780	Most scholars acknowledge that, for sure, today.
13907780	13919040	day. But what I was saying earlier was, to kind of circle back to the beginning, we were talking
13919040	13923920	about sort of this larger biblical context into which you can accommodate the UFO phenomenon,
13925180	13932640	reminding us of Anna Paulina's words, look at the book of Enoch if you want to understand
13932640	13936180	the phenomenon. She references that in the context of interdimensional beings. I don't
13937780	13942340	dimension i don't even know what interdimensional really means that's hilarious when people say oh
13942340	13945220	it's interdimensional or they say oh it's spiritual it's like and then you ask them
13945220	13949960	one follow-up question it means nothing it means nothing it means it means movie reference yeah
13949960	13957160	or it means it's a their political polemic on what it is so often if somebody says it's
13957160	13963760	spiritual they're kind of saying it's demonic yes and you hear this with certain christian
13963760	13967880	podcaster some of whom i'm a huge fan of but they'll say they'll use this line i'll say i
13967880	13971180	think it's spiritual i think it's kind of dark and then they won't like they won't touch it
13971180	13976520	and it's like okay fine but like what is an angel what is a demon like we should try to investigate
13976520	13980180	this exactly right so if you're going to invoke and if you're going to invoke interdimensionality
13980180	13989040	for example as you i'm sure well know there isn't like one theory in physics that describes
13989040	13990540	extra dimensions.
13990740	13992320	There's a suite of theories.
13992480	13993980	And they're not the same.
13994180	13995900	You know, you have like multiverse,
13996040	13997820	which is, you know, different universes
13997820	13999720	with different physical properties, right?
13999940	14002480	So in the multiverse, you have just this endless...
14002480	14002860	Infinite.
14003020	14003340	Infinite.
14003340	14004560	The wave function never collapses.
14004560	14007780	Yeah, like the bubbles in a glass of beer.
14007940	14008100	Yeah.
14008180	14010380	Constantly, you new universes being created.
14010520	14012220	And each universe and multiverse
14012220	14015280	has different physical properties.
14015660	14017780	And the reason why multiverse came into existence
14019680	14026140	physicists, I think, finally realize that you can't get around a creator, like an intelligent
14026140	14032080	creator of the universe. And so to circumvent that idea, they created the multiverse theory,
14032200	14037000	which is just like random, spontaneous universes are being created all the time because our
14037000	14043880	universe is finely tuned, clearly. Our universe is finely tuned. I mean, it is precisely tuned.
14043880	14051040	And if any one of these constituents of our universe was not exactly the way it is, you couldn't have life.
14051100	14052240	Yeah, the anthropic principle.
14052440	14054320	The anthropic principle.
14054700	14057620	So the universe is clearly finely tuned for life.
14057760	14062900	And that points very clearly to a creator and a purpose for the universe.
14062900	14074700	And so to circumvent that, you just make it so the universe just happens to have these qualities because universes are being, there's a multitude of universes being created all the time.
14074700	14075960	There's an infinite number of universes.
14076200	14078060	And so it's just like rolling the dice.
14078160	14079820	And we happen to live in the one.
14080240	14080720	Goldilocks.
14081000	14083600	The Goldilocks universe where everything is so finely tuned.
14083660	14092480	That was a circumvention of the reality that the universe had a beginning and it was finely tuned so that it could support life and be the way it is.
14092900	14099560	And so multiverse is each one of these universes and multiverse has different physical properties,
14100400	14100540	right?
14100660	14106000	And so what you see, like there's multiverse and then there's string theory, super string
14106000	14111600	theory, which super string theory posits that there's 11 dimensions, right?
14112020	14117020	And there's different aspects of string theory that posit more, but there's at least 11 dimensions.
14117220	14119560	But those are like inaccessible dimensions.
14119560	14122760	Those are like subatomic dimensions.
14123540	14128840	And those dimensions don't give you access to another universe like multiverse.
14129020	14133320	It opens up another facet of this universe, right?
14133640	14139140	And then you have the hyperspatial theory of the universe, which is actually quite similar to that.
14139260	14142000	You have the alternative worlds theory.
14142160	14143940	These are all different scientific theories.
14143940	14164520	So what people do is they just say interdimensional and they invoke them all like a hodgepodge. And what they're doing is they're invoking a Marvel movie. So, and this is why when people say, well, I think it's interdimensional, just like you, my follow-up question is, what does that mean? Where are they coming from?
14164520	14164740	Yeah.
14164920	14165140	Right?
14165160	14171960	Because you can have, let's say, a portal open up in the sky and saucers fly out of it, like what my friends saw.
14171960	14173500	My friends saw this actually happen.
14173860	14175480	And then a portal closes, right?
14175540	14179780	And when a portal was open, he could see a different atmosphere on the other side, inside of the portal.
14180600	14183300	Well, okay, so let's assume that story's true.
14183620	14186500	And if we analyze this, we can say, okay, this is a portal.
14187320	14188360	What's on the other side?
14188720	14190000	Is it a different universe?
14190700	14192260	Is it like some sort of different multiverse?
14192460	14194180	Or is it a different part of planet Earth?
14194520	14215300	Or is it a different planet? Right? And then, so it doesn't mean, what I'm trying to say, is just because you see a portal open up in the sky and flying saucers come out of it, does it mean that those saucers are interdimensional or are by nature interdimensional? It doesn't follow that those are interdimensional beings.
14215300	14221600	In fact, it's just as likely, if not more likely, that what you're witnessing is what's called the
14221600	14226500	Einstein-Rosen bridge, and it's connecting two parts of either somewhere on the earth or in
14226500	14232440	the known universe, or in our universe, rather. And so what you're getting is vehicles that are
14232440	14236740	coming from some other part of the universe or some other part of the earth or the inner earth
14236740	14242180	or something like that. It doesn't necessarily lend itself to interdimensionality. And I think
14242180	14246320	there's a lot of confusion there. I really do. And I'm not against interdimensionality. I just
14246320	14251820	don't think it, and nobody really can define it properly. Yeah, I agree. No, it's, when they say
14251820	14256540	interdimensional, they just mean it's not extraterrestrial. Exactly. That it's not based
14256540	14260740	on any sort of physics or anything. Exactly. So let me ask you, I've been wanting to ask you,
14260820	14266660	based on all of your research, everybody you've interviewed, everything you know about this
14266660	14271180	phenomenon, what do you think is the most likely, I know you're probably not going to want to commit
14272180	14277960	think is the most likely explanation based on all the crash retrieval material basically based on
14277960	14283560	the the clear nuts and bolts physicality of at least part of this phenomenon yes based on all
14283560	14290000	of the testimonies that you've heard personally i struggle i can i can give you like very viable
14290980	14297240	local theories around anti-gravity and propulsion and then maybe even an interesting sort of physics
14297240	14303060	theory as to like who the beings are where they're from i think there are multiple phenomena at play
14303060	14309920	so here's here's our would be my sort of more multi-faceted very speculative weakly held answer
14309920	14318440	there i think there is some antediluvian remnants that are that have survived some sort of cataclysm
14318440	14325140	and exist in underwater bases specifically oceans uh which faction are you referencing here
14325140	14330400	when you think about that who are you thinking about it could be i mean you're now kind of
14330400	14336980	updating my thought process on this maybe being you know fallen angels i don't know are you seeing
14336980	14340920	in your head like nordics are you seeing gray aliens oh i see as far as like the actual uh
14340920	14345640	the survivors looking the what the beings look like i don't know i don't know what i mean
14346760	14353620	it's tricky okay so would you agree based on your uh based on your research
14355200	14358840	the three factions that are commonly cited are real.
14360140	14361960	Nordics, reptilians, and greys.
14361960	14364540	Including the insect and the mantis beings, the grey aliens.
14364600	14365820	I think they're all real.
14365940	14368960	And then where it gets so confusing is you have cases like Travis Walton
14368960	14370960	where they're working together in conjunction.
14371000	14373580	Yes, and other cases like that in the abduction material.
14373820	14374360	There you go.
14374560	14379440	So if I had to guess, I think usually in the abductions,
14379440	14384440	the tall greys are overseeing the small greys.
14385140	14391340	And the Nordics are sort of, they seem like even higher on the pecking order.
14391560	14391740	Yeah.
14391800	14399440	And so the Nordics somehow seem like really, I don't know, somehow important as far as how the hierarchy works.
14399980	14404580	And then mantids also feel above just the greys.
14404840	14408400	I don't know how the Nordics and the mantids would relate to each other.
14408580	14410580	But yeah, what would you?
14410820	14411540	It's very intriguing.
14411540	14417940	again, I think it's apparent that the mantis, the insectilens, as Jacobs denominates them,
14418040	14422560	are clearly in charge of the greys. They are definitely in charge of the little greys.
14424780	14429060	So they're managing the abduction program, I would say, at least on some level. Maybe there's
14429060	14433900	somebody above them, right? But they're definitely managing the procedures and the greys. That seems
14433900	14440400	seems to be apparent to me. Here's an interesting anecdote. So in Carla Turner's book,
14441780	14447200	Taken, she features the abduction stories of a number of women. And one of these ladies,
14447220	14454280	after being abducted by Grace, was abducted, suffered an endurant MyLab abduction. She was
14454280	14457360	taken forcibly from her house by military personnel. She was brought onto a base.
14458100	14466260	and it was a very violent episode and she remembers seeing i hope i'm getting this right
14466260	14473400	she remembers seeing nordics on the base and she had an interaction with one like she was laying
14473400	14478180	in a bed sometimes they were like the the the scientists and the human scientists were extracting
14478180	14485480	the the the implants and stuff and interrogating her and trying to figure out what the grays were
14487580	14493440	there's this weird story with one of these women where there was a nordic she was interacting with
14493440	14497900	a nordic on one of these bases and she asked the nordic if they were involved with the grace
14498720	14506500	and the reply of the nordic was by degrees that was his reply what does that mean i don't know
14506960	14511740	but i so and this is interesting you're bringing this up because this would also be my
14511740	14517920	mental model on the sort of these covert space initiatives involving you know
14517920	14522200	legacy reverse engineering programs is that we're actually working in
14522200	14526180	conjunction with the beings themselves yeah and that story you just told is one
14526180	14532660	of a variety yes of the beings being on these bases and if you think about it's
14532660	14538760	so strange it's like you have MK ultra you have exotic propulsion you have free
14538760	14541580	energy you have all these things where it seems like there's a
14541740	14548040	confluence or convergence of like um just human science initiatives and then the the people at
14548040	14552960	the forefront of all those initiatives start to communicate with aliens or get into weird alien
14552960	14559720	like the the inventors of the radio so tesla and marconi claimed alien communication puharich who
14559720	14565000	was like the pioneer of mk ultra obroth was herman obroth was saying that rocketry was inspired was
14565000	14570820	you know von braun was inspired by the beings and obroth gives a whole lecture on ufos so you have
14571740	14575460	pioneers of the science, specifically science, which is the forefront of human knowledge.
14575800	14580480	And so again, going back to the kind of fallen angel, the rebel angel, which gives the knowledge
14580480	14585860	to the man. So that these people who are at the front of all of those things seem to be
14585860	14592640	interfacing Thomas Townsend Brown. You could think of his anti-gravity stuff as an explanation
14593580	14598360	away from the extraterrestrial hypothesis. And then you get into his, the details of his life
14598360	14625140	And he's had, you know, literally close encounters of the third kind. He says he's communicating with space brothers. And so that's as, you know, as deep as you go, it's like the three body problem. It's this Chinese science fiction novel where they, the interface between the people who are stealing fire from the gods, you know, these Promethean, you know, figures, these kind of Oppenheimer style figures, they seem to be interfacing with these beings most.
14625140	14630500	and so that seems significant and then the nuclear thing seems significant because
14630500	14638640	the nuclear thing is kind of the archimedes lever both for cataclysm but also nuclear is if you take
14638640	14643860	feinman's like the room at the bottom thing you know the fact that we're splitting an atom um
14643860	14650060	seems somehow really important for our root access to reality itself there's probably an ambient i
14650060	14655760	I mean, there is the Schumann resonance, ambient electromagnetic radiation that helps life grow.
14656000	14661320	And so like interfering with that, they would obviously, you know, interfere with us interfering with that.
14661400	14666800	And so there are all these things that, you know, I feel like I have a good grasp of there.
14666960	14671100	And then on the, I don't know how the beings and how they work together.
14671100	14680160	And then which, you know, it's like when people commune with God and do these sort of Kabbalistic protocols of which CE5 is a variation.
14680380	14685600	And I'm not the biggest Greer fan, but like, you know, I do think there's actually something to the phenomenon.
14686000	14686560	Somebody's making contact with something.
14686900	14688120	Somebody's making contact with something.
14688280	14694560	And I don't know if that's, that's probably not the same thing as what's showing up at our nuclear site.
14694660	14697620	Is that the same thing as what's showing up, you know, under the oceans?
14697620	14699400	Like all of these might be different things.
14699480	14700140	I don't know.
14701100	14707300	had discussions with any of the psionic assets oh yeah yeah yeah yeah so i've talked to some of
14707300	14716660	those guys and um i wondered with the psionic stuff i wondered if there was a connection between
14716660	14722480	these psionic assets and alien abduction and the reason why i wonder that is because one thing that
14722480	14732080	it seems apparent is abductees are continually interlaced with the phenomenon. In other words,
14732180	14736940	the grays know their thoughts, even from a distance. And a good illustration of this is
14736940	14745340	there's been women who have had a zygote implanted, it's grown into a fetus in their womb,
14746320	14750300	and they realize that they're pregnant. They go to their gynecologist, they realize that they're
14750300	14758500	pregnant. What's crazy is that sometimes these women are virgins, but the pregnancy is confirmed
14758500	14766440	and they contemplate an abortion, just contemplate an abortion, or they're talking on the phone to
14766440	14774020	somebody about it. The grays come and get the fetus. They come and get it. And so the woman
14774020	14779900	will go in for the abortion and they'll do the ultrasound or whatever before, gone. This is the
14780300	14787500	fetus syndrome. Gone. Why? Because the grays took it because they didn't want the fetus to be
14787500	14793260	retrieved by the doctor or aborted. So they came and got it. They re-abducted her and they took it
14793260	14801700	out. And there's other such stories that I think indicate that perhaps through the implants,
14801860	14809600	but also because the grays are potently telepathic, that there's a connection established
14810300	14815960	the gray and the abductee. So if you are, this was just my theory. And by the way, I posited this
14815960	14827780	theory to some of the psionics guys said, so if you are an abductee and you're signaling something,
14828160	14834920	you're broadcasting, maybe because you're implanted or just telepathically, whatever,
14835120	14839420	brainwaves, you're broadcasting something. This is the way I like to think of this.
14840300	14847680	I have a friend who was a rancher in Australia and it was, you know, always really hot and he
14847680	14851020	had all his cattle out there. So he didn't ever really want to get up. He'd sit there in his
14851020	14855180	tighty whities and on his computer and he didn't want to get up and go see if there was a problem
14855180	14859840	with his cows. He'd hear like, he'd hear some commotion out there and he could see him on video.
14860660	14866340	And so rather than getting up and going out there, he would, he had a drone. He just put his drone
14866340	14869920	up in the air and he'd fly his drone over there and kind of check out what's going on. Then one
14870300	14872260	bit by a snake or something, right?
14872360	14873620	So he didn't have to get up and go out there.
14874000	14877160	I almost wonder if that's what's going on with some of these psionic people.
14877260	14882020	They're broadcasting something and then an automated response shows up.
14882060	14886900	Like orbs often will show up or sometimes craft, sometimes they can get the craft to
14886900	14887080	land.
14887580	14893420	I almost wonder is because they're intrinsically interlaced with the phenomenon, if it's almost
14893420	14898020	like just sending out a broadcast and the automated response comes kind of just like
14898020	14899780	the drone checking on the cattle.
14900300	14908400	No, that would make sense. It really would. Because if you look at like, you know, Skywatcher, which seemed like this.
14908520	14909320	Jake Barber.
14909380	14923700	Yeah, exactly. Almost externalization of what was happening on the inside. And maybe it got botched somewhat and I don't know what ended up happening with it. But it was that you had this mechanical dog whistle and then you had this human dog whistle.
14923700	14936440	And so I do think it was this thing where you could predictably, and then you hear other stories of the reverse engineering program involving like the only way to fly the craft is with your mind.
14937120	14939360	So that seems significant as well.
14939520	14942060	Yeah, there's definitely a mind machine interface involved.
14942900	14944060	I think that's clear.
14944160	14945660	I don't know what you think about Lazar's testimony.
14945760	14946680	I personally believe it's true.
14946880	14947560	I do too.
14948300	14951020	I think I believe it's true.
14951020	14957300	And then I also think they were, you know, they were messing with him and
14957300	14961440	probably maybe trying to get certain things out and then it went ran amok.
14961520	14964540	The, and the initial briefing that he got, I'm not sure how much of that was true.
14964760	14965200	Yeah.
14965280	14966060	Yeah, exactly.
14966160	14969440	There's a lot of passage, the UFO Bible, I think he called it or whatever it was,
14969460	14972800	the material that they had him read before he began to work on the project.
14972860	14973080	Yeah.
14973160	14977320	That to me seems like, like maybe some manipulation to try and, you know,
14977320	14980460	definitely was some throw some confusion into the mix.
14981020	14983880	Because they don't ever want any of these guys putting too many of the pieces together.
14984120	14984360	Yep.
14984420	14987560	They just want them to be laser focused on one aspect of it.
14987620	14989480	And you want to give them uniquely false details.
14989560	14990740	So if there is a leak, you know.
14991000	14991520	Precisely right.
14991640	14991900	You know.
14991940	14992200	Yeah.
14992240	14995800	So you always got, and Lazar actually, he thinks that that is.
14995820	14996300	He says that.
14996800	14997160	Possibility.
14998220	15003020	So I actually asked some of these psionic guys and, well, I proposed this idea to them
15003020	15005140	and they were very receptive to it.
15005200	15009640	In fact, I was told, we know for a fact that some of our assets are abductees.
15011020	15034740	Yeah. A component of this. That's why they actually conceded that. Yeah. That might be why these people can kind of summon UFOs is because they're already interlaced with the phenomenon and you're broadcasting and there's just an automated response. You know, I hate to put it in such crude terms, but you know, where the cattle and the drone show up. Right. And so I think there's something to that.
15034740	15050420	Well, is there, is there, but, or, I mean, that's the somewhat negative framing. What if, you know, the Enoch goes up and, you know, or walks with God and you have, you know, Ezekiel, maybe it's a dream like thing, but like he sort of walks with God.
15050420	15059720	There are people who believe in this sort of Kabbalistic story and they'll say Jesus in the book of Acts going up on the cloud is an example of this.
15059840	15064940	And maybe they're taking liberties and you can correct them if they're wrong.
15065100	15075380	But like, what if the craft showing up is like to commune with or take them somewhere and show them something beautiful and then they come back down?
15075560	15080160	Well, I mean, okay, let me give you an example here.
15080420	15084500	I got to go back to, and I'm going to give you two examples.
15085340	15086860	First one is a positive encounter.
15087180	15087440	Okay.
15087580	15091920	So I have a good friend of mine, and he's gone publicly.
15092080	15093900	He's gone public with this, so I'll just say his name.
15094000	15096840	His name is Gary Stearman, a wonderful man, older gentleman.
15097380	15103900	And he's a great Bible teacher, just really, really knowledgeable.
15103980	15105600	He's dedicated his life to it.
15105640	15107720	He's in his 80s now, just a phenomenal Bible teacher,
15108220	15109600	and a really good friend of mine.
15110420	15113700	And he told me a story one time that threw me for a loop years ago.
15113760	15120740	And it sort of got me, it sort of dislodged me from the traditional position where you're
15120740	15123620	not really thinking about UFOs in a biblical context.
15124000	15128880	This is, as I like to say, rearranged the theological furniture in my brain a little
15128880	15129020	bit.
15130180	15134620	He had an encounter, and I'm going to get some of these details wrong, but Gary's told
15134620	15138220	this story several times, including at one of our conferences, True Legend conferences
15138220	15138860	years ago.
15140420	15148160	He was, I don't remember the year, and he comes from a family, the Stearman family, an aircraft family.
15148340	15154280	And members of the Stearman family have worked with Lockheed Martin and various, they've been in the programs, let's just say that.
15154860	15157120	And so that was the environment that Gary grew up in.
15157200	15162540	And so he was, I'm going to try and get the details right here.
15162920	15167220	He was delivering an aircraft, a prop plane.
15167880	15173560	I think he was flying from, I want to say Lubbock, Texas to Dallas, I think. I don't remember.
15174480	15181540	And he was delivering this plane. And so at the time he just wanted to be a pilot. He wanted to
15181540	15189140	just do what his family did. And he was on this routine business situation where he's delivering
15189140	15195460	this aircraft. And he gets up in the air and he's flying. And he's a young guy in this context,
15198020	15205260	suddenly the electrical components went out on his craft and he realized he's in trouble, right?
15205420	15211280	His electrical components went out of his craft and he knows he's in trouble. So I think, I forget
15211280	15215100	what he did to try and manage the situation, but he knew he could have a real problem here.
15216500	15221520	And I think what he was going to do is try and turn off the electrical components and then turn
15221520	15227200	them back on when he was coming closer. So he had to land, I don't remember, but he was in trouble.
15227800	15235500	and I think he was flying a Cessna. And as he's flying along with this problem, serious problem,
15237300	15243860	he looks off, I think he looks off his left wing and he sees this shiny object flying out there in
15243860	15247600	the distance. I think he said like a mile away. I hope I'm not butchering this story. I'm getting
15247600	15252280	the fundamentals right. I hope I'm not butchering the details. He sees this shiny object flying a
15252280	15259020	a mile away and thought it's just another aircraft out there. And then, um, at some point
15259700	15266600	he hears a voice, he hears a voice that said, and he said it was comical. The voice said,
15266700	15274560	if you look to your left, you'll see a UFO. And it was like, he said it was like a tour guide voice.
15274640	15279560	It was comical. And he looks to the left again. And this craft now is right close to him.
15280160	15285780	and it's a walnut shaped craft. He got a good long look at it. It's right off of his left wing
15286440	15293200	and, and it's flying perpendicular to him. And, and it's, it's just this, he said it was just
15293200	15299160	this beautiful shining craft. Just, it was just, just the way he describes it. It had these colors
15299160	15304780	emanating off of it. And it was just the silver, you know, the typical silver craft, no rivets,
15304780	15316300	no seams, you know, the typical UFO. And he said that he couldn't see the beings inside of it,
15316340	15325960	but he felt them. He felt like this intense fraternity, like this fraternal affection,
15326320	15328940	as I think the way that he describes it, like this fraternal affection,
15328940	15336560	perfection like like these beings were familiar with him and were there to look out look out for
15336560	15346900	him and and and that craft stayed with him and guided like basically um it accompanied him for
15346900	15352400	the rest of the flight until he got to the airport and then it just hovered up there and he landed
15352400	15359120	landed successfully. Now, the crazy thing is he gained, I think he gained like three hours.
15359520	15365880	Whoa. Because he was in close proximity with this craft and he ended up arriving really late and he
15365880	15369360	didn't have the fuel for the amount of time that he was up in the air. He didn't have the fuel.
15369840	15373140	And the people who was delivering the aircraft who were freaking out on him.
15374340	15380140	And in addition, he told them there was a problem with the aircraft. So they took the aircraft to
15380140	15383960	to the mechanic to take a look at it. And the next day, Gary came back and was talking to the
15383960	15389740	mechanic. And I don't remember what the issue was, but he should have been dead. Like this,
15389740	15393140	whatever the issue was, the mechanic said, I don't know how you landed this.
15393440	15398300	You don't land a plane like this. He should have been dead. So Gary,
15399560	15405660	and here's a really important facet of this story. So when Gary took off that day in the Cessna,
15405660	15413460	his trajectory in his life was to be a pilot. By the time he landed, he knew unequivocally
15413460	15419380	that he was supposed to be a Bible teacher. So the encounter with this craft completely
15419380	15428840	changed the trajectory of his life. And he devoted himself to learning and teaching the Bible
15428840	15435100	because of that encounter. So I asked Gary, well, what do you think was in that craft?
15435660	15440980	you think was in that craft? Because they obviously saved his life. And his answer,
15441800	15450700	angels were in that craft. But that's a true story. And Gary is a wonderful man. And as I said
15450700	15458860	before, excellent Bible teacher. And that encounter changed his life forever. So that's why it's
15458860	15463620	established in the beginning that, you know, you can't just label.
15463720	15467320	There's no, if you try and be overly simplistic with this phenomenon,
15467580	15468260	you're going to get it wrong.
15468340	15468940	Yeah, yeah, yeah.
15469100	15470280	It's highly complex.
15470500	15472820	And I always tell people, embrace the complexity.
15473140	15475800	If you're trying to squeeze it into one thing, you're going to be wrong.
15476860	15479760	Because the universe is vast, for one thing,
15480520	15482240	if you're coming from a Christian perspective.
15482840	15487260	You cannot hope to constrain the mind of the maker.
15487420	15488000	Mm-hmm.
15488860	15496740	that you don't even comprehend. In other words, you can't say that God's only created X, Y, Z,
15496800	15503160	and that's it. We have no idea what's out there. We have no idea. And I don't do that. I don't
15503160	15509320	restrain the mind of a being that I cannot hope to comprehend, the mind being the maker himself.
15510180	15515460	So I think that you have a few things happening out there. You have, as I said in the beginning,
15515460	15519280	and you have some of what we see are the non-human good guys,
15520180	15522840	the faction that the Bible describes as angels.
15523520	15527580	Some of them are from the same faction, but the bad guys,
15527840	15531160	the ones that we would describe today as quote-unquote fallen angels.
15531700	15534560	And then you have a host of other things in the game
15534560	15537440	that maybe we have no idea what the heck they are or where they come from.
15537580	15540580	And then the weirdest part of the whole phenomenon
15540580	15544620	is it often feels like it mirrors somebody's internal state.
15545640	15553320	So when they do these sort of, you know, um, sigh, you know, uh, attempts to call the craft,
15553440	15557320	uh, I hate to use the word summoning cause that inherently sounds kind of dark.
15557440	15557620	Yeah.
15557720	15562340	Uh, it feels like the emotions that get amplified.
15562400	15567280	It's almost like in a psychedelic trip where if you go in with a lot of ego, you have a
15567280	15570480	lot of like pain and hardship kind of excavated and you're humbled.
15570640	15572860	Like it feels like that.
15572860	15578820	that you you you are yeah i the way that these guys have described it to me
15580320	15586100	is there's there's it's it's actually in some cases it's unbearable right and they have to
15586100	15590860	be severed like they can't take it they have that's why there's you know i think um well i
15590860	15594940	think a lot of the legacy program a lot of these guys have sundowners syndrome yeah they literally
15594940	15598940	lose their minds that's right yeah it's unbearable so they have to be you have to be careful because
15598940	15602380	Because guys can go crazy if they establish a connection.
15603540	15609880	And whatever's happening there is so intense that it's almost like sticking your finger in an electrical socket.
15610140	15610740	You know?
15611140	15612820	At some point, you're going to get fried.
15613180	15615160	And they have to cut themselves off.
15615220	15618020	Or somebody has to sort of remove them from that state.
15619360	15621560	And it can be extremely traumatizing.
15621580	15623440	I know that because the guys have told me themselves.
15623680	15625940	It can be extremely traumatizing.
15625940	15630280	because you're interfacing with, number one, something we don't understand.
15630540	15633060	I think that's the first, that's how we started off this conversation.
15633760	15636260	We're interfacing with something we can't control.
15636400	15637800	We don't understand.
15638340	15642120	That's much smarter than we are and probably way older.
15642940	15644920	That's the baseline interaction.
15645740	15648820	That's our baseline scenario when we interact with this stuff.
15649320	15652320	So if you're interacting, let's say, psychically,
15652440	15654800	psionically with this phenomenon,
15657140	15659760	Because they can control the craft sometimes.
15660340	15663720	And not all these craft have anything inside of them.
15663940	15667660	Some of these things are just like drone, for lack of a better word.
15667860	15676060	And because the mechanism is a mind-machine interface, they can actually control some of this, grab hold of it, so to speak.
15676540	15681040	And sometimes they'll grab hold of something and somebody else shows up to break that connection.
15681040	15701280	Right. And when that somebody else shows up, there's like this intense personality that's introduced into that scenario. Like another intelligence is suddenly introduced in that scenario and it's overpowering. It's overpowering because their capabilities are much stronger than ours. We're like toddlers.
15701280	15706080	I always warn people, like when you interact with this stuff, it's equivalent.
15707080	15708840	I think it's an accurate analogy.
15709020	15712560	It's like a two-year-old interacting with a nuclear physicist.
15713000	15713440	Right.
15713900	15714340	Right.
15714860	15715700	That's what it's like.
15715800	15716080	Yeah.
15716180	15717360	We're the two-year-old.
15717380	15717760	Yeah.
15717900	15719480	We can kind of communicate.
15719740	15726360	We can, you know, say we're hungry, we're thirsty, whatever, but we're never, ever going to outsmart these people.
15727040	15727480	Yep.
15727700	15730480	We're always going to be manipulated by them.
15731280	15751320	So we're always at a disadvantage. And this is why there's a prohibition of contact in the biblical, in the Bible. That's why divination, there's a prohibition against divination because divination is essentially seeking information from other, let's just be very broad in our terminology here, from other non-human intelligences aside from Yahweh, aside from God.
15751320	15773380	So how do you reconcile, because you're clearly very Christian, but you also have an intense interest in this. So how do you reconcile your almost, you know, you think of this whole thing, it's like this forbidden truth, you know, and it's like this kind of constant desire for that with, you know, your adherence to the Bible and Jesus.
15773380	15796340	Well, I wouldn't say it's forbidden. The truth of it, I wouldn't say is forbidden. I would say that it's important for Christians to have a very well-developed paradigm that can accommodate things without busting it, shattering it into a million pieces. So an elastic paradigm.
15796340	15818740	So the way that I approach this is I come at this entire thing from a Christocentric perspective. So what I mean by that is traditionally, the traditional Christian worldview is anthropocentric, which I call the anthropocentric perspective in birthright.
15818740	15825560	Right. And from the anthropocentric perspective, and when I say traditional, I mean the traditional Protestant, Catholic, Orthodox view.
15827480	15829220	Mankind is at the center of all things.
15829640	15831200	We are at the center of all things.
15832340	15834640	And the earth is at the center of all things.
15834680	15837800	Not necessarily the center of the universe, but like the center of everything happening.
15838080	15846840	I mean, not the center of the solar system in that sense, even though that's the way that they used to think centuries ago.
15848740	15851180	Conceptually speaking, mankind is at the center of everything.
15851800	15858720	And if you think of it like as a wheel, like a wagon wheel, you have the hub and then you have the spokes.
15859900	15863000	From the anthropocentric perspective, mankind is the hub.
15863280	15866220	And everything that's happening in the universe is revolving around him.
15866300	15868460	He is the center of attention in all things.
15869640	15871880	And that's sort of traditionally been the view.
15872060	15877320	And that's people have a hard time then contemplating, could there be other extraterrestrial intelligences?
15878740	15887220	How does that fit into our wagon wheel here with mankind at the center and everything focusing on mankind?
15889600	15892340	Well, that's not my perspective.
15893600	15895860	In fact, I would say that's not the biblical perspective.
15895980	15902580	The biblical perspective is an anthropocentric, or rather a Christocentric perspective of the universe.
15902860	15908400	So you remove mankind from the center of that wheel, from the hub, and you place Christ at the center.
15908740	15916940	right? And you make us one of the spokes of that wheel. Now, everything revolves around him,
15917040	15924440	the son of God that Colossians 1, 15 through 17 that I cited earlier, that he is the center of
15924440	15928720	all things. All things were created through him and for him, and he is before all things,
15928740	15934920	and in him all things consist. That's the Christocentric perspective. So he's the main
15934920	15940360	character. He's the primary protagonist. We are ancillary characters in his story.
15940660	15946240	Everything, the universe itself was created for him. So once you sort of disassociate
15947360	15952020	that, you disassociate the universe, the purpose of the universe from mankind.
15952780	15958340	That's an important thing. You disassociate the purpose of the universe from mankind. We're not
15958340	15962720	the purpose of the universe anymore. Christ is the purpose of the universe. It's his story. It's
15962720	15968120	his universe everything revolves around him then that opens up a much larger more much more
15968120	15974220	extensive cosmology because he's now at the center of this thing i'm a spoke in that wheel right
15974220	15979480	along with how many other who knows what we know that the sons of god exist we other non-human
15979480	15985800	which we went through earlier pre-exist us they're they're they are preeminent in regard to their
15985800	15990980	nature we mankind was created to be a little lower than the heavenly beings so we have non-human
15992720	15998160	Biblically speaking, they're part of the story, but the story doesn't revolve around them and it doesn't revolve around us.
15998280	16003780	It revolves around the central figure, the Son of God who sits at the center of this entire thing.
16004320	16009160	So when you do that, you can comfortably begin to accommodate things into a biblical worldview.
16009960	16011620	And it doesn't matter anymore.
16011740	16014940	Like it doesn't change, for example, the gospel of Christ at all.
16015440	16020240	If it turns out that there are, let's say that gray aliens are from Zeta Reticuli.
16020240	16027480	lie. That doesn't do violence to my theological perspective at all. Christ is still at the center
16027480	16032760	of the universe. The gospel of Christ is still true. And people often raise the contention,
16032880	16036080	well, wait a minute, if you have extraterrestrials, doesn't that mean, therefore,
16036600	16041620	that Jesus would have had to go and die for all the different alien factions on the different
16042900	16047220	planets or that they all had to have their own version of Jesus? The Bible already answers that
16047220	16052940	that question? And the answer is no, because it says he did not help the angels. And what that
16052940	16058700	means that the context is he didn't provide, he didn't do what he did for mankind. He didn't
16058700	16063820	provide a way of reconciliation for the angels like he did for us. And the angels are non-human
16063820	16070760	intelligence who are already in the game. These are already extraterrestrial beings. They're
16070760	16076160	already in the picture, biblically speaking. So just adding some more intelligent beings into
16077300	16082100	change anything, biblically speaking. Have you ever read C.S. Lewis's Space Trilogy?
16082340	16085860	No. And everyone is shocked when I say that. I'm shocked.
16086000	16089740	You know, I grew up on the Chronicles of Narnia when I was a kid, when I was in grade school
16089740	16095240	and elementary school. I grew up, I mean, I just devoured the Chronicles of Narnia. I just read
16095240	16098280	through the whole seven books and then start over at the beginning, read through them again.
16099360	16104520	And I never cared about, I never wanted to read the space stuff. But everybody always tells me,
16104520	16106400	I mean, man, you got to read the space trilogy.
16106400	16107120	Yeah, yeah, yeah.
16107120	16115140	Well, because I think of him as another Christian thinker who's, you know, very impressive.
16115440	16116880	Like a really amazing thinker.
16116880	16117700	Very philosophical.
16117920	16118600	Very philosophical.
16119440	16123900	But then also has this cosmology and writes about this sort of space war.
16124120	16125480	And it's very interesting.
16125680	16132260	So I feel like I'm in accord with C.S. Lewis, even though I've never read any of this.
16132320	16132760	Yeah, yeah, yeah.
16133120	16133560	Okay.
16134520	16138800	This is probably sacrilegious after the last 30 minutes of conversation we just had about religion.
16138880	16145460	But I need to hear this story about the Peruvian face peelers because it's so gnarly.
16145580	16158660	Back in 2023, in the summer of 2023, specifically in the month of June and July, there were these series of videos that hit social media and just went viral.
16158780	16163380	And they featured some indigenous people out in the Peruvian Amazon.
16164520	16167100	who were encountering this phenomenon.
16168420	16171580	And there was something terrifying happening to them,
16171640	16173720	and they were running around at night,
16173760	16174460	screaming, yelling,
16174600	16176340	discharging their firearms into the jungle.
16176820	16179480	And then in interviews,
16179560	16181440	these individuals, these various villages,
16181640	16184940	but particularly at the center of this
16184940	16187180	was this village called San Antonio de Pinto Yaku.
16188160	16191680	And individuals in these videos were being interviewed,
16191780	16193860	and they were saying that
16194840	16196960	they were being attacked by aliens.
16198540	16200700	Some said aliens, others said pelacadas,
16200980	16203040	which translates to face peelers.
16204580	16207320	And obviously something very traumatic was happening.
16207660	16211080	It wasn't just happening in San Antonio de Pinto Yacu,
16211160	16212520	it was happening in other villages as well.
16213060	16214600	Multiple villages were being affected.
16215440	16218380	There were reports of people who were being recovered,
16218520	16221140	bodies, cadavers that were being recovered without their faces
16221140	16223180	or faces partially surgically removed.
16224520	16227320	And it just spread like wildfire on social media.
16227460	16232720	And it turns out that, you know, I lived in Peru for 10 years and I cut my teeth in the Amazon.
16233000	16235640	I speak the particular dialect they speak out there.
16235660	16242420	They speak Spanish, but they speak a dialect of Spanish that they call Charapa, which it mixes in some Quechuan words.
16243820	16246060	And that's the kind of Spanish.
16246140	16247800	It's kind of like hillbilly Spanish, actually.
16247800	16275340	So, and it was happening in an area of the Peruvian Amazon that I'm quite familiar with, roughly in the region of Alto Nanay. A lot of this was unfolding. So people were contacting me and I was watching all of this happen on social media. I made a couple of videos about it with my friend Doug Thornton. And we were talking about the phenomenon, just sort of tracking it. And people were sending me emails and tagging me on social media, begging me to go to Peru.
16276080	16303620	But luckily for me, I didn't have my passport at the time. I had sent my passport away to renew it. And it sort of gave me an out because I really didn't feel like going because I had to, I was actually had planned a trip with my son, my oldest son to Guatemala. And I didn't, I was not going to sacrifice that trip with my son. So I didn't really want to travel before that. And I honestly didn't just didn't want to go. And people were begging me to go. You need to go up there. Nobody was going.
16305700	16332060	Nobody was going. There were some interviews with some of the villagers in the city of Iquitos, but nobody went to the village except two provincial policemen with a Navy escort. They went to the village because the villagers were begging the Navy to come protect them. They were begging the Navy. They were making these videos where they're all holding signs that say, we're under attack. Please help us. They were begging the Navy.
16332060	16348260	These people were clearly not just from San Antonio Pinto Yaco, various villages in the region, right? Alto Nanay, generally speaking. And so these policemen went there and did a, what I describe as a piss poor investigation.
16348260	16353060	And they interviewed some of the people, some of the villagers.
16353180	16358020	They interviewed a 15-year-old girl named Talia who had been, there was an attempted abduction of Talia.
16358420	16365100	And they concluded, these police officers concluded, not based on the testimony of the villagers.
16365400	16372620	They concluded that the villagers were being assaulted by river miners with jetpack technology.
16374020	16381840	Now, if you know anything about river miners and you've spent time in the Amazon jungle, you know that that narrative is absurd.
16382100	16382660	Case closed.
16383000	16383600	It's absurd.
16383880	16385520	And everybody ran with it.
16385580	16392240	The Peruvian media was all over this thing, took it very seriously until the jetpack miner narrative went out.
16392320	16394380	And then everybody bought it hook, line, and sinker.
16394440	16397260	Everybody, the Peruvian press, the American press.
16397260	16404460	I even watched a segment on News Nation where they were like choking around like, oh, those pesky miners with jetpacks.
16404600	16406640	Like, it's those guys, obviously.
16406680	16408880	They're trying to drive the villagers off their land.
16409140	16410360	And it was absurd.
16410780	16413620	Who owns jetpacks, let alone miners?
16413720	16415180	It was absurd.
16415500	16415840	That's absurd.
16415980	16419960	None of these people who are saying this had ever encountered a Peruvian river miner.
16420200	16420860	I have.
16421300	16424400	And they certainly don't have jetpacks.
16424460	16425300	They're not Tony Stark.
16427260	16433880	in the water, kill everything, and then drudge the bottom on these rusted out boats that can
16433880	16442220	barely move. And they don't have any money. And the whole thing was absurd. It was absurd. So
16442220	16449200	at that point I thought, okay, I got to go because this is bull crap. It's not jet pack miners.
16449600	16455880	So my passport came back and I didn't have any more excuses. So I said, all right, I'm going to,
16457260	16464060	time, like a week right up against my Guatemala trip with my son. And so I tagged my friend,
16464140	16471620	Doug Thornton, asked him if he'd go with me. And Doug was an infantry Marine and a DHS special
16471620	16483800	operator. So Doug is a great guy to go with. And so I organized this expedition. I chartered a
16483800	16489220	a riverboat and I made contact with the village first. And I want to thank the ufologist,
16489340	16496000	Ronnie Vernet, Brazilian ufologist. He put me in contact with the village. And in fact,
16496000	16499860	with the kid that had, the young man that had filmed some of these, the footage that went viral,
16499920	16504460	his name was Christian. He was the school teacher. And I got in contact with Christian and Christian
16504460	16515780	Christian and I began a dialogue and what I did was he wanted me to record a message on WhatsApp in regard to my intentions.
16515840	16516980	I want to come to this investigation.
16517900	16524260	And he played that recording to the Apu, the chief of the village and his elders.
16524760	16529080	And then in response, I got an official invitation to go from the Apu.
16529080	16539180	And I was told that the villagers were in dire straits, that if there was any way I could help, that would be great also.
16539440	16546000	Like, I'm free to come and do whatever investigation I want, but also, you know, they're running out of medicine and stuff like that.
16546000	16563980	So I contacted some associates of mine, specifically some of the men from Conduit Church, some of these awesome dudes over there who wanted to help me fund this thing because I now wanted to sort of go on an aid mission too to resupply them, medical supplies and stuff.
16564140	16564700	And we did.
16565020	16570820	So we went to San Antonio de Pinto Yaku on this chartered riverboat.
16570960	16573380	By the way, all of this is in a YouTube video on my YouTube channel.
16574200	16575980	and we brought supplies.
16576880	16578740	The Apu and some of the guys from the village
16578740	16580280	met us in Iquitos and went up,
16580400	16582020	like escorted us up the river.
16582400	16583880	It took a couple of days to get up the river.
16585480	16587120	You go up the Alto Nanay
16587120	16588800	and then you go up the Nanay River
16588800	16590640	and then you go up the Pintuyacu from there.
16591640	16593160	And when I arrived at the village,
16593300	16595640	I was, I'd been in a lot of these villages,
16595760	16596200	you know, in Peru.
16596320	16598140	And this is the first time I was greeted
16598680	16600580	by, you know, a small army of men
16600580	16602720	with loaded shotguns.
16603380	16606580	And they were there cheerfully receiving us, but they were armed.
16606760	16607740	All of them were armed.
16607840	16612820	And this is how they were always, since the incursions had been happening, they were doing patrols.
16612820	16614220	The men were not sleeping at night.
16614280	16617020	They were sleeping during the day and then patrolling at night.
16617940	16625180	And they hadn't been going out to their farms, and they were traumatized.
16625760	16629640	So we unloaded all of the provisions that we brought them.
16629700	16632640	We also brought them, in addition to food and medical supplies,
16633380	16635700	We brought them some technology.
16635840	16641620	We brought them some night vision goggles with recording capabilities so that they could see and record the phenomenon.
16641920	16644660	We brought them thermal binoculars.
16644720	16649100	We brought them high-powered flashlights.
16649240	16654880	And we brought them really good radios so that they could better protect their village.
16654880	16676940	And I also went with, I hired a couple of active duty Navy jungle commandos to go with me, proving guys. And so we disembarked and were greeted by these villagers and they brought me into their tambo, which is their meeting place.
16676940	16682280	place. Government have built this thing there. San Antonio de Pinto Yakuza, it's the Quito people,
16682420	16689620	and they're a very old community. One of the oldest communities in the region. And this is
16689620	16694800	sort of one of their last outposts. And this is one of the last, it is like the last outpost of
16694800	16700620	civilization before just a vast, untracked wilderness, Amazon jungle. So the government
16700620	16705760	had put a communications outpost there, which means the villagers had internet. So they had
16706940	16728440	So these, when I say villagers, they're not people like in, you know, grass skirts with blow, with blow guns. They're, they're more modernized villagers and they all have cell phones. You know, they watch Marvel movies and stuff sitting in the tombo at night. So, um, they received us, uh, uh, very, um, enthusiastically. They did a traditional Iquitu dance for us. It was really cool.
16728440	16744520	Um, and then we began our investigation in earnest. And, um, I started to go around with the Apu, the chief, to go to the different areas where they had encountered the phenomenon and to interview people. And, um, I'm trying to encapsulate this.
16745300	16762720	So the first thing I came to understand was a lot of people in the village had encountered this phenomenon. It wasn't like one or two people. A lot of them had seen the phenomenon and many of them were traumatized. So like a lot of PTSD.
16763820	16771200	And basically what they were encountering was the way that these incursions would begin was it'd be nighttime, always at nighttime, always after dark.
16771280	16775400	And they would see like two mini flying saucers hovering in the air, right?
16775520	16779160	Just these little saucers with a series of lights around the bottom.
16779700	16782900	And that's how they knew the incursion was about to happen.
16783040	16786400	And then these two little saucers would go fly into the jungle and then land.
16787000	16793300	And then shortly thereafter, they would see two individuals sneaking into the village.
16793620	16798360	And these individuals would be dressed head to foot in black armored body suits with helmets.
16798860	16805220	They were described as very much like the Green Goblin from the Spider-Man movie.
16805440	16805640	Yeah.
16805720	16812060	With the, you know, because he had that helmet, but he had like kind of the almond shaped eyes, the yellow almond shaped eyes.
16812240	16814040	And he uses the craft.
16814120	16814620	He flies on it.
16814620	16815000	It's like a hovercraft.
16815180	16815460	Yeah.
16815460	16815660	Yeah.
16817400	16822440	goblin but without like the big you know grin so they would stand on the craft they would yeah
16822440	16827320	yeah and so what the little flying saucer things that they saw turned out to be circular hoverboards
16828460	16834500	and and these guys were dressed in black armor body suits and their eyes they had these almond
16834500	16842000	shaped tinted eye lenses on their helmets some said yellow some said green night vision i don't
16842060	16844180	and they were very tall.
16844280	16845880	Everyone said they were taller than me.
16846080	16847320	I'm 6'1".
16848100	16849620	And some people, I would go like,
16849620	16850520	are this tall, this tall?
16850900	16852340	Some people were like, this tall,
16852500	16854200	like, you know, seven, seven,
16854260	16855780	seven and a half, eight feet tall or whatever.
16858760	16860400	So basically, you know,
16862000	16863820	calculating some exaggeration in there,
16864460	16865380	you know, they were probably
16865380	16866820	six and a half, seven feet tall,
16867640	16869300	conservatively, based on what the villagers told me.
16869300	16896660	So these individuals, they shot some of them at point blank range with shotguns, 16 gauge birdshot. It had no effect. They would literally hear the BBs dinking off of their armor. And one guy said he was confronted, one of these guys confronted him. Well, he confronted one of these assailants at night. And this particular guy was dressed in a silver suit and he was so adamant.
16896660	16922940	He's like, I know all the other people are saying black, but what I saw the guy was silver head to foot. And he said, I shot him at point blank range with a shotgun. And in the blast of the shotgun, he could hear the BBs dink off the armor and it knocked the guy back on his butt. And by the way, when he shot him, the guy was hovering, not on a hoverboard, just off of his boots. They had these two circular discs on the bottom of their boots that emitted a light and they could hover.
16923860	16940220	So he was floating. He said he was floating about a meter off the ground. I shot him. He fell back on his back from the blast and then popped right back up and just like zoomed away. A lot of the villagers saw these guys. A handful of them shot at them.
16940220	16946520	them. One of the villagers said that he saw a larger disc hovering in the sky. He put his
16946520	16951760	flashlight on it and he saw two guys, the silhouettes of two of these armored guys together,
16952280	16958720	both of them on one circular disc. So sometimes there was this one guy and they're like surfing
16958720	16968720	on them. And so in addition to the black armored body suits, these assailants, that technology and
16970220	16983300	It's clear that there was also advanced aerospace vehicles involved because more than a few villagers, one guy drew it on an acrylic chalkboard for me, saw an almond shape, rather an acorn shaped craft, but like prone, like on its side.
16983740	16984060	Wow.
16984880	16986720	And they all drew the same thing.
16986780	16987740	They all drew it for me.
16987840	16995380	All the ones who told me about this, they drew it in the dirt for me, or I had them draw it in the dirt for me, or the one guy drew it on the acrylic chalkboard.
16995600	16996420	I've got that on film.
16996580	16997620	They all drew the same thing.
16998080	17004360	and some of them saw close encounter like like 40 feet in the air above their hut some people
17004360	17010220	describe it as matte black hovering silently no propellers no propulsion remember these people
17010220	17014460	are watching all the same movies we are on their phones they know what airplanes are they know what
17014460	17021240	helicopters are these aren't like primitive like i said uh natives and one guy said the guy who
17021240	17025480	drew it on the acrylic chalkboard said that he was pulling up his nets at night and as he was
17025480	17029140	was doing that, it was like, he says like somebody turned the lights on or the sun suddenly came up
17029700	17034640	and he looks up and 30, 40 feet above him is one of these craft almond shape. Um, I keep saying
17034640	17040820	almond shape, acorn shape craft. And he said, but this one was translucent. It was like, it had a
17040820	17046420	mesh, a transparent mesh. He could see the mesh, like looking through a screen door. And he saw
17047180	17052340	two guys inside of it, two people or beings or something inside of it. One in the front,
17052340	17058320	one in like the belly of it. And it projected a light down on him and it had these little stubby
17058320	17064040	protrusions and they opened up and there was like a series of blinking lights. And then they folded
17064040	17068540	back in and it started to move off. And he said, when it started to move off, there was sort of a
17068540	17075760	low frequency hum. So you have, not only you have these armored assailants on these hoverboards,
17075760	17090260	You have advanced aerospace vehicles, unconventional technology being deployed in the Amazon, Peru, the Alto Nanay region, various different villages.
17090420	17093360	Now, well, why are they called face peelers?
17095940	17102160	Because the indigenous people, if you ask them who these assailants are, half of them will say they're aliens.
17102460	17104400	Half of them will say they're face peelers.
17105760	17111740	face peelers is there's the the faith face peeler legend goes back to the 80s like the mid 80s
17111740	17119240	and it it doesn't go further than that um and they say that these they call them gringos started
17119240	17125120	showing up with technology and sort of like the boogeyman the the the wives i mean the mothers
17125120	17128040	and fathers would tell their children don't go out at night the face peeler will get you
17128040	17134420	because every now and again there'd be an attack by face peelers and the the cadaver of the person
17135760	17139840	later without a piece of their face gone or their whole face. And sometimes your organs harvested.
17141740	17147580	So some villagers think these are gringos, like CIA, you know, whatever that's, you know,
17147580	17154620	everything CIA to people out there. So they probably thought I was CIA, but so
17157120	17161340	there was the most important incident happened with this. One of the most important incidents
17161340	17162840	with this 15-year-old girl named Talia.
17163240	17164640	She was almost abducted.
17164640	17166780	That's why the police went out there.
17166820	17167660	They had to go out there
17167660	17169240	because there was an attempted abduction,
17170300	17170660	kidnapping.
17171060	17172020	So they had to go investigate.
17173400	17174900	So we interviewed Talia.
17175280	17176580	The first time I saw her,
17176640	17177320	she was in the village,
17177420	17178240	in the middle of the village.
17179820	17181300	During the evening, everybody was out.
17181620	17183240	All the men were playing soccer.
17183320	17184420	The women were playing volleyball.
17184860	17186940	And she was sitting by herself against a wall.
17187240	17189240	The Apu pointed her out to us.
17190620	17192300	and me and Doug just were sort of,
17192300	17193420	we didn't really want to approach her.
17193460	17194340	We didn't want to freak her out.
17194420	17195640	And she's just sitting there kind of smiling,
17195740	17199380	watching the people play volleyball and soccer,
17199600	17200880	just sort of sitting there by herself, smiling.
17201100	17202720	She looked over, she saw us
17202720	17205020	and instantly she started to tremble.
17205220	17207680	She just started trembling and she froze up
17207680	17209180	and she's just freaked out.
17209260	17211500	And she took her hair, she had long hair.
17211700	17214460	She took it and moved it over to the side of her face
17214460	17215500	so we couldn't see her face.
17216240	17217700	And she just sat there trembling.
17219760	17226280	And the Apu brought her father over and we said, hey, we'd love to interview Talia, but obviously she's very scared.
17226440	17229020	So he went over to her, tried to convince her to talk to us.
17229040	17230600	She did not want anything to do with us.
17230640	17234220	She associated us with her assailants.
17236180	17238620	But the father told us, hey, here's where I live.
17238700	17240360	Come back over tomorrow morning.
17240760	17241660	I'll talk to her.
17241700	17243500	You guys just come and I'll bring her out to you.
17245080	17247020	And so that's what we did the next morning.
17247900	17254280	Long story short, we were standing in this guy's backyard.
17254360	17258200	He brought Talia out to us to talk to her.
17258280	17260800	And as soon as she saw, she started trembling again and crying.
17262000	17262880	Severe PTSD.
17263620	17265980	And she had a scar right here.
17267500	17271940	And so I interviewed Talia, and she told me a wild story.
17272280	17274600	I mean, I don't really have the time to tell it right now.
17274600	17278480	but there was an attempt at kidnapping of her by these assailants one evening.
17280100	17284880	And there's a lot of details that goes into this, but they captured her in her backyard.
17286000	17287500	They landed on hoverboards.
17288160	17288940	That's how it began.
17289100	17296020	She was poking at a piece of fruit in the evening just after sundown, or as it's getting dark.
17296120	17297300	The fruit hit the ground.
17297440	17299720	She bent over to pick it up, and she felt this gust of wind.
17300320	17307840	and she looks over and it's one of these guys, assailants, head to foot in black armored body
17307840	17315460	suits, right? It's one guy. He's surfing on this hoverboard and they all go like this when they
17315460	17321020	tell me. They're like surfing. And the guy comes, there's a little gully. He comes up the hill
17321020	17329280	hovering and lands the board right behind her and grabs her from behind, grabs her mouth and grabs
17329720	17335020	Then another guy, same thing, comes surfing up from the galley, lands in front of her, grabs her feet.
17335700	17338260	And then they both lift her off the ground.
17338400	17346520	And she said after they landed, they reached down and touched something on their boot to engage the technology, lifted off the ground.
17346620	17351320	And then they hovered her, carried her behind this chicken coop, this thatched roof chicken coop.
17351560	17356200	And there proceeded to, without going to all the details, to attempt to cut her face off.
17356200	17359260	They took out what we think was like a laser scalpel.
17359760	17360700	And they began it.
17360720	17363180	First, they put some cream on her face, which numbed her face.
17363260	17365520	First, they shot something up her nose with a syringe.
17366040	17367460	And she became disoriented.
17367940	17375620	And then they put cream on her face and took out what we think is a laser scalpel and began to make the incision.
17376220	17378020	And in fact, she heard them speaking.
17378240	17381780	One of them she referred to as the gringo because he sounded like me, she said.
17381920	17384960	And the other one sounded like a Peruvian.
17386400	17390080	and when they're getting ready to do this they're putting the cream on her face before they start
17390080	17394580	making the incision one of them said to the other be careful be careful don't put too much on her
17394580	17401360	face it'll ruin the flesh and she said that what what she thought they meant was it was she heard
17401360	17406720	them saying something about how it makes it difficult to separate the the skin from the you
17406720	17412940	know from the flesh beneath it um so then they proceeded to make the incision and she started
17412940	17415940	just one last effort to break loose.
17416080	17418180	She started to push up the helmet on the guy behind her
17418180	17420500	and he let go of her to pull his helmet down.
17420840	17421880	He didn't want her to see him.
17422440	17424400	And when he let go of her, she screamed.
17425580	17426780	And everyone in the village
17426780	17428060	was already in a state of vigilance.
17428200	17429560	This wasn't the first incursion.
17429780	17431660	So they're all sitting on their porches at night
17431660	17433320	with their guns and their flashlights,
17433460	17434920	getting ready to start doing patrols.
17434940	17437000	So when she screamed, they were on scene.
17437120	17440180	Her brother and people who lived near her
17440180	17442900	were on scene within very short order.
17443500	17446760	And they saw Talia laying on the ground
17447680	17449260	in a state of disorientation.
17449460	17450820	And the two assailants,
17450940	17452920	they were dragging her by the hair,
17454140	17455140	actually, at first.
17455280	17457160	And they were trying to lift her off the ground
17457620	17459380	to take her by her hair.
17459820	17461960	And the one guy said, let her go.
17462080	17463680	We can't take her or something like that.
17463760	17464360	And he dropped her.
17464560	17466540	And then the other people came on the scene.
17466620	17467700	Talia remembered that part,
17467760	17468940	that she was being pulled by her hair.
17470180	17474420	And you show in your video the laser incision, and it's crazy.
17474820	17483440	So when the other villagers arrive, they see the assailants hovering on the disks.
17484360	17488300	And they got their flashlights on them, and they went right up through the canopy.
17488540	17488800	Whoa.
17489560	17491840	And I could tell you many other such incidents.
17492060	17496100	But what does this have to do with Michael Herrera, who's this UFO whistleblower?
17496400	17497320	Well, very, very, very quickly.
17497460	17497940	Indonesia.
17499340	17499820	Okay.
17500180	17507380	So very, very quickly, I need to make sure people understand these incursions didn't just happen in remote villages in the jungle.
17507460	17509860	They also happened in the city of Nauta.
17510220	17517040	36,000 inhabitants, hardened target with the Navy presence, Peruvian Navy presence, militaries, helicopters.
17517660	17518160	Okay.
17518420	17523500	It's not miners with jetpacks trying to drive people off of the land so they could mine the water, the river.
17523580	17525120	That's not what this phenomenon is.
17525120	17546800	The fact that the incursions were happening in Aota absolutely debunks that narrative. So the Michael Herrera thing, I think what we're looking at is, and Michael's a friend of mine, and he had a, as everyone knows, I won't retrace his story, but he encountered a disc, a large disc in Indonesia.
17546800	17556820	Yeah, it was an eight-gon craft that was blacker than black, and he was apprehended by these people that weren't special forces but had super advanced technology, some paramilitary group.
17557040	17566880	And they seemed to be escorting these psionic assets on board this alien, like this exotic manned craft.
17566960	17568300	They were engaging in human trafficking.
17568740	17569580	That's what it seems like.
17569580	17570280	Very simple terms.
17570280	17570720	Exactly.
17570720	17593500	So the connection there is nefarious people, paramilitary organizations with advanced aerospace craft using it for the most abominable things imaginable, including human trafficking for whatever purposes, harvesting psionic assets, which they do.
17593660	17595660	In this case, peeling flesh off.
17595660	17600180	In this case, peeling flesh, but I think they were using the face peeler phenomenon as a cover.
17600720	17601120	For what?
17601440	17602600	Something else that was going on.
17602680	17609940	And very, very quickly, there was an operation happening, a joint operation happening in Peru that had some crossover when these incursions were happening in the jungle.
17610080	17611820	It was called Resolute Sentinel.
17612640	17618500	And it involved basically every military agency we have.
17618580	17619980	The Marines were there in Peru.
17620240	17621900	The Air Force, the Navy.
17622060	17622740	That's not a coincidence.
17622740	17624580	The Space Force was there.
17624820	17626160	The Coast Guard.
17626160	17636780	And they were running joint operations, training operations with the Peruvian military, Uruguay, I think Ecuador, Brazil, the UK was involved.
17637060	17637500	It was like.
17637580	17640420	So what would the face peeling be a distraction from?
17640480	17641000	I don't know.
17641100	17645580	But, you know, I always wonder if that Resolute Sentinel was a cover.
17645780	17646300	Wow.
17646660	17655780	I'd like to think it was a cover for some sort of benevolent operation happening to try and drive these guys out or capture them or something.
17656160	17656660	I don't know.
17656820	17661880	I hate to think that we were experimenting with something out there.
17661900	17662620	I mean, that would be awful.
17662700	17664820	I hate to think that, and I don't want to think that.
17665220	17680560	Or is there some sort of third party in possession of some subcontracting apparatus underneath these aerospace contractors who maybe have gone rogue?
17680800	17683080	Some nefarious global breakaway.
17683380	17683820	Exactly.
17683980	17684180	Yeah.
17684240	17685720	Is that what we're looking at here?
17686160	17687780	On that sinister note.
17688160	17689900	And there's a whole lot more to be said of this.
17689980	17690720	We're out of time.
17690820	17691060	Yeah, yeah, yeah.
17691080	17692860	Look at my video on YouTube, the face people.
17692860	17695220	Yeah, well, we'll cut parts of it in.
17695320	17696920	But this was amazing, Timothy.
17697020	17698500	I really appreciate your time, man.
17698560	17701340	This was a blast and I love the way you think.
17701560	17706680	And we got to run it back because I think we just did like four hours and 45 minutes or something like that.
17707460	17708620	Man, it was my pleasure.
17708780	17710140	You do just amazing work.
17710360	17711940	And just keep going.
17712120	17712880	Oh, thanks, man.
17712940	17713220	You're awesome.
17713460	17713820	Likewise.
17713920	17714900	Let me get you to the airport.
17715080	17715440	Let's go.
17715520	17715740	Yeah, let's go.
