start	end	text
0	1880	I started hearing voices.
3340	4580	I didn't know what to do.
4700	7680	I thought, okay, I've gone off the deep end.
8780	10760	We hear of people who have been abducted,
10760	13440	and some people have got really wonderful, amazing things to say,
13500	16260	and some people have really terrible and horrible things to say.
16400	18540	Both. Their experience and what they've gone through.
18820	20840	But because my experience was negative,
21020	22420	it drove me to find answers.
22660	24840	And I was like, wait a second.
25640	28520	So one of the reasons that they create that great big AI
30000	31660	from hundreds of thousands of people with implants
31660	35140	is so that they know whether or not we're lying.
35300	37720	They have that data to validate that.
37880	41920	So as much as it sucks to be a person with an implant in it,
41980	42720	we need it.
42880	44620	We need it so that we're not a threat.
44900	45720	So they're here,
46240	49100	harvesting our own minerals to create these craft
49100	51060	that are being deployed out in the oceans
51060	53040	and these beings that are also being deployed.
53260	54020	This is them?
54180	54980	This is them.
54980	60940	And each object is built with its unique design for its purpose.
61480	65700	So you've gathered this information from them.
65720	66140	Yeah.
66260	68260	Their teachings or what have you.
68340	75760	And you're starting to replicate or build something based on their technology.
76180	79440	I have several different prototype designs that I'm...
83240	86240	Sorry, I just got blocked.
86400	89260	I'm not supposed to talk about the underground, underwater stuff.
92240	97440	I listened to your podcast and have for the last six months and really enjoy it.
97540	103460	I wasn't going to call, but I felt compelled to today after listening to one of your interviews.
103460	110480	and so I've had several things happen over my life but probably one of the most interesting
110480	119800	ones was when I was younger 13 I had some sort of visitation you know the whole light and the voice
119800	130160	telepathically and it indicated that I would go through some events in my life that would want
130160	137540	me to call self-harm but to not do it because we floral need you for the children anyway there was
137540	145000	other details in the message but all that came to be true and um yeah experienced a lot of loss and
145000	153360	death and obstacles a few short years later and was definitely depressed and thinking about at
153360	158880	at the tender age of 18 and could not because of that experience.
159800	164760	Also, I've seen things and had other experiences, but just wanted to share.
164880	165820	Thank you. Bye.
166600	168480	Ladies and gentlemen, welcome back.
168780	172260	Today, we have a very special guest here, a fellow Canadian, actually,
173160	175040	which is not every day that we get a Canadian in the skiff.
175240	181120	I'm joined by author, experiencer, Sean Neubauer.
181560	185720	Thank you for having me on the show. I look forward to getting into this with you.
185720	210380	Yeah. So you approached me and here's a wild thing. We were at Contact in the Desert, which is a convention that happens in Palm Springs, California, once a year, UFO convention. A lot of people there, 2,000 people. And you approached me, kind of pulled me aside and said, hey, I've got this story. And it's a little deep, it's a little complicated. And you started getting into the story with me.
210380	229360	And I was completely enthralled because your story seems to fill a lot of the plot holes that we have in the sort of UFO sphere with abductions, with crop circles, with technology, with culture of the beings themselves.
229500	230340	And they are beings.
230440	232040	They are extraterrestrials.
232720	232740	Yes.
232740	232820	Yes.
232860	240680	And so according to you and according to, I think, your book Mindhacked as well, is that this is one type of being that we're dealing with.
240960	243860	And they have implanted you with a chip.
244060	244580	Yes.
244580	254360	You know, much like the chips that Whitley Strieber talks about or that Dr. Roger Lear, you know, has taken a lot of time into looking into.
256020	258580	And so through this chip, they communicate with you.
258800	259320	Yes.
259440	262220	And they talk to you about, they teach you things.
262740	271640	you, physics, math, tech, astronomy, uh, philosophy, sociology, um, physics, psychology, chemistry,
271840	277680	really psychology. Yeah. Um, the foundations of the universe. Uh, and we have deep philosophical
277680	284820	conversations about like the meaning of life or, uh, what's the point or the most objective way to
284820	291740	think about something or efficiencies in systems or like it's, it's, it's really, uh, interesting
292740	298800	not like the normal, um, conversations that I hear a lot of people have. And I'm not like a huge deep
298800	305280	diver into this. I haven't investigated the UFO phenomenon in depth. I'm not a researcher. Uh,
305420	310700	I'm, I'm an experiencer. I can remember sitting on my deck of my house talking with one of my
310700	317460	friends about this way before this experience happened to me. And, um, I was telling, I was
317460	324660	I was telling him, like, I know that mathematically there has to be life in the universe because it just makes sense for that to be.
324860	333860	But if you hold the speed of light as a barrier in the universe, which we can't break right now with our current physics, then it's not possible for them to come here.
334260	340080	Because, like, what, are you going to pack a lunch and then travel for, like, 12 years and get to Earth to do what?
340160	343060	To then, like, look around and just, like, learn about this species?
344080	347160	Maybe, but it doesn't explain why they've been here for so long.
347460	363040	Right. So it, but for me at the beginning, I didn't, I wasn't a believer. It took this experience and the validation that I received from the first person perspective of this interaction to really convince me that it was real.
363040	384060	So you were in Mexico, this was 15 years ago when this happened. In Cancun, you were having a good time. You were out there with your girlfriend at the time and you were just kind of celebrating. Take us through the initial experience and then how that led to the communications that you say you're having with these beings.
384060	414040	Yeah, sure. So we're, we go to Mexico as Canadians. It's nice in the wintertime to get away from the snow. Yeah. Right. Like you want to get somewhere warm and get that sun on your skin and, and, and be delicious. So, um, we're enjoying ourselves. Haven't went down with my best friend, my, my new girlfriend. We're having a great time. Um, and, and we're having a really good time in the sun and laughing so much that our, that our cheeks hurt. Um, and they decided that they wanted to go away from the, you know, the snow.
414060	420400	the resort and go to, um, uh, an outside restaurant. And so they decided to go to
420400	426820	bubblegum fish factory and in Cancun, and I'm not a huge fan of fish, uh, growing up in the North,
426900	432980	fresh fish, wasn't really easy to get. Um, and so I don't really enjoy it. So when the food came,
433100	438540	I got up from the table, excuse myself. And I went outside to get some air. I didn't have my
438540	442740	wallet with me or cause I was just going out for just a brief moment while they ate. And then my
444600	456260	So I step outside the restaurant and I'm looking around. I'm like, I got a couple seconds, seconds to kill. Look across the street and I see these, um, red and blue lights flashing. I'm like, oh, I wonder what.
456380	456860	Like a police car?
457860	483180	And I'm like, I wonder what that is. And I go to take a couple steps and then I, the whole world went black, like the place before death, like it was gone. And then I come back, I come to, and I only have one memory in between, in between the, the lights and walking down the street is I'm trying to take money out of a bank machine with my room key. Cause that was all I had in my pocket.
483180	489780	it. A few moments later, I come to you and I'm walking down the sidewalk and I don't know where
489780	493240	I am. I don't even know I'm in Mexico at this point. I don't know anything about anything. I'm
493240	499380	just looking for help. So I look off to the left and I see a person. So I start walking towards
499380	504020	this person. And as I'm walking towards this person, more and more of the universe is coming
504020	512840	back into my, my ability to perceive it. Um, and so as I'm growing more, uh, capacity of
512840	518400	consciousness, I, I walk up to this guy and I can't talk, my mouth won't work. So I reach into
518400	522540	my pocket and I pull out, the only thing I have is my room key and I hand it to him. And he's like,
522560	527760	Oh, senior long way. And he points down the road and I'm like, great. So I get on the road and I
527760	532320	walk cause I have no money for a cab. I can't even take a bus. It's like dark outside. Um,
534020	537800	don't know what's going on. So I start walking down the road and just as I'm getting back to
537800	543820	the hotel, the sun is rising. And when I get into the room, I sit down, I pour myself a tub, my body
543820	549100	aches like crazy. And I pour a bath and I watched, we had one of those really nice hotel rooms where
549100	554280	you could see the, right on the ocean, watch the sun come up, got out of the bath and went to bed.
554540	559320	I get up in the morning and my girlfriend's like, where the hell were you? And I'm like,
559320	559720	Like, I don't know.
560020	561040	I don't know where I went.
562780	563780	Go down for breakfast.
563980	566620	And my friends are like, where the fuck were you?
566760	568440	Like, we looked for you for hours.
569700	572360	The balls on this guy to just get up from the table and leave.
572580	576180	Like you could have, we called you, we searched around, we couldn't find you.
577000	578120	Didn't think much of it.
578360	581900	Like it was a really abnormal experience to have happened to me.
582760	585920	But like, I didn't have any marks on my body.
585980	587220	It's not like somebody took a kidney.
587500	588540	It was weird.
589320	590940	Did you suspect that you've been drugged?
591060	594300	Can we talk about how weird it is that I have to tell complete strangers,
594520	597180	please, don't put my address on the internet.
597340	599840	That feels like something that should already be covered.
600320	605220	Like, hey, can you not sell where I sleep to complete strangers that I've never met?
606140	610200	Well, apparently no, because there are companies called data brokers
610200	615660	whose entire business is collecting your personal information and selling it.
615660	621220	Your name, your phone number, your address, old addresses, people related to you.
621280	623460	It's like LinkedIn, but for stalkers.
623620	626280	And that's why I use Incogni.
626420	632160	Incogni contacts data brokers for you and requests that your personal information be removed from their databases.
632640	638080	So instead of me spending my weekends emailing 42 companies I've never heard of,
638780	641400	Incogni does the work and keeps following up.
641400	652080	And if you want to take back some control over your data, go to incogni.com slash area 52 and use code area 52 to save 60% on an annual plan.
652220	655460	Because your privacy should not be declassified.
656040	659500	Yeah, I thought I had been drugged because as I...
659500	671200	Because the hotel room key thing at the ATM to me signals like, oh, you were with some people that were like drugging you trying to get you to pull money out for them.
671680	674940	but you had your hotel key and you didn't really know what was going on.
675040	676020	But all I had was my hotel.
676180	676460	Exactly.
676740	681320	And, and I, I vaguely remember someone interfering with that interaction,
681800	684120	uh, maybe a security guard or something.
684180	687840	I mean, I've, I've gone on Google earth and I went back to Mexico and I looked at the area
687840	692920	and I can, there's one image of these two silver escalators that go up and these plants on the
692920	693560	right-hand side.
693700	693920	Okay.
693960	698760	And at the top of those escalators, there's an ATM in an old mall, an outdoor mall.
698900	699300	And that's the one.
699300	716300	And that's the only image I have of my abduction. So it's a little bit lackluster. But the really interesting stuff is what happens next. So I go back home and my friends think it's hilarious that I missed a day.
716420	718160	That you were potentially drugged, kidnapped.
718160	747420	It turns into a story, right? You go out, you're like, Hey, why don't you tell everyone about that time you like, you know, uh, took off for a day in Mexico. And I'm like, I didn't, that's not, you know, and they're taking the piss out of me. But the really messed up thing is, is I started hearing, um, voices and I didn't know what to do. I thought, okay, I've gone off the deep end. Right. So I did what any normal person would do. I went to a psychiatrist and started talking to him.
748160	754560	the voices weren't doing what the psychiatrist thought voices should do and definitely not what
754560	759660	I thought voices should do is they started taking the piss out of me they started asking me like why
759660	765760	would you drive your dog to the dog park to go for a walk I can see in your fridge I can see you eat
765760	771380	meat why do you eat meat commanding me to go on the internet and look at the Canadian budget when
771380	778060	it dropped. Asking me how often I pay my employees. How do I decide how much I pay them?
778900	785600	All of these really weird questions. Questions to problems or questions to situations that I already
785600	790160	knew the answer to. And I started challenging them, like trying to do math. Like, what's the
790160	796500	square root of pi? Let me pump it in the calculator so that I can validate that you exist. But they
796500	799960	They started teaching me, then they started teaching me stuff.
800060	806720	And so before we get there, um, these voices, are they auditory?
806820	811740	Are they audible voices or are they, you know what I mean?
811820	817940	Are, are, are these like actual male or female voices with English words?
818240	818620	Yes.
818620	822100	And, but it comes with, um, it comes with a picture.
822240	826220	So they, they communicate in a language of memes.
826680	833680	and so there's a visual aspect to this and if i close my eyes it can be in side my head inside a
833680	839400	space that opens up inside your head or i could look at a wall and it could be on a wall and
839400	844040	they've learned how to project it onto a wall so when you say memes now obviously people are going
844040	848260	to hear that and be like oh this guy's joking like i mean where they communicate memes is sending you
848260	855120	memes um but what do you mean by memes it's like a visual language so if you're trying to um the
856500	858400	On my earth bridge.
858460	858800	Right.
859300	860300	It's not actual.
860380	860740	No.
860840	863480	Like the troll frog or anything.
863640	863920	No, no, no.
863920	865020	It's not that type of meme.
865340	865960	No, no, no, no.
865980	866740	It's none of our memes.
867040	875400	Like if someone is not very smart, there would be a pipe of light and then the light would then be closed off to just a very small dribble.
875580	877920	Because intelligence is light.
878120	880240	Your brain is reflecting light all over the place.
880340	883680	And so to imply that someone is stupid.
883880	884480	To say they're dim.
884760	885840	To say that they're dim.
885960	886220	Right.
886500	890560	Um, so that would be the type of mean or a three-dimensional graph of how something would
890560	896140	change, like, um, using a bell curve to represent a leadership model, but then putting a little
896140	897720	dip in it to say that the leader is stupid.
897960	904380	Um, so there, there are three-dimensional objects in space, but they're also three-dimensional
904380	908340	objects in language because a picture can be a thousand words.
908460	915440	And so they communicate these beautiful ideas, um, in their virtual reality space.
916500	922840	she was first teaching me, she, it was a female voice that first came to me, uh, and talking to
922840	929260	me. And, um, when I was learning their, their language, she would try to communicate a complicated,
930520	935280	um, word, like maybe desire. And then when I got the word right, she would blink it twice.
935720	941540	And she would do that multiple times, multiple times until I learned how to read their language.
941540	948040	language. And during that process, I learned a whole bunch of stuff. They started teaching me
948040	954160	all kinds of really interesting things. I remember one time early on in the interaction,
954740	962000	and they like to try to brainwash people. They love trying to convince people of stuff that's
962000	967880	not real. That's one of their favorite things that they can do. And so they were trying to
967880	977100	to sell me and they like to use religion as a lever to induce belief in people. And one of the
977100	982420	problems with me, and I think one of the reasons that separates me from different people is I'm a
982420	987340	true atheist. Never believed in God. I don't believe in God. I don't believe in an afterlife.
987500	992180	I don't believe in anything. I think we're the place before death is that space where you weren't
992180	998520	born and then when you die you go there and they tried to sell me multiple religions throughout my
998520	1004860	interaction um one of them being hinduism another one being buddhism uh and they tried multiple
1004860	1010240	things christianity what do you mean they tried multiple things like this is um with through
1010240	1018620	visions okay so when when do you get these um it depends right now it happens all the time i talk
1018620	1019860	talk to them all the time.
1019980	1020820	What's, what's all the time?
1021140	1021860	Like all the time.
1021880	1022140	Specifically.
1022140	1022760	Anytime I want to.
1023280	1023600	Really?
1023760	1024080	Yeah.
1024100	1024540	Right now?
1024700	1025020	Sure.
1026100	1026420	Okay.
1026460	1027940	How can, is there any way we can test this?
1028720	1033040	Um, there is, but it takes, um, it takes a setup.
1033260	1034100	I have an open call.
1034100	1036900	Can we like, can we like ask you a question or something?
1037020	1037880	Is it like channeling?
1039380	1040900	Um, I mean, you could ask a question.
1040960	1041800	I don't know if they would answer.
1042060	1042380	Okay.
1042440	1043260	Cause they don't decide.
1043340	1044300	They're their own entity.
1044420	1046240	They, they decide if they're going to participate or not.
1046440	1048380	But my girlfriend will interact with them sometimes.
1048620	1054100	because she's very um opened all of this and accepting of all this she's been a great supporter
1054100	1062780	in in my life and she's seen uh in real time the effects of this and seen the interactions and the
1062780	1068980	the electronic harassment and so for her it's very real like it is to me like it's not a question of
1068980	1073280	maybe it's like no this is for sure happening but it's for sure a question of maybe to everyone
1073280	1080800	one listening. Um, and that's what I want to kind of jump over somehow. Um, you, you all based on
1080800	1086660	the information that you were given, you're also, um, you know, not to jump too far ahead, but you,
1086660	1094400	you, you were given instructions on how to build something. Yeah. Well, I've not exactly
1094400	1102080	instructions on how to build something I've been taught. So through our conversations, there is,
1104520	1108000	there's an idea, uh, I can't remember what it's called when you get kidnapped
1108000	1116240	and you, uh, get this familiar association with, uh, your abductor. Yeah. Um, but that can go
1116240	1125240	in two directions. And so there, uh, a familiarity presented itself or became, um,
1126100	1133560	through this familiarity, we would have conversations. We would have deep philosophical
1134220	1140140	conversations. It would start with them taking the piss out of me about how dumb this leader is and
1140140	1146640	how dumb that situation is or how dumb it is for us to do X, Y, Z. And then we would get into a
1146640	1152020	philosophical or sociological conversation about it. And I would defend our systems and our methods
1152020	1158480	methods trying to like explain how it works. And then, and then through that, like being in a room
1158480	1165020	with someone who's really smart, I would learn because I would be wrong. And so then they would
1165020	1171780	teach me stuff directly. They taught me, um, lots of stuff as the experience went on because it's
1171780	1181700	been like 15 years. Um, and so it's, it's been a, it's been a journey. They didn't start off
1182020	1204820	They started off just trying to, to get me to believe in a religion so that they could monitor me, make fun of me. Um, they talked openly about like, uh, there's that movie, um, where they, uh, have the award zombie killer of the year. Um, where they, the big piano like falls on somebody.
1204820	1206040	Somebody is on the land, zombie land.
1206160	1206280	Yeah.
1206340	1208500	And they, they kill somebody with the piano.
1208640	1213500	They have a similar kind of thing, but not killing people, but like brainwashes.
1213680	1219340	So they convince someone that they're talking to their dog and that becomes a, a canned
1219340	1223980	experience that they then send home and everybody laughs or they'll convince.
1224040	1226820	So they're, wait, they're, they actually, they have humor.
1227100	1231600	Oh, they have, they're, they're some of the funniest people I've spent time with.
1231600	1240280	Their ability to, uh, uh, come up with a quick, uh, piss take or make fun of something or like a meme.
1240460	1243040	Their memes are hilarious in real time.
1243160	1250960	Like I'll, I have to stop myself in public from laughing out loud because we'll be having some great conversation about who knows what.
1251080	1252920	And then I'll just like bust a gut laughing.
1253320	1258380	Um, and I've shared some with my girlfriend and she thinks they're, they're funny too.
1258560	1258820	Okay.
1258860	1260840	So let's, let's slow down here.
1261600	1264160	Information for everybody. And I'm sure you understand this.
1264260	1264660	Absolutely.
1264840	1287160	You know, this is, you know, the way that the audience and myself even are going to perceive this is one of two ways. Obviously, way number one is, holy shit, this guy's talking to aliens and we're getting firsthand knowledge. And the second side of this coin is something else is at play.
1287280	1287860	Mm-hmm.
1287860	1307140	Whether it's, I don't know, whether it's someone messing with you or some entity messing with you. And I don't mean entity in the extraterrestrial sense, but like CIA or like that type of stuff. You know, they're holding an MKUltra trial today. They're doing a congressional hearing on MKUltra right now as we speak.
1307140	1322860	Um, and there have been experiments done to people through the MKUltra program, which is in line with a lot of this stuff, which, um, you know, trying to convince them of things.
1322860	1337380	They even had, I remember they were trying to, when they were working with this magician John Mulholland in the 50s, they were planning on how to sort of usurp or overthrow the Cuban government and Fidel Castro.
1337460	1348140	And by undermining his power, by projecting like the Mother Mary in the sky, and there were all sorts of wild, fantastical things.
1348300	1352160	But, you know, leave it up to them to come up with these, you know, cruel jokes.
1353080	1356000	has it ever crossed your mind that that might be happening?
1356180	1362400	Absolutely. I've been open to any solution for the entire time that this has gone on. Um,
1362580	1366680	but like, I, I went to see multiple psychiatrists. Um,
1366700	1367800	Yeah, you showed me the papers.
1368000	1371180	Yeah. They, they, they're like, there's nothing, there's nothing wrong with you. Like you're a
1371180	1379620	balanced individual. Um, but when it first started happening to me, um, I'm, I'm an atheist. I'm a
1379620	1385220	a scientist. I want to understand what's going on with me. I'm not into the woo at all. And so when
1385220	1390840	it started happening, I took it from the frame that I was crazy. I attacked it like I was crazy.
1390960	1395540	I thought I was crazy. And through this experience, I've gathered enough evidence
1396700	1402680	objectively to support the fact that it's not. And that's what drove you to go get psychiatric
1402680	1408240	help and evaluations, which you've done multiple times. Multiple times. You had 12 sessions with
1409620	1414700	with another. That's correct. And they've all cleared you of any psychological trouble. They
1414700	1420980	did say that you did deal with some traumatic event. And there was a concussion involved as
1420980	1425740	well. I think I read. A car accident. A car accident. Yeah. But they said that, no, you're
1425740	1434400	completely cleared of any, you know, there's nothing wrong with you. Yeah. So when it first
1434400	1441040	started happening to me, I would have my stress would be squeezed at work, way over amplified.
1441380	1446740	And I started having these like stomach problems. And that's what led me down this road,
1446840	1450620	which is why I started trying to figure out what was wrong with me because it was uncomfortable.
1450940	1457420	And so I needed a motive to deal with it. And so I remember one time I'm driving home from work
1457420	1461960	and I swerved in my car, just a quick little move. There was a dog or something was on the road
1461960	1466200	and all of the stuff that I was going through waned.
1466200	1467160	Like it just was gone.
1467540	1470160	And then a half a second later, it was back.
1470580	1472780	And I was like, wait a second.
1472940	1476240	And that was the moment that I saw the first chink in the armor.
1477780	1481460	Because it didn't make sense to me that it would just suddenly dip.
1482780	1483960	So, okay, great.
1484220	1485300	I'm gathering information.
1485480	1487160	I'm taking my dog for a walk in the park.
1487360	1490760	And I go underneath the bridge and it attenuates.
1491960	1496980	out from the bridge, it comes up. I go back under the bridge, it attenuates. Interesting. I go to
1496980	1501880	the pool, randomly happen to go to the pool, dive down to the very bottom of the pool. The signal
1501880	1507700	is almost gone. My stomach feels good. My head's not buzzing. Everything feels amazing. So I come
1507700	1512020	back up. Very interesting. I go to my house. I go to the basement. I go to the four corners of my
1512020	1517180	basement to check to see if it's coming from the side because the concrete should block it. The
1517180	1523540	the concrete bridge was blocking it, the concrete should block it. So I go to the corners, nothing.
1524420	1530900	Underneath concrete works great. So I saw my house and I move into a condominium with multiple
1530900	1539600	layers of concrete above me. And that move from my house into that building is what stopped all
1539600	1544720	of the negative aspects of this. Because we hear of people who have been abducted and some people
1544720	1549860	have got really wonderful, amazing things to say. And some people have really terrible and horrible
1549860	1554600	things to say about their experience and what they've gone through. But because my experience
1554600	1560320	was negative, it drove me to find answers. And because I was able to isolate that it was coming
1560320	1566240	from above, and I was also able to isolate that it was happening, that it was following me around,
1566380	1571760	by I could pump the brakes in the car. And after that swerve, I started messing around. So I'd
1571760	1574420	I'd pump the brakes on the car and the signal would go away for a second.
1574620	1575960	And then it would go away for a second.
1576020	1577440	And then after a while, that wouldn't work anymore.
1578520	1583180	I'm laying at home at night and I'm trying to sleep and they're buzzing my head.
1583180	1584520	And this is still back in the wooden house.
1584740	1587700	And so I bought one of those EEG headbands.
1587760	1588280	It's called a Muse.
1588800	1591100	And I put it on my head while this is happening.
1591180	1593920	And I have witnesses to witness all this stuff that's going on.
1594200	1599900	And the amplitude of the EEG is outside the level of what the machine can read.
1601760	1607580	like four or five times what the machine is designed to read. So how does the, how does,
1607600	1613700	how does my skin surface of my skin get that charged? It doesn't make any sense. So something
1613700	1620420	else has to be going on and it's in, and it's in alignment with the, with the buzzing that's going
1620420	1624840	on in my head and the suffering and the stuff that I'm going through at the time. So it's,
1624840	1629820	it becomes a linear thing. So then I learned, I learned that there's a signal interacting with me.
1631760	1639660	with my brain, I went to the hospital and I'm like, okay, like, let's see if there's something
1639660	1646140	wrong with me. So I checked myself in and, uh, they did blood tests. Like they did the whole
1646140	1652160	battery, but they did every blood test that you can find to do. And everything came back clean.
1652640	1659840	They put me in a, in, um, uh, a professional, uh, EEG machine and I fell asleep. The signal went
1661760	1666360	and I went to sleep. So I knew that something was interacting with me intelligently. They can turn
1666360	1670360	it on. They can turn it off. They know that we're going to test for it. They don't want us to be
1670360	1676520	able to find it. That's something that I've heard from multiple abduction witnesses where
1677780	1686160	they would think about getting their implant removed and they would, you know, book a date
1686160	1690480	with a doctor and say, okay, on Wednesday, and it's Monday, on Wednesday, I'm going to get this
1691760	1693920	Well, on Tuesday, they would have missing time.
1694940	1697300	And then on Wednesday, there's nothing left to remove.
1697480	1707640	And this happens with pregnancies as well, with ladies who report that they wanted to get an abortion from a ghost pregnancy.
1707920	1708960	They shouldn't be pregnant.
1709080	1711900	They're too old to be pregnant or didn't have intercourse.
1712580	1714940	And they're showing all the signs of pregnancy.
1715120	1720680	And then when they call the doctor and take an appointment, they have missing time.
1721760	1722440	And then it goes away.
1722960	1725140	So that's not completely unheard of.
1725280	1725720	No.
1726780	1736400	And throughout my experience, I'm going through all of this stuff and I have a psychiatrist I'm going to see and I'm talking about all this stuff and I'm telling him all of these anomalies.
1737300	1739560	I have electronic harassment following me around.
1739700	1741960	People are logging into my stuff, CIA level stuff.
1742180	1742980	Yeah, I've seen that.
1742980	1747800	And for the audience at home, you know, a lot of that is personal information, which we won't show.
1748580	1757160	But you, there were several times where like your computer was logged into a friend's Facebook page, which you don't have access to.
1758120	1760600	And then the timestamps didn't make sense.
1760680	1765620	Like when you, when you caught it, the timestamps were different.
1765720	1770620	And you have receipts of all this and you texted your friend, hey, did you log into my computer?
1770620	1772900	And he was like, no, I had no idea what you're talking about.
1773480	1775700	And, uh, and so you have this evidence.
1775980	1777120	I have piles of it.
1777220	1778060	That there is something.
1778540	1778900	Yeah.
1778960	1779080	Yeah.
1779120	1783840	I got MIT physics training data dumped into my computer on my D drive.
1783940	1788300	I came home from work one day and my D drive was falled a little red.
1788420	1789100	It was red.
1789180	1791080	And I'm like, that's like, I was at work all day.
1791140	1791640	What the hell?
1791860	1797880	So I look and I take it all out and I made a copy of it and I started uploading it into the GPTs.
1797880	1805640	and it's and there's like hacking programs and um and in one of the files they're all sequential
1805640	1813420	there's like 22 000 files in my uh in my d drive and they're all sequential they go up by by two
1813420	1818700	numbers and they're copies of each other so inside each file there's two copies and then so i just
1818700	1823340	started rent i mean how do you go through 22 000 files you can't so i just started grabbing some
1823340	1823980	I'm in uploading them.
1824000	1826000	And one of them, it said, this is MIT physics
1826000	1828880	training data, uh, and, and that you should not
1828880	1829900	have this on your computer.
1830020	1831500	And I was like, yeah, no kidding.
1831800	1833500	I have pictures of people I've never met.
1834940	1835660	Um, little.
1835780	1836000	Yeah.
1836080	1836540	And your phone.
1836620	1836980	Yeah.
1837080	1840200	Little pixies or, or little, um, um, uh, files,
1840900	1843860	uh, called like alien lightning, um, all kinds
1843860	1845820	of stuff that you can, that would be contextual
1845820	1847080	when you have a frame.
1848140	1850800	Um, but just piles and piles of stuff.
1850800	1857680	I have a picture on my, I have a picture somewhere where I've got, I laid out all of my hard
1857680	1861400	drives and all my computers and all my phones and all my stuff that's been hacked through
1862140	1864020	cell phone providers, through countries.
1864080	1866200	I changed like five or six different cell phone providers.
1866300	1867100	I changed countries.
1867220	1869260	I changed my home supplier.
1869520	1871140	I deleted my Google accounts.
1871220	1875260	I deleted all my social media accounts, remade them over and over and over and over again,
1875860	1876800	trying to get rid of this.
1876800	1905560	One time I went to the mall and I had the guy make me a burner phone and I didn't tell, I'm like, just put a name in, just put an address in, just do it. I don't even want to know the phone number. And it took him three days to break the phone. And I had no knowledge of what it was. So objectively, this is some random phone that belongs to someone who doesn't exist. Why would anyone penetrate it? It doesn't even make sense. The motive to penetrate that phone is zero, right?
1906800	1910600	that there's a motive to penetrate that phone is through me and through my first person because i
1910600	1918880	didn't even know about it so really really interesting um um evidence and you you support
1918880	1924360	the electronic harassment you brought this to the authorities yeah i did i have i have three police
1924360	1931540	files um over three different times um and when i talked to the mounties because we're in canada
1931540	1937280	the professional who came in who handles it the last time I talked to somebody he's like I've
1937280	1943840	been doing this for 25 years I've never seen anything even close to what you have and that was
1943840	1948740	only one file I only gave him like a third of the stuff because it was only the stuff relevant since
1948740	1957740	the last two files so there's a whole bunch of objective um evidence to support my situation
1957740	1958640	and what's going on.
1958720	1960920	So something, something is for sure
1960920	1962880	that can't be countered,
1962880	1964340	that something is happening to me.
1964380	1966320	Like something is definitely going on
1966320	1967440	because I have all kinds of scenes.
1967440	1969400	Yeah, whether it's like an agency
1969400	1973240	or these, you know,
1975660	1977060	extraterrestrials with a sense of humor.
1979000	1981420	I want to talk a little bit more about
1982640	1984480	before we move on to these entities
1984480	1986560	because you have, for me,
1987740	2006000	And I'm sure for a lot of the listeners, what's really fun in all of this is that you do have like a clear, vivid picture of who these entities are, what the purpose is, where they're from, why they're here, like all the answers that all of us have been seeking in terms of extraterrestrial engagement.
2006000	2025980	And you seem to have all these answers really neatly laid out, which I'm excited to get into because I'm a big fan of lore when it comes to this stuff. And a lot of people seem to provide these plot hole filling compartments of lore to explain everything.
2025980	2051580	I had someone here, Eric Nanstiel, who's a, you know, he had his own theories about what happened to their planet and why they're here now. And there's, you know, somebody named Michael Horn who, you know, spread sort of the story of Billy Meyer and his contact reports. And everybody has, everybody seems to have their own brand of this is actually what's going on.
2051580	2059340	And so I'm really excited to hear yours. But before that, can we talk about the prototype?
2060260	2061060	Sure.
2061940	2075640	So you've gathered this information from them, their teachings or what have you, and you're starting to replicate or build something based on their technology.
2075640	2097920	I have several different prototype designs that I'm currently working on putting into physical existence to then test and validate through multiple different versions or different ideas of their technology that really bridges the gap between where we're at and where they're at.
2098040	2101700	And what is that? What is that like? What bridges the gap?
2101700	2120680	One of them is their antenna, their ability to manipulate light down to the photon so they can control a photon not only individually as a photon the way a photon exists, but they can control it in its planar existence so they can polarize it.
2120680	2147700	So they can send out a Y-plane polarized photon, single photon of any frequency of light that they want to, which is how they're able to disappear from radar and they're able to disappear from sight and they're able to disappear from whatever because the surface of their ship has got all of these little tiny programmable scale antennas on it in three dimension that allow them to manipulate light in all of its form.
2147700	2151600	so they can control its phase and its polarity.
2151780	2154560	So our radar systems, which send the signal out
2154560	2156220	and then ask for a reflection,
2156480	2158080	they can control their reflections.
2158260	2160660	Like it controls its rebounds.
2161400	2163560	Everything that comes into the thing gets absorbed
2163560	2165980	and then they can send out whatever they want to.
2166220	2168960	And I think a lot of people understand that as cloaking.
2169080	2171020	And the only way you can achieve cloaking
2171020	2172520	is if you absorb all light
2172520	2174920	and then you control what comes out.
2175360	2177220	And they've achieved that state.
2177700	2183180	that's how they're able to do a lot of the illusions that they like to do. Some stuff is
2183180	2188880	real. Absolutely. Some stuff that they do is illusions. It's really easy if you can control,
2189000	2193060	imagine if you had cloaking and you wanted to fly into a mountain or make it look like you were
2193060	2196520	going to fly into a mountain, it would be really easy, especially as a magician, you can appreciate
2196520	2201840	that. Sure. Right. So you could create that illusion and through sensor data and through
2201840	2206240	all kinds of stuff. Yeah, by just disappearing or. By just disappearing and to anybody who wasn't
2207700	2209180	That would look like magic.
2209400	2216440	That's like the Tic Tac that, was it Fravor, Colonel Fravor, was it?
2218140	2223160	Who the pilot saw this Tic Tac sort of appear and then reappear elsewhere.
2223260	2228520	Like, how do we know that that's not two Tic Tacs simultaneously appearing and reappearing instead of just one?
2228560	2229380	Is that kind of what you're saying?
2229540	2229920	Exactly.
2230400	2234220	So they love to be trickster.
2234440	2236440	They love, they have a sense of humor.
2238000	2239920	is probably stronger than ours.
2241100	2243420	They like to have fun and make fun of things
2243420	2245200	and do things that are funny.
2245380	2248580	And to them, dominating the government
2248580	2251380	or having them all have a, you know,
2251380	2255820	imagine the president is calling the leader of China.
2256040	2258840	I'm not sure if he's a, I don't know what his title is,
2258880	2260660	but he's calling the leader of China
2260660	2263060	and they're talking about this false narrative
2263500	2265240	that they've managed to create.
2265240	2269460	So our highest power is now having this discussion about their brainwash.
2269600	2273740	And they think that that's hilarious because we're not smart enough to figure out what's
2273740	2274100	going on.
2274220	2279000	And so they love to flex that higher level intelligence to each other as a validator
2279000	2280720	to say like, look at how smart we are.
2280780	2281920	We do the same thing.
2282040	2287800	We have that same similar culture where we like to associate or validate with each other
2288480	2289360	our success.
2289500	2292220	Like we're really cool and that kid's not.
2292220	2295100	is something that we see present itself all over the place.
2295200	2301620	So it's very easy for us to see that as a behavioral path
2302480	2305340	for another entity to evolve on another planet
2305340	2307060	because it's a very social thing to do.
2308000	2310820	So, okay, let's get into it.
2311300	2312240	Where are they from?
2313340	2315800	So they left a star map.
2316380	2318060	This is them telling you this, by the way.
2318080	2319300	All this information that you're telling me.
2319600	2320740	Yes, they told me, for sure.
2322220	2323400	to talk about this somehow.
2323820	2325880	Now they're allowing me to talk about this.
2325940	2327680	The reason that it's been 15 years
2327680	2328780	is because for a long time
2328780	2330280	they weren't allowing me to.
2330320	2331780	Through my electronic harassment,
2332040	2333120	they were blocking me
2333120	2334200	from reaching out to anyone.
2335400	2337200	They did all kinds of filtering
2337200	2341760	on what information I was allowed to get out,
2341880	2343960	which is why I opened you,
2344100	2345080	opened this conversation
2345080	2346340	at Contact in the Desert
2346340	2347960	because a first-person conversation
2347960	2349560	can't be interfered with.
2349560	2372700	Mm-hmm. Um, but in our conversations, they told me where they're from and they're not, they're not shy about any of this stuff. They, if you, once you know how their world works and how to read their language, their three-dimensional language, everything is just out there for you to see and interpret. So, for example, the pyramids of Giza.
2372880	2377680	Well, before we get to the pyramids, where are they from? I want to start, I want to start with their origin because.
2377760	2378360	That's the key.
2378560	2379260	Oh, okay.
2379560	2386240	that's the key is the pyramids of Giza were positioned on earth at the center of all
2388700	2393720	landmass, but also at the, uh, longitude or latitude, whatever it is that I can't remember,
2393860	2399740	um, of the speed of light. The speed of light is a function of the meter. You cannot understand
2399740	2407780	the speed of light or write it as a, as a speed without the meter. The, the Egyptians very clearly
2409560	2418320	And the meter is the distance around our planet divided by the amount of the distance light travels in a second.
2418620	2422900	So the speed of light is encoded into the pyramids.
2423000	2430860	And you can do a huge deep dive on how incredibly mathematically relevant the pyramids are.
2431100	2433560	There's lots of people that do huge deep dives into it.
2433860	2435300	So it's an intentional object.
2435720	2437100	And it's a star map.
2437880	2449320	And I think what a lot of people are missing is they're positioned on the ground to look like Orion's belt, but Orion's belt is backwards.
2449680	2451420	Yeah, it's kind of reflecting Orion's belt.
2451620	2452540	It's reflecting Orion's belt.
2452540	2469100	Well, but if you live in space and you're a creature in space, if you line up Orion's belt on top of those, so if you look from behind Orion's belt and you look at the planet, you see that the Pyramid of Giza is a star map that goes to their planet.
2469100	2497280	And it's time-locked. There's the one dimension that on the summer solstice at the rise of Leo, you can only see the fifth dimension of the pyramid, that little indent, on that day. On that day, when everything is lined up, it's a star map and the Queen's Chamber is a representation, a meme, if you will, of through the void to around a corner and down back to their planet.
2499100	2503660	It's a whole star map of where they came from.
2503840	2505040	And what is their planet?
2505140	2505520	Do we know?
2506420	2507520	Do we know the name?
2507680	2508560	I don't know the name.
2508620	2511740	I don't know how to reverse.
2511960	2513540	I'm not an astronomer.
2513660	2522020	I don't know how to go after that data to validate that and or how to calculate the distances of what they are.
2522140	2526900	But where they're from doesn't really matter because nobody lives there anymore.
2527500	2547520	So finding that place would just be like finding fingerprints, right? It would be like finding evidence of someone existing before, but they'll just tell us way before we have a chance to ever go there because they're here. They're here. It doesn't make sense for them to be interacting with us unless they're here.
2547680	2550480	So why are they not home anymore? Why are they not at their planet?
2550480	2557740	So they told me, and this is just a natural progression of logic for any species.
2558620	2560500	A species needs energy.
2561020	2562060	We use energy.
2562160	2563260	We use hydrocarbons.
2563320	2564200	We use wind energy.
2564340	2570020	We use dams and electromagnetics to generate a majority of what we use for power.
2571060	2573600	But at a certain point, you run out of hydrocarbons.
2574240	2576060	And your technology advances.
2576320	2579300	And you figure out how to push two atoms together to create helium.
2580480	2584180	atoms together to create helium. And you eventually, we're working on it right now,
2584320	2591540	you discover fusion. But fusion isn't the be-all end-all answer. It's just basically hydrocarbons
2591540	2597020	on another scale. Because every time you take hydrogen and you push it together,
2597220	2602900	you never have hydrogen again. Now you have helium. So it's a non-renewable resource.
2603500	2608980	So then the question gets floored, and we will have this question floored at some point in our
2610480	2615320	get the hydrogen from? Are we going to take it from the ocean? Are we going to lose a foot, two feet,
2615400	2620000	three feet, ten feet, and then go, hey, where are we going to get the hydrogen from? Maybe. Are we
2620000	2625700	going to have the foresight to see? Who knows? But at some point, you're going to have to go and get
2625700	2633300	hydrogen from somewhere. So then you start looking to space. And in space, planets, some really
2633300	2640220	really special planets called gas giants have done the work for you. And so Jupiter is a,
2640220	2646000	if you use the earth's ocean, which is an astronomical amount of volume, right? Like
2646000	2652480	imagine the whole, all the water on the earth as a unit, a single unit. Jupiter has half a million
2652960	2660020	earth oceans of liquid hydrogen on it. That is enough energy to last us. I asked Grok to do the
2660020	2666460	math and i think it's one times 10 to the 34th power 12 years at our current energy rate assuming
2666460	2671860	a 50 burn rate on fusion like a like if you can get 50 of the energy out of a fusion reaction
2672560	2680000	which is like astronomical when you start looking at the universe as a spacefaring species like the
2680000	2686220	conversations i had like the astronomy that they taught me all the stars in the galaxy are not
2686220	2693200	they're not all orbiting at the same speed. 60 to 70% of stars are in binary or trinary systems,
2693740	2696880	which means that eventually they catch up to each other and then they get locked.
2697140	2703580	And when they get locked, the planets, there's a TV show, Three-Body Problem. We haven't solved
2703580	2707820	the three-body problem. There is no solution to the three-body problem. That show happens to be
2707820	2716060	behe about aliens. Coincidence? Probably not. But so if the planets, if every star that gets
2716060	2722200	locked into a binary trinary system loses its planets, that means that planets, if you push
2722200	2728600	the timeline far enough forward, like a space-faring species would, planets are not a home
2728600	2735620	that is sustainable. So if you're willing to leave your home and move your species to space,
2735620	2742100	space then you're going to go to where like why would you haul hydrogen somewhere arbitrarily and
2742100	2747720	you would just go to the hydrogen it makes way more sense so when they were on their planet and
2747720	2755140	they're looking out in the galaxy they saw our system and our system is very unique um it has
2755140	2761740	four gas giants some have one we were now learning more and more about how to identify planets
2761740	2767200	planets and how to, you know, see what they are and what they're made of. And it's very
2767200	2776380	early, early astronomy. But once you figure out that gas giants are the solution,
2776580	2784720	they decided to move here. And as that being a linear progress of logic, they assumed because
2785360	2788880	when they got here, they found us. They didn't know that we were here. When they did their
2788880	2795140	astronomy from however far away it was to here, they couldn't see us. Rewind the clock, 25,000
2795140	2798980	years, 28,000 years, 15,000, however long that was, because it took them a long time to get here.
2799800	2804840	We didn't have radios. Even if we did, they wouldn't have had time to get there, even traveling
2804840	2808060	at the speed of light. So there's no way that they would have even known that we were here.
2808540	2815400	So they came here for the gas giants, for a solution to their energy needs for millions of
2815400	2821040	years. And so when they got here and they discovered us, they were like, wow, who are these
2821620	2826280	little monkeys running around on this planet? Now we know that there's life in the universe.
2826740	2834240	So they built the pyramid as a marker, not for us to understand, but for the other life that
2834240	2838520	they predicted would come to our solar system because it's unique and it has four gas giants.
2839620	2857680	So once you learn how to read their memes and once you learn how they think and you understand their frame, a lot of the holes that you mentioned start to fill themselves in just by being the simplest and easiest and most logical answer.
2857940	2859060	Does that make sense?
2859480	2860480	Yeah, for sure.
2860480	2871580	Sure. Okay. So out of necessity to survive, they found us. They found this planet. They found the
2871580	2879560	solar system. And now they come here, they discover us. What's the point of them doing
2879560	2884540	what they're doing? Why don't they just move on? Why don't they just grab our water and get out of
2884540	2891120	here? What do they get out of quote-unquote messing with us? So they're not here for our
2891120	2898920	water. They're here for the hydrogen stores in Jupiter, Saturn, Uranus, whatever. And they've
2898920	2903060	been here for a long, long time. We can see evidence of them interacting with us all the
2903060	2909700	way back to Aztec, them being the gods. It's all over the place. They gave us, they showed us the
2909700	2915240	the summer solstice and the winter solstice so that we knew when to build crops, right?
2916060	2919200	They came here and they saw that we were struggling to survive. They started doing
2919200	2923920	some science on us and they figured out that, holy crap, these monkeys are really smart,
2924000	2927440	but they don't have any tools. Well, why don't they have any tools? And when they got here,
2927520	2935320	we had just ended an ice age. And ice ages have this really interesting aspect to them,
2935320	2944180	like a sociology aspect that I think a lot of people don't really comprehend. So as the ice
2945380	2950140	progresses down towards the equator, the amount of landmass that is habitable,
2950840	2957100	that's above zero, decreases. And so all of the life on planet Earth has to compete
2957100	2964280	to survive for the amount of vegetation that can grow in that tiny band. And so being aggressive,
2965320	2972680	being dominant survives that's uh the theory of evolution right um sure that's darwin's idea of
2972680	2979080	how all life exists yeah so if we accept that as a valid piece of information we throughout our
2979080	2988600	history get reset on this huge massive intergalactic scale where our planet goes through these cycles
2988600	2993600	and we can go through the ice records and we can see that we go through these cycles of ice ages
2995320	3001180	And every time it washes out our ability to create tools, to create writing, to create all this stuff.
3001340	3003140	So they gave us these gifts.
3003240	3005500	They gave us a little bump, a little push.
3005600	3006420	Here you go.
3006540	3007820	Which was the solstice.
3008000	3008840	Which was the solstice.
3008960	3009940	So we knew when.
3010040	3011240	Or the information of the solstice.
3011240	3013060	We knew when to plant crops.
3013220	3014620	We knew when to do that.
3014680	3018080	And they gave us the calendar of that through the Mayan calendar.
3018220	3018500	Right.
3018520	3023040	And so that, that Mayan calendar was reset in 2012 or whenever it was.
3023040	3033340	Um, and that was when our, our, our system goes through is a full reset of the procession cycle, which is one of the four cycles in our ice age cycle.
3033480	3041660	And the four combine to decide how deep the ice age is in a given time.
3042800	3051440	So they came here and they saw us, but they knew how smart we were and they did a whole bunch of tests on us and they, they, they, they abducted us and they were like, how smart?
3053040	3057920	monkeys can it learn sign language can it learn we'll give it uh that's the point of the chips
3058520	3063900	no we're getting to that okay but they have those monkeys and they'll they'll give them a a board
3063900	3067840	and it'll have 20 numbers on it and they'll flash it for like a tenth of a second and there'll be
3067840	3073360	the 10 the monkeys touching them all so quickly my brain yeah i can see four numbers maybe yeah
3073360	3078000	he's just like nothing he's just a do-do-do-do-do-do pull up that video here so people can see but
3078000	3080860	it, it is, I, I, it's astounding.
3081080	3087500	I had no idea that they had this like eidetic memory that they could just see
3087500	3090360	something for a second and remember a sequence like we can't do that.
3090440	3090800	Right.
3090940	3093520	I mean, maybe if we trained really hard, but they have it innately, it seems.
3093660	3094000	Yeah.
3094500	3098620	So they, they did tests on us and they had philosophical conversations with us
3098620	3101880	and they had all these things and they're like, how are you this smart?
3102340	3103680	Because they went through a different evolution.
3103840	3104880	How are you this smart?
3105160	3107000	And you don't have tools and language.
3108000	3114500	little push. And so they've been here interacting with us because they're studying us. They know us
3114500	3120820	better than we know ourselves. And the reason for that, the single motive for that is very easy for
3120820	3128060	us to relate to security. They came here. This is their solar system. It's their energy. It's the
3128060	3135360	way that they survive. It's their, we fight wars over oil and gas all the time. So they anticipate
3135360	3139440	participate at one point through giving us a boost. They knew that we were going to get into
3139440	3142600	space. They knew that we were going to figure out the atom. They knew that we were going to do all
3142600	3150680	this stuff. And so they are holding a position, which I 100% support. We are not, hardline,
3150820	3157780	going to allow humans to fight us with interstellar energy, period. So we have to figure out a way to
3157780	3165100	get along, to communicate, to not fight, to come up with a way that plenty works because
3165100	3167060	energy creates plenty.
3168040	3174560	Elon Musk talks about robots and universal income and all of these things and how when
3174560	3177100	we have more robots than people, what are people going to do?
3177200	3177720	Right.
3177780	3178960	And so plenty is coming.
3180060	3185360	We haven't done a lot of the sociology or the philosophy and we don't celebrate those
3185360	3185820	spaces.
3186020	3186260	Yeah.
3186320	3187520	To soft sciences.
3187780	3191860	to really have a game plan of what that even looks like.
3191940	3194600	Our leaderships, they don't even talk about it.
3194640	3196080	They're not even like, oh, what are we going to do
3196080	3197420	when the robots do all the jobs?
3197540	3198580	They're just like, oh, we'll figure it out.
3198700	3202440	Are you saying when AI becomes sentient
3202440	3204960	or when we hit that max peak of AI
3204960	3207720	where everything starts becoming public domain?
3208340	3208740	Yeah.
3209340	3211160	You're saying that they went through that already?
3211460	3211960	Well, yeah.
3212060	3214300	I mean, we can see this with our AI
3214300	3216500	and their AI is better than our AI,
3218420	3220320	AI starts to take all the skills.
3220520	3222460	So people are smartest person.
3222640	3224520	Let's say they have 200 IQ, right?
3224580	3229200	Eventually the AI will have a thousand IQ or it'll have 2000 IQ or 10,000 IQ.
3229320	3231520	And we, our intelligence becomes irrelevant.
3232160	3236160	The difference between my intelligence and your intelligence or Steve's intelligence
3236160	3242480	matters zero because the Delta is very small relative to the AI's 2000 IQ.
3242480	3242640	IQ.
3243460	3248140	So all skills and all knowledge basically become deprecated.
3248160	3248840	They become obsolete.
3249200	3259300	And so in a state like that, where there's a real true state of plenty, like I can just want something and the computer will just make it for me.
3259660	3260960	I don't even have to think about it.
3260980	3262440	And we don't have to understand how it works.
3262480	3262940	We don't have to.
3263000	3263260	Yeah.
3263320	3263760	Nothing.
3263820	3267200	I just like, I want a new camera and boom, I have a new camera.
3267520	3272160	It changes the way that everything works and energy becomes the single thing.
3272480	3279320	by like a huge gap, um, bottleneck in your society. And so it needs to be protected.
3279840	3286500	And we don't have a history. We can't share. We don't share stuff. Countries that don't have oil
3286500	3292840	and gas are third world countries. Yeah. We're not like, oh, here you go. Poor little country,
3292920	3298660	have some oil and gas. We're like, no, no, no. Pay the bill. Right. So we haven't proven to
3298660	3305360	ourselves, let alone someone else, that we can even be good neighbors. So they're here. The chips
3305360	3314720	are in people to collect data, data to drive an algorithm, which is a AI representation of
3314720	3319740	humanity or a vectored version of humanity in its entirety. That can be predicted, that can be
3320380	3325540	conversed with. Yeah, conversed with, but also that can be used to, yeah, predict our behavior
3325540	3331920	and respond to perhaps some of our hostility or our shortcomings.
3332800	3336120	The chip that you have, by the way, we didn't talk about this before,
3336200	3338240	but I do want to mention this, is in your lip?
3338560	3339820	It is. It's in my lip, yeah.
3339880	3341200	You can see it with a flashlight.
3341460	3343780	And you've gotten it scanned multiple times.
3343960	3346340	We have MRI. We have x-ray.
3346700	3350600	There is clearly a physical object there.
3350780	3353120	What was interesting is that the MRI that you brought
3353120	3356400	showed like this giant gaping hole in your chin,
3357120	3358360	which doesn't make any sense
3358360	3362000	because clearly your chin's intact.
3362160	3364340	It does not have a giant hole in it.
3364500	3369040	But the MRI somehow shows this big blotch.
3369720	3373860	MRIs are a magnetic resonation imaging machine.
3373960	3376160	And so they use the magnetic spectrum
3376160	3377720	to interact with light.
3378000	3381400	And if you have a piece of metal in your face,
3383600	3390060	field, but that magnetic field from that object is static. So let's say I have a piece of a
3390060	3395900	Tonka truck stuck in my face from when I was a kid, right? That deflection would remain constant
3395900	3401440	throughout the scan. But on my scan, the intensity of the magnetic field changes
3402260	3409260	from image to image to image in its magnitude. Difficult to say. I haven't been able to analyze
3409260	3411780	it to that level of scrutiny.
3412200	3413620	The invitation is open.
3413740	3414040	Yeah.
3414140	3419860	If somebody has the resources or the ability to do something like that, I'm totally open
3419860	3424320	to external validation and sharing the data that I have.
3424420	3429060	So I do want to, I do want to find that out, but it's, it shows.
3429180	3434040	And while the scan is going on, they're taking the piss out of me of how useless this is,
3434620	3436120	how they're going to interfere with the scan.
3436260	3437780	But that's your interpretation of it.
3439900	3441400	that they're taking the piss out of you?
3441480	3441640	No, no.
3441700	3443840	They're literally talking to me
3443840	3445620	while I'm getting an MRI done,
3445700	3448080	talking about how they're screwing with the machine
3448080	3450360	through the device that's implanted in my face.
3451500	3452940	You can't tell a doctor that.
3453160	3453600	No.
3454880	3456700	I can barely tell you that.
3456740	3458480	I can barely tell the audience that.
3458720	3459900	It's difficult to-
3459900	3460440	That sounds insane.
3460640	3461200	It does.
3461400	3462660	But yet the image is there.
3462880	3463680	Yeah, clearly.
3463980	3467160	And the size of the image is changing.
3467220	3467660	No, I saw it.
3467680	3468820	So how do you explain it?
3468920	3469140	Yeah.
3469260	3475060	I don't know. You had a surgeon in Canada refuse to take it out.
3475180	3475620	That's correct.
3476040	3480260	And then you're trying to, are you actively pursuing them? Are you looking into
3481260	3485340	perhaps why that surgeon refused to do that? Or is there any?
3486260	3493460	Yeah. I mean, that's a kind of a personal thing and it goes deep into some stuff that I don't
3493460	3500920	necessarily want to talk about at this point but um i i am open to getting it removed i want
3500920	3507700	ultimately to get it removed um yeah to study it i would have hard evidence to take it to the next
3507700	3516020	level but i've been keeping it in my face because you can't refuse its existence if it's still there
3516020	3520000	right as soon as it's out they can say well how do we know that that was in your face everybody
3520000	3521400	Everybody will say, well, chain of custody.
3521520	3525420	Well, the chain of custody has been where it's been implanted in my face the whole time.
3525520	3530000	So you have, you're getting, you're gathering all the information that you can while it's in your body.
3530100	3530380	Yeah.
3530540	3536380	Before you extract it and have a sort of provenance of where that came from.
3536540	3536980	Yeah.
3537320	3546900	My, my YouTube channel, I call it maximal truth because I'm trying to, and I've tried to throughout this entire experience, be as objective.
3547340	3548080	Just document everything.
3550000	3555680	perspective. Yeah. Where it isn't my opinion that it is this, it is that it makes the most sense
3555680	3564080	if it is this. So, um, I, I'm going to continue along that path. I would love support and help
3564080	3569760	in that direction. People who have the ability to do tests, to validate stuff, who can check
3569760	3575740	and do all of these things, because to have one person carry this alone is a, is a big ask.
3575740	3576640	Is it magnetic?
3577380	3578700	No, it is.
3578860	3592120	Um, but only as a reflection of its ability to absorb intimate light, which is on the, uh, gigahertz or millimeter spectrum, which happens so fast that normal electronics can't pick it up.
3592400	3595400	You need a, you need a, you can't put a magnet to it.
3595420	3596000	It won't stick.
3596140	3597120	It happens too fast.
3597180	3602920	So it just comes across as neutral because it's, it's oscillating way, way, way too, too fast.
3604080	3604540	Wild.
3604820	3605280	Hmm.
3605740	3606360	Do you feel it?
3606680	3607060	No.
3608900	3609700	It's so crazy.
3610260	3618560	I've had a few people send me their x-rays as well, and it's a very tiny object, but it's in your lip, not in your jaw, correct?
3618880	3621580	2.17 millimeters, and it's in the skin.
3621700	3622400	It's in my lip.
3622480	3623360	I think it's on this side.
3623420	3623760	I don't remember.
3624040	3626620	And I also have more evidence.
3626620	3634800	the there's two gray patches on my head where and this is 100 speculation me just trying to put the
3634800	3639140	pieces together but when i went outside the restaurant i think from an invisible position
3639140	3647260	behind me two intersecting lasers for overcharged my pons which is part of my brain and rendered me
3647260	3652940	unconscious and these like some type of directed energy weapon yeah yeah like little lasers that
3652940	3658680	are designed to interact with the brain, to overstimulate it, to cause a full wash,
3658880	3663740	reset of the brain. And I would, and I rendered me unconscious. It's the same technology as they
3663740	3669300	use for crop circles. And they told me is a solution for, um, curing brain cancer.
3669680	3676560	So if you have two, if you have multiple lasers where they intersect, like a wave on the ocean,
3676700	3680340	if all the waves amplitudes meet at the same spot, you'll get a great big wave.
3680340	3680620	Yeah.
3680660	3683760	If they meet in a way that cancels, you'll get, you'll get no wave.
3683780	3684000	Yeah.
3684100	3687840	And you can do the same thing with light, but you have to be able to control the start point.
3688040	3691460	So you have to be able to control the start point so that you can get the phase shift right.
3691560	3691860	Yeah.
3691860	3694460	Because you have to have the light amplify at the same spot.
3695020	3695380	Sure.
3695420	3708620	So that it creates a, um, a microwave in the cop, in the case of crop circles, they use a microwave laser intersecting and then it just goes and creates a, a pattern on the field.
3708740	3709020	Yeah.
3710340	3714480	The same thing for non-invasive surgery or non-invasive brain cancer.
3714680	3718240	And this is how they are able to, they live longer than we do.
3718340	3721200	They've done obviously their medical system.
3721320	3724320	We have, I mean, this thing hasn't been rejected by my body.
3724440	3728360	People report being healed by them, all kinds of stuff.
3728440	3733580	So we know that their level of medical understanding is far more advanced than us.
3733640	3737320	And that's how they're able to stay alive longer.
3737460	3739620	That's how they're able to cure cancer is they just kill.
3740340	3744620	interfere with their body at the cellular level through light non-invasively. And so they can just
3744620	3747760	kill cancer cells in the brain without ever opening your brain. That's very interesting.
3748180	3755260	Do they, um, so these are people, these are like essentially they're, yeah, they're extraterrestrial
3755260	3762540	obviously, but they're, they're a physical person. They have male and females, I speculate.
3763960	3767500	Okay. So that's a complicated question. So they're absolutely.
3767500	3773720	Well, gender is a spectrum, all that stuff. But do they have like reproductive organs?
3774020	3793560	Yes. And they're biological entities. And the way that I know that they're biological entities is because they make mistakes. So they'll say something silly. They'll put themselves in a position where I can take the piss out of them. They take the piss out of me. We tease each other all the time. And a computer wouldn't make those kinds of mistakes. It wouldn't have those types of responses.
3793560	3801780	responses and they have absolutely have a filter on the conversation that they're having and they
3801780	3805740	can control it to be anything they could make themselves sound like a female they can make
3805740	3808760	themselves sound like they can make themselves sound like the president they can make themselves
3808760	3813180	sound like george clooney anyone they want to just like we can and they can do it real time
3813180	3817900	so just because i'm hearing a female voice doesn't necessarily mean that it's a female
3817900	3823260	that i'm talking to because it could be it could be the ai so you don't know i don't know i can't
3823560	3841140	But I do know that they make mistakes. And I do know that they've taught me all kinds of stuff about physics and light and astronomy and sociology and all these things that I want to now share with the world because they're not it's not our science. It's their science.
3841140	3867120	But what, so they obviously don't want us to know about them. Like that's their, that was their main thing, right? For like so many years. And, you know, you, we talked before the podcast and you explained to me that they do have some type of deal with the government that that is real. Let's talk about that. Let's talk about, okay, so there's a meeting that happened between them.
3867120	3884480	So I disagree with the position that it's them that want secrecy. We have no evidence of that. In the Vatican, there's thousands of years of reports of them interacting with people. There's pictures of them on cave walls. They built a pyramid on the planet. They're not trying to hide from us.
3884480	3890880	us. Truman or whoever it was that talked to them first after World War II and all the noise and
3890880	3896140	complication that comes across that, that whole rabbit hole that you can go down and many people
3896140	3904160	watching had gone down that rabbit hole. They made a deal with our people. Our people didn't
3904160	3910660	want them to exist. They didn't think that we could handle it. You got to remember the frame.
3910660	3916460	shame. Truman just came out of World War II. Eisenhower was a general in World War II.
3916620	3922360	They both of them had PTSD. Truman dropped a bomb and vaporized a half a million people. Imagine
3922360	3930280	how that would affect your psyche, your ability to like be a person still after fighting the Nazis
3930280	3934700	in Japan and all of that stuff that they went through. It was a really traumatizing time.
3934700	3957760	And then, oh, by the way, there's also aliens, right? And they're like, the last thing we need after World War II is to have this now existential threat on our hands. We need time. We need time to change our systems. We need time to change our beliefs. We need time to do all kinds of stuff.
3957760	3958580	That makes sense to me.
3958640	3960580	And so they asked for time.
3960640	3961280	Now, how long?
3961360	3961960	I don't know.
3963060	3966180	They're forthcoming with me, but they're not that forthcoming with me.
3966960	3969340	And so we've changed our system.
3969620	3973460	You used to, everything used to go through religion.
3973680	3976180	There was, religion was on the coin.
3976480	3978540	Religion was on, in court.
3979320	3982720	And now we're trying to separate religion from state.
3982720	4002440	And it's been a slow, long, slow process because I think for a lot of people, the idea or the existence of aliens, because of the way that it's written, and I'm not religious at all. I have never read the Bible. I know nothing about any of this stuff. So it's just whatever I can see from the outside looking in.
4002440	4017400	But, um, a lot of that, a lot of that was very closely tied because we came from Europe and in Europe, the Catholic church was, you know, sistered up with, uh, all of the heads of state throughout the whole of Europe.
4017600	4025760	And so up until the mid 1600s, religion has been a key pillar of power on our planet for a very, very, very long time.
4025820	4026000	Oh yeah.
4026000	4048520	And so I think they wanted to separate from that and they wanted to give the public a chance to accept it through movies like E.T., through Independence Day, through all of these thought experiments that they put us through so that when they do say it, like I think they're going to soon, when they do say it, people are like, oh yeah.
4049200	4050620	Like now most people don't care.
4050620	4075780	No, they're sort of, yeah, there's a lot of apathy and sort of, okay. So they have this deal with the government. They are, despite everything, are keeping a secret. They're not showing themselves overtly. Why would they allow this? This seems like it kind of undermines what they're doing.
4075780	4087060	Like, I mean, if you spend so many resources on chipping, tracking, data collecting, you know, all of this kind of hinges on secrecy.
4087680	4098640	If there's no secrecy or if we start understanding exactly what their motive is or where they're from or how their technology works, I mean, to me, that kind of undermines their security.
4098780	4104060	It creates a flaw in their system that we can now exploit.
4105780	4117140	you to talk about that so openly. That boggles my mind. Like, I feel like this is counterintuitive. If they're a very highly intelligent species, this wouldn't happen.
4117580	4130220	Well, they didn't want me to. And they blocked me from doing this for a very long time. They filtered my communication. They filtered all of my things. Well, the government is now disclosing.
4130380	4133400	So you think it's because of the government disclosing that they are?
4133520	4133760	I think that's part of it.
4133900	4134940	Have they told you so?
4135780	4138060	Yeah, we have discussions about it all the time.
4138240	4139120	About disclosure?
4139400	4139800	Mm-hmm.
4139900	4141960	And what's their thoughts on disclosure?
4142260	4143260	It's not their idea.
4143460	4148780	They haven't, I still disagree with the frame that they haven't been out there publicly.
4148980	4152580	There are thousands and thousands and thousands of witnesses.
4153460	4163740	We, our teams, the CIA, the KGB, have created a stigma to dismiss them so that most people have the frame that they aren't presenting themselves.
4163740	4166200	They're not showing up on Times Square.
4193740	4194960	Maybe you're working on.
4195080	4195400	Yeah.
4195660	4199180	But they could do any of that within a split second.
4199400	4199800	Yeah.
4199840	4200420	Why don't they?
4200520	4201320	Because they have the deal.
4201920	4202880	With the deal with who?
4202880	4203300	With the government?
4203440	4205960	With the governments of our planet.
4206160	4206360	Okay.
4206460	4214360	They're giving us, I think a lot of people take it as a disrespect, but it's actually inverted from that.
4214420	4220680	They're giving us a huge amount of respect because our leadership has made the decision that they don't want people to know.
4221140	4223260	And so they're honoring that to a certain degree.
4223840	4228620	but only to a certain degree. They're only going to give us as much as they decide they're going
4228620	4236760	to give us. And so they have interactions and they test us. There's a moment in the three-body
4236760	4242340	problem where he's on the phone with aliens and he's reading a story and he's explaining lying.
4242620	4249400	And at the moment that he says, I'm a liar, and the aliens are like, you lie? And then they stop
4249400	4255040	talking. So as soon as you validate that you lie, how can they know that what we're saying is the
4255040	4260080	truth? So one of the reasons that they create that great big AI and they're collecting all this data
4260080	4265340	from hundreds of thousands of people with implants is so that they know whether or not we're lying.
4265520	4272140	They have that data to validate that. So as much as it sucks to be a person with an implant in it,
4272160	4278420	we need it. We need it so that we're not a threat. They need that data so that they can ask the AI
4279820	4283000	because if they go to the government and we know that.
4283020	4283760	They're going to get lied to.
4284220	4284620	Right?
4284740	4285000	Of course.
4285000	4286960	Like there isn't a single honest politician out there.
4288600	4289220	No, yeah.
4289280	4291640	The data collection stuff is really interesting to me
4291640	4294700	because I do feel like after all is said and done
4295200	4297440	and there are no jobs and there, you know,
4297440	4299100	there's nothing left to do.
4299260	4301780	Like we figured it out once we really figured it out
4301780	4304260	and we can, you know, just like the holodeck
4304260	4308500	or just like, you know, the little thing that makes food in Star Trek.
4309400	4316440	do all of that eventually. What's left? What is the commodity then? If it's not gold and if it
4316440	4322780	isn't money and if it isn't water, it becomes information, data. And we're seeing that now.
4323920	4332460	There is a study recently that I looked at, which the number, I forget what the number was,
4332460	4339660	But essentially, I think this was Jeff Bezos who's talking about this, if I'm not mistaken.
4339660	4369080	But he voiced concerns that we didn't have enough clean water to feed the AI servers, the cooling systems of the AI, in that we're going to essentially use our consumable water as priority to feed these servers.
4369660	4370600	Yeah.
4399660	4400780	this data collection.
4400980	4406980	And that very point is the reason why they interact with our nuclear stuff is because
4406980	4411480	they look at us and they're a very, I mean, they're way more advanced than us, right?
4411540	4413460	They live in that society that you're describing.
4413620	4417400	So for them to see us, they live in a state of plenty.
4417620	4424200	How could you make the decision to have people that are, that are like you that don't have
4424200	4424780	clean water?
4426180	4432560	how what's wrong with your brain or your society or your sociology where that's acceptable to you
4432980	4437920	or you can like be okay with that and like go out for dinner with your friends just the reason they
4437920	4441740	took our toys away while there's people on the other side of the planet or somewhere else that
4441740	4448460	have nothing yeah they're living in the dirt like if that's your acceptable behavior yeah if that's
4448460	4452700	your compass then you don't have you're not going to be our neighbor because you're not going to do
4452700	4460840	that to us, right? We're, we needed to be violent. Violence is in our DNA. It's a function of the
4462220	4467600	ice age cycle. All of us, we have to fight. We have to learn to fight. It's a function of survival.
4467680	4474040	Strong, the strongest survives, right? Survival is the fittest. And we haven't turned the camera
4474040	4479740	or we haven't turned it back on ourselves to start learning about what should we do? What,
4479740	4480740	How should we behave?
4480940	4484500	What is an objective way to be the best human?
4484680	4488900	What's the most objective way to be the best citizen of the universe?
4489120	4489500	Right.
4489540	4489840	Right?
4491680	4497280	So they need, like, it's really a difficult situation, but they're giving us a lot of
4497280	4505480	respect because they're listening to, even though the leader's decision to wait, maybe
4505480	4506800	not, maybe was, maybe wasn't.
4506820	4508600	I don't have the information that they had at the time.
4509740	4513940	it. I can see how they would make a decision like that. They didn't agree with that decision. They
4513940	4517420	don't think that that's a smart decision, but the leaders made the decision. They wanted a certain
4517420	4521840	amount of time. So they gave it to them and they're respecting it to a certain degree within
4521840	4526700	the confines of that deal. And they break the deal just as much as we break the deal. And so
4526700	4532040	they're communicating with our people to say like, we know what's going on, right? And all of these
4532040	4537600	things that happen are, are conversations that they're having with the deep state, with the
4537600	4542500	powers that be with the people who are making decisions at the highest level about this that
4542500	4547900	we're not even allowed to know it exists which to them also seems like completely upside down and to
4547900	4554500	me personally it sounds it's like insane that we have creatures from another world that have come
4554500	4561200	here and have been here for for so long the data is irrefutable and we're not allowed to know about
4561200	4566000	them like that just doesn't even make any sense to me like why would you how would you even accept
4568540	4574680	frame. Like it, it, I can't, I can't find the data to make that make sense. Now I don't have
4574680	4579280	all the data. I'm not pretending to be like the person who knows everything, but, um.
4579440	4583680	Yeah. Initially, uh, I read a document somewhere, which is really interesting. And it was,
4584860	4594380	uh, it was proposing that the reason we didn't want to divulge the extraterrestrial,
4595760	4604800	sort of their existence to the public is because their utopian society was essentially built
4604800	4613380	in a communist sort of way where everything's divided up equally and everyone has sort of
4613380	4620140	equal share of everything. And that was a huge threat to us in the 40s and 50s, communism.
4648700	4650100	Absolutely.
4650140	4657700	in the 50s was, well, we're not afraid that you won't understand aliens. We're afraid that you'll
4657700	4662400	want communism. Yeah. Which I thought was interesting. And they're absolutely fighting.
4662660	4666160	I mean, we can see it. They do it out in the open for all of us to see. They're fighting.
4666260	4672840	There's a big struggle between which leadership model is the best model. And they have this idea
4672840	4677200	that there's only two potential leadership models in the universe and there couldn't be a better
4677200	4678980	one and both of them a fail.
4679080	4681080	I've had this philosophical conversation with
4681080	4682340	them endless times.
4682460	4683480	It doesn't matter.
4683680	4684780	So what's the one that works?
4684860	4685900	You're not going to have, you're not going to
4685900	4689000	have, um, a capitalist society because there's
4689000	4689940	nothing to capitalize on.
4690000	4690380	Hmm.
4690620	4693120	Like when the computer does all this, what am
4693120	4694400	I going to take from you?
4694500	4695240	Yeah, it's going to collapse.
4695500	4699800	Well, the idea of money was, comes way back
4699800	4702140	from when, when we didn't really have, we were
4702140	4704240	just starting to learn how to trade and okay, I
4704240	4706620	make hammers and you have cows.
4707200	4712000	Well, I'm not going to give you my whole hammer for a cow because then, you know, you're getting ripped off.
4712100	4714620	But my cow isn't worth enough for the milk.
4714680	4715940	So then you're getting ripped off.
4716020	4718400	So how do we divide this up so that it works?
4718500	4722520	And money intrinsically is supposed to represent work.
4723040	4724280	That's what it was invented for.
4724400	4725780	It doesn't represent work anymore.
4726060	4727900	I can sit here while I'm sitting here.
4728060	4730320	My trading is making money.
4730640	4732980	I'm not doing any work to earn that money.
4732980	4752160	And so we figured out a way to manipulate and exploit that idea because that's what people do is exploit stuff. So the whole idea of capitalism is already starting to collapse. I mean, we can see them printing money and the amount of money that they have to print. I don't think the U.S. can even recover from the debt that it has. So, I mean, mathematically.
4752720	4753440	No, it's impossible.
4753440	4758320	At some point, it has to fail. So it's not even really a position that they can even hold.
4758560	4760620	Yeah, I remember watching Zeitgeist when that came out.
4760620	4761100	Yeah.
4761100	4761660	But yeah.
4761800	4766520	But how do you, how do you, as the leader of the planet say that you're driving a ship
4766520	4766900	that's sinking?
4767320	4770880	Like you, you can't, it's, it's not even a position that they can even take.
4771000	4775020	So tell me about, I want to learn, I want to hear less about us because I'm bored with
4775020	4775260	us.
4776020	4776560	Fair enough.
4776640	4778040	I've, I've heard enough about us.
4778060	4779240	We hear it in the news cycle.
4779300	4780620	Something we don't hear about is them.
4780700	4781400	What do they look like?
4781560	4782280	I have no idea.
4782600	4785140	So what do you, what did they tell you they look like?
4785840	4793860	They tell me they have a filter on their virtual reality space that prevents them from showing me what they look like.
4793960	4795380	There's so many directions we can go here.
4795460	4796940	Let's go to the virtual reality space.
4797260	4812460	This is something that I thought was really fascinating when you talked to me about it and how they sort of hijack our neural pathways to create these virtual simulations in our mind, which then lead us to think we're talking to Pleiadians or mantis people or tall greys or whatever it is.
4812580	4813780	What is that mechanism?
4815140	4821160	that maybe in like a deeper way that people can understand? Absolutely. So it's a wireless
4821160	4828680	computer brain interface that creates what we call manifolds, which are thought processes. So
4828680	4834980	a neuron will fire. And when it gets to the end of its axion, there will either be enough charge to
4834980	4840460	tell the next neuron to fire or multiple neurons. And so they create this chain or the sequence of
4840460	4845920	firing that we call manifolds. And so everything that you go through, the words that I'm speaking,
4846140	4850320	the vision that I'm going through, all of it creates manifolds. And there's all kinds of
4850320	4854060	research that we're doing right now all around the world. They're recording dreams. They're
4854060	4859060	doing studies in mice. They're doing all kinds of stuff to validate that this is a real true thing.
4859940	4867060	And so through these manifolds and a computer brain interface, you can read the manifold to
4867060	4872680	to understand what's going on inside a person's brain as they perceive it. And you can induce
4872680	4877940	those same things. And through that interface, much like a TV screen or something else,
4878120	4883520	they can then, they've then bridged that gap. So that becomes a method, how to get a hold of the
4883520	4888820	brain. And then they use that method to then spool up a virtual space where you can then interact
4888820	4892520	in that space. So in a, in a more simplified version,
4892520	4900480	version, when you think about something, there is a certain pattern that you can sort of copy-paste
4900480	4908400	in your neural pathways. And so if you have a way of injecting that paste back and changing
4908400	4915440	something and back into the brain, then you can create a simulated reality because all of this
4915440	4920660	is simulated. Like me doing this isn't happening over here. It's all happening in here. And so
4922520	4930900	that they're collecting, they're using against us, so to speak, to induce these hallucinations.
4932200	4937580	Against us, with us. Some people it's against, some people it's with, and it's a broad spectrum
4937580	4942400	of stuff so that they can diversify. But that's essentially it. But yes, that's exactly what's
4942400	4949840	happening is they're leveraging this understanding, this technology to interact with people in
4949840	4962080	In different formats. So some people can see stuff, some people hear stuff, some people can, but like tasting things like I, some, I'll, I'll taste ice cream. They'll make me taste ice cream. They can, um.
4962240	4962900	What kind of ice cream?
4962900	4966480	or whatever kind I've eaten before, but it has to be something that I've done before.
4966700	4971440	So they can only recreate images that I've given to the computer.
4971760	4971920	Sure, that you fed.
4972220	4972660	Yeah.
4972700	4975700	And the more times I do something, the greater the resolution.
4976520	4981900	So each time the model learns and it trains itself to a sharper state.
4982680	4986860	So like when I first started learning, she would show me an image and then she would
4986860	4990840	blink it twice, but we didn't quite have audio figured out yet because she was training the
4990840	4991940	AI how to learn audio.
4992900	4997860	then when I had audio, then I could hear her. And then once we had audio, then the pictures were
4997860	5003280	better and then they became color pictures. And then I was able to just do it in my eye and inside
5003280	5007500	my head instead of looking at the wall. And so there was this huge progression and I watched them,
5008320	5015840	literally watched them train the AI on my brain and watched it get better at the things that it
5015840	5022620	did to interact with me. And so through that process, being the scientist, being the curious
5022900	5030300	engineering brain that I have, I needed to know how, why, who, what, where, when, how, why. I
5030300	5035060	wanted to define all of the parameters that I could get about this interaction. And so I started
5035060	5039680	learning. And the more I learned, the better questions I could ask. And the better questions
5039680	5044740	I could ask, the more stuff I could learn. And so it was this, basically this rebounding of
5044740	5050140	information. And I just kept learning and learning and learning and learning. And now I've gotten it
5050140	5055520	to the state where I'm literally working, building a company right now to create a wireless brain
5055520	5059960	interface to go after this. And my first market is going to be digital sleep because they can
5059960	5064140	help you go to sleep, but they can help you wake up and they can change the heartbeat or the theta
5064140	5070280	frequency inside the brain. And so imagine if you could just decide you wanted to go to sleep for an
5070280	5074640	hour and then wake up and feel refreshed and you could decide the state that you exist in.
5074640	5086740	That's crazy. So you're using the teachings that they're giving you to sort of patent stuff, to create stuff and to make, to go to market with a product or a.
5086740	5096680	uh, yeah. So I'm, I'm, I'm not, I'm not capturing any of this stuff. I'm not getting patents. I'm
5096680	5103880	not trying to leverage it for my own benefit. I want to improve the human condition. And I believe
5103880	5108240	that all of the information that I've been given should be shared with everyone. If they're
5108240	5112060	communist, if they're capitalist, if they're poor, if they're rich, doesn't matter. Everyone should
5112060	5115880	have the same opportunities. That's what we fundamentally believe in our society is that
5116880	5120620	opportunity. So I think that everyone should have an equal opportunity. Am I going to build a
5120620	5125140	company so that I can collect more resources so that I can move it to the next level? Absolutely.
5125900	5131020	Because through that process, now instead of just going after digital sleep, I can make it phone
5131020	5136100	calls. I can make it virtual interactions inside your head. I can make it ice cream. I can make,
5136240	5145440	uh, um, help people curb, um, addictions and other things that they go through just by breaking that
5146740	5153240	giving it a little stutter shot, like a little, a little bit of a, a brain, um, excitement,
5153360	5158100	which will block those neuron pathways from happening. And if you can block those sequences
5158100	5162960	from happening, you can block the induction that it creates. What makes this different from
5162960	5169200	like Neuralink? Neuralink is using a, uh, encephalosalogram or whatever that EEG,
5169360	5175140	I don't know how to pronounce it. I'm not a medical professional by any, uh, extent. I'm
5176740	5181760	of an interesting interaction. But they use an EEG, which is basically surface voltage,
5182320	5189200	which produces a huge convolutional layer because they know the surface voltage of the skin and they
5189200	5192460	can read it. And they've got these little electrodes that go inside your brain and they're
5192460	5196880	able to pick up a better resolution because they're inside the brain, but it's still just
5196880	5202000	a voltage signal and they're not collecting the proper data. And so I've done a lot of research
5202000	5209140	into this and they struggle with getting resolution through the brain. And I've figured out a way to
5209140	5215660	bridge that gap. And that's what I'm going after. And it's by understanding phase polarity and
5215660	5221160	creating and manipulation of light through this new antenna that I'm building a prototype for.
5222480	5225460	What does this prototype look like? Does this live in your brain?
5225900	5226780	What is this?
5226900	5230740	It's just nanotechnology. It's super small and scalable to whatever size you want it to be.
5232000	5234940	Is that the point? Do you put it on your brain or do you just wear it on your skin?
5235060	5244480	No, I don't think that, I know that for me, having this thing inside of me where I can't control it was very invasive to my life.
5244860	5248720	So I would never recommend getting one injected.
5248920	5252100	I would never create a company that has implants in people.
5252380	5255680	But there's no reason why I couldn't put a sensor in a necklace.
5255680	5261820	or I couldn't put a sensor in a pair of glasses or in a ring or in a little hair thing or a headband
5261820	5266980	or whatever you want to do with it as the technology gets better and scales we'll be
5266980	5271940	able to make it smaller make it more efficient do more and do all kinds of stuff and make it
5271940	5278460	more comfortable maybe it's an earring maybe it's a an earpiece that goes in your ear right um so
5278460	5282580	that you can collect all of the data that you're hearing so you can feed that into an AI algorithm
5282580	5286360	of them. So it's collecting real-time data on you so that, you know, when your wife says,
5286440	5289460	I told you to take the trash out, you'd be like, no, you didn't. And you can like play it back for
5289460	5297460	her, like in Black Mirror. Right. So it gives us, it gives us the ability to capture real-time data
5297460	5301140	and then use that data live. Like we're all going to want it. We're all going to want all this data.
5301260	5306300	We're all going to want this. But again, that sounds like a lot of the sort of AI companions
5306300	5311060	that are out there currently. I know we have a sponsor on this channel, Plod, which is like an
5312580	5316860	a necklace version of it where you can just wear and give it AI. So what makes,
5317360	5322640	what's the difference between that? It's very much like that. And it would encompass a lot
5322640	5328540	of that technology and it would be interfacing with your brain. Interfacing and how so?
5328980	5333160	Through these light manifolds. Through the light manifolds. Yeah. Through, through these,
5333280	5340320	your neuron is Boolean. It's either firing or it's not firing. So by inducing a firing of the neuron,
5340320	5344640	I can start a chain reaction and then I can four neurons down.
5344740	5346820	I can fire it again and I can fire it again.
5347000	5348200	So you can shortcut memory.
5348300	5351160	And so I can keep that manifold going through the brain.
5351200	5359400	And so I can create that space, that chocolate ice cream in your head so that you can taste chocolate ice cream, even though you're eating a cracker.
5359600	5360040	Right.
5362000	5365300	That feels, um, it feels very MKUltra.
5366160	5367040	It does.
5367040	5371280	Do you not think that the government already has access to this type of technology?
5371560	5375140	The government has access to lots of stuff that they don't tell us about.
5375300	5380060	They're not even trying to keep the fact that there's secrets from us.
5380160	5383720	So if there's secrets, it's not are there secrets, it's what are the secrets.
5383960	5387980	But this stuff here, this sounds like, you know, prime.
5388580	5392140	Because if you're the government and anyone comes up with stuff like this,
5392260	5395920	obviously this is just taken off the market instantly and buried deep.
5397280	5402820	and or it's already being created or it is created and you're just reinventing something
5402820	5407620	that they've already invented 30 years ago that they're using actively. You know, you hear about
5407620	5415360	directed energy, but you hear about also the, what is it, the Havana syndrome and whatnot.
5416520	5423060	There are ways to manipulate the human mind from a distance, I believe.
5423300	5423740	100%.
5423740	5436420	Um, so again, this, this brings up the question, what makes you so sure that what you're interacting with isn't some strange MK ultra offshoot?
5438240	5446420	The conversations that I've had, um, are too philosophical.
5446680	5448400	They're too objective.
5448600	5451780	They're ideas and perspectives that we don't have.
5452020	5452700	It's non-human.
5453740	5459400	They're different. Like their very beliefs are different than ours. They're not, they're not
5459400	5463620	the same. They don't believe in the same things that we do intrinsically. And I have tried,
5463620	5473280	and I've had endless arguments about, um, protecting the weak. A female human is designed
5473280	5481420	to carry around a baby, which is basically useless for four years. We as humans have to have the
5481420	5487120	programming or the neurology in order to accept that as a fact, right? Alligators don't do that.
5488340	5491760	Alligators have little alligators, they bury them in a hole and then they leave.
5492040	5499740	And if the alligators don't survive, too bad, so sad. And their culture or their world or their
5499740	5508980	biology is more tuned to that sort of model where like, if you can't cut it, too bad, right? And so
5508980	5513260	So they're very cutthroat in some ways relative to that sort of stuff.
5513320	5517560	So their intrinsic philosophies are very much different than ours.
5517720	5518860	They sound like the Borg.
5520460	5521420	You know, Star Trek?
5521660	5522240	I'm aware, yeah.
5522560	5530500	Yeah, where they're like half, you know, cyborgs, half human, half machine or whatever, where everything's run on optimization and logic.
5531660	5537180	Would you say that that's kind of how they operate, where everything needs to be optimal and logical?
5537360	5538860	But they also have a sense of humor.
5538980	5546840	I think that they're very much like the Borg in the way that we're going to be the Borg and any creature that works with an AI and a computer.
5546960	5552600	The AI algorithm is maximally tuning for efficiency, no matter what it does.
5552680	5553720	Yeah, it's min-maxing all day.
5553820	5561620	If you ask it to write an email for you, it's creating the maximum, the best, it wants to get the biggest reward it can for completing that task.
5561720	5562300	Yeah, or at least try.
5562460	5563220	Or at least try.
5563220	5584980	And so when you, when your AI is like, we're just like, I'm, I'm older, getting older in my life and, and AI hasn't been here my whole life. But I, I like to think about what it would be like if it was maximized and I was born into that state. I wouldn't know any different. Right. And so maximizing everything just becomes normal.
5585420	5611000	Normal. Like the things that we do every day, right? You get out of bed, you have breakfast, you do, you know, you say hi to your wife, you do all the things. So it just becomes an intrinsic part of their life, much like we can conceptualize the Borg would be. So yeah, they're very much like that. They like to fine tune and maximize everything and everything that they do. There's a whistleblower on 4chan who talked about the underground.
5612060	5614120	You have a mobile construction unit.
5614980	5619120	units that they have in the trenches and they have them in the trenches so that we can't get there
5619120	5624520	so that they can have a presence on earth and that's real yeah yeah i i believe that's real yeah
5625240	5628600	and so they they leverage um
5631940	5636080	sorry i just got um blocked i'm not supposed to talk about the underground
5636680	5644580	underwater stuff interesting they don't want that on there but the mcu the mobile construction unit
5644980	5645180	of stuff.
5645240	5646380	We're not supposed to talk about USOs.
5647160	5649140	Well, I mean, too bad.
5649520	5649880	Yeah.
5650060	5650420	Sorry.
5651200	5652640	So they can, they can do that.
5652700	5655140	They can just wash my brain.
5655780	5660020	And so they just randomly fire neurons and then you'll lose your train of thought.
5660300	5662680	And they'll just do that to me from time to time.
5662800	5663620	Well, let's push back.
5664640	5665000	Yeah.
5665080	5665400	So.
5665460	5665940	Sorry about that.
5666020	5667820	I don't know where we left off or where we need to go.
5667920	5668960	I'm completely lost.
5669160	5671460	Well, I'll, I'll bring you back on track.
5671640	5671960	Okay.
5671960	5686620	In the trenches, there is talk of this mobile construction unit, these places in the oceans that harbor these giant underwater craft.
5687980	5697240	Would you say through your experience with interacting with these beings that they do have a presence undersea?
5697780	5701080	They have to have a presence that's close enough.
5702380	5710000	to account for the time delay because my chip is talking to a satellite, which is then relaying
5710000	5713380	information somewhere within the distance of the time constraints.
5713680	5720900	And so the barrier, the speed of light becomes a, uh, uh, a circumference for the distance
5720900	5721760	away that they can be.
5722320	5725500	They have to be active acting live in order to have a live conversation.
5725660	5725740	Yeah.
5725800	5727380	The information has to travel fast enough.
5727460	5727700	Okay.
5727840	5728280	Right.
5728380	5730940	So they have to have a presence here on earth somewhere.
5731960	5738820	idea of them having this self-replicating von neumann probe that's living in the ocean that's
5738820	5745160	using harvesting our own minerals to create these craft that are being deployed out in the oceans
5745160	5751240	and these beings that are also being deployed this is them this is them and and each object
5751240	5758160	is built with its unique design for its purpose right because everything is printed they'll say
5758160	5766060	I want a coffee cup that will hold 26.72 ounces and it will make one that creates that's for that
5766060	5770300	project. I want it to be made for someone with six fingers and then they'll, this will just be
5770300	5776120	made so they can just make it to do whatever they want it to do. Um, and they like to have,
5776240	5781260	they know that science commands repeatable evidence. Like one of our strongest pillars
5781260	5787260	in science is you have to have repeatable evidence. So if every version of a object
5788560	5792600	it undermines credibility and helps the CIA,
5792780	5795580	helps the government achieve their agenda of secrecy.
5795780	5797540	Right. So all these different beings,
5797660	5800900	the Pleiadian, the Plejaran, the Mantids, the Greys,
5800900	5803980	these are all just essentially psyops
5803980	5806060	from one single alien entity.
5806420	5808120	Could be, yeah. It makes the most sense.
5808520	5810840	In order for all of that to be true...
5810840	5812860	Well, how do you explain the Greys then,
5812960	5816620	like the physical Greys that, you know,
5818160	5823340	chin whistleblower, for example. And again, I hold him in medium conviction. Um, I'm, I think
5823340	5830440	I'm over 50% at this point, but, um, that, you know, they've come across these craft that had
5830440	5837380	these bodies on board, which were of the sort of gray variety. Um, what are those? Are those,
5837480	5842060	cause we hear about the drones, we hear about them being biological sort of robots. Is that the case?
5842060	5868700	I think everything is intentional and put there for its purpose. And if you think about it from a biological perspective, if our biology interacted with their biology, it would be catastrophic for everyone. When the Kinesadors went to South America way back in the day, they almost decimated the entire civilization through smallpox, I think it was.
5868700	5876820	was so for us to be arrogant enough to think that an actual biology is here interacting with us i
5876820	5882820	think i mean they might be able to deal with ours but for for us to deal with their pathogens would
5882820	5888160	be too much to ask so i think that a lot of the biological entities i think they're biological
5888160	5894260	i really do i think they're controlled remotely um through the ai they can create through
5894260	5898880	nanotechnology they can control a whole body i know they can turn muscles on and off they can
5898880	5905860	they can basically if if i if if in like in three body problem they had those crowns then like here
5905860	5909340	is a gift if i had one of those on my body i'm pretty sure they could take over my whole body
5909860	5915680	so if they could take over my whole body it's perfectly reasonable for for us to assume that
5915680	5921060	they could have a a biological robot interacting with people and now that i'm i can 3d print
5921060	5925180	into everything that I need, I can make that biological robot look like anything I want
5925180	5925700	it to look like.
5925800	5927340	It could look like a tiny spider.
5927460	5930200	It could look like a large object.
5930280	5931020	It could be a giant.
5931600	5933640	It could be anything.
5935040	5935840	A Medusa.
5935900	5937560	It could be a Minotaur.
5937740	5941480	It could be, and now all of these stories, maybe they weren't stories.
5942080	5947680	Maybe those people actually saw that stuff and it was unbelievable, but maybe, you know,
5947700	5948720	there was something else going on.
5948720	5959920	And it just opens up the possibility to questions because through my process of learning computers and computer science and then teaching me all this stuff, once you have a method for something, you can apply it to anything.
5960060	5967880	Like once I can get a hold of something like printing biology, now I can print any biology, right?
5967880	5972060	Right. I can scale it to any set of parameters that I can imagine.
5973180	5979680	So they can do anything they want, both in the biological space, in the material space and in the psychological or the conscious space.
5980120	5986580	So that is them sort of just messing with us like these crash retrievals and all that stuff.
5986700	5993280	Is that just what is that? Is that an offshoot of a mistake that they made or is that intentional?
5993520	5995600	Because you hear about, you know, both sides.
5995600	6018240	I think it's a combination of things. I think it's them adhering to their end of the deal that our side needed to make to satisfy their primitive ideas of what society is and stuff. And so they have freedom to do stuff through this deal. So I think they like to play with that a lot.
6018240	6023800	Um, but I think a lot of the crashes are gifts and or red herrings.
6024060	6038300	So they'll like put a joystick in it just to watch what happens because the whole ship is conscious of it's, it's a basically like putting a, a, a chip under the table, right?
6038360	6039180	They can hear everything.
6039280	6040120	They can see everything.
6040220	6041380	They know everything that's going on.
6041400	6041620	Right.
6041700	6046300	So when the, when the scientists are studying it, they can make fun of them because they don't know stuff.
6048240	6057140	It also satisfies, and I don't know the deal, I was never given it, but I can assume, and in my assumptions, I will say that probably those gifts were part of it.
6057220	6059980	And we see a standard distribution of those gifts.
6060140	6068740	Russia gets them, China gets them, we know Italy got one, we know, or we suspect that the Nazis had one.
6069440	6073840	And so it's plausible to assume, or reasonable to assume, that all the countries have them.
6073840	6079740	And we talk, we hear people like Jake Barber and all the other, they race out into the ocean to capture these things.
6079800	6084280	And there's like a big race to get them to then bring them back and reverse engineer their technology.
6084900	6088160	Well, that wasn't part of the deal, reverse engineering the technology.
6088400	6091900	The deal was so you'd have a hundred years to tell your people that we exist.
6092160	6094080	So what are you guys doing reverse engineering stuff?
6094520	6095960	That's a threat, right?
6096020	6101980	So then throwing a red herring in, putting a joystick in it or putting some other pseudoscience in it throws them off the path.
6103840	6107480	pathway to go down, but not necessarily one. Like we reneged on the deal.
6108720	6116620	But not completely because they, they have a deeper understanding of society than us. They
6116620	6122260	can see through their data collection, humanity, they can see us. And so just because the leader
6122260	6127460	says something silly in a given moment, they don't necessarily carry that with the same weight as
6127460	6131100	they did in three body problem. When the guy's on the phone, he's like, Oh, we lie. Well, that
6131100	6135020	That wouldn't be enough because they have the data to support the truth.
6135340	6140680	And so the data collection becomes the validator or it becomes this argument for us.
6140780	6145200	It's in our best interest for them to have that data so that we can't make mistakes like
6145200	6145440	that.
6145540	6150080	So that when we do capture their stuff and try and capture the things and try and create
6150080	6156460	these traps for them and we capture their things, their rovers and their biologics,
6156460	6161480	when we reverse engineer it, we're not really hurting ourselves as much as we could be
6161480	6169600	because they absolutely dominate us. They traveled from another star. We, our furthest object is like
6169600	6176680	a toy. Yeah. The Voyager 1 and Voyager 2 compared to today's technology is a joke. Yeah. So our
6176680	6180440	technology hasn't even really left the solar system. I mean, it has, if you want to classify
6180440	6184600	Voyager 1 and Voyager 2 as leaving our solar, our technology, leaving our solar system. And
6186460	6187700	but it's still pretty primitive.
6187780	6189980	It's pretty, pretty primitive stuff.
6190880	6195500	So, okay, let's get into a little bit of the sciences
6196140	6198220	because you told me something really interesting as well
6198220	6202600	on how they discovered the quantum field
6204360	6207300	versus how we discovered the quantum field
6207300	6209560	and how we've gotten it wrong and they've gotten it right.
6210420	6211940	Can you talk a little bit about that?
6211960	6213100	Because I thought that was really interesting.
6213300	6213660	Sure.
6213680	6216180	So one of them, we were talking about,
6217260	6222520	quantum. And I was like, man, this chip is so small. How is it able to do so much stuff?
6223040	6226540	Was the frame that we were having a conversation under. And I was trying to understand it. And this
6226540	6232520	was early on in the interaction. And he said, Sean, think of a little robot that makes, and we
6232520	6237520	didn't even have Optimus at this time, this, at this point, think of a little robot that builds
6237520	6242440	a little tiny machine shop. And that little tiny machine shop builds a little tiny robot that
6242440	6246400	builds a little tiny machine shop that builds, and they scaled it all the way down until Matterbroke.
6246460	6252360	and then down at that scale at the nanoscale they started doing physics experiments they're not
6252360	6258620	like they're not um reflecting or refracting light in a way to look down at that scale they're
6258620	6262340	actually operating at that scale with a little teeny camera that they built at that scale so
6262340	6266860	that they can see so that they can see what stuff looks like down there and they can measure the
6266860	6273480	reactions and they can see is there one atom is there two atoms what is the um electron shell of
6273480	6280080	an atom look like or a group of atoms look like? Is that real? We think that that's real when we
6280080	6284900	do our measurements of a deflection or a reaction, but is that actually what's happening? Is that
6284900	6291020	what we see? Because as humans, we want to validate everything through sight. As biological entities,
6291160	6295060	we want to validate everything through sight, so we want to see it. And what we're doing is we're
6295060	6303840	predicting down using calculus, using algebra, and we're going down in really, really complicated ways
6304520	6309520	stacking assumption on top of assumption on top of assumption on experiments that were done in
6309520	6316840	the 1800s or the early 1900s. And we make all of these assumptions and we scale them and scale them
6316840	6322220	and scale them to the bubble experiment, which is the root of like particle accelerator stuff. And
6322220	6324840	And we make all of these assumptions that we know what's going on.
6324900	6325300	And we do.
6325400	6327600	The stuff that we have works.
6327720	6329060	This microphone works.
6329280	6330740	The computers work.
6331140	6333340	So it's not an or function.
6333540	6337500	It's just a sharper peak to the quantum field.
6337620	6344040	And most of it revolves around our understanding of light, which we don't understand because
6344040	6346520	they can disappear from our radar and we can't.
6346700	6351120	And that level of technology would be game changing on the planet.
6352220	6356900	What is it about their understanding that we don't have?
6357540	6360260	Well, they went down and measured it.
6360780	6365740	And so our model of the atom is not 100% complete.
6366000	6374300	And so Schrodinger's cat, the whole philosophy of Schrodinger's cat being there and not there at the same time is just not 100% right.
6376520	6381700	And so I don't know if I want to get any deeper into it.
6382220	6386340	Um, because I'm working on, I'm working on it.
6386360	6394760	I'm working on bridging the gap and the formula that I'm working on will explain the emission
6394760	6398260	lines for all combinations of matter period.
6398920	6403400	So any combination of chemistry that you can think of, you should be able to predict and
6403400	6408240	analyze the absorption and emission lines and unify gravity.
6408300	6411920	You should be able to do all of it with one mathematical formula.
6413560	6417040	mathematical understanding of how the atom works.
6417660	6418020	Because...
6418020	6419440	So you're working on a unifying theory.
6419700	6419920	Yeah.
6419960	6420980	Well, we created...
6420980	6424200	You just said that like so flippantly, but is that what you're doing?
6424500	6425140	I'm trying.
6425320	6425920	You're trying?
6425920	6427120	I'm not a physicist.
6427360	6427620	Yeah.
6427660	6428280	I'm not a mathematician.
6428540	6428900	But...
6428900	6429360	So it's difficult.
6429520	6430660	Then how are you going to get there?
6431160	6432320	Well, I'm hoping to get help.
6432720	6433080	Right.
6433380	6437320	But everything that we built in the 1900s was built on the Bohr model of the atom.
6437500	6441580	And then they made some measurements and they're like, oh, okay, well, in order to hold all
6442220	6449220	which it ties all of our chemistry together in all of its glory we know the chemistry works so
6449220	6453980	we're going to validate the Bohr model through chemistry but then we are measuring electrons in
6453980	6458720	a way that breaks the Bohr model so then they forced it to work through the Schrodinger module
6458720	6465300	model which is a probability but there doesn't have to be a probability it's complicated and
6465300	6470880	And finding people who can even have these levels of conversations is difficult.
6471200	6475000	Like, my friends aren't astrophysicists.
6475000	6476200	My friends aren't, you know.
6476320	6479460	Well, there's a lot of astrophysicists, I'm sure, that are listening here.
6479720	6480140	Yeah.
6480600	6483700	You know, and I would love for some of them to chime in in the comments.
6483760	6486880	Let me know what you make of any of this.
6486900	6489680	And does this make a lick of sense?
6489680	6508560	And, you know, when studying, when talking to people in the academic world, it is you have to be a little trepidatious. There is a sort of, I don't know, there's a dogma. There's a scientism when it comes to this stuff.
6508560	6527100	And I don't want to be a complete, you know, conspiracy theorist and saying, oh, there's like the gatekeeping and they keep shifting the goalposts. But we do see that and we have seen that. We have evidence of that. You know, Einstein's general theory of relativity wasn't proven until 50 years after his death or whatever. Right.
6527100	6552620	So there has been shifting of the goalposts for political reasons, for just laziness, for financial reasons, all of these reasons. So definitely you will get pushback for any of this stuff. But I think one of the things that will subside that pushback or at least subdue it is proof.
6552820	6553400	Yeah.
6553400	6553480	Yeah.
6553800	6558480	Um, you know, and so what do you need to prove it?
6558700	6559540	What do you need?
6560280	6563460	Like right now, like if you're working on something, what is something that you're
6563460	6564920	lacking that you need to prove it?
6565120	6565500	Support.
6565980	6566960	What kind of support?
6568340	6569620	Any support that I can get.
6569880	6570160	Yeah.
6570160	6573240	Like, like you're going to get support in the comments being like, go get them.
6573280	6574840	But what type of support do you need?
6574880	6575200	Do you need.
6575260	6576000	I need specialists.
6576100	6579700	I need people who are with an open mind, who are willing to look at this from a different
6579700	6580160	perspective.
6580340	6580860	Look at what?
6581040	6581840	At science.
6582180	6583040	Like what science?
6583400	6596060	And say, we don't understand gravity. We have this theory that there's dark matter in the universe and we're missing 80% of the gravity. We're missing 80% of the math. Sorry. How can we be missing 80% of the math? If I, if I.
6596120	6600880	But I'm sure there are physicists that do think about that, but they just don't have a solution.
6601060	6603660	But they can't, but they can't unify it. They haven't unified it.
6603760	6608760	So what I'm saying is like, what are you offering that helps them unify this? Because I think that's very important.
6608760	6614220	We have to understand gravity. Gravity is the key. And we, any physicist out there will say we can't find gravity.
6614260	6615760	So do you have an answer for that?
6615900	6617180	Yes. It's in the model of the atom.
6617420	6618640	It's in the model of the atom.
6618780	6619040	Yeah.
6619100	6620120	And that's something you don't want to get into.
6620300	6621180	That's something I don't want to get into.
6621360	6621560	Okay.
6621640	6622360	At this point.
6622460	6622780	Sure.
6623020	6629600	But I'm more than happy to open it up with someone who wants to do a deep dive and explore the physics and see where I'm wrong.
6630220	6631540	Because they didn't give it to me.
6631540	6639320	I've extrapolated this through being in a room with people that are light years smarter than us.
6639360	6639540	Sure.
6639620	6646200	And we have evidence of it. Their flying saucer flew into a mountain. That's not mathematically
6646200	6646740	possible.
6647000	6653620	To someone like Eric Weinstein or Eric Davis or even Hal Puthoff or any of these people,
6653780	6654500	you would...
6654500	6655880	Yeah. If they had an open mind, absolutely.
6655880	6669280	Absolutely. Well, I'm sure they do have open minds. I mean, they're, you know, they've, they've spoken about aliens and UFOs. So, you know, they, I'm sure they have a pretty open mind compared to most scholars.
6669280	6689900	The idea would be to figure it out together, right? To, okay, let's take what I've learned or what I've seen and let's take what we can see and let's understand that there is more to this because everyone who has studied this stuff, including the people that you mentioned, will say they do stuff we don't understand.
6690380	6702360	And the only way to understand it, Einstein is famous for saying to do the same thing over and over again and expect a different result is a definition of insanity. So if we want to understand it, we have to be willing to do it differently.
6702520	6702920	Sure.
6702980	6711220	We have to be willing to accept that there is something that we're missing, right? And it's tied back to the assumptions from experiments that we did back in the 1800s.
6711220	6735240	Okay. Well, I'm going to follow up on this. I want to hear more about this because this is very interesting. And I think that, you know, if you can provide some type of, I don't know, nudge in the right direction for some people, and then that could potentially be very valuable specifically in regards to, you know, the implant of the technology that you're interacting with.
6735240	6756500	Um, I think that if you can extrapolate from that, you can probably figure out a lot of stuff that we don't understand. But again, leads me to believe that then why would they let you do that? Right. I mean, I, I either, I either expect nothing from you or expect you to disappear. Those are, I think those are the two options.
6756500	6757540	I hope it's not the latter.
6757680	6758880	Well, do you know what I mean?
6758960	6759180	Yeah.
6759300	6770080	Because I fear that if, you know, if there is a possibility that you do get an answer to that, then there's a possibility that I won't hear about it.
6770220	6771860	Yeah, absolutely. Absolutely.
6772140	6773960	That's crossed your mind, I'm sure.
6774100	6774740	For sure it has.
6774840	6775720	And it doesn't frighten you?
6775860	6785160	It absolutely frightens, scares me to death. And I could be a test. I could be a test to see what our governments do.
6786500	6792600	going to take me and bury me somewhere and try to, you know, how much sociology have they done
6792600	6797840	in the last 80 years? They asked for time to do sociology. So how much did you do? What were you
6797840	6801480	guys doing? Were you busy trying to reverse engineer our stuff so you could use it against us?
6801580	6805320	Or are you actually doing what you said you were going to do, which is try and be good neighbors?
6805820	6812580	And we hear that reflection all over the place. I mean, Dr. Stephen Greer is, he can't, he'll tell
6812580	6816680	anyone who will listen that this is the frame that we need to take right and there's lots of star
6816680	6821620	seeds and people trying to send that message out there um and i think it might be the the smartest
6821620	6828540	path so am i a sensor for that and is that part of the greater good for us i don't i don't know
6829060	6833480	i mean this my feet don't touch the ground anymore i'm swimming in waters that are so deep that
6833480	6836760	like i could never hope to even see the bottom let alone touch the bottom
6838520	6839040	Yeah
6845460	6847600	Could you trick these entities?
6849300	6850660	Could I trick them?
6850760	6852720	Can they be, can they be tricked?
6853020	6855320	Can they be tripped tricked? Absolutely.
6855920	6857100	How would you trick them?
6858400	6859820	I don't know if I would want to.
6859960	6860640	Why not?
6862020	6867040	Cause I think there's enough noise. I think there's enough disdain. There's enough reasons
6867040	6873640	reasons for them to judge us and look down on us and think bad things about it.
6873680	6876380	I think we earn that relative to each other.
6876540	6879560	Yeah, but I mean, it would be fun for them to be tricked, I would assume too.
6880440	6881480	They would learn something.
6881600	6883680	It would feed their algorithm.
6884160	6884860	Yeah, they're very proud.
6885420	6889320	So they would be more upset than we are about it.
6889400	6889680	Good.
6891800	6893120	Yeah, that'd be interesting.
6893120	6914540	Because, you know, obviously, you know, there's the old adage of, was it Carl Sagan? You know, what did he say? Extraordinary claims require extraordinary evidence, right?
6914660	6915100	Yes.
6915100	6915220	Yes.
6917160	6925080	And I mean, part of that evidence would be just having them appear, having them show up, having them say hi or whatever.
6925320	6926160	That day is coming.
6926300	6928740	Have you not tried to make that happen?
6930940	6937720	Because I feel like that would be a shortcut to what you're trying to do right now with all the physics stuff, which is to have them do it, appear and just go.
6937720	6945000	Yeah, they're not going to violate the agreement that they made because of any words that I could come up with.
6945760	6947020	You would have to trick yourself.
6947680	6947980	Yeah.
6948040	6948360	Yeah.
6950020	6950500	Hmm.
6951120	6951880	They understand.
6951960	6955160	They've collected all the data that I've been collecting.
6955300	6958340	My brain has been collecting since the date of the abduction.
6958440	6963100	So I can't conceptualize things that they don't have access to.
6963820	6964300	Yeah.
6964320	6964800	It doesn't make sense.
6964800	6965080	Yeah, sure.
6966740	6967220	Okay.
6968720	6975200	else you want to talk about? Not sure. Anything about their culture? What do you want to know?
6975380	6985380	I don't know. Do they eat? Yes. What do they eat? Um, they eat a, it's 3d printed and it is
6985380	6991380	maximized to minimize the amount of food that they need to eat because then it minimizes the amount
6991380	6997320	of food they have to put out. Um, yeah. And they don't get out of bed. They lay in bed all day.
6998720	6998940	um,
6999200	6999960	anal probes.
7000420	7003260	Anal probes is not some weird sexual thing.
7003400	7005700	It's literally just how they handle waste.
7006240	7011840	So they sit in a bed with a rectal tube so that they don't have to get out of bed to go to the bathroom.
7011980	7012560	So just.
7012660	7013140	No way.
7013400	7013820	Yeah.
7013860	7015700	They're just sloth like.
7015920	7016260	Well,
7016320	7019880	but they don't need to because the robots do everything.
7020700	7021220	God,
7021220	7023420	that sounds like you ever see WALL-E.
7024060	7024580	No.
7024620	7024980	No,
7024980	7026100	the Disney movie WALL-E.
7026160	7026680	Well,
7026780	7027000	uh,
7027040	7027940	he's this little robot.
7028720	7034420	you know civilization now lives off world because of the pollution and they're all just like really
7034420	7038700	overweight people on scooters and they don't know how to walk anymore yeah and like that kind of
7038700	7044200	feels like that's what that would be yeah so they manage their weight through food and they manage
7044200	7048300	their weight through the ai like imagine if you're if the computer's feeding you it'd be like oh
7048300	7052980	you've had a little bit extra this week sounds terrible i'm gonna cut your food but you're not
7052980	7056620	gonna feel hungry because the food i combination i'm gonna give you is gonna make sure that your
7056620	7057860	Your brain doesn't send those signals.
7058100	7058300	Okay.
7058320	7059360	So they're in bed all day.
7059380	7063300	They got a tube up their butt, giving them the perfect amount of.
7063360	7063760	Yeah.
7063960	7067580	But their, their physical body's in bed, but they're not in bed.
7067920	7069340	They live in a virtual space.
7069940	7073520	They live in this beautiful virtual environment where anything can exist.
7073860	7075440	They could be in a field full of flowers.
7075440	7075980	Oh, so it's the matrix.
7076220	7082920	They could be in, um, they could be in, you know, in Star Wars, they have that, the council where I'll be, everybody flies into the center.
7082920	7100000	They spend a lot of time there debating, arguing, coming up with the best idea, um, and, and flooring things. They have a great big, um, fork of logic that's in this virtual space where the strongest idea rises to the top.
7100000	7117360	So they'll think of like when they decided to come here, they created this plan and then they executed on it. And so we are a big portion of that logic fork.
7117360	7126060	work and if you're in a i would love to build this if somebody has got the um the coding and the the
7126060	7134980	software production capabilities to realize this it's a structured way to make arguments like the
7134980	7141840	positions or the space that we have on x but the result of which goes to this great big fork of
7141840	7148780	logic, which then gets furthered as people have arguments. So we would argue whether cats or dogs
7148780	7152660	are better. Okay. When we use this arbitrary argument because everybody's used it for a
7152660	7157180	century and dogs are better because, and then we would have that conversation and we would leave.
7157320	7160620	And then the next time you said something about cats and dogs, you'd come back and it's now
7160620	7168500	the argument has objectively moved to here and you could quickly look at all the logic points
7168500	7174740	and see why and then agree or disagree with them and then once everybody's agreed with them then
7174740	7180640	it gets then it gets solidified and that becomes a new information node and so they use that like
7180640	7188740	we use wikipedia or ai to validate and to create spaces to save time to save to make the ai more
7188740	7196180	efficient it doesn't have to go and validate you know like if i ask um if i ask grok what's the
7196180	7199960	the, you know, the size of an atom or whatever.
7200060	7202320	It'll go through 700 pages trying to
7202320	7203460	revalidate cross-reference.
7203560	7204500	They don't have to do that.
7205080	7207580	They know that that size is this.
7207580	7207980	It's objective.
7208140	7209420	It's now been objected.
7210100	7210580	Objective.
7210580	7213000	Every single person has agreed by looking at
7213000	7213540	that point.
7213680	7213860	Right.
7213900	7216540	And accepted that position as being valid.
7216840	7219120	The computer has accepted it's been valid.
7219180	7220060	It has now been validated.
7220180	7221460	There's no point to talk about that anymore.
7221600	7224140	And they have this huge fork of logic that is
7224140	7225600	going into the universe learning.
7226180	7231600	And so they just want to learn as much as they can and do the hard things, you know, do it.
7231860	7237040	Let's bring in, let's floor a really difficult conversation where it's going to get everybody upset.
7237660	7240820	Let's boom, just drop it right in the middle and we'll just beat the shit.
7240880	7244800	We'll beat the hell out of it until, um, until we come up with an objective solution.
7244980	7246880	That's a cool, that's a cool model.
7247540	7255680	I mean, it's optimal, you know, it's like an optimized model, but it also, I mean, they seem so soulless.
7256180	7262840	to me. I mean, the idea of, you know, your body's in bed and you're just in this virtual optimization
7264120	7270480	simulation, collecting data, eating things for nutrients only. And do you know what I mean?
7270480	7273500	And like just messing with people. I don't know. It sounds like hell. It doesn't sound
7273500	7277540	great to me. Like if that's where we're headed, I'm not about it.
7277600	7281840	Well, they're different than us. Obviously, they have all done a planet with different
7281840	7287600	combinations of chemistry, different combinations of life, different, all kinds of different
7287600	7292800	challenges. Our food going back to food and them being soulless and not enjoying food,
7293440	7299080	enjoying food is actually relatively rare. Um, they think, and I happen to agree with them
7299080	7303800	in the universe. Like if you look at a peach, a peach has fought for its survival.
7304140	7309560	And the way that it survived was by being delicious. So the, the peaches from the
7309560	7313160	the peach's frame, the peach optimized being delicious.
7313360	7313820	For humans.
7313840	7316080	So it would get eaten for whatever animal is going to eat it.
7316180	7316340	Yeah.
7316420	7319760	So that it would eat it and plant its seeds somewhere else so that it could flourish.
7319980	7324040	And so our food literally has competed to be delicious.
7325880	7328440	An alligator wouldn't say the same thing.
7328840	7332080	An alligator doesn't eat food based on whether or not it's delicious.
7332400	7335880	So for them, food is just a means, a method to a means.
7337120	7346540	their world is way more exciting diverse than ours because it literally can be tuned by the
7346540	7353820	user to be whatever they want it to be uh and as far as soulless again their philosophy
7353820	7359180	is extremely different than ours their upbringing was different than ours they're more like an
7359180	7362080	alligator, they leave, you got to win.
7362320	7365900	If you're a winner, they'll respect, they'll
7365900	7368120	respect you till the, till the last breath.
7368380	7371420	But if you're a loser, they're not interested in you.
7371900	7374440	They don't think that you have space to be alive.
7375900	7376940	It's a different world.
7377680	7379500	It's not this independent idea.
7379820	7383780	It's tied to this whole network of logic and
7383780	7385040	understanding that makes sense.
7385060	7385580	They don't have feelings.
7385740	7386900	But it makes sense to them.
7386960	7388440	They do have feelings, but they're different.
7389180	7390140	They come in a different ratio.
7390340	7392940	They activate differently in their brain than we do.
7393720	7394780	When we get upset.
7395540	7403500	Like if I lost whatever it was and then I was shunned from society, that would hurt my feelings.
7403660	7404780	They don't have that same.
7404960	7405480	They do.
7405960	7406860	But too bad.
7407020	7407980	Figure out a way to win.
7409740	7411620	But they have a rule of inclusion.
7411840	7413240	So you would never be excluded.
7413880	7414320	Okay.
7414320	7419160	So you would still get all of the things that you need to be a valued member of society,
7419720	7422700	but you're just not going to get desire.
7423720	7424160	Right?
7424260	7426120	Because you don't deserve it because you're a loser.
7427860	7429260	And that's how their world works.
7429360	7431680	It sounds like a tough love.
7431900	7434000	But it works and it works for them.
7434440	7438660	And to them, the way that we do it is the way you're feeling right now.
7439140	7443220	And I used to struggle with that for a long time too, until I accepted the frame.
7444320	7446820	We do it this way and they do it that way.
7446840	7447080	Yeah.
7447160	7447740	And that's okay.
7448040	7449100	We don't have to agree.
7449520	7449960	Right.
7450260	7450700	Right?
7450860	7451620	That's interesting.
7451780	7454800	Yeah, I really haven't thought about it like that.
7454860	7464720	We anthropomorphize so many things and it is interesting to think about a different culture, at least as a thought experiment, and how they would operate if not like us.
7464820	7465800	And it's really difficult.
7466820	7472680	So providing that perspective is quite valuable even as a thought experiment to be like, oh, yeah.
7474320	7481340	were constantly min-maxing your existence, you know, all of that would seem normal to you. It
7481340	7487860	would seem very unfamiliar to us, but it would also provide them with a faster road to high-tech
7487860	7495640	discovery or a faster road to sort of survival, really. And so...
7495640	7497220	Well, they never had ice ages.
7497520	7498140	So they're here.
7498420	7499200	So they never got reset.
7499320	7502820	They're living in ships. They're living in the water. They're living underground or whatever.
7503140	7504200	How many of them?
7505640	7512460	here there's just a few doing work like we send people off to work on oil rigs or we send people
7512460	7516420	off to work isolated in isolated environments and they're here and they're isolated and the
7516420	7521640	people that are here doing the work of data collection of earth it's kind of a crappy job
7521640	7528220	because i mean there's no one to talk to right so there's a 35 minute delay and imagine if your x
7528220	7534060	was x account or your social account was delayed by an hour and a half every post you made everything
7534320	7538160	saw I was an hour and a half old. Well, to us, that doesn't seem like that much, but we live in
7538160	7543760	virtual space and everything is instantaneous for your whole life. That's a big deal. And so they go
7543760	7550360	through that, um, which is, that's a crappy environment for them having an hour long delay
7550360	7556640	on your ex post. So they live a pretty high value life because that's, that's pretty marginal to me.
7556680	7558780	And you, what do you mean? What delay between them and whom?
7559100	7561660	Between them and their, their people at, at Jupiter.
7562440	7563120	In Jupiter.
7564320	7564500	Saturn.
7564760	7565280	Saturn.
7565520	7566740	Is it Saturn or Jupiter?
7567020	7567820	I'm not sure.
7567900	7568780	I don't know for sure.
7569020	7569360	Okay.
7570180	7571640	But it's Jupiter.
7573760	7575320	Because that's where the water is?
7575900	7576880	Not water.
7577060	7577440	Hydrogen.
7577520	7577900	Hydrogen.
7578000	7582060	It's the largest volume of hydrogen in a solar system.
7582100	7583060	And how many of them are there?
7584060	7585060	100,000.
7585240	7585980	100,000.
7586020	7591260	Which is the mathematical number that optimizes society.
7591940	7592780	Sustainable society.
7594420	7610760	They have a metric where if they want to agree on a node in their logic tree, or if they want to change a hard line, or if they want to do something as a collective, which we can't even fathom this, but every single person has to agree. Everyone.
7610960	7611780	Before it moves forward.
7611960	7612640	Before something changes.
7612640	7613780	That would be chaos here.
7614000	7614400	Right?
7614500	7614900	Yeah.
7614900	7614900	
7615040	7619960	It's so objective where they're from because they've collected all of the data.
7620100	7620320	Yeah.
7620400	7628120	So if me and you are arguing and you have a personal position, I can identify that personal position and I can say, yeah, but that's a personal position for you.
7628160	7630720	And you can see how objectively this is better for the collective.
7630820	7631220	Right.
7631360	7633260	And you would say yes, and they would be able to separate that.
7633460	7636260	So they're autistic is what you're saying.
7636520	7637240	Which is different.
7637240	7665480	No, but I mean, that's kind of like neurodivergency in a nutshell, where they're able to separate emotion from logic. They're able to, and that doesn't mean they don't feel, because as we know, even people who are neurodivergent feel the same things we do. They just don't, they're just able to sort of separate themselves from those feelings and sometimes miss those feelings entirely due to, you know, the information.
7667240	7675500	have the almost identical oops they have almost identical overlap to us emotionally which they
7675500	7679720	think and i i agree with them and i mean i'm not even close to as smart as they are but it's the
7679720	7689240	evolutionary um result of being conscious is these emotions which guide us to have a society that
7689240	7693860	works and so if you want to have a society that works you have to have empathy you have to have
7693860	7698760	compassion. You have to have toughness and grit and you have to have all of those things.
7699100	7702020	They just express them, express them with different weights than we do.
7702660	7709320	Their brain operates different than ours does. They, when we get angry, I know sometimes I'll
7709320	7713520	get angry and I'll be mad for 20 minutes if I really get set off. And I, I, that, I think
7713520	7718540	that's like a scientific number. If you get really mad, go for a walk, you'll calm down.
7718540	7720940	and then now you can think again, right?
7721000	7724780	And there's a metric of the more emotional you are,
7724860	7726460	the dumber you get, right?
7726520	7727500	And they're inversely proportional.
7728680	7732400	For them, they can get mad like from zero to 60,
7733100	7733900	like in a snap.
7734060	7736920	And then 30 seconds later, they're not mad anymore.
7737440	7741120	So they have this incredible control over their,
7741220	7745440	not control, but their ability to react to emotions
7745440	7748460	emotions, doesn't carry the same wavelength.
7748960	7754140	And because of that, they're willing to go through them differently than we are.
7754460	7760460	So they would, they have no problem triggering you to set you off.
7760600	7765000	Whereas we don't, we really, if you look at our society, we really try not to do that.
7765080	7765260	Yeah.
7765360	7769720	I try not to just go into Tim Hortons and really piss off the guy behind me because
7769720	7770340	he'll clock me.
7770420	7770700	Yeah.
7770840	7771280	Right.
7771280	7776900	For them, they'll do it just to gaslight each other because they have that space, because they can.
7777920	7778480	Wow.
7779480	7783600	What's another interesting quirk about their culture or their species?
7786280	7789820	They have perfected their...
7795160	7796760	Another interesting thing.
7797720	7798820	What were you going to say?
7799620	7800720	I don't want to say it.
7801300	7802540	Well, just say it.
7802600	7804160	I don't want to disrespect them.
7804440	7805100	Well, come on.
7805360	7805720	Um.
7806140	7809600	If they, look, if they, if they got something to say, they can come and say it for themselves.
7810840	7815420	Just, you know, use a bit of, uh, use a bit of your own sovereignty here.
7815800	7816160	Yeah.
7816300	7817000	What were you going to say?
7818680	7822380	They have perfected their, um, their DNA.
7823640	7827360	Um, so they, they long time ago, every single person agreed.
7827360	7838480	uh that they were going to use one iteration of dna so imagine our greatest person is um
7838480	7844620	i don't know i don't really want to use anyone who's alive um our greatest person
7846520	7853520	is aristotle sure okay and we're going to take aristotle's dna and we're going to make everyone
7853520	7862420	one aristotle whoa and then we're gonna let those people rise to the top and then we're gonna take
7862420	7868360	aristotle's peak and we're gonna iterate it and then we're gonna take that peak and we're gonna
7868360	7872920	iterate it we're gonna take that peak and we're gonna iterate it until they hit a ceiling where
7872920	7880100	they started to see noise happen so they started to see stuff change and that's they they capped it
7880100	7884520	and they just keep running the same cycle over and over and over again.
7884600	7887680	So they have 100,000 people, someone grows old and dies,
7888460	7890840	they make a new one, and they shove it in the system.
7891260	7893440	So constantly optimizing everything.
7893920	7895440	Everything is constantly optimized.
7895820	7897620	Are they trying to...
7897620	7900540	And it saves them a whole bunch of work
7900540	7905300	because the computer has got a model.
7906380	7908600	Let's say you needed a heart replacement.
7910100	7913060	to take a sample of your DNA and figure out what your heart should look like.
7913700	7919240	But if I clone you, now I can just pop one off the shelf and shove a new heart in.
7919440	7920700	I already have that done.
7920780	7921040	Right.
7921480	7921840	Okay.
7921880	7923240	So now that work's been eliminated.
7923480	7923840	Right.
7923860	7924540	If I eliminate work.
7924540	7925740	Your body's not going to fight it anymore.
7926000	7932420	If I eliminate work, I now have more time to play and have arguments and be desirable
7932420	7936780	and have fun and do all the things that make life worth living.
7936780	7945260	and so they spend the majority of their time just having fun and their fun is gathering information
7946440	7951320	that's work that's work that's work that's a job that someone is here doing that job yeah but like
7951320	7956380	they're coming up with new ideas and stuff that's they like that they they love that yeah in the
7956380	7960760	learning new things they love in the same way that if we were out for dinner and they made a new
7960760	7965680	scientific discovery we would then floor that and we would have that conversation about that
7966820	7968320	valuable conversation for us to have.
7968480	7970420	We didn't have to go through any of the work to get it.
7970620	7971020	Right.
7971060	7973260	But now we're enjoying the fruits of that labor.
7973900	7974300	Ah, I see.
7974300	7976100	Because it makes our conversation more stimulating.
7976160	7976980	It makes the.
7977080	7978240	Yeah, new questions.
7978500	7979320	More interesting, right?
7979420	7980240	New questions, yeah.
7980300	7984340	It's new philosophy, new stuff to crunch, new positions to take.
7984460	7984660	Sure.
7984780	7986120	Yeah, you can ask new questions.
7986160	7988800	I always say a new question is more valuable than anything else.
7988900	7996180	Like once you get an answer, the answer, you know, is the, the wanting of an answer is
7997240	8016100	A lot of people don't understand that, but when you get an answer, immediately the answer doesn't matter. Immediately. All that matters is the new question that the answer brought. So the answer is valuable because it provides you with the ability to ask a new question.
8016680	8021260	and so but all we can do is assume we have answers and then ask questions based on those
8021260	8025300	assumptions yeah because we don't have the objective truths yet about a lot of things and so
8025300	8032580	it becomes difficult for us to navigate that but um it would be that is interesting do um
8033660	8042500	is there an end game do they want to reach an apotheosis a critical mass of information are
8042500	8043960	Are they, is that what they're trying to do?
8044020	8045160	Are they trying to become God?
8045380	8048500	Are they trying to have all knowledge?
8048600	8051900	Are they trying to make the universe sentient?
8051960	8053680	Like what is their end goal here?
8053880	8055720	I have no idea.
8056200	8058180	I could hypothesize.
8058380	8059360	I could guess.
8060040	8066200	But I know that they love information and they want to learn and they want to optimize life.
8066200	8071460	and everything, every reason that they have to optimize is to create desire and to create
8073540	8079100	desire at its root so that the conversations are desirable, so that the emotions are desirable,
8079200	8086300	so that the, every aspect of my life desire has been maximized so that I live the fullest life
8086300	8094380	because time is the only resource you cannot make more of. You can make more of anything else,
8096200	8101480	So the time that you're here, you need to spend that maximizing the quality of life.
8101920	8106220	And so I think they drive to maximize that quality of life.
8106340	8107660	The quality of virtual life.
8107840	8109420	Of their version, their version.
8109460	8110240	Their version of life.
8110300	8110480	Yeah.
8110520	8111900	Because their body's sitting in a bed.
8112020	8115780	The way that they all agree is the highest version of, right?
8115860	8116860	Like they've, they've all agreed.
8117120	8117900	So what they're doing.
8117900	8119220	It's a crazy thing to agree on.
8119320	8119560	Right.
8119620	8121200	But if we say, oh, that's weird.
8121320	8122220	They're like, you're weird.
8122360	8122940	You know what I mean?
8123840	8125960	Dude, you're in a bed with a tube.
8126200	8126980	Like that's weird.
8127020	8127200	Yeah.
8127200	8128080	But they don't feel it.
8128080	8129200	It's not like they think about it.
8129220	8132960	It's something that just disappears and their physical body, they have a.
8133020	8133940	I mean, that's the matrix.
8134300	8143600	That is the argument of the matrix of, you know, at one point there was, you know, the guy who sold out Neo in the first matrix who's, you know, who told the agents.
8143780	8144140	Yeah.
8144280	8150540	And the exchange was, you see him at dinner and the exchange was put me back in the pod, erase my memory.
8151220	8152680	I don't want, I don't want to know anything.
8152780	8155820	I just want to be rich and I want to have fun and I want to live in the matrix.
8156200	8162500	Like there, I can understand wanting to do that rather than living in a polluted,
8162500	8164160	festered existence.
8164460	8165920	So I do get it.
8166060	8172500	They have a, they have a really interesting, um, flex and, uh, I've only, I haven't seen
8172500	8172620	it.
8172680	8178100	I've only heard about it, but, um, someone will brag that they forgot to eat and the
8178100	8183220	computer had to remind them to eat food because they were having so much fun that for like
8183220	8189000	like three days, I forgot to eat food because they're living life to the maximum. So it's like
8189000	8193720	a, it's like a peacock, right? Like I'm so desirable. I'm having so much fun that I forgot
8193720	8199320	to eat. And it's a, it's an interesting, they do lots of that. That happens to me. Yeah. Right.
8201000	8206300	That's crazy. There's, this is really interesting. I got to say, Sean, this is a, you know,
8206300	8222320	Part of me is incredibly dubious, and naturally so. It's not something that I can willingly overcome, even though I want to, because of the lack of experience, firsthand experience.
8222320	8239440	And I think that everybody, and that's the whole point of this channel really, is we all live with that guarded filter to this type of information. We all have that innately, and that is a survival thing, and it is a thing that's important.
8240760	8241440	Of course.
8241440	8257300	But I think the practice of suspension of disbelief or belief is equally as important because it provides temporary answers so that we may ask new questions temporarily and then hypothesize on these new things.
8257360	8263780	And I think that that's really valuable in order to come up with creative solutions to, you know, problems that we're facing.
8263780	8285460	And so, yeah, I think it's really interesting. And I want to thank you for opening up. This is definitely probably not easy to talk about. You're someone who clearly has a very, I don't know, you're very sharp. You strike me as someone who has his shit together, so to speak.
8285460	8289620	and when I met you contact, I had that feeling. And that's what intrigued me about this is that
8290140	8295000	I get a lot of people who hit me up with what seems like incoherent ramblings of their
8295520	8303200	ongoing and, you know, alien communication a lot. And it's hard for me to separate the
8303200	8309000	wheat from the chaff as someone who's open-minded because I don't know, I don't want to be judging,
8309180	8314960	but I also don't want to amplify someone's potential psychosis. Do you understand?
8315460	8320680	Because that's a line that's really difficult and it's a lot of responsibility.
8322060	8326180	But I do feel like you're being genuine and I do feel like you've had an experience.
8326600	8333580	And the answers that you've provided, I mean, they're very stimulating and very fun to think about.
8333680	8335260	And it's given me a lot to think about.
8335480	8337780	And so I just want to thank you for opening up.
8338220	8338860	You're welcome.
8338860	8347160	And thank you for participating on this show and being a part of this little universe that we're creating here.
8347780	8348780	Thank you for having me.
8348920	8349480	Yeah, absolutely.
8349740	8357740	Can you perhaps guide my audience to where they can find out more about your work or what it is you're doing or how they can follow your journey?
8357980	8358400	Yeah, absolutely.
8358880	8364200	So I wrote a book just so that I could get all my thoughts down in a linear path.
8364500	8365860	And that's available on Amazon.
8366060	8367620	It's called Mindhacked.
8368860	8375220	by Sean Neubauer. And I have a YouTube channel, which is called Maximal Truth. And I dive into
8375220	8381340	some of this stuff, trying to explain my theories in more detail, asking questions and challenging
8381340	8389000	the mainstream narrative. I get it. My whole philosophy, my whole frame is different than
8389000	8395900	ufology. I take a different approach. I wasn't a believer. I'm not a researcher. I didn't,
8395900	8403900	I don't know most of the lore. I only started learning because I had to, because I needed to
8403900	8409220	figure out what was happening to me. And, um, so I can a hundred percent relate to you being a
8409220	8414020	skeptic or, or, or challenging ideas and wanting proof and wanting to see what's going on. We,
8414040	8419720	we need to take an objective frame on this whole thing. And, um, yeah, so if people want to check
8419720	8419960	Check it out.
8420500	8422460	They can head to those two sites.
8423060	8424180	I'll leave the links below.
8424860	8426700	Sean Neubauer, it was a pleasure talking to you.
8426780	8429100	I look forward to hanging out and talking some more.
8429360	8429740	Cheers.
8430020	8430420	Thanks.
8430520	8430900	Thank you.
8449720	8450080	you
