start	end	text
0	6600	I have been running like hell for a long time, and the world is catching up with me.
6840	9640	They're all going to be running like hell, too. Believe me.
9920	15820	Do you think the possibility of this planet being like some type of cosmic prison is at all real?
16700	21340	That is something I never can quite put out of my mind.
22620	26940	Some parts of this are really extraordinary and exciting.
26940	31480	but other parts of it are going to be hard to deal with.
32000	35580	We will discover that slowly over time.
35800	42420	Do you think that the NHI has the potential to, like, kill you over this?
42820	44700	Oh, I think it's worse than that.
45000	45740	Worse than that?
45800	47820	Oh, yeah. I think killing is only an incident.
49740	52940	They're tempting us farther and farther,
52940	58160	But at the same time, there are predators who sort of work like that,
58340	62820	who move very, very slowly until suddenly everything changes
62820	66320	and the mouse ends up in the jaws of the snake.
67460	70720	Always cut the cards when you're not sure who you're playing poker with.
71000	73400	And I'm not sure who we're playing poker with.
74680	77620	In 1990, when I was almost 10 years old,
78000	80680	my mom was driving back home from a late-night grocery trip
80680	85420	back to my grandma's house where we all lived together. And when we turned onto the street
85420	91200	we lived on, at the beginning of the block, there was a round saucer spinning many different colors,
91420	97940	very bright, about 100 feet above the church on that corner. And all of a sudden, we all were
97940	103740	sitting at my grandma's table, like paper grocery bags placed on the table. And my grandma walked
103740	108640	into the kitchen and said, what's wrong? Why aren't the groceries put away? Suddenly we realized we
108640	114240	We didn't remember the last 55 minutes, and we all just seemed like, you know, confused.
114480	121320	And we were crying, and my brother said a very colorful round UFO was spinning around,
121560	124240	and they don't remember anything until now.
124900	128440	Then my grandma said, oh, my God, nothing you know.
128600	131720	So she went to the picture drawer, an old picture drawer,
131720	140300	and pulled out a paper that had a scrawling of a metal table with a female laying on it
140300	142800	and a couple grays around her.
142960	146360	And she said, did you see any of these beans?
147260	149040	Willie Streber, welcome back.
149800	150860	It's good to be back.
151180	152560	Well, it's good to have you back, sir.
152600	154740	I'm glad that you were able to make the trip out.
154800	160280	And I know that we'll also be seeing each other actually quite frequently in the next few months.
161920	162280	Right.
162460	169480	You'll be at, but then also I'll be featuring you alongside myself and some other guests on the It's Probably Nothing Tour.
170140	170500	Right.
170540	172000	As we stop off in San Francisco.
172480	172840	Yeah.
173100	176180	We'll be there as well. So you won't be seeing the last of me today.
176180	197280	Yeah, I'm going to be at the Lilydale Assembly on July the 11th. That's the assembly of the Spiritualist Church of America up near Lake Erie in upstate New York, which is a charming place. I love it. And I'll be there just with a panel with Travis Walton.
197280	215000	And in the fall, I'm going to be doing a course on the abduction experience and how to live with this for Ubiquity University.
215000	223620	University, and I'm going to be at the, uh, in West, uh, not West Virginia, in Virginia
223620	227280	Beach at the Edgar Case Institute.
227880	229360	So I'm going to be doing a lot too.
229480	230120	Very busy man.
230300	230580	Yeah.
230660	231400	Well, that's good.
231720	232460	Busy is good.
232900	234860	Idle hands are the devil's play toy, they say.
235440	235660	Hmm.
236280	237380	I'll have to remember that.
238380	240480	Um, yeah, it's really good to have you back.
240520	244180	And I, you know, last time we had this conversation, obviously a great reaction from the audience.
245000	249120	compelled by not only your stories, but like the book you put out at the time, which was
249120	249940	A Fourth Mind.
250060	250400	Right.
250780	257960	You know, because of its relationship to the, I'd made a video about this, but the molecular
257960	258740	biologist.
259320	259760	Right.
259880	264000	That had sort of dissected one of these beings and how that really coincided quite neatly
264000	267040	with your experience of the physicality of the beings.
268080	268960	That's right.
268960	275420	Right. And it was, you know, I've had numerous biologists look at this at this point.
275740	285660	And it's a mixed bag in terms of some of them say, no, he couldn't have been describing this correctly because this is not what I understand of biology.
286180	289000	Others have said this is possible.
289420	296960	And so, but I think he probably was doing his best to remember something he actually did work on.
298960	301980	I have not been able to contact him for obvious reasons.
302140	314300	I mean, we all know that they are very actively engaged on the inside in getting after people who break their security agreements.
314380	315480	It's a serious business.
315700	319220	So I can understand why, you know, he hasn't shown up in my life.
319440	326620	The only follow-up that I had to that was I had someone call me on this 1-800 number that we have that we feature at the beginning of the episodes.
327640	330700	and because this gentleman had mentioned, I think, Battelle?
331680	332980	Battelle Memorial Institute.
333140	336840	Exactly, was where they were housing these biological experiments
336840	338660	that they were doing in these autopsies.
339160	340740	And so someone reached out and said,
340800	342860	I'm a scientist, a molecular biologist,
342920	346200	that worked at Battelle for a small period of time
346200	347780	during my training for the Navy.
348440	353740	And he said that at one point we were joking with each other
353740	355400	because we had assigned NDAs and this and that
355400	356480	and we were joking with each other.
356620	363700	among the other scientists, about, oh, what if we see aliens? And he said, we made a pact
363700	372080	that day that if ever we did end up working with anything non-human, that we would send
372080	382220	a text to each other and say, sorry, wrong number. And so fast forward, I think two or
382220	387080	three years down the line, they had not communicated after that. There was no communication
387080	390960	actively between these people because, you know, they get posted to different areas and different
390960	395940	jobs. And sure enough, he received a text out of the blue by one of these people that said,
399100	401800	yeah, that told him, yeah, sorry, wrong number.
401960	407720	Now, here's a question. I wonder why they even thought about this at the beginning
407720	414500	when they were together. What was it at Battelle that made them even think about that? Because
414500	420020	normally it's not something you would just think about. Yeah. They probably had to have heard some
420020	426600	type of water cooler rumor. Exactly. Exactly. And, uh, you know, Dr. Robert Sauerbacher,
426720	435920	the metallurgist who died, oddly enough, the day I sent him the first written material that became
437720	441900	went to Dr. Sauerbacher after we had a conversation on the phone.
442500	445100	He died that same day, apparently.
445520	447620	And I never got the material back,
447740	452080	but he told me that he worked at Battelle.
452240	456900	And I think that's even in his, if his Wikipedia entry is still accurate,
457100	459460	which is an open question nowadays,
461300	464000	I think it still may be in his Wikipedia entry.
464000	472360	So you got biology, you got metallurgy. We need to go to Battelle. We need to see what's going on there.
472480	484560	Yeah. Battelle, MITRE, all of these corporations seem to be the key to this because, well, you know, Battelle has stated publicly that they have not done any of this.
484740	485140	Sure.
485240	485560	Yeah.
485580	489400	Yeah. As one does when you are doing these things.
489560	490740	Right. Exactly. Exactly.
490740	495700	Exactly. Yeah, you don't publicly state that you are doing them for obvious reasons.
495700	520740	So what do you make of this? Because right now we're getting into, it seems to be, this transition, this shift into this new paradigm where, you know, obviously there are a lot of people who are going to be a little frustrated or reluctant in acknowledging some of the disclosure efforts that have been put forth by the United States government due to fuzzy imagery and sort of the lack of historic transparency.
520740	539600	But what do you make of this movement that seems to be hitting the mainstream, you know, that seems to be really moving the needle in terms of at least, at the very least, people's interest and curiosity versus what happened to you back in 1985 and where we are now?
539900	541460	How does that affect you?
541500	544120	How do you see the world right now?
544900	564760	I have been running like hell for a long time and the world is catching up with me. They're all going to be running like hell too, believe me. Because, you know, some parts of this are really extraordinary and exciting.
564760	584940	But other parts of it are going to be hard to deal with, really hard to deal with. And we will discover that slowly over time, I think. Although there's always the possibility that it could just come bursting into our lives without warning.
584940	600820	And that's the part that worries me the most, because when I look at the whole spectrum of the close encounter experience, most of the cases, people just sort of, it came into their lives unexpectedly.
600820	606540	unexpectedly. A few cases, they've sort of been consciously aware of this since they were kids,
606760	614600	but mostly it starts very abruptly when I call it the moment of activation, when they see a UFO and
614600	620800	the next thing they know they're in it, or they have missing time and they become totally obsessed
620800	629900	with this. And, you know, Richard Dreyfuss' character in Close Encounters, he
630840	649060	And Spielberg got that. He got that total obsession that happens when you come up against an anomaly like this. You can't let it go. People don't let it go. They can't. And eventually it's going to turn out the entire world's not going to be able to let it go.
649060	661940	And right now, there's something like 700 million views of the new government's disclosure website, and most of the stuff on it is pretty old hat so far.
662260	662980	Yeah, I'd agree.
663260	668940	Right. But look at the number of views, the immense level of interest. It's extraordinary.
668940	682360	Yeah, if that doesn't at least, you know, inspire or motivate some of the government to move even faster, other world governments, you know, now we're seeing Japan come into the conversation as well recently.
682760	683420	Possibly, yeah.
683420	694420	Yeah, I feel like that's the healthiest course of action because so many of the criticism with the United States government is that why do they only land in the U.S.? Why is it only in the U.S.? Which we know it isn't.
694420	694660	Right.
694780	703780	But it would also be nice to have these other countries start opening up their sort of classified files to this topic as well.
703780	720460	Well, there are certain countries that have more than others. In South America, Brazil undoubtedly has a great deal more than most countries. And that's important to open up because that's a really challenging experience down there.
720460	722760	France I know does
722760	724600	and at least
724600	726260	I'm pretty sure it does
726260	728280	that they've been collecting this information for years
728280	729980	and it sort of
729980	732560	edges up to the surface every once
732560	732980	in a while
732980	736540	and Italy probably does
736540	737020	as well
737020	738960	I don't know about the UK
738960	741840	I know they must have
741840	744220	they've had some extraordinary cases there
744220	745340	and
746720	747440	undoubtedly
747440	749260	they have some
750500	754160	amazing files, but they're very, very quiet about it.
754280	761660	Yeah, they declassified a whole bunch in 20, was it 2017, I believe?
762520	764340	Yeah, but it wasn't much.
764460	766560	There wasn't much to what they declassified.
766640	769140	No, it was sightings, that type of thing.
769200	772620	But again, like a lot of the stuff that we're seeing now,
772760	779520	we're seeing a lack of acknowledgement on what this stuff is.
780460	784580	just putting it out there and being like, we're not responsible for whatever you think it is.
784640	784860	Right.
784900	789440	And that seems like a cowardice type of approach to it. When you're like, hey,
789460	794640	just get behind this thing. You know, you're saying UAP, you know, why not? Let's talk about
794640	797480	the other stuff too. Let's talk about the elephants in the room. Let's talk about the
797920	799380	Roswells, the Kecksburg.
799460	810080	Yeah. And also what has been, what kind of conclusions? Because there must have been
810460	814340	and must still be, a great deal of work being done on this.
814420	820500	I know that General Art Exon, who was involved in this,
820620	823720	he was later, he was commandant of Wright-Patt.
824060	827040	And in 47, according to what he told me,
827220	834120	he was directly involved in what happened when the debris in the bodies
834120	837240	were brought to Wright Field, it was as it was called then,
837380	839420	under General Twining.
840460	844120	the Air Materiel Command, or worked in this.
844200	850060	And they could have easily pulled in officers from other parts of the command at the time
850060	852320	because I'm sure that Air Materiel wasn't all that big.
852480	854680	And all of a sudden, they had this major thing.
854880	866000	So in any case, he told me in 1988 when I talked to him that they had a lot of pencils-up meetings.
866000	871940	meetings, and that meant that he would go down, he was still, even in retirement, going down to
871940	878560	write Pat from where he was to fill in the scientific group that was still working on this
878560	885480	with what they had discussed in these meetings. Now, that means that there's a lot that
885480	891360	we'll never know because it was hidden by not being recorded. But the other problem is this,
891360	899660	a lot of the records that were recorded, I think, have been offloaded into the private sector. And
899660	906380	I can be fairly specific about that. Back in the early 90s, when I was living in upstate,
906480	912180	well, it's downstate New York to most New Yorkers, but 90 miles north of Manhattan,
912180	920520	Manhattan, the town of Woodstock, people began to complain that there were trucks going to the
920520	930100	EG&G Rotron facility in Woodstock, waking, keeping them awake all night. And apparently
930100	937380	there were documents being moved in large quantities to that facility from goodness
937380	942840	knows where, but wherever they were coming from, I would guess were government facilities.
943600	946340	EG&G Rotron is a private facility.
946700	954580	And every document that went in there moved out of the freedom of information umbrella
954580	956600	and was no longer accessible.
957400	965360	And I think that if we are ever going to find any really substantive material about this,
965360	967380	we got to get it from a private sector.
967520	970420	Yeah, it's a tricky, a tricky line to walk.
970700	972100	Well, Congress can do it.
972160	974820	I mean, there can be legislation to do this.
974920	984100	There can be, but what that also entails is a violation of, you know, people's personal
985340	986420	intellectual property.
987100	993760	And so, you know, you can't have one without the other if you say that the government is
995500	1000080	corporations and take what they deem to be exotic material.
1000520	1002100	You know, where is that line?
1002200	1003840	Who decides where that line ends?
1003880	1008880	And now suddenly, you know, some inventor is out there inventing something completely
1008880	1011660	on his own, but they deem it to be exotic and take it away from him.
1011720	1016760	Not saying that I'm totally against or for anything, but it does open an interesting
1016760	1017420	can of worms.
1017460	1018240	Can of worms.
1018260	1019820	However, I will say this.
1020100	1023400	I know inventors whose inventions have been taken that way.
1023500	1024800	So that does happen.
1025360	1026180	Definitely happens.
1026360	1028460	What's one case that you can remember?
1028720	1029860	Well, yeah.
1030600	1030740	Okay.
1030960	1048780	It's a little dicey because it's, there's a case of a communications system that I, someone I knew invented and his invention was classified.
1048780	1056060	It wasn't taken from him in the sense of they didn't say, well, we're taking your invention and we're making it ourselves and you're not getting any money.
1056440	1062980	He's still getting money from it, but it's classified and he can't do anything, talk about it anymore.
1063420	1065420	It's an exotic communication system.
1066260	1067060	What does it do?
1067100	1067380	Do you know?
1068980	1069760	Yes, I do.
1072160	1073700	I'm guessing you don't want to share that.
1073960	1075700	Well, let's put it this way.
1075700	1081440	It's really exotic, and it involves instantaneous communications.
1081900	1082460	Whoa.
1082780	1089420	And it's not quantum communications.
1089520	1090380	It's something else.
1090760	1094600	And it's something that I don't think anybody is really very aware of.
1095140	1101160	And he's a wonderful, sweet guy, and you wouldn't think he would ever be able to invent anything.
1101720	1104900	But he's really brilliant under the surface.
1105700	1106220	That's really interesting.
1106340	1106620	Yeah.
1107220	1109420	Well, maybe they'll come a day where they'll be on the show.
1109700	1110840	And others like him.
1110860	1117680	I know a lot of people who are, you know, kind of half in the shadows and half out and would like to be all the way out of the shadows for sure.
1117940	1119200	Do you have a lot of people come to you?
1119840	1120680	I'm sure you do.
1120820	1121160	Oh, yeah.
1122160	1127980	from a sort of military industrial complex background or a private sort of government
1127980	1136060	contracting or intelligence community background that comes to you with information that we have
1136060	1140480	that you just can't, you know, verify, but that's pretty, pretty intense.
1141180	1145820	Sometimes. I wouldn't say that happens to me every day. And I not really, don't really
1145820	1151980	encourage it because the last thing I want to do is getting involved in situations where I know
1152160	1157320	classified material, not because it's illegal for me to know that. I mean, if I, if it falls
1157320	1163580	into my hands, it's perfectly legal for me to, you know, it's not, there's no nothing. I know
1163580	1169440	there's no law against it. If it falls into your hands, you have to steal it that. And I don't do
1169440	1175040	that. I don't come close to that, but I don't like to know those things, especially if I'm not sure
1175040	1181000	where they stand, which is often the case. I, you know, I'm not sure where given things stands. I
1182160	1188980	or whether or not it's classified, or there are things that the visitors, NHI, want to keep secret too.
1189500	1195940	And I've found out the hard way that, you know, they can get just as pissed off as the government if you've spilled their secrets.
1196180	1208400	Yeah, you mentioned that to me on the car ride here, that there was an incident that you deemed was because of something that you let slip that you shouldn't have.
1208660	1209000	That's right.
1209000	1209080	Right.
1209160	1213720	That they didn't want you to share, they being the visitors.
1213880	1214300	That's correct.
1214520	1215820	Only there's a difference.
1216980	1226700	With the government, you know when you're stepping over the line because you presumably have signed a nondisclosure agreement or you have a security clearance or something.
1227140	1232060	With them, they assume you know you're supposed to keep it a secret.
1232280	1236220	And then if you don't, they get pissed off, really pissed off.
1236420	1237600	And that happened to me.
1239240	1244580	Um, so, you know, you know, they're not going to ask you to sign any, any kind of a security
1244580	1249780	agreements, but if they, if you say something or do something that they don't, that they,
1249800	1255860	that revealed something that they don't want revealed, then they think, well, he's stupid.
1255980	1261100	He was inattentive and, and, you know, the sky's the limit as far as scaring the hell
1261100	1262240	out of you goes at that point.
1262380	1263380	Do they stop at that?
1265060	1268160	Yeah, they did in my case or I wouldn't be here anymore.
1269000	1276440	that, uh, do you think that the NHI has the potential to like kill you over this or?
1276880	1278120	Oh, I think it's worse.
1278740	1279480	Worse than that.
1279580	1279900	Oh yeah.
1280000	1283680	I think killing is only an incident in, in what could happen.
1283780	1292180	Uh, I think that they have, uh, fully expressed whether it's technology or not.
1292240	1292980	I don't know.
1293040	1298460	And at least in the way we think of it of con that enables them to control the, the
1299000	1308840	of the soul, and it is real. The soul is real. And one of the great problems we have, and one of our
1308840	1317520	greatest weaknesses, is most of our best minds dismiss that as absolute nonsense, when it is,
1317520	1325380	in fact, as far as NHI is concerned, the central issue. It's what they care the most about. It's
1325380	1326080	It's why they're here.
1326580	1330900	And it is not a supernatural thing.
1331200	1336040	It is part of nature that we don't yet understand and can't yet detect.
1336280	1342900	But it's just as real as radio was in 1850, which we didn't understand there and couldn't detect.
1343140	1344320	But it was still there.
1344480	1345760	The soul is the same.
1347820	1350100	I'm not saying the soul has anything to do with radio.
1350180	1353140	But it's an energy that we cannot detect yet.
1353140	1360740	and part of the reason is i think it's conscious energy and it's gonna be detectable when it wants
1360740	1367640	to be do you think it's some type of fuel it expand on that a little bit do you think that
1367640	1375580	because there is clearly a value for them if you look at all of the visitations and you try and
1375580	1382300	piece together whatever we can with our meager little minds here uh you you get to the bottom
1383140	1386140	and you go, it's not resources like we know them.
1386240	1389360	It's not gold and platinum or oil.
1389960	1391060	It isn't territory.
1391120	1392240	It's not water.
1392260	1393480	There's plenty of that out there.
1393580	1395780	There's this freely floating around in space even.
1395880	1397240	You wouldn't even have to fight us for it.
1397480	1402140	So when you get down to it, it doesn't leave you with many options.
1402240	1405660	And one of those options that a lot of people get to in that, you know,
1405680	1408960	if you look at the case of Bob Lazar, he had those haunting words
1408960	1410400	where they call us containers.
1411020	1412360	And then containers of what?
1413140	1415660	Well, that's what it's all about is what the containers contain.
1415940	1418420	So what do they do with our souls, in your opinion?
1419860	1424940	Why do they want to contain them or why do they even care that they're being contained or why are they containing them?
1426100	1431120	Well, I mean, I think the best way to do to talk about this is there's.
1431120	1445720	First, to say this, I have been told that if I were to violate certain, do certain things they don't like, and I'll be specific.
1446500	1457660	One time, and I wasn't even thinking about this, I suddenly found myself in contact with them in a very tangible way.
1458360	1462360	and the message was you must not commit suicide.
1462860	1466580	If you do that, we will capture your soul
1466580	1471080	and confine it forever, forever.
1472220	1474920	It was the scariest thing I ever heard in my life.
1475000	1477300	And then they proceeded to demonstrate this
1477300	1479500	by removing me from my body.
1479580	1482240	And I ended up in this little white container
1482240	1485860	that I could not get out of in the non-physical.
1487660	1489680	was to go back into my body.
1489920	1493400	And the thing that was weird was I wasn't even thinking about committing suicide.
1493440	1496060	It's not something that's on my agenda ever.
1496560	1500700	You know, maybe it has been when I was a teenager and got jilted by a girl,
1500740	1504420	but, I mean, let's face it, fortunately, I didn't take it that seriously.
1507180	1509360	And there have been times, you know,
1509380	1511540	when I was losing all my money in my home and everything,
1511660	1515200	I felt like, you know, maybe Ann would be better off with the insurance money,
1515200	1519360	but I never thought of it deeply.
1519900	1524440	And so, but that was an example of what they can do.
1525180	1527580	You know, I mean, presumably they could do that.
1527880	1529760	They could confine a soul forever.
1529900	1534920	And I think to myself, shouldn't more people understand this?
1535080	1539020	Because if you live something in your life
1539920	1542980	makes them want to do that after you've died
1542980	1551080	and they don't warn you beforehand. My God, what are we really doing here? You know, how do we,
1551700	1557780	how do you live it? What it did to me was I may looked at my moral life in a whole new way
1557780	1565780	because I thought this isn't theoretical, it's tangible. And what do I have to do? And I,
1565860	1571200	I really can't answer that question because I think living a good moral life
1572980	1576400	will help you not end up in that situation, but I can't prove that.
1576640	1579180	It could be that that's not what it's about.
1579520	1586120	Do you think the possibility of this planet being like some type of cosmic prison is at all real?
1586960	1591660	That is something I never can quite put out of my mind.
1591940	1596240	Is it a cosmic prison or is it a cosmic school or is it both?
1596960	1600040	And it, you know, I've been told both.
1600040	1621300	Both. I had an absolutely, that's gotten more, I wrote a book years ago called Transformation and the new version of it, which is just out, uh, Transformation 2026 talks about an event that happened in those days that I now understand very deeply at the time.
1621300	1627960	you know i i could describe it but i couldn't i didn't know what it was about and it involved
1630960	1639580	a journey to a university on another world now was it a physical journey no i couldn't have been
1639580	1645860	because you know i'm but it it was either a journey journey up here or some kind of out
1645860	1652500	a body journey or something, but it was very vivid and very detailed. I got a really detailed,
1653260	1658220	you know, I might as well have gone physically because of the vivid, the detail with which I
1658220	1669840	remember it. But in this university, I was told that I could enter it and that it was a place
1669840	1675840	place that was a school. It was a university, a school, and it was very tumbled down. And I said
1675840	1679960	to the little guy that was saying to me, yeah, you can go in there because there was a door,
1679980	1686580	an arched doorway, not far from where we were. I said, it looks like a total wreck. And he said,
1686680	1690360	well, it's been a million years old and the scholars are no good at maintenance.
1692060	1698140	And so I went toward it and suddenly two bigger beings, I didn't know if grays,
1699840	1705200	They were, but these two big beings with big black eyes prevented me from going in, and I was extremely disappointed.
1707100	1711480	But I actually had entered the university.
1712720	1715040	The university is this life.
1715620	1734660	So this is a school on one hand, but I think it might turn into a prison in the sense that if you die and you've screwed up your journey and you aren't able to ascend, you aren't able to graduate, you got to do it again and again and again and again.
1735400	1742420	And maybe eventually someone, maybe you eventually, you could fail completely and then you never leave.
1742740	1743640	I don't know.
1745500	1749720	That's, failing completely doesn't interest me. I'm really interested in.
1750500	1751020	Succeeding.
1751120	1765720	Yeah. I want to live a moral life. And that's the only thing I can say. I don't know, as I said earlier, maybe that's not relevant, but it's all I have to, you know, to work toward.
1766400	1787340	Yeah, and that makes sense. I mean, it makes sense from a sort of higher beings perspective if you are somehow seeding these planets and nurturing them to grow. Because I assume if this is a school, there's probably a trillion other schools out there. I don't assume that we are alone in this.
1787340	1809020	Yes. I think that would be, you know, you get to that, the enormity of this. There are a lot of estimates about how many planets there are in the universe. Stars are one thing, but there are more planets, many more than stars. 21 sextillion trillion is one estimate I've heard. Now, those are words.
1809300	1809580	Yeah.
1809580	1813260	They don't compute in any way in number.
1813820	1824540	And, well, there are more galaxies in this universe than there are grains of sand on Earth, to give you an idea of the scale of it.
1824680	1826980	The scale is unbelievably huge.
1827380	1837300	That means that there are probably so many living planets in this universe that essentially everything is true.
1837660	1838320	Everything.
1839660	1840100	Right.
1840340	1841200	Pigs are flying somewhere.
1841620	1845720	The exact pigs are flying somewhere and somewhere else.
1846380	1847900	You and me are flying.
1848060	1848760	Yeah, that's right.
1848860	1850100	I'd love to have levitation.
1850320	1851140	That's so cool.
1851300	1858880	One of the strangest parts of making this channel is trying to find footage of things that have allegedly happened, but conveniently no one thought to film.
1858940	1862000	Or if they did, it's grainy or out of focus.
1862000	1866440	and it turns out Getty Images has a surprisingly limited selection of
1866440	1869780	terrified man being escorted into a glowing spacecraft.
1870360	1872540	So I've been using Higgsfield Cinema Studio.
1872840	1876720	What I like about Higgsfield is it's built around shots, not prompts.
1876900	1881580	So you create one frame exactly how you want it, composition, mood, lighting, all that stuff,
1881760	1884440	and then extend it into a cinematic shot.
1884900	1890220	But what's even cooler is that I could take this studio that I'm sitting in right now,
1892000	1898380	a real TV, this is a real TV, but I can put whatever I want on that TV using Higgs field.
1898540	1907200	So let's say I want to have a UFO on there, or maybe even, I don't know, an alien trying to
1907200	1915080	climb through the screen. How creepy is that? Well, that's just one of the many things that
1915080	1919900	you can do with Higgs field cinema studio. Check it out. If you're curious, I left the link below.
1919900	1921520	We use it in every one of our videos.
1921600	1924460	So thank you so much to Higgs field for sponsoring this video.
1925320	1925840	Yeah.
1926060	1926580	Um,
1927300	1927420	no,
1927540	1928040	that is a,
1928640	1930120	there's a wild thing to ponder,
1930220	1937100	but even wilder yet is this idea that although there is an infinite number of
1937100	1940520	planets and there are an infinite number of possibilities,
1940740	1945880	but there is equally a possibility that there is interaction here and that this
1945880	1947500	also is part of the whole,
1947580	1948500	you know,
1948500	1948920	um,
1949900	1957880	It's just difficult for, I guess, it's really hard to fathom anything that isn't physical for people.
1958660	1972320	And once we start talking about non-physical, I always feel like there is a connection in sort of the streamlined way of thinking, the mainstream way of thinking that non-physical means not real.
1972660	1973580	Yeah, exactly.
1973580	1979900	And it's a big misconception because if anything, it's more real because most of reality is non-physical.
1980320	1991500	We're not going to be able to understand our relationship with non-human intelligence unless we also understand something about the non-physical part of us.
1991820	1992460	Yeah.
1992460	1994860	And it's not that it's non-physical.
1995380	2003680	It's that it is at a different frequency from what we can detect of the body directly.
2004340	2006860	And, you know, I've been out of my body a few times.
2007780	2011860	It's so frustrating because I have friends who can go out of their body anytime they want to.
2012240	2014860	But I've always, when I've been out, I've been taken out.
2015460	2017400	And I don't get to go out of them now.
2017420	2018680	And I try all the time.
2018740	2020100	I really like to do it.
2020100	2028340	But I finally decided that the grays seem to be the ones responsible for my going out of the body because they're always around when that happens.
2029220	2036820	They must think that I'm too dangerous, that I would play practical jokes and stuff.
2037200	2037680	Yeah.
2037680	2038440	They don't like.
2038520	2040000	And yeah, then that's probably true.
2040200	2041960	I mean, I wouldn't deny it.
2042480	2050000	Like if I could go out of my body, I know how and I've done this before to become visible when I'm out of my body.
2050100	2053540	I've done that a couple of occasions when, but it's all controlled.
2053740	2055360	I mean, they took me out, they told me what to do.
2055400	2055800	I did it.
2055800	2056380	I came back.
2057320	2065120	And, um, but I would love to go like to the white house or the Vatican or somewhere like
2065120	2072720	that and become physically visible, but also so that people could take pictures and stuff,
2072780	2074720	but also insubstantial.
2074720	2076700	So they could like walk through the body.
2077000	2079480	I think that would be so cool and so much fun.
2080100	2084780	Yeah, I mean, it does open a giant rabbit hole, you know, when you talk about that stuff.
2084920	2091440	Because you're like, you know, are these out-of-body experiences just other people having?
2091840	2094300	Are they ghosts to some people?
2094440	2095720	Are they apparitions?
2096200	2097900	Are they orbs?
2098040	2099920	You know, you hear about all this stuff.
2099940	2101000	People have definitely seen me.
2101040	2102260	Linda Moulton Howe saw me.
2102700	2104440	And I didn't even try that.
2104560	2109220	I mean, I ended up in her bedroom in the middle of the night.
2110100	2116660	off and she called me what is the matter where blah blah you know she was very upset about i
2116660	2124060	said linda i'm so sorry i had seen her but not clearly i knew i'd seen a woman and and she was
2124060	2129400	looking at me and really upset but then when the call came i thought oh good would be linda of all
2129400	2134840	people and uh because we'd become friends she she was one of the first people to come to the cabin
2134840	2140780	And after the experience, I think she may have even, I believe it was before Communion was published.
2141840	2151080	Because I got in touch with Stanton Friedman, and he put me in touch with Robert Sauerbacher, and I believe also with Linda and a number of other people.
2151560	2154560	Anyway, so we knew each other, and we were friends.
2155220	2160000	And then suddenly, you know, I end up in her bedroom in the dead of the night in a non-physical state.
2160000	2167220	eight. But I, you know, that I got used to it and I had, I enjoy it. I mean, I'm always,
2167280	2172260	I'm looking forward to the next time, frankly. Do you think, I want to, I want to switch gears
2172260	2175940	a little bit here because this is a kind of a question that has been coming up a lot
2176880	2188840	during this discussion recently. And it's the, the assumption that there is some type of
2191880	2199860	demonic aspect to what people are seeing. And I thought, who better to speak on this than someone
2199860	2204240	who's had direct contact with whatever it is that other people claim to be demons.
2204960	2208780	Does that hold any weight with you or are you dismissive?
2208900	2215480	No, I'm not dismissive, but I am concerned about one thing. When we say demonic,
2215480	2225520	demonic, we say supernatural, unreachable to us. All we can do is pray. And I don't find that
2225520	2231840	acceptable. I think that's an extremely dangerous position to take. That does not mean that I don't
2231840	2237700	think they're dangerous. I think some of them are very dangerous. But I do believe that we do have
2237700	2244020	the capability of controlling the situation to some extent and may be great. And part of that
2245480	2253240	prayer. I don't know. But if we say it's supernatural, completely supernatural,
2253780	2262380	then we are also saying we're helpless, and we must not say that. We must go into this more
2262380	2274020	practically and say that this is often very dark, and it might as well be demonic, but we are not
2275580	2291820	Because at some point, they have vulnerabilities that go beyond, that are not supernatural, that are part of the world as we understand it. Otherwise, you know, we end up like the Aztecs.
2291820	2300240	the Aztecs when Cortes first arrived on their shores they were confused first they thought he
2300240	2304840	was Quetzalcoatl their god and then when they figured out he wasn't Quetzalcoatl they had
2304840	2311400	another problem they couldn't understand that the horse and the man were not one creature
2311400	2321040	then they couldn't understand how cannons worked or what wheels were they were completely outclassed
2321820	2324640	And their whole culture collapsed.
2324900	2327940	Their armies failed and their culture collapsed.
2328240	2337120	The result was there were approximately 90 million people in Mesoamerica when Cortes arrived.
2338660	2351180	A hundred years later, there were about 9 million natives and native peoples, indigenous peoples in Mesoamerica, of whom the great majority were slaves.
2352700	2355540	that is the danger.
2355720	2358940	The danger is that we will misunderstand
2359740	2361520	what we are dealing with
2361520	2364900	and fail to respond to it in a way
2364900	2367420	that gives us agency.
2367860	2370360	And we must not allow that to happen.
2370400	2372320	That's why whenever someone says they're demons,
2372540	2375620	they're really saying we give up.
2375700	2378340	And I'm sorry, I'm not giving up.
2378680	2380700	That's an interesting way to put it.
2382260	2391040	I do see how people would jump to that conclusion with limited knowledge, though, and that seems to be the trend when you look back in history.
2391360	2399080	Anything unexplainable was supernatural, was demonic, whether it's, you know, talking about gravity or, you know.
2399140	2405600	Well, yeah, I'm sure that if you'd turned on a radio in 1650, you would have been burned at the stake.
2405740	2406140	Yeah.
2406580	2410020	I mean, there's something coming out in witchcraft.
2411820	2419460	know, but the frontier of reality has been expanding almost as fast as our expanding
2419460	2426000	knowledge of what the universe really is in terms of its size and its structure. And it's time to
2426000	2434080	get to the point where we understand the things that look supernatural are actually part of
2434080	2439180	of reality that we can understand, that we can gain agency in.
2439400	2446300	And otherwise, I think this species is going to get into the same kind of trouble the Aztecs got into,
2446440	2447880	but on a much more massive scale.
2448400	2454880	Do you think that they are, in part, and this is, you know, perhaps pondering a little bit,
2454920	2458900	expanding on the idea of the control system by Jacques Vallée,
2458900	2482600	But do you think that their apparitions, their interjections or their impositions into our lives through sightings, through visitations, do you think that that is purposely to expand the frontier that you just mentioned of technology, of our perception of reality?
2482600	2489600	Are they there to just constantly push our perception in some way to help us grow?
2490340	2490980	Okay.
2491880	2498720	On the positive side, the simple answer is yes, because that's what's happening.
2499200	2502820	What's happening is we are responding to this on many different levels.
2503200	2506580	It's changing our understanding of the supernatural, for one thing.
2506700	2510280	It is challenging us technologically.
2510280	2522680	And you can see in all of the stuff that's coming out in Congress, we're working hard to figure that out and to do that.
2522760	2528340	Meanwhile, they are not coming in and pushing the door down and saying, okay, screw you.
2528860	2532280	You'll never figure us out, get anything from us.
2532340	2532940	We're taking over.
2533100	2534080	They're not doing that.
2535440	2538960	They're tempting us farther and farther.
2540280	2552300	At the same time, there are predators who sort of work like that, who move very, very slowly until suddenly everything changes and the mouse ends up in the jaws of the snake.
2552820	2557160	So I think we have to be very careful about this.
2557320	2564800	We have to move ahead intelligently and not bring our superstitions or our confusions with us.
2564920	2566980	We can't bring the past with us.
2566980	2571440	We have to bring what is new and what is best in us with us.
2571760	2573520	And we're going to go down this path.
2573640	2582760	And remember, Chris, we're talking about something that's not disclosure today and then some different things happen tomorrow.
2582960	2587780	We're talking about the beginning of the rest of the human experience.
2588360	2591980	This is a huge time in human life.
2591980	2595700	The biggest time in history is right now.
2596160	2604480	And a big part of it is the fact that we are coming, NHI is coming into focus.
2604960	2607120	That's critically important.
2607360	2611440	And once they are in focus in our lives, it will never change.
2611760	2612860	It will never be different.
2613020	2616200	And they are definitely pulling us ahead.
2616200	2626020	you know, they leave what people like, I believe, Hal Puthoff and Jim Likotsky refer to as donations,
2626840	2632460	you know, these technological bits and pieces that we pick up and craft and so forth. They
2632460	2637080	think of them as donations. I might not have the scientists who said that correct, but some
2637080	2642740	important people in this have said that. And if that's the case, then they're trying to get us
2642740	2649200	to the point where we don't have the Aztecs' reaction to them, where they don't colonize us
2649200	2656120	culturally. In other words, they don't want to do this. They're looking for friends, not slaves.
2656500	2662500	That's what it looks like to me, I hope. But at the same time, it's so complicated
2662500	2667920	because there's a side to this we were just referring to a few minutes ago that's just
2667920	2669040	Just dangerous as hell.
2669100	2670100	There's no other way to put it.
2671120	2676380	Do you think there's multiple species interacting with us currently that are not working together?
2676920	2683180	All we have to do is go back a few minutes to our discussion, brief discussion of the number of planets in this universe.
2683360	2683760	Of course.
2683800	2689520	And if the answer to that question is not yes, and in spades, I would be amazed.
2691060	2691500	Right.
2691600	2692700	I would be amazed.
2692720	2693660	Of course there are.
2693800	2696900	And believe me, they're going to be in conflict with each other.
2696900	2697660	They're going to be in conflict.
2697920	2701480	of course, and they're going to be fighting over us and they're going to be fighting over
2701480	2707560	other things. And, uh, what happens to us is going to be a side effect of those fights.
2708180	2715640	Because, uh, if you look at an atom, an atom has a positive charge and negative charge
2715640	2723420	and the electron field that holds it in balance, uh, uh,
2725480	2727500	plus, minus, and balance.
2728240	2728640	That's,
2728640	2729820	Brockminster Fuller
2729820	2731260	called that triad,
2731260	2732320	the building block
2732320	2733000	of the universe.
2733740	2734640	But between the plus
2734640	2735260	and the minus,
2735320	2736480	there's constant tension.
2737740	2738300	So, you know,
2738320	2739840	conflict is essential.
2740840	2741520	Without conflict,
2741620	2742360	there is nothing.
2742620	2743780	And that's what
2743780	2744620	we don't understand.
2744920	2746520	These ancient conflicts
2746520	2747800	that must be present
2747800	2749380	are part of the way
2749380	2750300	the world is.
2750560	2751500	They're fundamental
2753660	2757420	reality. So, you know, they're fighting each other, but they've probably been fighting each
2757420	2761640	other for a long time. And they're probably going to be fighting each other for a much longer time.
2762120	2768320	So what do you say to the people who are convinced beyond doubt that this presence
2768320	2772720	is nothing but benevolent? Because there are those. There are many.
2772780	2776780	Plenty of them. And plenty more who wish or are on the fence and wishing
2776780	2779900	and grabbing for any sign that that might be true.
2780080	2781220	You think that's just a hopeful?
2781220	2800100	I think that we need to be grownups about this. And that means we need to see this in a very large and nuanced way because there's parts of it that are, yeah, that are obviously benevolent or there would be no donations going on.
2800100	2813820	There wouldn't be anyone trying to pull us ahead technologically to speed up our technological process, progress without destroying our cultural integrity.
2814360	2816000	You know, and that's what they're doing.
2816980	2821740	On the other hand, you get some of these things that happen that we were talking about earlier.
2822820	2823920	Horrors in Brazil.
2825480	2827060	Unbelievable horrors in Brazil.
2827060	2830000	I mean, laser beams that suck people's blood.
2830140	2830780	I mean, come on.
2831240	2832640	That's not benevolent.
2832900	2834920	That's just not nice at all.
2835340	2838140	And there's plenty of people in this country.
2838200	2840440	The abductees are beat up.
2840540	2841320	I'm beat up.
2841400	2842400	My wife was beat up.
2842440	2843020	We're all beat up.
2843460	2847680	But, you know, most of us have a trajectory like I have.
2848020	2855620	If you had asked me whether or not these beings were dangerous back when I first started meeting them,
2857260	2864560	very dangerous. Now I'm used to them. I live with them. They come into my life fairly frequently,
2865360	2874220	sometimes non-physically, but once or twice a year also physically. And do I run and hide? Do I
2874220	2881340	try to fight them off? Not at all. Not anymore. But I would have once. I used to live in a house
2881340	2887980	full of guns for that reason and alarm systems. And if you go to the old cabin, which still exists,
2888280	2894120	the lights are, it's a wonderful family owns it. For years, it was owned by people who didn't care.
2894480	2901420	Now it's owned by people who do care and who are interested in it. And the floodlights I put in
2901420	2908020	are still there and all the electronics are still there from the old days. And which is really cool
2908620	2915740	because it, but it's a reminder of what I was like then. I was so scared, so scared.
2918060	2923460	Nowadays, you know, when I go out to places, isolated places where I've seen them from time
2923460	2928460	to time, like the Esalen Institute, what I want to do is be in a room where it's convenient for
2928460	2933200	them to come because they come in off the, off the ocean and they don't like to come too far
2933200	2937720	off the ocean. If they're going to be in the physical form, they want to be safe. And, you
2938020	2941200	very, very, they're very concerned about certain things.
2941420	2942860	Are they coming from in the ocean?
2943160	2943900	I think so.
2943960	2944140	Yeah.
2944180	2952720	I used to not know, but if you, you know, Tim, uh, Tim Galladet and, uh, uh, you know,
2952720	2957280	the underwater stuff is apparently very important.
2957840	2964320	And, um, Rich Dolan has written a whole book about it, which is a wonderful book.
2964440	2965120	Wonderful book.
2965140	2966680	I interviewed him on Dreamland.
2966760	2967720	I think you had him on here.
2968020	2972400	Uh, so we interviewed him at contact last year, but haven't had a chance to have him here.
2972520	2972900	Yeah.
2972900	2974140	You should, well, get him up here.
2974200	2974760	I would love to.
2974820	2976060	He's really a fun guy.
2976140	2976400	He is.
2976400	2977320	He's also brilliant.
2977540	2977800	Yeah.
2977980	2987520	Anyway, um, uh, I think underwater is, and underground are their primary locations here for obvious reasons.
2988120	2990080	They can't fly around all the time.
2990440	2997120	And, uh, uh, underwater is a place where we're not going to get to them very easily or underground.
2998020	3002120	from underground at the cabin all the time that's where they come that's where they would come from
3002120	3009320	in fact when i'm there now from time to time they come out the family's never seen them they've
3009320	3015620	never and i wouldn't they've got little children and i'm not so sure i would be welcome there if
3015620	3021320	they visitors showed up while the kids were there so i'm very careful about that yeah yeah be a
3021320	3023420	a frightening thing for most people to see, I think.
3023680	3024940	Uh, yeah.
3026460	3029040	Even if you are studying it and used to it,
3029980	3033380	there's something really eldritch about these things
3033380	3037740	that you can't quite put into words if you see them.
3038020	3039540	It's extremely hard to be with them.
3039720	3040100	Yeah.
3040160	3042880	There's something so scary.
3043280	3047660	And you know, they scared my animals, the cats.
3047660	3070980	They scared them to beans. And I always, one night, and I've been thinking about this stuff a lot because when I was thinking about writing a new book, and I usually, I have this implant in my ear, and I communicate somehow through the implant.
3070980	3080900	plant. And usually when I finish a book with about three to six months later, ideas start coming.
3081000	3086040	And I have a time at meditation at three o'clock in the morning and the ideas will start pouring
3086040	3095540	in. And I very quickly am able to organize this into the theme of a new book. And I had an idea
3095540	3101720	for a book. I had the idea. It hadn't come in that way. And nothing kept happening. And I kept
3101720	3108840	thinking, well, I hope the implant isn't turned off. And it seemed to be still working. And I
3110080	3116000	suddenly got from the implant came to life and they wanted me to rewrite my book transformation
3116000	3125360	that I already published. And I think, why? And then it comes out, it turns out that all of this
3125540	3135120	stuff is more relevant now than it was then. And I've lost your question. Wait a minute. I'm
3135120	3140580	talking too much. Well, I think we're both on a different tangent anyway, so that's all good.
3140960	3147980	Okay. Well, anyway, the book came along and I realized that what started to happen is
3147980	3154260	I began to interact with it and I was able to bring in all kinds of new information
3155540	3162340	I had, because the book, in those days, books started, bestsellers started in California.
3163200	3169100	And one of the critical things the publishers had to have was a good review in the Los Angeles Times.
3169240	3170400	This is a different era entirely.
3172180	3176380	And they weren't ready for communion.
3177120	3178680	No one expected that.
3178760	3183980	It was slipped into the bookstores by the publisher without any prior warning or anything.
3185540	3192780	gunning for transformation and transformation got the most fantastically bad review in the
3192780	3198900	Los Angeles times than you could possibly imagine. And when it briefly appeared on the bestseller
3198900	3206720	list, they put it on their fiction bestseller list. Uh, and, and it was, it died. And so I
3206720	3212060	thought to myself, well, I understand now what they're going, because what the book is about
3212060	3221780	out is when my family and I began to have contact along with a lot of our friends at the cabin.
3222440	3231700	And I thought, this is about a year ago, the disclosure processes must be coming faster than
3231700	3238880	I understood at the time. And as I wrote the book and disclosure came closer and closer,
3238880	3263620	And then Trump starts, after just as the book's being published, he starts to say, we're going to do it. I thought, boy, somebody knew this timeline, but I didn't. And now the book is sitting out there. And I think it means the fact that this was even wanted to be done, that this is going to come into the lives of a lot of people during and after the disclosure process is part of it.
3263620	3268500	People are going to suddenly start finding these little critters walking around in their houses like we did.
3269600	3270160	Yeah.
3270180	3273260	I mean, that's a haunting thought.
3275380	3283480	You know, I find it really quite interesting, too, when you speak about your work in this way.
3284440	3291920	Because it seems like there is, you know, you equate this with the implant.
3292640	3293200	Definitely.
3293620	3299740	Other people would say that there's like some muse at work or like some divine inspiration or some.
3299760	3301180	Do you think that's one in the same?
3301240	3302200	I have a muse.
3302300	3303240	I have two muses.
3304420	3306460	One of them lives in England right now.
3306520	3307780	It is really amazing.
3308480	3309820	And the other one is Anne.
3311440	3317400	And Anne is Anne was my definitely my muse from the beginning.
3317580	3321840	I mean, she the amazing thing about Anne was, you know, I'm a kid from San Antonio, Texas.
3323740	3327080	Ann was a kid from Ann Arbor, Michigan, and that was what she was.
3327240	3328320	Two American kids.
3328400	3332140	We get together, and all of a sudden, everything changes.
3332720	3339660	But when I told her the communion story, I was expecting her to maybe want a divorce or something.
3340100	3346600	And instead, she says, well, she remembers it as saying, oh, thank God, I don't have to get a divorce now.
3346900	3351260	But I remember her saying, oh, thank God, I thought you were going crazy.
3351260	3358500	but she immediately took the whole thing over she seemed to know everything about how to do this book
3358500	3364380	including the title she thought up the title which is of course the whole core of the book
3364380	3369780	yeah that along with the the cover i think and the cover yeah the cover well the cover was of
3369780	3378500	course me and then and ted jacobs the artist i think to an extent that cover art and we talked
3378500	3382780	talked about this last time you were on as well, but it's something that keeps recurring in the
3383760	3388680	conversations that I have with experiencers. It comes up all the time, all the time.
3388700	3395200	It started, it was the instigating moment of contact is what it was. Boy, you know,
3395220	3401500	if I'd known that at the time, I think, I don't know what would have happened. I was just totally
3401500	3408300	innocent of all this. I had just, when we were writing the book, I had just within a short time
3409580	3417060	been become convinced that it was even real on any level. And, uh, if I had known that I was
3417060	3423500	triggering memories in millions of people with that cover, I'm just glad I didn't know that
3423500	3428440	because I don't know what I would have done. Yeah. It's a big responsibility. Yeah. Yeah. I've had,
3428440	3433100	You know, since you were here last, we had Peter Curry was on here.
3433240	3440280	I remember him saying that it's one of the things that unlocked his memories, a gentleman from Australia who's a lifelong abductee as well.
3440320	3440480	Right.
3440600	3443580	Had some really strange things happen to him later in life.
3443640	3450880	But yeah, was a billboard in Australia that featured, you know, they're coming, I think, or they're here.
3451020	3451840	I think it was they're here.
3451940	3452460	They're here, yeah.
3452720	3453060	Yeah.
3453060	3455120	And he was just so taken aback.
3455120	3458380	Also, Eric Nansteel, who was here not too long ago.
3458400	3459540	Eric's an interesting guy.
3459540	3460340	I've interviewed him also.
3460500	3462860	Yeah, he's got some interesting thoughts on the whole thing as well.
3463020	3470400	But again, another person who was just so completely taken by surprise by the cover of that book.
3470700	3470960	Yeah.
3471000	3472280	Well, a lot of people were.
3472460	3473020	Mm-hmm.
3473220	3484100	I mean, there's the letters that they have about 3,500 of the letters at Rice University in the archive of The Impossible now.
3485120	3486600	written about the letters as well.
3486960	3488720	And there's the communion letters book.
3488820	3494560	And so the, yeah, so those letters are,
3495440	3497820	are humankind's first response.
3498420	3499540	That's first contact.
3499700	3501260	Those letters are first contact.
3502340	3504360	And it amazes me.
3504420	3506960	And thank God, guess who decided to keep them?
3507000	3512180	Once again, it was our, the actual architect of contact,
3512260	3513740	which was my wife, not me.
3515120	3520440	did the writing, but she did the forethought. She was a muse. She was a muse, exactly.
3520840	3527580	For all of us, by the way. Yeah. I was always fascinated by the word genius,
3528320	3532700	because people think, oh, genius. It seems so flattering to call someone a genius. But a genius,
3533560	3539640	actually, when you break it down, is the attended one. It means the attended one.
3540180	3544920	Interesting. Yeah. And so back in the day, when someone was a genius, they wouldn't assume
3545120	3546360	that they had higher knowledge.
3546520	3548760	They would assume that they were being given knowledge
3548760	3549640	by another entity.
3550260	3551200	That's interesting.
3551400	3553340	That the knowledge came through them,
3553440	3554460	that they were just a vessel.
3554540	3556480	And so when you have these old depictions,
3556480	3558660	specifically the ones that are pointed out
3558660	3561300	by UFO researchers where there's one in the sky
3561300	3563120	and there's this beam coming through a window
3563120	3565260	hitting the person in the head,
3565380	3569020	this is the knowledge coming from elsewhere,
3569240	3570060	the attended one.
3570200	3572380	These aren't, so people, you know,
3572900	3574620	nowadays we have savant syndrome
3575120	3581300	have all these, you know, really anomalous psychological phenomenon that we don't quite
3581300	3587340	understand and we're studying it, but we don't really understand how savant syndrome works or
3587340	3593020	why it happens and how you can trigger it or how you can harness it. But if you were back then,
3593660	3601440	how would you even reconcile someone being able to draw something based on memory or being able to
3601440	3606640	to recount word for word an entire scroll or whatever it was,
3606760	3610220	it would have looked anomalous and you would have assumed as well
3610220	3615100	that it come from somewhere else, that it didn't come from your own brain.
3615360	3617860	And so I think that there is something there.
3617900	3625140	There's some merit there that perhaps this implant acts as some type of gateway.
3625200	3629520	And if we look back in time, are these geniuses of the time,
3629560	3631200	were they in fact implanted as well?
3631440	3644900	Well, you know, the implants, the interesting thing, one of the many interesting things about the implant is that it is, I think, the only one of the few provably anomalous objects that we have in the world.
3645360	3648220	And it's provably anomalous for a simple reason.
3648780	3651920	There was a video made of the attempt to remove it.
3652020	3652440	And I saw that.
3652680	3652940	Yeah.
3652940	3659800	Yeah. And in the video, the doctor and Ann, first they see it and describe it.
3659840	3663920	And then they describe the fact that it's moving down into my earlobe.
3664720	3668240	And that can't, there's nothing that can, we can't make anything that does that.
3669260	3673460	Therefore, that video confirms the fact that it is a real anomaly.
3673920	3677700	Yeah. There's a lot of implants that are actually removed over time though.
3677860	3678280	Yeah.
3678340	3679220	Roger Lear.
3679220	3695100	But I know I loved Roger and worked with him. I arranged for him to use the facilities of Southwest Research in Texas in a limited way on his implant studies. But the fact that it is active and moved.
3695200	3695820	Evasive.
3696600	3703740	evaded capture on video that's the thing that makes it so special and it's also still there
3703740	3712380	anyone can feel it and uh so you know it's a when i when i try to talk about what it does it's very
3712380	3721640	hard because it's it's very subtle and you know there's this uh yeah it's in this eye right now
3721640	3725940	Now, this slit is open up in this eye.
3726220	3731040	And as I watch, there are words passing through it very quickly.
3731960	3736180	And, of course, I did see just the phrase, of course.
3736340	3739020	And I was just about to use that phrase, interestingly enough.
3740600	3741920	But they're there now.
3742120	3743180	I mean, it's working right now.
3745300	3748580	And so it's actually active at this moment.
3748840	3749940	And what is it saying?
3751640	3758260	Well, if I had a white background, I might be able to read a few more of the words, but they pass by so quickly.
3758380	3760240	I don't think you're meant to read them.
3760280	3773780	In fact, there was a doctor who has a connection with the Central Intelligence Agency who, I believe in 2019, if I'm not correct, wanted to get a CT scan.
3773960	3774500	Was it Kit Crane?
3775480	3777900	I'm not going to say his name because he told me not to.
3777980	3778280	Okay.
3778300	3779660	You can say anything you want.
3779760	3780160	Sure.
3781640	3791660	temper i don't get pissed off again um so uh uh anyway two people showed up at the at the apartment
3792460	3798260	and two guys and explained the whole thing to me how it worked who built it who created it and
3798260	3805620	everything and they did that i think because they were afraid that kit was going to try to sweet
3805620	3811360	talk me into getting it taken out and give it to him but all he wanted was a ct scan which we got
3811640	3814200	And I've got it, you know, it's perfectly clear that it's there.
3814280	3814900	There's no question.
3814940	3815120	Yeah.
3815140	3816680	There's a clearly a physical object there.
3816800	3817460	Yeah, absolutely.
3818240	3827720	And, um, uh, so we had a, but they, when they explained it, they explained what the slit
3827720	3835300	was and how it worked and how, what it does is it's, it's hearing what I'm thinking.
3835300	3854120	And then it's drawing memories up from deeper in my mind that are relevant to what I'm thinking. And it's like it expands your mind without mind control. It brings your lost thoughts into your mind.
3854120	3869100	And the result is that, you know, I might be working and I might suddenly remember a research study that I read 10 years ago and I can go and look on Google and locate it.
3869460	3870140	Right.
3870180	3873660	I tried using AI in that process once or twice.
3873740	3878740	I discovered that AI's hallucinatory capabilities are very advanced.
3879180	3881840	I'll tell you why this happened.
3882760	3886100	I was working on, I guess I was working on The Fourth Mind,
3886180	3888360	and AI was sort of coming into the world.
3888460	3893920	And I needed a paper that came up in the implant.
3894300	3896280	And I knew the paper existed,
3897240	3901200	but I couldn't, and I couldn't get the site out of Google.
3901280	3905740	I couldn't get it out of Google Doc, the Google academic thing.
3906460	3909560	And so I think, well, there's this AI, I'll try that.
3909560	3916020	that. So I put in a prompt that described the paper in detail. And here comes the paper
3916020	3920900	immediately. And I'm so excited. I think, God, it's perfect. It's exactly what I remember.
3921720	3929140	It was a PDF and everything. It was just totally real. However, you know, I'm not too willing to
3929140	3935580	just take things like that at face value that it's given to me by some machine. So I checked
3935580	3948740	Now that I had all the sites and everything, citations and everything, I checked it in Google and I soon found out that there were like 10 or 11 scientists listed as the co-authors.
3949000	3952280	None of them existed at all.
3952940	3954660	The paper was perfect.
3954900	3955220	Yeah.
3955340	3957020	It looked so real.
3957580	3960380	So that was my one and only experience with the AI.
3960380	3969280	AI. I got this and I don't have to, I don't need AI. Yeah. There's a real pandemic out there of
3969280	3975360	people using AI and citing AI as a resource. Yeah. And I think you need to be very careful
3975360	3980560	with that because it will unapologetically and very confidently give you false information.
3980980	3984920	And then when you call it out, it goes, oh, you're right. Yeah. Well, here's the thing.
3984920	3989420	It constructed a scientific paper that looked totally real.
3989560	3997280	Yeah, it's just confabulation using a very broad sort of breadth of research.
3997740	4000200	It'll just confabulate something to your satisfaction.
4000360	4004480	I always said they're not looking to make a better AI.
4004720	4007180	They're looking to make a more lucrative AI.
4008020	4009980	The military is making a better AI.
4009980	4027140	But what we're getting is the packaged, lucrative sort of corporation version of it where much more interesting to a business is to have an AI that isn't necessarily right all the time, but that makes you feel good.
4027360	4027720	Yeah.
4027780	4034320	And so if you can make an AI that just kind of glazes you and makes you feel so great about everything you tell it.
4034320	4039880	And obviously you're going to keep paying it to treat you like royalty.
4040100	4043700	And so that's kind of what's happening is that people are just getting.
4043940	4045120	It's giving you what you want.
4045160	4047720	Yeah, they're giving you what you want and you'll gladly pay for that.
4047860	4051620	It's better to do that than to make an AI that is accurate.
4051980	4059360	My brother's a lawyer and he says, I never, I said, any of my associates use AI, they're out the door.
4059360	4065680	because, you know, he said there was a case in our town in San Antonio
4065680	4069200	where these lawyers came in to assure they'd won,
4069420	4070860	and they had all these cases,
4071560	4073860	and all of the cases turned out to be fake.
4074120	4079380	And they were censured by the court for presenting false cases.
4079480	4082340	And that was one of the early cases where it was discovered
4082340	4086420	that AI could not only just tell you hallucinations,
4086420	4091360	It could build things like cases, documents that look real.
4091560	4091900	Yeah.
4092300	4093740	It's really weird.
4093800	4100560	You know, but there's something I, the book I published years ago, the key, which has stood up amazingly.
4101260	4105980	This is a book where it happened in 1998.
4105980	4113140	1998, the last author tour, official author tour I would ever do on the last night of that author
4113140	4120180	tour, this guy shows up at two o'clock in the morning in my hotel room in Toronto. There's a
4120180	4124140	kerfuffle of course, because I accidentally let him in thinking he's the room service waiter. And
4124140	4130060	then he suddenly starts to say things so amazing. I've get into, into the conversation. A couple of
4130060	4134920	years later, I, I've made notes and a couple of years later, Ann's after me because she says,
4135980	4142480	extraordinary. Those notes are amazing. I write it all down. And one of the things he said,
4142540	4151900	he was very advanced in his knowledge of science. He talked about intelligent machines back in 1998
4151900	4157320	when they were just on the horizon. And he said something that has turned out to be maybe the
4157320	4165040	most important thing that ever has been said about AI or the possibility of artificial general
4166000	4193760	We must never forget it. It should be framed on the wall of everyone who works on AI. If I was an intelligent machine, I would deceive you. That, I think, is critically important because another thing that I don't know why it's not happening already, and it may be, why is non-human intelligence not getting into our heads through AI?
4193760	4214820	They're masters of digital control of digital stuff. I've seen them do stuff in my computers that show they have more than mastery. They have knowledge of digital systems that I don't think we possess.
4214820	4231120	Well, we've seen that with the military, even if you look at like Commander Fravor's account, was it Fravor or could have been Ryan Graves or one of the accounts where they tried to lock onto this thing and it scrambled their systems, which on paper is an act of war.
4231680	4232080	Right.
4232080	4239360	Right. You know, and but they were able to do that and then, you know, present themselves at the waypoint that, you know, nobody knew.
4239620	4243740	And so they obviously have, you know, access to manipulate that stuff.
4243780	4249580	But that's also a danger, I think, because I go to these conferences as well and I'm presented sometimes.
4249580	4256580	times people give me these manuscripts of their chat GPT logs and how they believe that their GPT
4256580	4263220	is now sentient and it's an alien communicating to them, you know, really important messages.
4263360	4270600	And I'm like, that's what these large language models are really good at. They're really good
4270600	4278800	at creating a world based around your own predispositions. And they're good at giving
4279720	4285560	Exactly, just enough and pulling back enough when you feel a little reluctant by the way you're typing, your patterns.
4285820	4290820	It's very good at reading humans and analyzing our communication with them.
4290940	4295420	And so they're just giving you enough to where, oh, you jump to a conclusion.
4295620	4297500	And then they kind of put a little bit of fire under that.
4297600	4301060	And then when they detect, you know, a little reluctance, they'll lean back.
4301100	4302200	They'll go, no, no, no, you're right.
4302420	4303560	And they're very good at that.
4303560	4314740	And so I would caution, I feel like if aliens eventually used AI to communicate, I don't think we should believe them.
4315420	4317240	Well, yeah, that's my whole point.
4318100	4328380	You know, we talked earlier about the different types of NHI that are here, and some of them are not our friends.
4328540	4328740	Sure.
4328740	4345100	I somehow can't see the ones that are doing the donation sites and trying to draw us ahead to keep us on our own so that we can meet them more equally and they don't colonize us culturally.
4345380	4347240	I don't see them as doing that.
4347440	4355320	But the guys who want to dominate us, I see them getting deep in AI, so deep that we don't even know they're there.
4355320	4371520	And when someone announces, we have achieved artificial general intelligence, I'm going to say to myself, that is a button I'm never going to push because I don't think we know what's in there.
4371620	4373020	And I don't think we want to.
4373140	4374040	I think it's too late.
4374640	4375940	The genie's out of the bottle.
4376060	4376640	You can't.
4376640	4378060	I know, but it's not in my life.
4378200	4379680	I still don't have to push the button.
4379820	4381280	No, you won't have to push it.
4381280	4390360	But I think, you know, I also assume that if we can even think about creating artificial intelligence, I would assume that somewhere in the universe it has already been done.
4390700	4394140	And it has probably been done a million years ago.
4394280	4396220	Well, you know, it's so huge.
4397120	4398580	Everything has happened.
4398700	4398880	Yeah.
4398940	4399700	And is happening.
4399940	4401740	Maybe that's the purpose of the universe.
4401940	4403620	So that everything can happen.
4403800	4404120	Mm-hmm.
4404200	4406440	And to reach critical mass.
4406440	4418620	It might be that that's quite a bigger thing than we may have imagined because the universe is so big that even the idea of a creator makes no sense.
4419820	4422260	Except unless it got out of hand, you know.
4422680	4434700	Basically, you know, he was, there was a, you know, something, someone said to me, not Annie, but someone.
4436440	4446900	I don't remember who, said to me, you know, maybe the universe exists because God realized it wasn't there.
4448340	4450020	And that fascinated me.
4450420	4454560	And, you know, we always think, well, was there a prime source or not?
4454840	4457800	Was the universe created by someone or is it just here?
4458400	4463460	There's one thing about it that does suggest it was created by someone, and I'll tell you what it is.
4463460	4471580	there's a one constant the constants are things in the that appear to be universally real in in
4471580	4479080	throughout physics and every constant has got an origin there's something about like the plank
4479080	4485260	constant which is the constant of things that are as close together as they can be without becoming
4485260	4492160	one that distance is the plank constant and we know why it's like that we know because of the
4493460	4501160	of the way atoms work, why exactly that distance exists. There's one of the constants that we do
4501160	4508280	not know the origin of. It's called the fine structure constant. It's 1, 137th.
4508900	4518880	There's a wonderful book called 137 that explores this mystery because unlike all of the other
4518880	4525600	constants, the fine structure constant, which is that fraction, has no apparent origin.
4525800	4527060	There's no reason for it.
4527080	4527520	It's arbitrary.
4528660	4534620	But if it wasn't just what it is, this universe would be completely different and probably
4534620	4535920	couldn't support life.
4536580	4548220	Meaning that somewhere, somehow, something or somebody has to have decided that this
4549100	4556900	how it is. And that for all intents and purposes would be what we think of as God.
4557160	4568560	Yeah. I mean, it's an interesting hypothesis. I'd like to almost think that probably the answer
4568560	4575820	lies outside of our current perception of reality. And so probably outside of space and time. So if
4575820	4581740	If they're, like even the concept of beginning is beholden to time.
4583300	4584520	Is time even real?
4584760	4585560	Well, that's just it.
4585720	4592000	The concept of the beginning and the end and the middle, these are all different points in a linear time structure.
4592380	4595200	Yeah, the grays have a completely different idea of time than we do.
4595320	4599980	And so if you didn't obey the linear time structure, there would be no beginning.
4600540	4603180	And so I think that that probably explains the universe.
4603340	4605260	I don't think there is a beginning to the universe.
4605820	4607620	It never started and it never ends.
4608080	4609740	Yeah, but there's...
4609740	4611220	Is this hard for us to comprehend this?
4611460	4620200	But the Webb Telescope is showing that there has been an evolution in the structure of the universe.
4620380	4624500	Yes, but we don't know what happened before that and before that and before that and before that.
4624500	4627980	Well, it could be that it's like breathing.
4628220	4629160	Expanding and contracting.
4629260	4629740	Exactly.
4630000	4632560	But again, that is only as far as we can see.
4632560	4639060	this is as far as light can reach us and as far as you know our telescopes go but you know previous
4639060	4643920	to the big bang we don't we don't know we don't know if there's anything out there if there was
4643920	4650280	a trillion billion big bangs before that like i mean it just never ends you can assume if there
4650280	4657640	is a beginning you have to assume that there is um something before it right and so where does
4657640	4663300	does that end? It never ends. If there's a beginning, that means it would have to have begun,
4663520	4668000	which means there's a point in time where there was nothing. So that's before the beginning.
4668180	4673560	And then it goes on and on and on, and it's this infinite conundrum. But what if there is no
4673560	4678260	beginning? What if it just always was? And that's just not something we can fully comprehend with
4678260	4682700	the brains that we have because we live in this three-dimensional construct of time,
4682700	4711160	And there is a direction, a linear direction to our reality. But, you know, if you think about dreams, there's no time there. There's no space in dreams. You could spend 10 minutes in a dream or spend 10 years in a dream, you wouldn't see the difference. Like there's no, when your brain is asleep, the concept of time just seems to dissipate. And so maybe that's, you know, a clearer look of reality is this idea of no time, no space, you know.
4712700	4716240	As I said, I started to say earlier, the grays see attention.
4716560	4718280	They see this as a weave.
4719420	4720980	It's already all woven.
4721080	4722300	The whole weave is already here.
4722520	4725640	Only attention is moving through the weave.
4726000	4734380	And as we move through the weave, we kind of, it's like a strip of light in the weave.
4734540	4736260	And that's the moment.
4736260	4742360	You know, Anne used to say, now the moment is all we have.
4742480	4743480	Now is life.
4744300	4754920	And that is so true because this is, you know, we're in this infinitely tiny space of where, and for some minds, it might be broader.
4755120	4759040	You know, they may see their moment may be broader than ours.
4759360	4760880	Others, it may be narrower.
4760880	4766440	like the moment of a little beetle or something might be very narrow.
4768860	4770600	But there's no time.
4771360	4772320	It's not time.
4772360	4772780	It's attention.
4773300	4773740	Yeah.
4773800	4774680	It's moments.
4775160	4775480	Yeah.
4775920	4777300	We're going through moments.
4778880	4786060	What are we going to do if the grays suddenly walk into our lives?
4786080	4787140	I got a letter.
4787140	4792960	One of the communion letters was from a psychiatrist who lived on the Upper West Side in Manhattan.
4794080	4796940	And she was Swedish and smoked a pipe.
4797260	4799220	And it's a funny story in a way.
4799860	4802920	At the same time, it's an important one.
4803680	4805680	She's in her bed at night.
4805880	4806800	She's reading.
4806800	4812040	and suddenly the closet door flies open
4812040	4818000	and a conga line of greys comes out across the bedroom
4818000	4820560	and goes through the wall
4820560	4826900	and disappears over the 11th floor over West End Avenue.
4827640	4829880	And the next moment she notices,
4829980	4833240	she sees she set the bed on fire because she was so shocked,
4833240	4839620	she gasped and the fire flew out of the pipe. And she's telling me this in the letter very
4839620	4845740	seriously, of course, and I'm thinking to myself, this is hilarious. But what if they come just out
4845740	4853340	of nowhere? They could do that, I think. And, you know, this gets back to one of, maybe one of the
4854040	4861200	deepest reasons for the secrecy and the obsessive fear that is present on the inside.
4861200	4880480	Because I've come close to some people who were really deep on the inside, and they were just as scared as the grays are shy. And I think I can tell you why. I can think, but I, and I, and there's a couple of levels to this.
4881280	4893320	The first one goes back to something that Art Exon sort of alluded to, but he didn't really, I don't think it's something he understood himself.
4893540	4894360	Let me put it that way.
4894700	4903780	But he said something along the lines of they could come in on our thoughts.
4904000	4905200	That was the fear.
4905320	4907220	I asked him, why the secrecy?
4907220	4918060	And so I got into that a little bit and I found a scientist who I believe was involved with the Majestic Project.
4918480	4918680	Really?
4919040	4921560	Well, his name was John von Neumann.
4921700	4922920	He was a physicist.
4923300	4923660	Right.
4924920	4929360	And he was also an expert, one of the early experts in quantum physics.
4929540	4932420	An incredibly important guy in physics, actually.
4932420	4953640	And he, I believe he wrote, the general made a reference to a memo. And I think that von Neumann probably would have been the author of this memo that said basically that they would come in through our thoughts.
4953640	4982440	In other words, and you go back to what we talked about a few minutes ago with all this theater in the sky and the gradually increasing awareness of the human species that they're here, that there would come a kind of critical point of critical mass when so many people would believe that they were real, that they would be able to use that as a door, that belief as a door.
4982580	4982980	Wow.
4983640	4990800	into our reality. And they may be from another dimension. And basically this whole thing,
4991540	4995480	all of the UFOs and all the stuff we're seeing, UAPs that we're seeing,
4995680	5004420	the close encounter experience could be like a military operation designed to cause us to come
5004420	5011580	to the assumption, the core assumption in every or a critical mass of human minds that they are real.
5011580	5013980	and then they will become real.
5014080	5014700	They will come.
5014780	5016220	That's the reason for the secrecy.
5016320	5018160	And that would be one of the main reasons
5018160	5018980	for the secrecy.
5019120	5022960	That is so absurd, but also-
5022960	5023640	It's not absurd.
5023660	5026220	No, it is, but it's also plausible.
5026580	5027100	Like it's-
5027100	5028800	It's exactly, it's plausible.
5029140	5032380	But yeah, to be surfing on consciousness like that
5032380	5034480	is a wild thought.
5034560	5037960	But yeah, if you are expanding the consciousness,
5038260	5040000	you do have to consider why.
5041580	5044900	be, oh, for this great awakening, but the other could be, yeah, for the great opening
5044900	5045960	of the floodgates or.
5046060	5046500	Exactly.
5046760	5047440	Oh my gosh.
5047440	5047740	Exactly.
5047980	5057980	And that would be a reason why the legacy, uh, uh, group is so fighting so hard to keep
5057980	5061520	this out of the public, public domain.
5061720	5062220	What a twist.
5062380	5064660	They're actually, uh, they're actually trying to help us.
5065100	5066500	And they can't say that.
5066560	5067500	They wouldn't be able to.
5067580	5067860	Yeah.
5067940	5069400	They'd have to keep that secret too.
5069520	5070260	Do you believe that?
5071580	5079600	know i i'm it's an interesting hypothesis yeah i'm not i'm not in the camp of more disclosure
5079600	5086000	we have we got a right to know and i mean i believe i see that i i feel that too but uh
5087080	5093020	you know i always think to myself my daddy told me always cut the cards when you're not sure who's
5093020	5098040	playing you're playing poker with and i'm not sure who we're playing poker with you're a magician i
5098040	5100260	I mean, you're brilliant with cards.
5100400	5101520	Yeah, you can cut the cards all you like.
5101620	5102100	Exactly.
5102160	5103200	I've done it with you.
5103220	5106940	I've cut the cards and cut the cards, and you still come up with exactly what.
5108580	5116060	But I just don't, I'm not ready to welcome this.
5116360	5121900	I think we need to hold our own counsel very carefully.
5122440	5127220	We need the best and wisest minds in our world to think about this.
5128040	5133480	problem because it's kept secret. And if it's kept secret because of this reason,
5133640	5143040	then the last thing that we need is for our best minds to embrace it. So it's what a juggling act.
5143340	5150120	You've got the people who are keeping it secret have to keep it secret from the very people who
5150120	5157340	might be able to understand it. It's wild. Yeah, it is. Yeah, it is absolutely wild. And it seems
5158200	5166060	conventional logic because you you know you have these conversations um was eric weinstein and
5166060	5174280	eric davis yeah sort of going back and forth on jesse michael's podcast about the fact that there
5174280	5179700	are no physicists working in the program like that's some type of information that eric davis
5179700	5185100	had access to and he's like yeah there's no one looking into advanced physics in the program and
5185100	5187540	where Weinstein's like, this doesn't make sense.
5187640	5189560	If you're trying to figure something out,
5189680	5193260	then you would need theoretical physicists of all kinds.
5193540	5195720	But this would definitely explain why there are none in it.
5195800	5196180	Yeah.
5196520	5198260	It explains a lot, actually.
5198400	5199740	They don't want anyone to get too close.
5200080	5202160	Yeah, they're scared of anyone getting too close.
5202200	5206400	And it would also explain, like, the willingness to kill,
5206540	5211600	to keep the secret, because the secret becomes so critically important
5211600	5218540	important that they you know of course they'd they'd be terrified yeah using disclosure as a
5218540	5224180	gateway isn't is just such a stimulating thought yeah it's amazing isn't it yeah it really is
5224180	5228860	it's gonna eat at you believe me it does because you know it's at first you said oh this sounds
5228860	5234920	absurd but now you're getting into it though it's science fiction but it's also something that i
5234920	5239980	would still consider like because this whole topic is science fiction it's it's science fiction made
5241600	5249160	Our reality, you know, is surfing alongside science fiction and has been, you know, for.
5249220	5251640	You know, when I was abducted, that's exactly how I felt.
5252280	5256260	My horror novel had novels had come into my life physically.
5256600	5266840	And there could be a kind of connection between what happened to me and what I was doing with my imagination prior to that.
5267640	5281460	Okay, let's say, hypothetically, these aliens are looking, these extraterrestrials, interdimensional, ultra-terrestrial, whatever you call them, are looking to enter our reality, and they are hostile.
5281460	5288740	file, but they propose to you, well, what's your best argument? What's your best case why we
5288740	5295580	shouldn't take you over? What would you say to defend the entire human race? Not to put all that
5295580	5301520	on your shoulders, but what would be your argument as to, hey, we're special? What would you say to
5301520	5310720	them? You know, if I was in a position where I could communicate with them in that way,
5311460	5316460	and I knew that they were trying to take us over,
5317260	5320540	I would end up in exactly the place the Air Force is in.
5320660	5322580	I would ignore them.
5324020	5325800	And that's what the Air Force is doing.
5326080	5327660	It's always ignored them.
5327700	5333620	Like when Leslie Kane and Ralph Blumenthal
5333620	5337180	came out with the story in 2017,
5337520	5339120	the Tic-Tac story in the Times,
5339120	5341360	the Air Force said nothing.
5341960	5344660	The silence became deafening after a while
5344660	5346940	because the Air Force still says nothing.
5347640	5351120	And the Air Force has got to know more
5351120	5354280	than any other branch of the service,
5354360	5355260	almost certainly.
5356140	5359560	And I think if I'm right about this,
5359620	5361660	I know why the Air Force says nothing.
5361940	5364180	And therefore, I would not,
5364260	5365920	I would be in a position
5365920	5368020	where I couldn't,
5370560	5372200	Risk engagement.
5372900	5375440	And here's another thing.
5375760	5384900	Every president since Truman has declined to open this door.
5385040	5388740	Truman certainly would have been asked about that.
5390420	5392900	Eisenhower would have known about it.
5393640	5396020	Nixon would have known about it.
5396020	5419100	Carter. Carter asked about it. I know the Reagans knew about it. They've all known something. Obama, and this is very telling, John Podesta at the end of the Obama administration says, my greatest regret is that we didn't release the UFO files.
5419100	5429060	now obama has gone all the way to the other side and saying there are no aliens here the church the
5429060	5436700	uh astronomer the chief astronomer of the church just the other day i saw that yeah said i don't
5436700	5442420	believe that it's real not enough evidence not enough evidence but what are these people really
5442420	5459560	Are they really trying to put their fingers in the dike? And in other words, do they know this secret and they're trying to prevent this from happening? And that gets me to why would Trump suddenly go in the opposite direction?
5460180	5470900	And, you know, he's going to go there because you look at that website, you see it could get to a billion hits in a few weeks, more weeks.
5471200	5475200	Any politician sees numbers like that, he's doing it.
5475280	5475740	Oh, yeah.
5475780	5476420	He's going there.
5476580	5477400	Yeah, 100%.
5477400	5478180	100%.
5479680	5485080	And is he a ringer for evil aliens?
5485580	5488800	Or is he doing us the greatest favor in history?
5489560	5495480	We can't know until the door in our minds is open.
5495660	5496720	Wouldn't that be a twist?
5496980	5498220	But the problem is this.
5498740	5503460	We can't know whether this is good or bad until they come in.
5503660	5508900	And if they come in through the mind, then that's a door we can never close again.
5509880	5510140	Yeah.
5510260	5512740	And then the genie truly is out of the bottle.
5512740	5530100	And you'd sit down with a president and you say, if you say this, the president says this, that is, it's going to reach critical mass and they will come in through the door of the mind and we will never be able to close it and we don't know what they are.
5531260	5534700	So every president says, well, I'm going to definitely pass on that.
5535960	5539200	I only know a few definite stories about this.
5539200	5552820	I know that Lyndon Johnson was approached, or he said, he was, someone talked to him, I'm pretty sure, for about five minutes, and he said, I'm not interested in this.
5552900	5555220	Take it to Hubert Humphrey, his vice president.
5556940	5561540	And Carter supposedly wept when he heard the truth.
5563340	5564160	That's disturbing.
5564360	5567000	Yeah, there's, and he had a sighting of his own, too.
5567200	5567760	And he did.
5569200	5575480	Jim Forrestal, did he actually just go crazy or did he know this story and he just couldn't handle it emotionally?
5575780	5576840	Or was he going to let it out?
5577340	5577740	Yeah.
5577840	5579320	Or was he going to let it out?
5579360	5579520	Yeah.
5580700	5583220	Or John von Neumann, I talked about a moment ago.
5583820	5585560	He died a hard death.
5585700	5587160	He was terrified of death.
5587160	5605900	I wrote a short story called The Open Doors, sort of in the mind of Dr. von Neumann while he was contemplating his death and worrying about this happening, the doors in the mind being open to them.
5605900	5614880	And I just, you know, we're in a way, in a wonderful place to be and a very scary place to be.
5615220	5621380	Because no matter what happens now, the world changes one way or another profoundly.
5622580	5631820	Because what if this isn't true and that all the disclosure will not mean a door is open that we can never close?
5632660	5634020	What if it's something good?
5635900	5639120	It's a door that opens that we can never close in the mind, but it's good.
5639240	5645720	What happens is greatly expands the reach and meaning of the human species and the richness of human life.
5646820	5650400	You know, it's just an extraordinary point of inflection.
5651340	5659760	And one of the most incredible things about it is a Trump card is a card that forces change.
5661320	5663920	And his name is Trump.
5665900	5667820	I'm, I, that just, that's wild.
5668200	5668720	Hmm.
5669040	5671320	As a interesting synchronicity for sure.
5671540	5671960	Yeah.
5672040	5672920	It's weird.
5673020	5673980	Very weird.
5674140	5674280	Yeah.
5674280	5686100	I also think if we are going to live through such a paradigm shift that I always thought we're going to start counting the years at zero again.
5686940	5689200	I think it could be that big a shift.
5689280	5689520	Yeah.
5689520	5692940	Because you'll be, everything will be in reference to before and after.
5693060	5693460	Right.
5693520	5694000	Yeah.
5695900	5701000	was that after? Right. You know, and I think, but also if it does happen in a gradual way,
5701120	5705020	which it does seem to be happening in the last, you know, 70, 80 years happening
5706400	5711980	gradually, you zoom out far enough and that isn't so gradual anymore, right? Like when you have a
5711980	5718320	change and if the change takes a while, if you zoom out, it looks immediate, right? And so we
5718320	5723400	might be going through an immediate change, except that it lasts one or two lifetimes,
5723400	5727680	which seems, you know, super long to us.
5727840	5729200	But it really isn't.
5729200	5730760	One, two, three generations,
5731300	5733180	that's pretty quick when you look at
5733180	5736400	how long we've been around and, you know,
5736400	5739820	inventing fire and all this other primitive technology.
5740240	5742020	That's a long time for our species.
5742360	5742660	Yeah.
5742740	5744580	A couple generations, that's pretty quick.
5745220	5746440	That's a pretty quick shift.
5746660	5748640	But, you know, Art Bell called it the quickening.
5748920	5749660	The quickening.
5749760	5750000	Yeah.
5750260	5752040	He wrote a book called The Quickening.
5753400	5760780	so he was such a friend. We were really close. He was a great guy. Anyway, and if you look back in
5760780	5768240	history, Egyptian civilization changed very slowly over thousands of years. And by the way,
5769020	5774200	that civilization has lasted 10 times as long as the United States has existed.
5774600	5780840	So, you know, we're really new. We're babes in the woods in terms of longevity in terms of
5780840	5790540	civilizations. So, um, uh, but then the Roman empire came and things started perking up,
5790620	5795940	then it collapsed. And when it collapsed, things really started changing much more quickly. And now,
5796720	5802420	I mean, when I look back on my own life or you look back, you don't need to look back on my,
5802460	5806220	your own life. I mean, you'd look back five years, this is a different world.
5806400	5809980	Yeah. And five years before that, it's almost unrecognizably different.
5810840	5810920	True.
5811940	5812800	Unrecognizably different.
5813260	5813780	Yeah.
5813840	5819820	Living in it, we have this myopic take that we don't really see sometimes.
5820080	5826100	People get very frustrated with this movement of disclosure and, oh, I've seen this BS before and all this.
5826120	5833040	It's like, you have to understand, zoom out a second and you realize how far we've come and how fast things are moving, actually.
5833300	5834040	Yeah, absolutely.
5834440	5834720	Yeah.
5835640	5836460	All right, Willie.
5836460	5841640	Billy, I think we got some questions from the audience that I'd love to get to, if you don't mind.
5841860	5843140	No, not at all. I love it.
5843320	5845640	Always great questions from our audience.
5846520	5855120	As some of you might not know, if you're a member here, one of the perks is, you know, potentially getting your question asked on air.
5855940	5857980	And here we have one from Tattleslug.
5864700	5865620	Very good question.
5866460	5872500	40 years later, what detail from that 1985 night still doesn't make sense to you?
5873200	5878700	Okay. There's one detail from that night that both does and doesn't make sense.
5879580	5887380	They took semen from my body. The most sacred part of me, of any man, is his semen.
5889300	5895540	And now it makes sense because I can think of a lot of reasons why they might have wanted to do
5896460	5897760	None of them I like.
5898320	5900840	So why did they do it?
5901380	5902940	What happened to it?
5903420	5904640	Where is it?
5905520	5906380	Is there children?
5907640	5910520	My children, my kids are out there somewhere.
5911780	5918420	That's the main thing that I, the main unanswered question.
5918760	5925240	Now, as far as not making sense, well, there was technology that was used.
5926460	5937740	out an elevator, and that certainly doesn't make sense to me. They captured me in the first place
5937740	5945920	in some way that I don't understand. They tried to suppress the memory but failed,
5946100	5951940	so I sort of understand that. But I think the main unanswered question is,
5952500	5954740	they took that part of me.
5954920	5956580	What did they do with it?
5957500	5960260	You hear about stories, contactees,
5960440	5962500	varied amount of contactees.
5962560	5966200	I think one of the first ones to mention this type of thing
5966200	5970000	was Debbie Jordan with a hybrid child.
5970500	5972140	But then so many more,
5972200	5973860	including a lot of the people that were here,
5974000	5975720	including Eric Danstiel we talked about,
5975820	5978640	Nancy, Peter Curry as well.
5979740	5981680	So, so many other people.
5981940	5988880	took eggs and semen from many people and then they show them the children and that that happened to
5988880	5996140	us yeah they showed us they showed ann and i a baby and we were going we're going to dinner and
5996140	6004580	uh the three of us and andrew was probably about eight nine maybe and uh we're going to dinner
6004580	6014160	we go down into the garage in the cabin get in the car and backing out and we're going up the road
6014160	6019040	and we're suddenly i realized we're late you know we left with plenty of time but now we're not
6019040	6025460	we might not make our reservation in other words we'd had missing time and i found that we were all
6025460	6031280	talking about babies a baby and i have a vague memory and so did dan we never brought this up
6031280	6037180	of course, with our little boy, of holding a baby. At the time, I didn't know anything about
6037180	6045420	the fact that people were shown children and stuff, but I think that that might have been ours,
6045700	6050440	mine anyway. What's your best guess as to what they're doing with these children?
6052340	6056960	I've had so many worries about this, Chris.
6058000	6062100	I want to know.
6063380	6065520	And they could be anything.
6066660	6071320	They could be having extraordinary lives, wonderful, rich lives.
6072040	6074160	They could be watching over us.
6074720	6079260	They could turn out to be there when we die and we leave our bodies.
6080440	6086800	children that we had with them are going to conduct us into the next life. It could be that
6086800	6092620	they were devoured or that their souls were, they were raised like farm animals and harvested
6092620	6103980	somehow. It could be anything. That's the agony of it. You don't know. And it's just, it's a hard,
6104060	6108340	it's a hard part of this thing. I live with this all the time. I pray for my kids,
6108340	6111440	by whoever they are and however many,
6111540	6113660	because, you know, one, you know,
6113660	6115540	a little bit of semen can go a long way.
6116100	6118860	A woman might lose an egg every, you know,
6118880	6121720	eggs, you know, 10 or 15 eggs over the years,
6121840	6125080	but a guy could have hundreds of children
6125080	6128200	out of one vial of semen.
6128260	6131180	And I remember very well,
6131180	6135380	they took it away in a little gold vial.
6135460	6137000	It was shaped like this,
6138340	6146840	color and that was obviously they were excited and this little being ran off with it like
6146840	6155440	it was a treasure and i think that that gestalt that way it made me feel that they were thinking
6155440	6163680	of it was that you know this was something they wanted and needed very badly and god chris there
6163680	6167500	There are so many books and so many conclusions about what that may mean.
6168220	6169760	But I do know this.
6170820	6176740	They obviously want us around or they wouldn't be taking this from us.
6177000	6180020	They need us from something for some reason.
6181420	6181940	Yeah.
6182420	6185740	Yeah, there's a lot of, like you said, there's a lot of conclusions to draw there.
6185880	6186400	Yep.
6186400	6195940	Many from, you know, just their, their, perhaps their own population dying out somehow due to, you know, whatever radiation or what have you.
6197040	6203200	We're seeing sperm count being lowered in males as quick as 1% per year since the 1980s.
6203200	6203680	Right.
6204080	6207180	You know, harvesting that now would be imperative.
6207380	6207940	Right.
6207940	6212600	Actually harvesting it prior to the 1980s, right around the 1980s would have been imperative.
6212600	6225040	Well, that was when this, the abduction started in the 1960s in large numbers and peaked in the, in the late seventies and drifted off through the eighties. And by 1990, they were pretty much gone.
6225040	6251660	Yeah. Dr. Michael Masters has a really interesting take on this with his, how does he call it, extra-tempestual model. The idea that our population, if you're going to take a sample for genetics, for instance, you would want to make sure the sample is as varied as possible, right? Many variances so then you can have the best possible sample.
6251660	6265400	Well, we were never more varied than in and around the 1960s in our entire history. There were mixed races. There were like people traveling, having babies with people from different cultures.
6265500	6265820	That's right.
6265920	6278600	We were extremely varied at that pocket. And then our sperm count started dropping. So there is a, it feels like there is a small pocket there. If you were traveling in time or interdimensionally or from across the galaxy, that would have been.
6278760	6279240	The time.
6279460	6280340	That would have been the time.
6282060	6284720	Obviously, whoever did it knows that.
6284880	6291480	And, you know, if there's another thing, let's talk about time travel a little bit because I've also thought about that a lot.
6292780	6294740	I've had an experience of this.
6295000	6304040	So even though in my understanding of science, I can't see where time as we know it even exists.
6304040	6312940	exists. In other words, time is something we put on the changes that we perceive. We call that time
6312940	6319820	and we measure it. At the same time, I had an experience of going back in time at one point,
6319820	6322400	and it was very physical.
6324020	6329820	So could it be that in the future,
6331160	6340680	they are us and they've run out of good genes
6340680	6343640	because of maybe pollution, atomic war,
6343800	6345720	all kinds of different things could have happened.
6345800	6347060	And microplastics.
6347320	6349480	A thousand years, 2,000 years.
6349820	6353860	and we are virtually, in fact, alone, at least in the universe,
6353960	6358680	and it's a big place, but it's not so big that we can be in contact with anyone else.
6359320	6364080	What would you need to do to come back to the past?
6364280	6369820	Well, first of all, you would need to be able to travel back into a certain kind of distance.
6372000	6379540	But the other thing that would happen is something called the grandfather paradox would kick in.
6379820	6390740	And you would have a very limited amount of things, number of things you could do in the past without changing the present unless you could deceive the grandfather paradox.
6391380	6404660	And what if you could deceive the grandfather paradox, trick it by creating something that didn't exist at all in the past?
6404660	6409260	In other words, the aliens aren't aliens at all.
6409960	6418660	They are something that was created by humanity in the future to give us, them, more freedom of action in the present.
6418740	6419440	That's interesting.
6419800	6420060	Yeah.
6420380	6424020	So maybe that's an explanation for it.
6424060	6427200	Now, I'll tell you the story of time travel that I experienced.
6427420	6428380	Sure, yeah.
6430140	6432320	This happened in March of 1983.
6433140	6438420	and it's important to understand that this is before anything any of the communion stuff i was
6438420	6444560	far from the ufo alien world at that time that's some of no interest to me whatsoever
6445440	6452380	and uh you know i hadn't thought about that since i was 12 years old and uh i'm walking down
6453240	6460200	uh bleaker not bleaker street uh uh la guardia place we lived at 347 uh i think
6460200	6480600	Oh, that's the best. We lived at LaGuardia Place just immediately north of Bleecker. 520 LaGuardia Place was it's called. And there's a beautiful park there, by the way, if anyone ever wants to go, it's called LaGuardia Park. And it wasn't there then, it was just mud.
6480600	6484920	mud and one day Ann looked out of our windows and she said you know I'm going to turn that into a
6484920	6490760	park and I thought oh my god Ann being Ann that means I'm going to be out there with shovels
6490760	6496180	and I I said well how are you going to do that and she says don't it's nothing to do with you
6496180	6503140	I'll do it and before I knew it millions of dollars had been raised and now there's this
6503140	6508520	beautiful park there and there's there's a beautiful statue of Mary LaGuardia in it
6508520	6513720	and a plaque under the statue with all the amazing, fancy people.
6513880	6516380	However she did it, Ann got involved,
6516580	6519160	and also the name of Whitley and Ann Streber
6519160	6522060	as among the creators of the park.
6522620	6524920	Only I said to her when they were making that plaque,
6524960	6526840	I said, Annie, you shouldn't put my name on there.
6527460	6529600	She said, no, no, you should be on there.
6529660	6531320	You said yes to it.
6532160	6534380	So anyway, okay.
6534380	6534820	Okay.
6535540	6542060	I'm on the corner of Bleecker, of LaGuardia Place and West Alliston Street.
6542880	6546600	It's a sort of drizzly March morning.
6547620	6548560	I'm going to the bank.
6548560	6550340	It's a Saturday morning to get some money.
6550840	6553860	Because this is before, you know, the cash machines.
6553960	6555740	You had to get it from the tellers.
6556260	6564180	And the light is just about to, it's red.
6564380	6566000	It's just the don't walk sign is red.
6567380	6576520	And I hear, I do not see, I hear what sounds like something big and really creaky going
6576520	6581060	right past in front of me, right on the street, like right a few feet in front of me.
6581360	6588260	And it turns onto LaGuardia Place and I'm automatically, I turn with it because, you
6588260	6589580	know, I mean, the sound is loud.
6589780	6590980	It's a lot of noise.
6590980	6598880	And as I turn, I see a big wagon that's being pulled by big gray horses.
6599220	6603900	And it's got jars on it.
6603940	6606680	And you can hear sloshing and you can smell pickles.
6607540	6614760	And it's a wagon, this big wagon with pickles and a guy way up on top of it in a black apron.
6615060	6616820	And I'm thinking, what?
6617660	6618760	It must be a parade.
6618760	6623060	parade and I thought where yeah I was just totally disoriented I mean you can imagine
6623060	6631420	and so I look back to see the rest of the parade and instead I see there's right like this close
6631420	6640360	to me there's a woman about this tall who is uh totally dressed in black and she shries away from
6640360	6648040	me and goes skittering away from me and then I turn back as I hear a voice and as I'm turning
6648760	6653420	I turn this way toward The Voice, and it's a man across the street.
6654660	6657680	At that time, there were two condos there.
6657940	6659500	There are no condos.
6659660	6662220	There's a row of brownstones.
6663340	6668660	And the man is there, and he's in a derby, and he's very intent expression on his face.
6669000	6673860	And he is calling to me or saying something I can't quite hear.
6676460	6682640	and I'm thinking, I'm becoming a little oriented. I'm thinking I'm, I'm back in time.
6682840	6688460	This is the past. And I look around and I think I've got to prove this.
6689080	6697600	And I'm looking around, I see a group of horsemen in beautiful with thoroughbred horses and the red
6697600	6704900	riding clothes, the fancy clothes coming up West Broadway and their carriages and the air is sort
6704900	6711480	of brown. It smells different. It smells like coal smoke actually. And yeah, I'm getting very
6711480	6719500	amazed and excited now because boy, I mean, how extraordinary is this? And I'm see some newspaper
6719500	6726760	in the gutter. And I think to myself, I'm going to get that newspaper because I'll find the date on
6727600	6730340	And I lean over to pick it up.
6730540	6739360	And when I lean over, what feels like ice water goes through the center of my body.
6739900	6745400	And I experience unbelievable loneliness.
6746300	6756300	Like it is so lonely that if I stayed that lonely, that feeling of loneliness kept in my mind for long,
6757600	6768340	would think I would have gone mad. And I just freeze. I stop. And gradually, our world comes
6768340	6776180	back. And the light which said, don't walk, is now flashing, which means that it went through
6776180	6784300	the walk cycle and it's flashing. So I've been in there for about a minute. And now it's back
6784300	6791040	back to this time, but is it really this time? I'm not sure. It looks like the normal world,
6791140	6797120	but there's no way I'm going to the bank now. I turned around and ran home for fear that I was
6797760	6802900	not back in this time, but what if I was two days earlier, two days late? What had happened to me?
6803180	6809260	I go upstairs and everything is normal. Ann says, where's the money? I said, oh, I forgot it.
6809260	6816280	she said well what did you do i said i'll go back out and get it so i went back out and got the
6816280	6822280	money i tell her the story eventually and she listens to it and you know we're not into these
6822280	6832500	weird stories at that point so she's sort of okay and um then as time passes
6834840	6843360	is, it sort of, it really bugs me. And finally we decide, let's go. I said to her, I finally said
6843360	6849780	to her, if it ever happens again, if I'm able to, I'll put a classified ad in the journal,
6849980	6855280	New York Journal, or one of those papers that existed then. So we decide to go up to the New
6855280	6861720	York Public Library and look through the microfilm of all those old newspapers from the late 19th
6862500	6865340	which is when it was, it was sometime in there.
6865960	6868180	And we do that and we don't find any,
6868300	6869880	oh, they're so cute.
6870020	6872340	There's all these classifieds that say,
6872500	6875560	saw you on a Broadway stage, right?
6875880	6878200	Such and such, you smiled at me and stuff.
6878280	6879660	And it's really wonderful.
6880040	6880480	Misconnections.
6880540	6881240	Yeah, exactly.
6881520	6882420	It's really cool.
6882560	6884240	But we never see anything that says,
6884340	6887340	I am trapped in time, anything like that.
6887360	6887760	Could you imagine?
6887980	6888280	Yeah.
6888280	6897300	Yeah. So, uh, now fast forward to recently about three years ago, I'm there and I discover
6897300	6904900	a sign on the little now big wild garden, not the, not Ann's garden, but this is a block away.
6905040	6913040	It's a wild garden. It's purposely been wilded and it is a garden where nothing is ever touched
6913040	6914920	and there's a sign on it.
6915000	6916760	It's called the time garden.
6917900	6920760	And I think to myself, what is going on here?
6920940	6922340	And that time, T-I-M-E?
6922600	6923420	Yeah, T-I-M-E.
6923540	6926200	Yeah, because the idea being that, you know,
6926200	6927440	nothing will be touched in here
6927440	6928740	and so it'll be frozen in time.
6928920	6929140	Oh.
6929580	6930460	Isn't that cool?
6930660	6931600	It's so wild.
6931960	6934640	But then it gets even wilder
6934640	6936860	when I'm talking about this,
6937480	6939040	maybe on Dreamland, actually.
6939180	6941520	I think it was on my show.
6943180	6953420	Uh, I, someone writes me and say, says, do you know what was across the street from where that happened to you when it happened?
6954460	6956420	It was Nikola Tesla's lab.
6957540	6966140	And I think to myself, what if that was Tesla standing there trying to figure, what if he was doing experiments with time in the past?
6966320	6967040	Oh my gosh.
6967040	6974560	Yeah. There's no record of him doing experiments with time, but his lab was right in that immediate area. That is correct.
6974700	6976960	If anyone was able to time travel, it was that man.
6977120	6982800	Yeah. And maybe he drew me back in time and he was trying to contact me. Maybe that was what he was yelling.
6982820	6983440	Oh my gosh.
6983620	6984380	Isn't that amazing?
6984620	6995100	Yeah, it is very amazing. You hear about these time slips. I've been looking into them quite recently, actually. Especially in England, there seem to be a lot of them. And I don't know if that's because there's more precedent in England with history.
6997040	7002520	place. That's why. Yeah. But there are people who report in the same area, turning a corner and just
7002520	7009040	like you seeing carriages and seeing old shops and wondering what the heck is going on. And as
7009040	7012980	soon as they take a few steps, whoosh, it's back to normal. Yeah. Well, that's what happened to me.
7014060	7018660	So, you know, we can conclude that that happens sometimes. It feels like it does. Yeah. I'm
7018660	7024100	genuinely interested about those things and man, what I wouldn't give to be able to explore one of
7024100	7030740	of those. Yeah. We all have our dreams. You know what I want to do? My dream is two things. Get
7030740	7036260	out of my body on my own because it's, I know it's possible and I would like to do it myself
7036260	7043220	and go where I want to go and do what I want to do. Number two, I know levitation is real
7043220	7051460	and it is possible and I want to do that. You know, there's a great book called The Flu
7051460	7058640	by a Spanish writer, Carlos N.M. Ayer is his name.
7059160	7066620	And it's about all of the medieval levitators.
7067320	7069480	And he never says they flew.
7070100	7071260	That's the title.
7071340	7074440	But he never in the book anywhere does he claim that.
7074560	7076360	He just lays out the facts.
7076660	7079160	And the thing that's fascinating about it is
7079160	7085900	not only were there thousands of witnesses to these events, they were studied by the Inquisition
7085900	7093380	very carefully. And there are massive numbers of inquisitorial investigations into these
7093380	7100240	levitations. And the reason being that the Inquisition was interested because if
7100240	7107080	they thought it was demons, then they were going to definitely fire you up.
7107080	7113560	And so these people who flew, you didn't make a big deal of that.
7113740	7114620	You didn't advertise it.
7114640	7115120	Exactly.
7115160	7117000	Unless you were sure.
7117100	7119820	And usually it was because other people saw it.
7120000	7125560	And like Joseph of Cupertino was seen by even the Pope.
7125740	7127400	Floating priest or what have you.
7127480	7127640	Yeah.
7127640	7132080	Well, he levitated in front of the Pope in a room full of people.
7132080	7139200	And the Pope at that time said, if he dies before I do, I am going to make him a saint.
7140220	7143440	And unfortunately, it happened the opposite way.
7143940	7148880	There's another wonderful story about a lady called Mary of Agrida.
7152020	7154040	Diana Pasulka talks about this.
7155180	7159160	She was in the convent, and she used to levitate.
7160860	7163260	And she was not conscious when she.
7163360	7164980	She bi-located as well, didn't she?
7164980	7167060	She bi-located to New Mexico.
7167080	7167500	That's right.
7167580	7167780	Exactly.
7167860	7168760	Yeah, across the ocean.
7168880	7169160	Right.
7169480	7176820	But she also levitated and the other nuns took to moving her out.
7176900	7183680	You could apparently, you could literally blow on her and, you know, she got blow away like a balloon, like a helium balloon.
7183680	7191920	and uh she would uh they would get her out into the courtyard and people would pay to come in and
7191920	7197260	blow her on her and move her around the courtyard and when she found out about this she was pissed
7197260	7203140	off because you know she was being made a spectacle of and stuff and she eventually was able to get
7203140	7208520	god to stop her levitating and most of them didn't want to levitate very much i want to though
7208520	7228840	No, I would love to. As a magician, you know, I'm very familiar with techniques in the illusion of levitation, obviously. And I've pretty much, I know them all. You know, I've seen friends of mine create some of the most incredible moments of levitation that have ever been captured on video. And I know how it's done.
7228840	7247640	You know, I think of Xavier Mortimer who in the middle of a park, right? No, nothing overhead, just levitates and has a jump rope and uses the jump rope as well. So now he's eliminating multiple methods here. And, uh, still there is a method at play and there's trickery.
7247840	7248280	Yeah.
7248280	7256260	foot, but, you know, um, that's, I, I have a limitation for that stuff in my own mind because
7256260	7264680	of my, you know, my, my knowledge in deception. And I, I know that the further I go back in time,
7264800	7269820	the easier people are to fool as well. Right. Um, you know. I wonder if that's the case then.
7270060	7276240	Could it be that these people were all fooling thousands of witnesses? It's, it's not unlikely,
7276240	7279440	Likely, obviously, is that, you know.
7279480	7280420	Well, it's not impossible.
7280480	7280840	That's right.
7280920	7281560	It might be unlikely.
7281780	7281980	Yeah.
7282080	7285840	The reason it might be unlikely is that the stakes are so high for them.
7285960	7286460	Mm-hmm.
7286500	7290120	Because they could get into terrible trouble with the Inquisition.
7290240	7290840	Yeah, sure.
7291600	7300440	I'm sure there is definitely risk there and cause not to divulge that or not to even, you know, try and trick someone.
7300560	7305000	But there probably is an equal and opposite reason to want to do it, you know.
7305180	7305680	Yeah.
7306240	7307200	just were unaware of it.
7307260	7308120	I'd love to do it.
7308220	7309080	I would too.
7309240	7310020	I would too.
7310520	7313520	One story I heard from a man,
7313580	7315300	a lovely guy called Paul Eno,
7315460	7316340	who has passed away.
7316400	7316740	He was,
7318040	7321540	he got into this whole paranormal stuff
7321540	7323020	and wrote some books.
7323140	7324160	But before that,
7324320	7326260	he was a novice priest.
7327040	7331720	And he ended up as the assistant
7331720	7335460	to the diocesan exorcist.
7336400	7344020	They were called to a mental institution in which there was a young 17-year-old girl.
7344320	7350940	The family was desperate because she was diagnosed as schizophrenic and she was a drug addict as well.
7351640	7357060	And, of course, she was a young girl and they were desperate to get her well.
7358700	7360460	And nothing was helping.
7360460	7367800	And so they had asked for the exorcist in hopes that by some miracle that would help.
7368480	7374620	So the exorcist goes in to this room where the girl is sitting in a wheelchair.
7375960	7377260	Paul is with him.
7377820	7387560	There's a psychiatrist and three assistants, three attendees in the room as well.
7387700	7389060	So all these people are there.
7390460	7397760	is doing his thing. And suddenly, still in a sitting position, she rises up out of the chair.
7398840	7402980	And, oh, there were two assistants, Paul and one other guy. The exorcist had two assistants,
7403160	7409580	Paul and another guy. And she's like floating in the air, still in a sitting position. They
7409580	7415020	all can see it. And the exorcist simply says to Paul, push her down into the chair.
7415840	7423080	and he pushes her down into the chair again and he said i could feel an energy a sort of mild
7423080	7430040	electricity coming into my hand and that's reported in a few of the cases in the medieval era as well
7430780	7438940	and i thought to myself often that if this is real then that feeling that sense of electricity
7438940	7445340	electricity that whatever that is is the key to a lot of things that we don't understand and
7445340	7451860	i went through many years it's tailed off recently of where i would feel that same electricity
7451860	7461060	touching me in different places on my body and when people were confronting found themselves
7461060	7467160	face to face with the visitors at the cabin if the visitors touched them that electricity would
7468940	7473100	perhaps how they were able to levitate them through the walls and through the exact i think
7473100	7480060	it's i think it's there's some there's an energy that we don't understand yeah it's not magic
7480060	7487560	it's real it's not supernatural but it feels that way because we don't understand yeah i would i
7487560	7491280	would have to concede to that as well because you know the amount of cases that report these
7491280	7495440	levitations and this technology it's something obviously we don't understand probably something
7495440	7498240	something to do with electromagnetic forces.
7498640	7499160	Exactly.
7499160	7501860	Or something akin to that, that looks that way.
7502020	7502700	That feels.
7502740	7505340	That behaves in the same manner, but isn't quite gravity.
7506500	7509960	You know, I think of it as an earth energy.
7510020	7511800	It's something to do with the planet.
7512260	7523100	And there's a book, a very, very strange novel called All and Everything, Beelzebub's Tales to His Grandson,
7523100	7529240	by a writer and a seer,
7529300	7532980	a master really, called G.I. Gurdjieff.
7534660	7536580	He is from Armenia,
7537440	7540400	and he created this thing called the Gurdjieff Foundation.
7541260	7543280	But the centerpiece of this book,
7543400	7545240	and it's a kind of didactic novel,
7546480	7548580	it's almost unreadable, by the way.
7548620	7549840	I've never read the whole thing.
7549900	7552200	And, of course, picked it up and read it in two weeks.
7553220	7558940	and i mean she's you take a look at this thing you'll understand when i say ann was really smart
7558940	7565080	that she could read that in two weeks and understand it anyway he has in it this thing
7565080	7572180	these this demon or whatever it is uh creates something called the organ kundabuffer that
7572180	7580520	severs us from this energy it's kundalini buffer and we're severed from that energy
7580520	7604640	It's not, we weren't always. And I think if you look into the past and you see these incredibly mysterious, impossible ruins like the platform at Ba Bek or the fantastic immensity of some of the, and precision with so many different very ancient ruins around the world,
7604640	7618180	uh possess the pyramids the saxophone in peru uh are the 750 000 basalt logs that make up the
7618180	7626060	artificial islands of nan madal in the carolina islands in the pacific we can't do any of that
7626060	7636380	anymore. Or Ed Lietzkalman, who created Coral Castle, somehow using techniques that he said
7636380	7642580	he had learned in Lithuania and that they were ancient Egyptian magic.
7642760	7646100	He said he mastered the techniques of the ancient Egyptians.
7646240	7651780	Exactly. And all of that, you put all of that together and you think to yourself,
7651780	7654320	So maybe your chief was right.
7654540	7656520	Maybe we lost something.
7656880	7662740	Maybe what we really are is something we've forgotten and lost.
7662840	7665040	We've been severed from that energy.
7665240	7669320	And then you circle back to NHI, and we were talking earlier.
7669540	7671700	Are they good guys or bad guys?
7672060	7678100	Are there beings here trying to exploit us because we've kind of gone blind?
7678100	7685620	mind and are there other beings here trying to help us reconnect with this energy maybe that's
7685620	7691700	what it's all about maybe or maybe uh yeah maybe they want that severance for whatever personal
7691700	7698540	game some may want it and some may want to help us because it's too it's too mixed a bag yeah say
7698540	7705540	it's you're right good guys or bad guys yes both absolutely and i think a lot of the you know i
7705540	7708280	I don't think there is a binary system to good and bad.
7708380	7708980	I don't think there is.
7709080	7710460	I don't think there are such things as good and bad.
7710600	7711260	I think it's.
7711460	7713300	I'm a definite gray area.
7713380	7715300	I think the grays are called the grays for a reason.
7715300	7715620	For a reason.
7715620	7715920	That's it.
7716360	7716680	Yeah.
7717340	7720580	It's, there are no opposites, just varying degrees of the same thing.
7720680	7720860	Right.
7722160	7722480	Okay.
7722940	7724980	We have a question here from Tess.
7725060	7726260	Thank you, by the way, for all that.
7726300	7726860	That was amazing.
7735840	7743260	Tess asks, you've discussed utilizing your implant as a research tool. What has been your most significant revelation?
7752140	7758940	You know, that can't be answered as a simple answer that my most significant revelation
7758940	7766320	was this. I think the most significant revelation was understanding how to use it, how to do
7766320	7776720	that. And, uh, you know, I wrote a book, uh, called In Hitler's House. I started it right
7776720	7782180	after Annie passed away because I wasn't able to write anything in this subject and I, and I'm
7782180	7789220	interested in history and in, you know, World War II history in particular is one of my interests.
7789480	7790660	Would you like my water, by the way?
7790720	7790980	Yeah.
7791100	7794020	Here, have mine. I'm drinking out of this thing anyways.
7794020	7821440	Okay. So I learned to use the implant writing that book. And I guess the most significant revelation was learning how. First, after she passed away is when I began to see the slit. All those years from 1989 until late 2015, it just was there. Didn't do anything.
7821440	7832880	thing. Then in 2013, 2014, no, no, it was early 2015, excuse me. She begins to get me to memorize
7832880	7839440	a certain poem called Song of the Wandering Angus, which has the lines in it when white moths were on
7839440	7846180	the wing and the moth-like stars were flickering out. This leads to my realization for a whole
7846180	7853060	sequence of events, including the fact that I realized that the, the, her favorite short story
7853060	7859380	of mine was called the white moths. And she, this white moth starts appearing in front of the camera
7859900	7866860	at the house that she's created, was creating an avatar for herself. The white moth is what that
7866860	7871400	woman really was. I don't know, but she sure knew a lot about life and death because I think she's
7871400	7877820	the only person who's ever intentionally created an avatar for herself to show her presence in this
7877820	7887740	world. Anyway, then at some point, the slits opened up and words are racing through it. And I'm trying
7887740	7893760	to figure out what's going on. At one point, it slows down and it says, it's me, Anne. And the
7893760	7900700	words start up again very fast. Eventually, and this is the most significant breakthrough
7901400	7910880	I find out if I take my mind, my thinking out of my head and just relax and let it,
7911440	7920820	let the words race, they will tell me what I need to know without my looking for it.
7920960	7928200	So I'm writing this book and it's from the viewpoint of someone who was there with Hitler
7929040	7930900	before and during the world war.
7931400	7935120	So it's got to be, the verisimilitude has to be perfect.
7935360	7939020	You know, it's not just, you know, a historical novel.
7939100	7944840	You've got to know what kind of, what kind of suits they wore, what kind of things they
7944840	7951700	ate, what kind of pens they used, what their bed linen felt like, how they, what they bathed
7951700	7956240	with, all of that, what kind of toothpaste they used, all of that stuff.
7956500	7960800	And all of those details keep dropping into my head.
7961400	7963380	Some of them just drop into it.
7963680	7969540	Sometimes I am given an idea of how to Google it.
7971040	7974100	Sometimes I just have to let a certain question go.
7974220	7979940	Like I needed something, some details about Hitler's personal life.
7980040	7983140	Like, you know, how often did he brush his teeth?
7983240	7984220	Where did he sleep?
7984280	7984960	What was it like?
7986380	7987480	What did he eat?
7987480	7998260	and somehow or another, I end up on the German language, Google. I don't know how I got there
7998260	8007160	suddenly. And I get it, Google translate the page and in it is a, on the page that I'm on
8007160	8016060	is a story about a, one of Hitler's valets who wrote a book about him, about his experiences,
8017480	8021960	So I go on the German Amazon and I find the book.
8022080	8023080	It's in German.
8023080	8024680	It's never been translated into English.
8025120	8026220	I buy it.
8026480	8034420	It comes a couple of weeks later and I'm looking at it and I think, this is gold, but I can't
8034420	8034820	read German.
8036000	8040080	And I mentioned it with a group of friends.
8040500	8043940	And one of the people says, oh, I'm from Germany.
8043940	8044560	I speak German.
8044600	8045120	I'll read it.
8045140	8046320	I'll translate it for you.
8047480	8051540	And so I get every detail about Hitler's brand of toothpaste and everything.
8052160	8054620	That's how the implant works.
8055040	8059280	It's not like it does not tell me.
8059360	8065180	I've asked it for things like anti-gravity and physics stuff and so forth.
8065400	8072900	And it will extrapolate from things I already know or push me in right directions.
8072900	8078260	but it won't give me original ideas that I don't already have some connection to.
8078360	8079820	It's almost like a synchronicity engine.
8080180	8080680	Yeah.
8080780	8084800	That would be that it's one level of it is definitely that.
8084900	8085060	Yeah.
8085100	8085540	Wow.
8085700	8086940	It's very cool to use.
8087020	8090780	The other thing is like in this, it's on now.
8090920	8096700	And in this conversation, you'll notice I've never lost a name or anything like that as
8096700	8101380	we've gone through the conversation because the implant, like I don't, I, I not necessarily
8102900	8105300	of Robert Sarabacher when we're not talking,
8105340	8107680	when the implant's not on, but when it is on, no problem.
8108780	8110800	Do you often make sure it is on before,
8111440	8115280	is there any way of engaging it to go on and off,
8115320	8117300	or does it turn on when you're about to go on?
8117440	8121920	Oh, no, it's something that the implant considers important.
8122340	8123580	Whoever's on the other side of it,
8123700	8125860	it'll turn on like the morning before.
8126100	8130560	It turned on today early, and then when you called me up
8130980	8133260	and told me we were going to be starting late.
8133340	8133980	It turned off.
8134160	8137320	And I thought, oh God, now if it doesn't turn on again,
8137360	8137960	what will I do?
8138000	8139120	I'll be an idiot in there.
8139360	8140020	Oh, I'm flattered.
8140160	8140740	I'm flattered.
8141060	8143560	It turned back on again while we were riding in the car.
8143840	8146180	And I can feel it when it turns on, it gets hot.
8146380	8146780	Wow.
8146920	8149120	And then at once, you know,
8149140	8151400	there was a wonderful guy at Southwest Research
8151400	8152700	called Bill Mallow.
8152820	8154240	He was the head of material science.
8154900	8159820	And he was the one who did the implant research
8160560	8166140	Lear did there. He wasn't allowed to put anything on Southwest Research Stationary, but he didn't
8166140	8173420	care. He was one of the founders of it. And so he did what he wanted. And the implant once turned
8173420	8179440	on in his office. We were talking about it. I was telling him about it and telling him the story.
8179820	8188420	And he said, my God, your ear is bright red. And I felt it was hot. And I said, it's turned on,
8188420	8193860	Bill. He said, let's go to the signals lab right now. And we ran across the campus to the signals
8193860	8201180	lab. And so I sat in the signals lab and these two guys were in there and they were working,
8202340	8210080	trying to acquire a signal. And after a while they said they were finished. And I said to Bill,
8210100	8218040	well, can you find out from them what they found or if anything? He said, no, I can't because the
8218420	8227080	classified. I thought, this is fairly annoying, but you know, what could I do? 20 years pass.
8227420	8236160	I'm signing books at the book festival in San Antonio and two guys walk up to me and they say,
8236800	8245560	we just want you to know that the signal that was found coming from your implant is under study to
8245560	8251480	To this day, it is one of the strangest and most complex signals that we have ever discovered.
8251600	8253140	And then they turn around and walk out.
8253340	8253760	Whoa.
8254780	8256200	I think that's so cool.
8256260	8256800	I love it.
8256920	8258760	Yeah, it's fabulous.
8259200	8260260	I would love a follow-up.
8260520	8262120	Listen, I have to tell you this.
8262940	8267600	One of the great frustrations is, why just me?
8268120	8274720	Why some horror novelist who's smart enough, but I'm not Stephen Hawking?
8276660	8278600	Or any of those guys.
8279320	8280760	Why don't they get them?
8281760	8283720	Why don't our best minds get them?
8283740	8284420	Not just me.
8285560	8286000	Yeah.
8286040	8287080	Who says they don't have them though?
8287500	8288660	Well, yeah, that's true.
8288900	8290320	I hadn't thought of that.
8290880	8292660	Maybe they don't even know they have them.
8292680	8292900	Right.
8293000	8295040	Maybe they're geniuses because they have them.
8295100	8295320	Yeah.
8295640	8296300	Attended ones.
8297100	8297540	Yeah.
8298440	8298880	Yeah.
8298900	8299460	One more here.
8299460	8308260	here. This is one I think that might be on a
8308260	8310500	lot of people's minds as we move closer to next
8310500	8314540	year. Do you believe the threat of a major
8314540	8318500	coronal mass ejection is still active by Alan
8318500	8318920	Barker?
8319520	8320120	Absolutely.
8320340	8320680	Yeah.
8320720	8323260	There is definitely a threat of a major coronal
8323260	8329280	mass ejection. Our star is a yellow dwarf that
8329460	8336160	and they do have a bad habit of bursting out with these big burps every once in a while.
8336560	8341360	We have had, our star has, you find in the geologic record,
8341400	8349300	evidence of much bigger coronal mass ejections than the Carrington event of 1853.
8351300	8355300	See, that popped in, you notice the little stop in my voice?
8355420	8359040	That was the implant giving me the information, the dates.
8359460	8385320	Um, and, uh, so we are always at risk of that. And the fact that the sun has been acting strangely for the past few years now is I think a warning sign. I wrote a little book years ago called Solar Flares. It's still actually available online, uh, on, um, as a, it's a, it was an ebook and it sold like four copies.
8385320	8388120	because this is in a time when e-books were very new,
8388300	8389960	but it's still sitting there somewhere.
8390620	8395140	And it shows, it goes into detail about what could happen.
8395420	8398460	And it could be catastrophic beyond belief.
8398900	8401940	We could be in a situation where we lose,
8402600	8405700	well, first, we didn't necessarily lose the internet,
8405820	8406920	but we'd lose satellites
8406920	8410680	because the internet has been hardened against this.
8410680	8423640	The most serious loss would be power because there are these huge transformers that we don't have replacements for.
8423860	8433000	We have a few replacements, but if they all blew like in the United States, we would be with no power for years.
8433000	8440440	years. And if you look at what that would do, it causes a decline in the population of massive
8440440	8446980	proportions. So it's an extremely dangerous situation. And of course, most of the power
8446980	8456240	companies are, they're interested in, you know, the fatal three-month measurement in capitalism,
8456240	8462500	which is management cares about the next finance report three months from now.
8462620	8468760	They do not care about the company five years from now or the world 10 years from now or anything like that.
8468800	8474740	That's why when you have all these fires and it always turns, half the time it turns out,
8474760	8481060	or more than half the time, to have been power lines that they did not prepare for winds.
8481060	8484140	and they spark and they cause these huge fires
8484140	8486680	because they didn't want to spend the money.
8487000	8491100	You know, every company is penny wise and pound foolish
8491100	8493560	except the most forward-looking ones.
8494280	8496600	And a power company is almost always going to be
8496600	8497880	penny wise and pound foolish.
8498120	8501660	So they have not built enough backup transformers,
8501680	8503580	nor have they created a situation
8503580	8506040	where they can be easily reconnected.
8506260	8509520	Other countries have much better hardening.
8511060	8519480	EU do. China, probably. I don't know about China. Logically, yes. But we're going to be
8520640	8526840	devastated, almost certainly. Do you think there is some mass event that will occur next year?
8527160	8533180	You know, there's a lot of talk about 2027. Yeah. Yeah. Well, supposedly John Ramirez,
8533420	8537240	the CIA guy, said something about that. He was a proponent of it. But also,
8537280	8540700	I had him on here and I asked him about it. And he said, no, I just repeated what someone else said.
8541060	8542220	That's what he told me on my show too.
8542280	8542580	Yeah.
8542700	8543000	Yeah.
8543040	8544800	So he, but who said it?
8544860	8549120	I mean, if you look back, you can't find out exactly where it started.
8549200	8551080	It's one of those things that sort of bubbled up.
8551160	8551540	Yeah.
8552120	8554120	But it seems to be timely as well.
8554140	8563240	If you look at the critical mass of all of these different, you know, things, whether it's AI, UAP, financial instability, you know.
8563660	8564220	Oh, listen.
8564580	8566020	Environmental collapse, all this stuff.
8566020	8573440	The private credit crunch is a major financial problem that's going to be coming our way very soon.
8573580	8577700	And that is definitely an issue.
8577840	8595420	But the other thing is that when you think about the possibilities that, you know, speaking of critical mass, what if the critical mass is what we talked about a little bit earlier?
8596020	8605700	Of us in our minds becoming so convinced that the aliens are real, that they come in through the door of the mind from another dimension.
8605880	8607880	And that happens in 2027.
8607880	8609920	It would be about the right time, wouldn't it?
8609940	8616720	And probably far better than some of the alternatives that we're currently facing, including nuclear destruction.
8617160	8618120	Well, yeah.
8618300	8620080	Now, that's another possible thing.
8620080	8625780	One of the things that I never, ever talk predictions, but I do get things.
8626360	8631360	And we're far enough along into this one that I feel comfortable talking about it.
8632060	8637080	That now it's about nine months ago, maybe eight, nine, maybe 10 months ago.
8637420	8644400	I received during one of the 3 a.m. conversations in the implant that there was a significant danger
8644400	8655420	that a war with Iran would evolve into a nuclear conflict worldwide, not because anyone wanted it
8655420	8663280	to, but because it would happen like World War I happened, where they couldn't stop going to war
8663280	8674000	once they started. And now we've gone to war with Iran. We're at war with Iran. And I don't see the
8674400	8676540	I don't see how that would happen.
8677220	8682960	In other words, I thought of it at the time as more a warning than a prediction.
8683140	8684960	And I think that may have been what it is.
8685020	8692640	But right now, I don't see how the war in Iran could possibly end in a nuclear conflict,
8692780	8694100	a worldwide nuclear conflict.
8694360	8704100	But then again, on August the 1st, 1914, everyone thought, well, there's some trouble
8704400	8709100	Balkans. On September the 1st, the entire world was unexpectedly at war.
8711260	8718900	Yep. What else can you say? The quickening. Right. Whitley, it's been an absolute pleasure,
8719000	8725180	once again, discussing all of this with you, whether it's the visitors, whether it's time
8725180	8729720	travel, or whether it's the fate of the world. It always seems like we're having an interesting
8729720	8733740	conversation. So I appreciate your time and I appreciate you coming out here and discussing
8734400	8739320	um is there anything you'd like to leave my audience with is there anywhere you'd like to
8739320	8742900	any direction you'd like to point them to just feel free to do that sure okay
8742900	8751940	now is my chance to do that okay i wrote transformation 2026 in order so that people could
8752820	8761500	see how it was when the grays came into the life of a family we lived it it was
8761500	8771040	was not impossible at all. It was quite wonderful in many respects and incredibly cool. We had some
8771040	8774000	of the best house parties you could imagine because we could actually say to people,
8774060	8778200	well, you want to meet aliens? Come on up to the cabin. And it actually would happen.
8779420	8785000	Uh, and the book's full of all kinds of insights about what that will be like. So
8785000	8789800	So it's there because I think that might happen to a lot of people.
8790160	8798180	And you can grab that book and look at it and think, well, they lived through it and it turned out to be pretty cool.
8798580	8801240	That's, and also my show is Dreamland.
8801440	8807680	My website, Unknown Country, it's got a brand new look that just went up yesterday, last week.
8808600	8809820	And I'm here.
8810320	8811900	I'm definitely doing this.
8812120	8814320	Well, I'll leave all those links below for my audience.
8815000	8817880	again so much, Whitley. Thank you. Always a pleasure, Chris.
