start	end	text
1920	7380	Hey, my name is Max. I'm from London and one night when I was about 14, 15 years old, I
7380	12140	was in the car with my dad and my sister. We were on the way home from visiting my auntie
12140	16720	in the hospital and we were having some argument in the car. There were tears, tensions were
16720	22380	high and we were the only car on the highway and middle of the night and we approached
22380	27720	what I think I already described as a triangular craft in the sky. There was one big light
53880	56680	All right.
58620	64260	And today is a very, very, very special episode that I've been looking forward for a long time.
64280	65360	It's a long time overdue.
65380	68820	I'm joined today by my friend, Hakeem Isler.
69560	70900	First of all, welcome, Hakeem.
70960	72820	Thank you for making it out here.
73180	73620	Thanks.
73700	74480	I appreciate it.
74540	77300	We've been trying to do this for a super long time.
77440	77660	Yeah.
78280	78720	Yeah.
78800	79420	And it's worked out.
79480	79840	Yeah.
79920	81340	It's worked out to now.
81560	85440	So I'll give you guys a quick intro on Hakeem.
85440	95240	for those of you not familiar with his work, this guy is a polymath. He studied 25 years of ninjutsu.
95380	101540	He was part of the PSYOP for the military for several years. He is a trained remote viewer
101540	105720	under some of the best remote viewers that the government had to offer pretty much.
106340	113280	And he is also, I mean, you also do mind sight stuff. Diamond ring. Yes, it is. We'll get into
113280	118620	all that you're into herbs and you're into remedies he's into survival he was on uh what
118620	124140	two seasons of naked and afraid yeah two different yeah and to top it all off like that wasn't enough
124140	130920	he is also putting together the very first edition of the psi games
130920	131180	Yeah.
138940	140600	Folks, get ready for this.
140720	142440	This is basically the Psychic Olympics.
143320	150060	There's going to be teams and individuals competing in different categories to find out who the most psychic person or people are.
150520	154280	This is taking place in, when's this taking place again?
154300	154860	Is this July?
154920	156020	It's August 1st.
156020	156560	August 1st.
156620	157560	In Charlottesville, Virginia.
157920	159520	So if you guys want to check that out.
160920	165340	later. I want to get into some other things before we do, but I wanted to drop that at the top,
165380	168920	because if you guys want more information, there's a link below. And if you sign up,
168960	172740	you get 20% off and I'm going to be there. I'm going to be speaking as well. So if you want to
172740	176660	come say hi, that's a good place to meet me as well. We'll get into that in a second,
176700	178680	because that's very exciting. It is.
179020	179380	Groundbreaking.
179540	186460	It is. It's super amazing. So I'm really pumped about it and see how it's taking shape and how
186460	187720	how many people are getting involved.
188960	191080	It's birthing itself in a way.
191200	196640	And so, you know, from download to me saying,
196980	199040	okay, I'm going to take this on and try it,
199060	203380	to now it's just, you know, just snowballing.
203400	203760	Amazing.
204000	204720	It's getting bigger and bigger and bigger.
204880	208560	Your private information is probably being sold this very moment.
208660	209360	Don't believe me?
209460	214400	Well, you're probably being flooded with spam, emails, and calls, and texts.
214400	221180	And if you're like me, you don't want people knowing where you live or what your financial situation is or what your political views are.
221420	223840	And these companies can leverage all of that information.
224160	228280	They can even use that information against you to raise your insurance premiums.
228280	229240	And that has happened.
229440	232880	You can actually demand that your name be taken off of these lists.
233360	238500	Now, the bad news is that there are hundreds of lists and it's incredibly time consuming.
238640	239800	You can put a stop to that.
239920	242720	And it brings me to today's sponsor, Incogni.
244400	249620	sign up, you grant them permission to act on your behalf and sit back and watch them do what they do.
249780	256020	They contact all of these spamming websites and demand that your name be taken off these lists.
256260	262320	And if the people refuse, guess what? Incogni keeps demanding until your name is completely gone
262320	267480	from all of these nefarious lists on the internet. You've even got a really cool dashboard where it
267480	272840	shows you the progress on what's being done, what's in the process of being done, what's already been
274400	280840	dot com slash area 52 or click the link below and use promo code area 52 to save 60% off your
280840	287120	annual plan and watch them defend your privacy month after month. All right, we'll get there in
287120	292440	a second. First, I want to cover some ground, right? Because the one term that you hear probably
292440	298260	the most, all right, and I had to bring on a real PSYOP expert here to clarify this because
298260	305120	because PSYOP is thrown around so loosely, especially in the UFO community.
305820	309860	It's PSYOP and Grifter and all these other, but PSYOP is a specific one.
310020	311560	And so I had to clear the air.
311620	315900	For all you thinking I'm a PSYOP here, I might be, but he's going to be able to tell you.
316720	320400	I love that you're saying PSYOP and not PSYOPs.
320500	326920	You know, I got smoked when I was, well, we call it smoke when they make you do push-ups
328260	331660	you say something or do something wrong and a way of corrective action.
332080	339840	And it comes from when you start to be outside and it's cooler and you get hot and the steam comes off of you, you're being smoked, right?
340040	348240	And so we would say as newbies, we'd say psyops, you know, and they were like, there's no S.
348500	351580	There's no psyops, like, because we're thinking operations.
352180	354280	No, it's just psyop.
354300	355140	It's just psyop.
355160	357800	And that's one of the pet peeves that I have when I talk to people.
358260	360860	You don't have it. Yeah, exactly. There's no Legos.
360900	367160	Yeah, I say Legos. It triggers all the Lego nerds. So the psyop nerds out there are very happy with me.
367620	377740	So yeah, tell us exactly. Let's start, first of all, how you got into this program, and then we'll get into maybe what exactly you did with this program.
377740	403820	Yeah. Yeah. So I was looking to join the army. I was training in ninjutsu and this martial arts. And my teacher had a bodyguard seminar. And, you know, he was talking about, hey, I used to protect the Dalai Lama. And that was a very specific way you got to be a bodyguard for the Dalai Lama, right? You can't just be like a rap star bodyguard where somebody does something wrong and you just drop them on their head. Like, this is the Dalai Lama, you know.
403820	406080	So I was really interested in that.
406140	410000	So I went to the seminar and there was this guy there named Michael Brewer.
410120	411820	And he's like a super awesome guy.
412040	420760	And I was telling him I was going into the service because I really had some skills and I wanted to use those skills to help my country because it was after 9-11.
422200	431840	And I was like, I want to go into the 18 X-ray program, which is like the special forces you enter knowing that that's what you're going to be and you go through a pipeline and so on and so forth.
434120	439280	really with this ninja background that we have. And so on the thing you should do is PSYOP. And
439280	442980	that's what I do. And I said, well, what's that? And he was like, oh, it's like psychological
443340	448420	operations, like psychological warfare. And I was like, huh? And I didn't know that was a thing. He
448420	452420	was like, yeah, you know, like the ninja, that's what we did back in the day. And like, you should
452420	456920	try it out. And so I was like, okay, let's do it. And he was like, in this way, if you get hurt
456920	463500	trying to go through the special forces program, then you go back to PSYOP and you'll be
463820	467880	hand in hand with them. You'll go through a lot of the same training and you'll know all of the
467880	471320	same people and that good old boy network, you'll start to build those relationships.
471980	476160	And so then if you don't make it, if you decide you want to go over there and you don't make it,
476180	480280	you're still right there with them. You're just in a different capacity. And I was like, yeah,
480280	484580	that's a better strategy. And this sounds really cool. And the more I dug into it, the more I was
484580	490500	like, no, this is really where I need to be. You know, I'm cerebral and I like to see the depth
490500	494680	and how things work and how people's minds are working around specific topics.
494820	498740	And, you know, and that's really what I was passionate about.
499000	501900	And having that ninja background and that ninja connection
501900	504940	and the ninja being masters of psychological warfare.
505380	508160	I was like, this would be great for me to transition into.
508320	509200	And that's how it started.
509340	512440	So you got, you were already prepped.
512620	513060	Yes.
513280	513940	Going into that.
514000	517240	Like you, you kind of, this kind of like fell into your lap a little bit
517240	522220	because of what, you know, we talked off camera, we'll get into that a lot, but there are so many
522220	528580	links between your ninja training, PSYOP, and I found even with magic, there's like, there's so
528580	535380	many. And so you kind of were prepared for this. It happens now you're getting trained. Can you
535380	540180	tell us a little bit about what that entails? What's PSYOP training? Yeah. So I think that's
540180	547460	really was some, and we had this drill sergeant, which is, he was a very unique guy. And so I,
547480	552260	I stray to say, I don't know if everybody got the same experience as we had, but he really
552260	557720	wanted to, there's two of them actually. They wanted us to experience what it was like to really
557720	567600	use sound and manipulation and sleep deprivation and all those things to your power. So you can
567600	575460	control or manipulate or influence different audiences and individuals. And so during my
575460	581540	training, we would have just off the wall stuff like, you know, this one drill sergeant that I'm
581540	586020	talking about. So you go to regular basic training and then you get from you get done with that and
586020	591680	you go to like your advanced individual training, which is AIT, which is going to be where you focus
591680	595820	on just what you're doing because everybody's a soldier first. So you go through that basic
597600	600000	Here's how you do unit tactics, stuff like that.
600120	601220	And I did that at Fort Benning.
601400	603020	And then I went to AIT.
603180	608220	And then you're like, OK, well, now here's what you specifically are going to do as your specialty.
608600	610600	And that was where the PSYOP training took place.
610840	618380	And so we have our school day where you actually go to school and learn, like, what is PSYOP and how do you do it?
618440	622060	And what are the different words that you use and all that stuff?
622460	624140	And then we had this drill sergeant.
624140	627240	This guy would, like, just manipulate and play with us all the time.
627600	632780	times when we thought we had to be done were times that we weren't done. And so, for instance,
632920	638200	we get done after a long day, we do PT in the morning, come back, rush, try to scarf something
638200	642440	down, then go to the schoolhouse, then you're sitting in school learning all this stuff all day.
642660	646920	And then you're like, okay, we get back and we should be able to go to sleep so that we could
646920	652200	be fresh for the next day. And then we get back and he'd be like, okay, we want you guys to go up
652200	656920	and make a map of all your rooms and where everything is. Okay, we go up and do that,
657600	671640	They just need to know. And then we bring it back down. OK, cool. We want it to look like this out here on the lawn. So go and get all your shit and bring it out and set it up this way on the lawn. It's like at 6 p.m. Right. So we're all like, what?
671640	679220	What? Yeah. Discouraged. So now you got all of us like going up, you know, to our rooms and, you know, we do it.
679240	685520	We do our AIT in tandem with civil affairs. Right. So it was civil affairs guys and side guys there.
685700	691580	So then we're like pulling all our stuff down and we're setting it up and we're looking at the map and we're doing all of this.
691660	697040	And it's like now almost 11 o'clock. Right. And so now it's 11 o'clock and you're like, oh, man.
697040	710720	And they're like, yeah, you guys are going to sleep outside. You're going to sleep outside. We don't care if it rains tonight. It's going to. So now you're trying to deal with that psychologically. And then at 11, you get done and they're like, all right. Move all your shit back inside.
712360	717800	So really, my guess. Yeah. So then you spend all this time like trying to, you know, do it.
717800	726540	And then you get all your stuff back inside and then they go into a room, close the door and then they'll move shit around and then they'll come back in the room and have you come back in and be like, what's this?
726620	730860	This doesn't look like your your what you drew in your your map here. Wow.
730860	735700	Strip map. You're like, this is not how I left the room. And they're like, shut up, everybody.
735760	739780	Get outside. We're going to smoke you guys because, you know, Isler didn't have his stuff ready.
740720	745960	And so now we're all outside and then everybody's mad at me or whoever, you know, because they didn't get it right.
746080	747960	But really, it was just part of the thing.
748100	752980	They went into your room, rearranged it, came out and yelled at you because it's not right.
753080	753400	Right.
753400	757580	And you know in your mind, but then also maybe you don't because you're so tired.
757720	760640	So you're like, oh, you're like, did I do something wrong?
760840	762240	And because you don't know what they did.
762340	764040	You just know they're saying that it's not right.
764700	768840	And you're out here and you smoked and now everybody saw this resentment going on.
770720	774340	two in the morning and they're like, all right, well, go ahead and get some rest because we got
774340	778420	a PT test in the morning. We're going to do physical training and we got, and if you don't
778420	782520	make it, you know, on your two mile run and this time or whatever, we're going to kick you out of
782520	787360	here. So now you can't sleep. So you're like, you're like sitting in bed, like, oh no, if I
787360	791400	don't pass this test, everything is for nothing. You know, I get, I get kicked out of here and
791400	795660	then you wake up and you know, or if you, if you can't fall asleep, you wake up, you go outside
795660	799460	and then they're like, all right, just do your normal PT and get ready for class. And you're
800720	820280	And they're like, yeah, there's no PTSD. No PTSD. It's just messing with you. And you really start to recognize really quickly how things break down, how people break down, how creating all this discourse in people's mind and their routines really or make giving them hope like, oh, yeah, when you get home tonight, we're not going to mess with you.
820280	823860	We're going to give you as much sleep as possible because we messed with you last night.
823940	825860	And then you get back and they mess with you.
825920	826680	And then you're like, whoa.
826940	830060	Or they're like, we're going to mess with you when you get back.
830100	831840	And then you get back and they don't mess with you.
831920	835880	And you're like, I don't know what's reality and what's not reality here.
836100	839600	That is, I mean, all to make you uncomfortable.
839960	840300	Yeah.
840300	840580	Right?
840620	841660	That seems like what it is.
841780	848180	So what's interesting is that, I mean, my father did PSYOP as well for the Canadian military.
848180	877520	And, you know, I remember my upbringing and there's a lot of what you're saying that goes into preparing you. I'll tell you after the podcast, but it's like, yeah, a lot of similarities of the psychological warfare. Very, very interesting. Because what do you think is the purpose of that, though? Is it just to prepare you for those situations or is it to break you? Like, what's what do you think is the stress inoculation?
878180	888380	So getting a person to understand what it's like to be that level of discomfort and then to understand how to be able to push through that and work with that.
888380	890180	And that's very challenging.
890400	891640	And people don't get that.
891720	895380	And I remember going to my ninja training, talking to my ninja teacher.
895540	900320	He would always say this thing, everybody wants to be a ninja, but nobody wants to do ninja shit or be a ninja.
900520	906160	He didn't say shit because he's a Buddhist monk, but nobody wants to really put in that ninja effort.
906420	907860	And I was like, well, what do you mean?
908180	918980	He was like, well, if you're talking about being a ninja, you're talking about a person who understands how people's psychology work and how to work that psychology to your advantage.
919280	921520	And so how do you learn that?
921680	925680	You have to actually, for most part, most people have to go through it.
925740	926840	And that's tough.
927120	933800	And so that means that master teachers of this would do stuff like, oh, yeah, Chris, he sucks.
934060	935060	I don't want him around.
935340	937680	A matter of fact, you guys should beat him up.
938180	943640	want them here anymore. Then everybody's like, the teacher told us to beat you up and do all this
943640	948160	stuff. And you're like, but I trust my teacher. Why would he do that? You know? And then like,
948200	951700	you come back and you're like, teacher, they told me that you said to beat me up. And he's like,
951760	955340	no, I didn't tell him that, you know, like, like you're my favorite. Like, what are you talking
955340	958860	about? Like, I told everybody that you were my favorite and not to touch you. And then you look
958860	962420	at them and you're like, well, why did he beat me up? And, you know, and then like later it comes
962420	962900	Yeah.
962900	964320	That was all part.
964420	971900	It's all a part of you understanding how that feels and how to recreate that for other people.
972060	977020	And the best way to do that is to have you go through it.
977040	977480	Go through it.
977560	981060	So that you can know on some level what that feeling is.
981080	987700	And those that are the best in PSYOP, they hold on to that and they know how to recreate that really well.
987900	991480	So it's not necessarily giving you an immunity to it.
991660	992040	No.
992900	994040	I understand. There is no immunity.
994260	1003660	Unless you're, in my opinion, unless you're a psycho, you know, where you're just like completely disconnected from emotion and life and you just want to live alone as a hermit.
1003700	1008620	Those are very and those are people out there. Right. But they're very unique individuals like that's not everybody.
1008680	1017540	You know, the majority of us have want to have connections and social connections and be with people and we have triggers and we have hooks.
1017540	1025540	hooks. Right. And so but there's so many people out there that who not so many, but a small
1025540	1030680	majority out there or minority out there that don't actually follow those rules. And and they're
1030680	1035080	kind of interesting individuals. And normally you can pick them out, you know, because they just
1035080	1039760	don't kind of fit in well. And there's some who pretend, you know, they're psychopaths out there,
1039800	1045340	murderers out there who pretend to be like what you expect them to see, like in the show Dexter.
1045340	1046380	or I'm not sure if you ever saw it.
1046380	1046960	Right, yeah, of course.
1047120	1049580	But like he, his whole life was about
1049580	1051560	like trying to pretend to be normal,
1051700	1053040	you know, even though he wasn't.
1054100	1057180	But when you are just a real normal person
1057180	1059100	and you go into one of these things,
1059220	1061640	then you start realizing that you're not immune neither.
1061920	1063300	We all have a hook.
1063460	1065960	And if you use that and understand that,
1066040	1067400	then that actually makes you a little bit,
1067440	1068820	in my opinion, a little bit stronger
1069520	1072760	because it's the ones who believe that they know
1072760	1077860	and that they own everything about themselves that are the easiest to fool.
1078040	1078400	Shoot.
1079620	1081480	That's a big blow to the ego for a lot of people.
1081600	1081800	Oh, yeah.
1081980	1083180	Because a lot of people are like, not me.
1084600	1085660	You hear it all the time.
1085680	1086780	You see it all the time.
1086780	1089040	They're like, impossible that I'm being psionic.
1089040	1089660	Yeah, yeah.
1089780	1090020	You know?
1090140	1093900	Because I know and I have the information and I studied the trusted sources.
1094180	1096800	And, you know, those are the easiest people to fool.
1097160	1097520	Yeah.
1097520	1107100	Yeah, that's why I even asked Lou, like if he, Lou Elizondo, I was like, is there a potential that you might be being used by like government agencies for like their own agenda?
1107260	1108960	And he goes, it's possible.
1109280	1113660	He's like, I know a lot of the tricks and there hasn't been one sign.
1113880	1116600	Like usually like there's like a telltale like something.
1116680	1117820	He's like, I haven't seen anything.
1118320	1122680	But again, you know, even he admits possible, right?
1122840	1123040	Yeah.
1123840	1125020	They're that good, huh?
1125280	1126000	Yeah, yeah.
1127520	1128780	This has been going on for a long time.
1128920	1142040	So again, tying back to my ninja stuff, sometimes a group or a clan, because everybody signs on, if you're going to be a ninja going out there, you know that your life could be on the line and that you may not make it back.
1142100	1142300	Right.
1142760	1152100	So with that understanding and not being in these groups, not being tied to the way we normally see things there, they kind of operate from the scheme of totality.
1152140	1154980	So like things are happening in a way they should happen.
1154980	1157360	And that's kind of tough for people to get.
1157700	1164260	They would send people off on these missions with false information and then feed the enemy information so that they can get captured.
1164380	1168160	So now you got this agent out there that gets captured that has certain information.
1168600	1172960	They will resist because they think their information is true and real.
1173200	1178040	And then when they finally crack and give that information, it was all false information to begin with.
1178140	1178500	Wow.
1178580	1179140	You get what I'm saying?
1179140	1185120	And I read that in the book Misinformation or yeah, to see the disinformation and misinformation.
1185260	1189380	So it's a book that came from a guy who was KGB and like defected.
1189620	1201640	And he was saying how they would often set up whole companies like shell fake companies with people, real people in them who actually had real jobs, who thought they were doing real things.
1201660	1204720	But all of that was part of the psyop. It was all part of the scam.
1204720	1212160	So if someone infiltrated that place and got information from, let's say, you, you're telling a story that you truly believe.
1212260	1212600	I'm not lying.
1212700	1213540	You're not lying.
1213800	1226200	But that story and that job and everything about it was all set up as a way as a diversionary tactic for a really good, you know, counter spy program or another spy program from another country, you know?
1226240	1226620	Wow.
1227080	1227300	Yeah.
1227440	1228280	That's intense.
1228280	1235400	intense and we can't do that on an average in our average day everyday society we can't deal with
1235400	1243760	that type of depth and breadth of like manipulation and illusion right off time you don't have time
1243760	1248580	and you don't want to in your brains just like we need it easy we need a package and as a magician
1248580	1257160	you know that very well it's like they don't want to think how the depths of how these organizations
1258720	1261340	to create the illusion, you know?
1261620	1264580	And so just like sometimes you look at a magician
1264580	1267180	or if you find out about like how they do certain tricks,
1267300	1268660	you're like, nobody would go that far.
1268920	1272040	And they're like, but all of the magicians
1272040	1274420	behind the scenes are like, yeah, we do go that far.
1274420	1276360	We'll go that far for the trick, you know?
1276640	1278580	Like Houdini, you know, this guy's like
1279960	1281900	locking himself up and, you know,
1281920	1283400	upside down and water stuff.
1283600	1285780	And, you know, and people are like, no way.
1286100	1287620	It has to be real.
1288280	1292840	magic. Nobody would actually go through these depths to make it so. And you told me a story
1292840	1297660	about the handcuff thing. Oh, yeah. Yeah. Yeah. Houdini is really interesting because like his
1297660	1303580	skill wasn't being a magician. According to other magicians, he was he's pretty much a shit magician.
1303820	1307860	He wasn't a great magician. He gets that rap because he was the most famous magician.
1308200	1313700	But he was actually a fantastic escape artist. And even better than being an escape artist,
1313700	1321900	He was a good marketer and he had a whole, I went to Copperfield's museum and he showed me, he has basically his whole library.
1322020	1327200	He also has his filing cabinet, Houdini's actual filing cabinet, a whole giant section that's just marketing schemes.
1327380	1327580	Yeah.
1327680	1329300	And it's labeled as such.
1329560	1336640	And it's filled with the different lengths that Houdini would go through to draw a crowd.
1336800	1339040	You know, and he has some of these most amazing escapes.
1339120	1343520	There's a hundred thousand people watching him escape from a straitjacket, like suspended, right?
1343700	1354060	And so like he would, for instance, you know, go to like the best handcuff place and be like, you guys need to tweak this, this and this to make it, you know, even better.
1354120	1363940	That would be and they're like, all right. And they do that. And then he'd have them bring it to like the police station and be like, these are the best handcuffs in the world.
1364200	1371060	No one will get out of these. Right. And it just so happens Houdini would come into town and be like, I will break out of any handcuffs here.
1371060	1374980	here, if anyone has handcuffs, I will break out of them without issue.
1375260	1379260	And the cops were like, yeah, you think you'll break out of these?
1379320	1380180	These are the best.
1380240	1381060	And we have a certificate.
1381260	1382180	And he's like, all right.
1382280	1391820	And little did they know that he had made those tweaks so that he can pick the locks easier or find a way out or finagle his way out of these cuffs.
1392380	1395700	And, you know, so he would say, fine, you choose the cuffs, you choose the place.
1395800	1396300	And he would do that.
1396380	1398820	And so he's magicians often do that, too.
1398860	1400380	They go through great, great lengths.
1401060	1406140	why I find this common bond between what you're saying. And I find it so fascinating because you
1406140	1412200	are playing with people's psychology a lot. Like that's the whole thing, psychological operations.
1412280	1415260	Yeah. So you're a bit of a magician yourself here.
1415460	1417980	Yeah. Well, thank you. Abracadabra.
1420160	1427180	Okay. So can you give us a practical example? And this doesn't have to be something you've done.
1427180	1436500	It can be. But let's just say for argument's sake, just something that you would do, let's say, to red team to make to make something happen.
1436620	1440080	Can you give us some type of scenario where psyops would be very useful and how you would.
1440180	1448680	Well, I think one hot topic today, which I think we could talk about is like and I always see things come out in the news and I start brainstorming.
1448680	1455080	Like if my commander came in and said, hey, this is what we need people to believe or think, how would do that?
1455080	1464680	You know, and one of the topics is the UAPs that the drones, UAP, whatever you want to call it, that are flying all over the place.
1464680	1466320	And there are these installations.
1467660	1477100	And, you know, one way I was thinking about that is if I did not know and did not have control over what was actually happening.
1478040	1483100	And but I didn't want mass panic or I didn't want I wanted to kind of control the narrative.
1485080	1496900	I would put up as many flying weird drones as possible so that the average person who doesn't want to believe will look at that and say, oh, that's just a drone.
1496980	1503620	Even though they know it's like super weird and odd, you know, they're just going to go with their own bias and say, no, that can't be.
1503720	1506200	They did say on the news that it was all these things.
1506420	1512160	And that would be like a good little psyop, which is like, OK, there are things flying.
1512160	1516360	We don't know what they are, but we don't want the average person to know that we don't know.
1516520	1520620	So we're going to say that they're just these things that we can all relate to.
1520780	1527760	And then for those who might have a different opinion, we're going to toss another thing out there and we're going to say plasmoids.
1528780	1530860	So it's either a drone or a plasmoid.
1530980	1532980	But the plasmoid has a scientific foundation.
1533300	1534960	The drone has a scientific foundation.
1534960	1555180	It all screams that we understand, you know, what what's happening or what it is, maybe not where it's coming from, but we all understand what's happening. So it doesn't give people this feeling of insecurity like we literally can't control our skies and we don't know how to deal with these things that are up there.
1555180	1577260	And there's still that debate there. But if you if you really look at it, it's it's new information coming out all the time. And the information that's coming out is changing. Some people are saying mothership. Some people are saying this. And it's keeping you from landing on any one thing because everybody's kind of like, this is what I think. And I have people who told me this is the truth and this is what I think.
1577260	1586100	Right. So it leaves you kind of confused. And as long as you're confused, you're not on any anybody's side and you can't really take a stand. Right.
1586260	1587300	Interesting. Whoa.
1587380	1602120	I keep you stuck in the illusion long enough for us to get through it. Yeah. So that you can't really land on anything, because once you land on something and you can then take a stand and say, hey, I want to know more about this because this is what I understand.
1602120	1610600	This is an unidentified anomalous object in the sky, and I want to know what it is.
1611120	1617520	You have said that it's something that we can't discern, that's doing things that we don't understand.
1617720	1622240	And if you say that, then now all of us are going to band together and demand more answers.
1622420	1628940	But if you're like, it could be a drone, and then some of them are plasmoids, and then some of them this, it makes it a lot harder.
1628940	1633200	Keeping them suspended in confusion is an actual tactic.
1633520	1633740	Yeah.
1633860	1634840	That's really interesting.
1635040	1636700	You can't unify if you're in confusion.
1636920	1648060	Yeah. And you can also, I mean, I suppose you can just disseminate false info through the ranks as well in that case and be like, here, we'll tell the police, we'll do this for the police or we'll do this to CIA or we'll do this to FBI.
1648380	1653040	And now the answers are conflicting and it's up for debate still.
1653100	1654920	Meanwhile, they're fixing whatever's happening.
1655080	1655240	Yeah.
1655240	1655240	
1656220	1658560	What do you think is the move?
1658740	1661660	Because I've speculated that much as well, that that's what's going on.
1661700	1663760	They're covering something with more things, right?
1663880	1669000	They're just, in magic, we have an expression, the larger motion hides the smaller motion.
1669660	1675500	So if I were to do like some, you know, if I were to do this and just vanish the pen,
1675980	1676980	that's a small motion.
1677100	1679060	Your eyes are kind of like on my hands.
1679060	1684240	But if I go, now there's like more, the bigger motion hides the smaller motion.
1684380	1684620	Yeah.
1685240	1689640	that happens too. So if you got like specific drones going around, let's get more drones. And
1689640	1696960	now it's like now the misdirect is happening. Where do we land once the drone situation
1696960	1704540	is resolved? How do they, the people who are, you know, doing all the activity,
1705140	1714360	how do they break that to people? So you mean now that it's over and off the news and...
1715240	1719420	say like how do they resolve it like obviously on the news they said oh it's just faa whatever
1719420	1725280	but it's still going on now yeah yeah so once they really figure out what's been going on
1725860	1732040	how do they how do they tell us everything's okay now do they go oh it was just an exercise or they
1732040	1740020	like where's your head there what do you think they um i think that saying that it's an exercise
1740020	1746560	size is one way, which is kind of to some degree that's coming out. And it really depends on what
1746560	1753440	was the purpose and what is the outcome. So whatever they figure out is the truth,
1754540	1760140	then, you know, where you're going to go from there depends on how you want people to perceive
1760140	1765980	that truth or an untruth. You get what I'm saying? Like if it is an actual UAP, right,
1765980	1771520	Right. Then it's like we still don't want people to know that. So we have to say that it was a training exercise.
1771740	1786900	Maybe people get with that, you know, or we have to say that it was us running some special mission, secret mission, you know, where where it gives me an out because it's like, oh, that's why we couldn't tell you because it was a secret mission.
1787040	1791840	Sorry about that. But this was for national security. You know, like, yeah.
1791840	1797120	Yeah. So and then, you know, most of us, you know, most of us patriots would be like, oh, OK, yeah, OK, got it.
1797140	1800540	You know, they did what they had to do. Yeah, they did what they had to do.
1800540	1804320	And it did make us uncomfortable. But we understand that, you know, for the greater good.
1805020	1811040	Yeah. So we'll explain it away and then we'll also explain it away to our friends, you know, because we want to be right.
1811180	1816540	And we want to know that our version of the way the story turns out and what we agree with is right.
1816620	1818940	So we'll pass that. We'll perpetuate that cycle.
1819660	1830220	Yeah, personal. That's like that's that hook again. Yeah. We're going to get to that in a second because that's really interesting. And that's like I feel like that's the baseline of PSYOP is that hook. Yeah.
1830220	1837660	Yeah. Do you when you see somebody like Jake Barber or Lou Elizondo or any of these guys,
1838240	1844060	muggles us here, we're watching this stuff and we're commenting PSYOP or like this is a
1844760	1849480	does that ever go through your mind as well? Or is there ever a point where you rule out the PSYOP
1849480	1856560	completely? I never rule it out personally, me personally, because I've seen people on
1856560	1864140	on MassGals, and I've been a part of people on MassGals, like, perfect example. There is nothing
1864140	1870880	more trippy than for you, I was tactical psyop. So we only worked in teams of three with one
1871860	1876780	local national or foreign national that will work with us to kind of help us understand culture and
1876780	1881740	that, you know, because sometimes we may think it's okay to put this on a flyer, but that actually
1881740	1887200	means like, you know, to hell with your mom, you know? So that person will help us understand the
1887200	1894580	culture and how that culture operates a little bit deeper who lives there. So we worked in these
1894580	1900560	very small teams. There's nothing more trippy than to see something that you and a team of,
1901100	1905760	well, you're a team of three, so two other people, and this one person, this one other person,
1906660	1913860	dreamt up as to how to manipulate and what you want people to say and what you want people to do
1913860	1919940	and then start communicating with people in that environment, in that group or that tribe or in
1919940	1926480	that culture. And they start saying back to you things that you wrote that you wanted them to say
1926480	1931820	on the board, but they are saying it like it's their discovery, like it's their truth now.
1931820	1939140	Now, nothing will blow your mind more and make you feel like you are also programmed.
1939280	1941960	You're like, whoa, what the hell am I saying then?
1942020	1942640	What am I doing?
1942660	1947080	Did somebody also write that on the board somewhere and say, this is what we want Hakeem
1947080	1948840	and people like Hakeem to say.
1949780	1951680	And it's nothing more trippy.
1951800	1954660	It's like, it's again, it's like you're in a dream.
1954840	1955520	It's a magic trick.
1955580	1956280	It's a magic trick.
1956520	1957740	It's yes, exactly.
1957740	1967020	Exactly. You're like looking at somebody and you want them to believe that it's magic and that it was like it came out of the ether and you got these wizard abilities.
1967060	1974540	But really, you're like, that's what I wanted you to believe. But I actually just did this thing. And that's that's overwhelming.
1974540	1981780	And if, if, you know, not if, let me own it.
1981840	1987320	So me coming back and having aspects of PTSD, PTSD, right.
1987920	1990660	One of the biggest was that I didn't trust anything.
1991960	1996120	You know, every freaking thing in my world was an illusion.
1996980	1999020	I had been behind the curtain, brother.
1999140	2003900	I was like, I was the wizard of Oz, me and my crew, you know?
2004540	2012720	So I'm pulling the strings and making people think the wizard, the wizard, oh, he's got these magic powers and stuff like that.
2012860	2019160	And then you see behind the curtain, if you are awakened and cerebral, some people can disassociate from that.
2019240	2023960	But once I started having this deeper understanding, it started really getting to me.
2024000	2027380	I was just like, man, I'm in Oz.
2029160	2030180	I'm in Oz.
2030360	2031180	I'm a part of Oz.
2031280	2032640	I'm helping perpetuate Oz.
2034540	2038500	It's crazy. It's like, that's, it's profound, you know?
2038740	2044880	There's a, I expect there's like a certain level of guilt there as well that comes along with that. And that's part of the post-traumatic stuff.
2044880	2068220	Yeah. And that's why I started, you know, I went out and I started doing talks and I've been working on this book called Pinocchio's Liberation. You know, this idea of this, you know, doll that's controlled being liberated, you know, through understanding and knowledge about what what is happening in the world and how you can.
2068220	2093080	And those strings are on all of us, you know, but it's recognizing that this string is pulling me this way and saying, oh, nope, I don't want to go that way. I don't want to go that way. That's a whole, that's this attention, this attentiveness to my feelings and my emotions, stuff that you would get through deep meditation and deeper self-reflection to pull away from that and say, okay, well, maybe I'm being led down this path.
2093080	2101220	and I want to be an active participant in understanding whether or not I want to go down that way
2101220	2106860	or I'm going to go another way versus just going down that way like a zombie and not realizing it.
2107080	2113760	Yeah. So to a certain extent, you are kind of immune and not immune in the sense like it'll never happen.
2114020	2122580	But being aware of it definitely helps if you are also aware that you can be affected.
2123120	2149600	Yes. Because it doesn't help if you're if you think you're immune. Yes. Right. You can be aware of it. But if you think you're immune to it, then being aware of it doesn't help you. Yes. But if you're aware of it and know that you're susceptible to it, then you can put yourself into that mind state of someone who would be susceptible and kind of like help you navigate out of it. That's really interesting. And I think that because I'm hearing you talk, man, and I'm like, this is exactly like talking to a magician. Like we're saying the same things here. I am a magician.
2149600	2172680	Yeah, we're saying the same things. And, you know, the difference is, is that magicians, well, for the most part, I won't say all of them, but we do walk an ethical line when it comes to that stuff. Because I know for a fact that I can convince people that I have psychic ability. I can do that. I've done it, you know, in the past when learning magic.
2172680	2196160	And you get this high off of like controlling, controlling situation, controlling people's perception about you, about life, about their own reality. It becomes like you're like, whoa, and that's a dangerous thing. A lot of responsibility there. And, you know, it took me a few years to really understand that and that that is a very slippery slope and in the wrong hands can be weaponized.
2196160	2219400	Yeah. Yeah. Yeah. And that was one of the things when we went through PSYOP school that I took very personal is it was like, don't use this on American civilians. So actually, the way the description of PSYOP is to influence the hearts and minds of foreign target audiences. So it's not something that you're supposed to use domestically.
2219400	2220200	Illegal to use it.
2220220	2238080	Yeah. Even though we get around it, you know, all the time. I think it was like Smith and Burt's or something like that. There's an actual article that tells us that we can't use it here in the States. And so we get around that by saying information operations or.
2238140	2238520	Marketing.
2238520	2268120	Military. Yeah, that'll blow your mind, too. So, you know, I may have told you this, but, you know, people were not supposed to use PSYOP on the American public, but then people get out and then they go into marketing organizations. And what are they doing? They're not going to just say, well, I'm just going to throw away all this training. They're going to use that training to help them forward the agenda of the marketing company. Or they go into political strategy and then they use that information to help, you know, this politician or media.
2268520	2271460	And so they are using it.
2271540	2271660	Yeah.
2271700	2272300	They're just.
2272820	2273900	Renaming it, rebranding it.
2274000	2274240	Yeah.
2274340	2275940	They're saying, I'm not using Psyop.
2275960	2276840	Yeah, yes you are.
2276960	2282060	You know, it's, and it's all, you know, Bernays and all of these guys help develop.
2282360	2284980	And Bernays is directly related to Sigmund Freud.
2285120	2285520	Yes.
2285820	2290960	And what's funny is that the, one of the founders of Netflix is actually related to Bernays.
2291420	2292000	Oh, wow.
2292180	2293160	I did not know that.
2293160	2293780	That's a big Psyop.
2294080	2294840	And that's true.
2294920	2295840	You can, you can look that up.
2295920	2296180	Wow.
2296360	2298140	He's a direct, directly related.
2298520	2298920	Wow.
2299140	2307240	So, you know, you go from the father of modern psychology to the father of propaganda to the CEO of Netflix.
2307620	2307900	Wow.
2308600	2309980	That's pretty impactful.
2310800	2310880	Yeah.
2311020	2311500	Yeah.
2311760	2314060	And that's it, right?
2314160	2318740	So these guys help develop and create how we think.
2319040	2326120	And then they created these programs to help us manipulate and influence people and how they think.
2326120	2332280	And so, you know, that's the foundation of a lot of this.
2332280	2351500	So let's talk about this hook. This is something that I find so, so interesting because this is the most important part for me. Because if you can find someone's hook, that's their Achilles heel. And online, it's pretty easy to find someone's hook because you can just like trigger them with different comments.
2351500	2369260	Yeah. And as soon as they start responding, you're like, oh, a little sensitive area here, it seems like. Right. Yeah. And that's where you attack that sensitive area until they break. That's kind of like what we've been seeing online with bots and stuff. And that's how that works. Yeah. Can you explain what exactly a hook is and what you do to use that hook?
2369260	2382580	Yeah. So one of the ways that we look at PSYOP is we're always looking at how do we influence a person based on their values or belief system or, you know, their emotions, things of that nature.
2382580	2391180	to. And those things can be considered hooks. They are things that a person is doing subconsciously
2391180	2396260	and reacting to in their life based on their belief system and the structure of how they
2396260	2402120	walk in the world that it's very difficult for them to break free. So, for instance, we'd say,
2402180	2407000	like, you know, food could be a hook, right? And we see people addicted to different types of food
2407000	2411520	and they're like, man, I know I need to stop this, but I can't, right? And then, you know,
2412580	2418340	like this commercial for these golden McDonald fries and the salt and stuff. And it makes people
2418340	2422280	salivate. And then they're like, oh, I need those fries, you know, even though they know they
2422280	2429840	shouldn't be doing that. So I like to explain it like, well, what is what do we know of a hook?
2430200	2434660	Normally, we think of hooks as things that go on the end of fishing lines and go in the water
2434660	2442360	and fish bite them shits all the time. Right. And you think the fish, you know, the the Council of
2442580	2446560	don't get together and say, we shouldn't do that, but they still doing it, you know, like,
2446560	2452920	and that's because, um, you know, we, and then you go to fishing shops and they have different lures
2452920	2457140	and the lures look different ways. And they say, oh, this one gets a lot of bites with the bass.
2457220	2461540	And this one gets a lot of bites with these type. And so they're, we're on, on that scale,
2461680	2465340	we're doing the same, they're doing the same thing as what, you know, governments are doing
2465340	2472040	to the people or other organizations are doing to the people where that hook and what's on it,
2472580	2476000	that it's really tough for you to resist, you know?
2476020	2479940	And I tell people, you know, some of us have bad habits like picking our fingers.
2480040	2481520	Like for me, I was picking my fingers sometimes.
2482440	2487160	And I know I don't, I've said plenty of times, I want to stop doing that, right?
2487660	2491840	And then I'll see, I'll get really, especially when I'm deep in thought, I'll start picking
2491840	2492460	at my fingers.
2492560	2495620	And then I'm like, ah, don't do that.
2495680	2497160	Don't do that because that's bad for your fingers.
2497380	2499640	And then I'll be like, okay, so what was I thinking about?
2499840	2501440	Hmm, yeah, okay.
2501540	2502040	Right back to it.
2502580	2508740	to it. And so the hook would be that thing. So for me, if I was doing a talk on stage and I
2508740	2514580	wanted to target you directly to single you out, I might use an arbitrary example and be like,
2514700	2519220	you know, there's a lot of people low on the IQ level that like pick their pick their fingers,
2519320	2523600	you know, these type of people. And and I would just go on and you'd be like, oh, that's me.
2523720	2528480	All of a sudden, yeah, you'd feel targeted, insecure. Yeah. You know, and look for that
2528480	2534360	that reaction. That's right. And you would start questioning yourself. Yeah. Am I low IQ? How is
2534360	2539200	that correlated? Yeah. How do I and it would it would bother you. Right. So like that's that's
2539200	2546240	the idea of like you can find really specific hooks for specific people. Yeah. And that's what's so
2546240	2556660	like so insidious or, you know, very hit very powerful about PSYOP because what happens is
2558480	2565980	find that hook, it makes things so much easier because all you do is package everything, every
2565980	2573340	message you want to get within the confines of that hook. And, and then people just eat it up
2573340	2579720	because they can't, a lot of us don't, aren't consciously aware enough to know like, Hey, I,
2579800	2587200	did we just accept it? And so, um, I used to hear debates all the time. Um, now a lot of people
2588480	2596040	But I used to hear debates all the time. Well, I listen to Fox and you listen to CNN and I do this and I do that.
2596140	2599860	And CNN always lies to you guys. And Fox is always lying to you guys.
2599960	2603500	And they're telling us that, you know, this news station is telling us the truth.
2603620	2611580	And then you had that like Sinclair video come out and then you see like it's all like scripted and it's all side by side.
2611620	2616640	It didn't matter if it was Fox or CNN. They're saying the same thing because these guys are owned by the same company.
2618480	2623800	going on there. We're extremely proud of the quality balanced journalism that CBS 4 News produces.
2624160	2629740	But we are concerned about the trouble of trying to be responsible. One-sided news stories plaguing
2629740	2635420	our country. Plaguing our country. More alarming, some media outlets publish these same fake stories
2635420	2641780	without checking facts first. The sharing of biased and false news has become all too common on social
2657920	2663240	And I still think people didn't really get.
2663260	2663520	But that's it.
2663600	2665860	Most people were like, that's probably AI.
2666740	2667800	That can't be real.
2667920	2668080	Yeah.
2668180	2669820	And they were just, they were completely fooled.
2669980	2670360	Yeah.
2670360	2671340	Because they got to be.
2671780	2676500	got to be or else it's it calls in the question so many choices it's almost like when you go to
2676500	2685140	a court and if um they found out like um a judge or a lawyer or some firm or whatever was you know
2685140	2690380	a bunch of crackheads or drug addicts right then it calls into question or they were dirty dirty
2690380	2694800	cops it calls into question everything that they've done before that and now we got to go
2694800	2700540	back and review all of that and that's devastating so companies don't want to look at it you know
2701780	2707040	like, oh, you know, let's just say Chris had a problem and kick him out of there. Well, if we
2707040	2711600	admit that Chris had a problem with drugs or alcohol and while he was doing these cases,
2711680	2717260	then we have to open up all those cases again. And that's going to hurt our stats. And then we're
2717260	2721320	going to have to, you know, and that's going to be too costly. So let's not say he had a drug
2721320	2726100	problem. Let's say he had like, you know, an affair with somebody, you know, like, because
2726100	2730900	then that doesn't call into question these things. And so there's all this manipulation happening.
2731780	2736680	to the point, which is that when people recognize that, like you said, they would then have to call
2736680	2741520	in the question, the choices that they made and the things that they've done based on the
2741520	2746640	information that they got from that news source. And so it's much easier to just say it's AI.
2746900	2752180	Yeah. You know, and it's much easier for those news sources to say, we didn't say that, that was AI.
2752740	2757480	Yeah. Yeah, exactly. And now, because we're, now you got all these brains out there searching for
2757480	2761160	for a way to make this right, reconcile it in their brain,
2761280	2763360	that they're like, okay, yeah, we knew that.
2763500	2764260	We're on your side.
2766160	2768800	And then they can use that in their arguments
2768800	2772220	to when somebody says, oh, you still listen to them?
2772400	2774040	Remember that story that came out
2774040	2775400	where it showed all these things?
2775620	2777720	Oh no, that was AI, that was AI.
2778160	2781040	They were trying to disprove my trusted source.
2781620	2782780	And they'll defend it.
2782780	2787660	That is the best way to really have PSYOP be effective.
2787960	2788940	Or do a quick Google search.
2789220	2789620	Yes.
2789640	2792040	And the number one search result is it was AI.
2792580	2793320	True or not.
2793360	2794220	True or not, right?
2794380	2794560	Yeah.
2794680	2796100	And you're going to be like, I did my search.
2796220	2796500	Exactly.
2796560	2797120	That's my search.
2797360	2797760	Exactly.
2797980	2809140	Yeah, I think we talked about this before, where one of the main persuasive tactics is not to force something on somebody for them to believe it, right?
2809140	2815280	Right. If you're a tyrant, eventually people are going to rebel, rebel and overcome the way you do this best.
2815360	2820700	The way you do PSYOP best is you set the conditions for people to make the choices in which you want them to make.
2820700	2832360	But make those conditions make them make that choice so that they feel like they made the choice based on their own free will, not because they was forced into that choice.
2832360	2848360	Does that make sense? And we saw that with some things that happened over the last few years where people went from, I'm totally against that to like making the choice and then people fighting with each other because they made the choice and you should make the choice and so on and so forth.
2848360	2870840	And then you have all this information going out there that supports one side or the other. And then people are supporting using that as a means to firm up and sure up their stance. Right. So you set the conditions for people to make the choices that you want them to make, but feel like they made them based on their own research and knowledge.
2871320	2876580	they will then defend that choice because it's their choice.
2876820	2881020	But if you force it on them, then they'll always, you know, push that choice.
2881100	2886720	At some point, that choice can come into question and they could push it off and say, well, Chris did tell me that.
2886740	2888880	And I don't know if I trust him anymore.
2889120	2892180	But if I'm like, no, I went out there, I did the homework.
2892460	2893800	I found it on this site.
2893840	2894880	I found it on this site.
2894940	2895900	I did this, that and other.
2895900	2902220	then it's a lot harder to convince you otherwise because you feel like you found it based on your own personal research.
2902440	2920980	So this is a lot like in magic. We talk about contrast. So the greater the contrast without breaking your objective view of reality, the greater the reaction. So the greater the contrast between your view of reality and this impossible event.
2920980	2949100	Yeah. So the greater that is without breaking it, without becoming fantasy. So staying within your confines of your objective view of reality and how reality works. If I can bend that and create a big enough contrast without breaking it, bigger reaction. Yeah. Right. So it helps to create a big contrast when they are determining what is real. They are determining the the extremes of their own reality. Yeah. Right.
2950980	2956000	framework for the trick. Yeah. They're the ones determining, no, that's impossible or only this
2956000	2960520	is possible. Yeah. But you led them to those points. Yeah. Because you want them to be at
2960520	2964680	those extremes so that this trick plays a lot bigger. Because if that contrast is smaller
2965080	2969720	and they don't do their own research, it's hearsay from someone else or, you know,
2969760	2975020	then the effect isn't as great. Yeah. So the bigger the contrast and the more free will that
2975020	2979680	is involved, well, then the greater the contrast, the greater the effect, right? Yeah. So the more
2980980	2986660	be involved in the process of creating the framework for how they think, the greater
2986660	2993420	the effect of the PSYOP is going to be. Exactly. And the greater the length at which
2993420	2997360	it will continue to persist in their lives. Right. In their memory.
2997520	3003460	Yeah. And it'll go longer and longer and longer. But like you said, the shorter that effect,
3003660	3009800	the smaller that effect, it'll feel like really intense for a little while,
3010980	3027300	It'll fade down. But the greater that contrast, it'll stick around for a long time and they'll start, they'll keep telling the stories. We talked about a person who's telling stories over and over and over again. You know, every time they see you, they keep telling the same story and it's like months that has gone by and they're still telling that story.
3027300	3028280	And it's getting crazier.
3057300	3062420	encourage you to keep believing that, which, you know. Yeah. Those echo chambers or the bandwagon
3062420	3067500	effect, you know, where people want to jump on the bandwagon and then we're all on this bandwagon
3067500	3073560	together, you know, don't jump off. Questioning the bandwagon gets you kicked off. Yeah. Or worse.
3073660	3081120	Yeah. And so that's it, you know. I was always amazed in PSYOP to realize that it is the
3081120	3086840	foundation of everything. It's probably one of the most powerful tools we have. We think guns
3087300	3094420	and all this crap is like super powerful. No, those things have no power until we get more
3094420	3100120	robots and AI. But anyway, those things have no power without the people behind them. And so
3101000	3107840	we are physical representations of how we feel and what we are on the inside, right? And that's
3107840	3112460	one of the things that I learned from ninjutsu is our physical reality tends to be a manifestation
3112460	3118360	manifestation of who and what we're feeling on the inside. So you want to know how a person
3118360	3123360	thinks and you want to know how a person operates. Just look at how they're operating in the world
3123360	3127420	and then track that backwards and you'll start to see who they are deep inside.
3127640	3128840	As above, so below.
3129000	3135360	Yes, exactly. Exactly. And that's really what we have to recognize. So then if we know that,
3135360	3141480	then we know bullets don't fly and bombs don't go off unless the people behind them are actually
3142460	3147200	orders, and then there are reasons why they might give those orders. And those reasons are based on
3147200	3152660	how they perceive the world. And so if you're manipulating and influencing how people perceive
3152660	3159940	the world, you have the ability to start conflict or end conflict or get conflict to be, you know,
3159940	3166980	like a balance and neutralize, you know. So this is really the overall idea when you're looking at
3166980	3173880	that, the PSYOP ability. And so we realized when we were fighting in, you know, Germany
3173880	3180280	at that time, Hitler, I should say, when we were going against him, like the power of true
3180280	3185580	propaganda, like that dude was like amazing, you know, and his general and the people that he had
3185580	3189440	around him that were working for him. He had one specific guy, I can't remember his name,
3189540	3193380	but this guy was the head of his propaganda. Was it Goebbels or?
3193800	3195320	Say it one more time. Goebbels?
3196980	3201820	Yeah. And this dude was in charge of all of his propaganda and stuff like that. And he was a genius.
3201820	3202980	It was before the internet.
3203100	3203340	Yeah.
3203440	3203600	Right?
3203660	3206720	So you were in this incredible echo chamber.
3206940	3214480	But yeah, they were really the first ones to capitalize on that type of propaganda and create this patriotic.
3214640	3214960	Yeah.
3215180	3220000	And that's often what people think of like, how evil are these Nazis?
3220580	3225700	It's like the individuals who were Nazis, like most of them were just like everyone else.
3225820	3226080	Yeah.
3226180	3230780	They, over time, really, you know, a lot of them were forced to.
3231820	3238520	There's a whole, you know, gamut of reasons, you know, why did that happen? But one of the major reasons was the psychological warfare against their own people.
3238620	3238820	Yes.
3239060	3242440	And it convinced them that they were the good guys.
3242640	3243000	Yes.
3243180	3255500	You know, and that everybody else was bad. And so they attacked it from a very justifiable position. They're like, no, I'm doing the right thing, which was indeed the very, the worst thing.
3255640	3255920	Yeah.
3255980	3260100	But the PSYOP was so great that it convinced them that they were doing the right thing.
3260240	3260500	Yeah.
3261900	3262620	That's scary.
3263000	3263840	It's very scary.
3264080	3266500	And so there are two things that I want to say on that topic.
3266640	3275320	One was one of this really cool video game that I ended up finding a long time ago was introduced to me by a friend of mine who was also training in ninjutsu.
3275460	3278680	And he was like, oh, let me tell you the backstory of this game.
3278800	3280720	And so it was like a ninja game, right?
3281040	3286580	And there was this clan and it had the eldest brother, middle brother, and a sister.
3286720	3289780	And they were like these really badass ninja, right?
3289780	3314780	And the eldest brother was the best. And he went out on this mission. He ended up falling off this roof. He hit his head. And this other ninja clan, rival ninja clan, found him. And instead of killing him, once they realized they were going to interrogate him, but they realized he lost his memory. So they were like, oh, we didn't know who you were. You're actually one of us. And they indoctrinated him in their clan, right?
3315620	3316060	Reprogrammed.
3316060	3321820	them. Right. And so then he so then he started fighting for them. And eventually he comes across
3321820	3324660	his brother and sister and they're like, we thought you were dead. And he was like, you're
3324660	3330740	the enemy. What are you talking about? And so his whole scope of reality shifted. And so what who
3330740	3338320	was originally bad and his enemy became his friend or his his family and then his family actually
3338320	3343740	became his enemy. And so it's like it was this big twist. And I was like, that's really interesting.
3343740	3348400	thing. Like, depending on what perspective we're looking at and what information we're fed,
3349300	3355500	we can be really easily manipulated into thinking that people are subhuman or not human or so on.
3355500	3360360	And I mean, we see that in our country. If we look at our timeline, whoever we were at war with at
3360360	3367300	whatever time, that that group gets a hard rap, you know, all across the board. You know, it didn't
3367300	3372340	matter if there's, if we know some good folks, oh, and you know, well, they're different from that,
3373740	3396020	You know, and we start doing we start bringing up these really questionable things. The other thing is that in our ninja training, we actually have an eight step accomplishment plan, we call it. And the first one is truth is relative. Try to see things from others perspective without losing your own. Try to see things as they really are, but stay tuned in. Right.
3396020	3409780	And so what it says, what it gets us as ninja to recognize is that, yeah, we might have our version of what we deem the truth, but it's relative to my scope and what I do.
3409940	3413620	The problem comes when I'm trying to force my truth on you.
3413700	3415540	And that's what creates conflict.
3415540	3435300	Right. And so so it's saying be very mindful of that. Be mindful of this idea that truth is relative based on my perception and the people I'm around. This is the truth. I but it doesn't keep me from trying to see things from your perspective. Right. Without losing my own.
3435300	3436080	Great advice.
3436320	3437080	Does that make sense?
3437180	3438060	Oh my God, so much.
3438060	3441420	It doesn't mean I have to give up my truth to understand your truth.
3441580	3449020	It just means that I can hold on to mine and I'm still open to sharing and seeing things from your perspective without losing my own.
3449320	3455160	And then I'm also going to try to stay tuned in because our truths are not the only truths.
3455260	3460740	Or maybe there's a part of what you know that changes what I understand about the world.
3460860	3461740	You wouldn't know otherwise.
3461900	3462760	And I wouldn't know otherwise.
3463080	3464700	And that's what I tell people today.
3465300	3470780	how do we beat PSYOP? Because we got to, I say, dude, go out and find somebody who you believe
3470780	3476880	has a different opinion than you and have that conversation and see what they think. Because now
3476880	3484800	PSYOP works well because we are a third party. We're using media and radio and television and
3484800	3489980	this and that. And if you're looking at that, you don't know if it's true or not. We're watching
3489980	3494680	this person on the news and they're telling us this thing and we're thinking we connect with
3495300	3498120	So we think he's telling us the truth or she's telling us the truth.
3498420	3503220	And instead, really what I need to be doing is having a conversation with you directly.
3503300	3503580	Yeah.
3504040	3510680	And instead of relying on this person to tell me how to think, you know, and we have a hard time doing that.
3510720	3514280	So cut out the middleman and go and have a conversation.
3514320	3522660	Now, that's still a different battle because then your belief system based off your news or whatever you're wherever you're getting your information is influencing you.
3522660	3525480	and wherever I'm getting my information is still influencing it.
3525780	3531200	But we have a greater chance of overcoming that when we can debate in person
3531200	3534200	than if we're debating through a television screen.
3534420	3534800	Yeah.
3534820	3538320	Seems like removing the ego is key to all of this
3538320	3540720	because I think that's the one thing that prevents us from doing that
3540720	3543620	because on paper, everything you're saying makes complete sense.
3543720	3543900	Yes.
3543920	3546360	In the real world, ego gets in the way.
3546480	3546720	Yeah.
3546780	3551020	And we'd rather stick to our guns than to, you know,
3552660	3558120	and just listen and try to really picture a different scenario because by doing that,
3558180	3559540	you play a passive action.
3561080	3562540	You take a passive position.
3562660	3562880	Yeah.
3563180	3566980	And most people aren't comfortable taking a passive position, especially when it comes
3566980	3568220	to things that they really care about.
3568460	3568760	Yeah.
3568880	3572500	And so that's, you know, a lot of that is just removing the ego and like, all right,
3572500	3573220	what do you have to say?
3573320	3578960	And really, you know, it's like you said, you'd probably be surprised how much the other
3578960	3584860	person's perspective can actually strengthen your own if you listen, right? Or help you with your
3584860	3591340	own, you know, definitely. Yeah, I totally agree with that. And I think that's really important.
3591580	3597660	I had this conversation with somebody before and, you know, I'm just being bare and raw,
3597820	3603140	but I had a friend and, or I have a friend and I remember I'd never been to his house
3603700	3618780	And I go over his house and, you know, I'm a kid from New Jersey and so on and so forth. Don't know much about the, didn't know much about the South until I moved to the South. And still, I was still sheltered because I was in the military and that's a different environment, different culture.
3619660	3625100	and I end up going to this friend's house and he had a Confederate flag hanging on his wall right
3625580	3633040	and I was like whoa you know I thought I thought this guy like I didn't know he was like that
3633040	3637940	yeah and I was like wait a minute like what like everything I've known this guy for years
3638520	3642500	and everything he's ever done in my life has been super positive and we've been
3643500	3648980	to connect and so on and so forth. So I went into his, we were in his garage. I went into his little
3648980	3654480	room and he was there and I was like, Hey, like I saw the Confederate flag out there. Is that,
3654540	3658980	what are you, what are you doing with that? You know, the way I, from what I know, it's, it's,
3658980	3666140	it says, Hey, that you are, you, you believe in the support of a group that says that, you know,
3666140	3672840	my culture, or at least the black culture could be, you know, suppressed and like held down and
3673960	3700620	And, and he was like, oh, oh no, no, that's not, that's, that's not where I can, when I came up, this was like a symbol of pride for the South and this, that, and the other. I, that's not what was taught to me. And we had this long debate, right? And at the end, there were some things that we agreed on and there were some things we didn't agree on. But the one, the one thing we could agree on was that we loved and supported each other.
3700720	3700900	Yeah.
3700900	3716240	Yeah. And that that was not. And he even was like, do you want me to take that down if it makes you feel bad? And I was like, after this conversation, actually, no, man, this is your house and so on and so forth. But I feel much better knowing that that wasn't the perspective you were coming from.
3716660	3741100	But if I had just said, oh, no, you know, F that guy, you know, he's this and other, he's racist, blah, blah, blah, then we would not have been able to get through. And we're still friends to this day. And again, when I say support, I mean, this dude has supported me on so many different things in so many different ways. So his actual actions and the way he really operates in life is not like that at all.
3741100	3762640	But he came from a different perspective and a different background. And so we all have our shit and we have to recognize that we all have our shit. We're all dealing with stuff. We all have these beliefs that we haven't really deeply examined that comes from where we come from or what we and and sometimes those things we just do things and don't really deeply examine them.
3762640	3774140	And then somebody calls us out and that's where the real work begins. We have these conversations and we say, OK, well, let me let me have this deep conversation with you about this thing and then we can get through it again.
3774140	3786980	Again, if I let the flag dictate who my friend is because this guy I've known for years who supported me in all these different ways, then and now I'm using that as a means to say all that doesn't exist anymore.
3787080	3791220	And at all this bullshit, the only thing that matters is this and not have a conversation.
3791560	3797940	Then I thwart any growth that could ever happen versus us having a growing moment together.
3797940	3810640	He and I and him recognizing that that made me feel a certain way and apologizing and me recognizing that that wasn't where he was coming from and apologizing and still not agreeing 100%.
3810640	3811620	I'm not saying that.
3811720	3811800	Yep.
3811900	3815560	But agreeing enough to where we were able to stay friends.
3815740	3816000	Yeah.
3816040	3817440	It isn't binary, these things.
3817580	3821600	You know, the human spectrum of all the stuff that we're talking about.
3821740	3822100	Yeah.
3822180	3826620	There are an infinite number of variables that impose themselves.
3826740	3827160	Yeah.
3827940	3835000	Being somebody, whether you're a magician, whether you're a PSYOP expert, you're looking to figure out as many of those variables as you can.
3835220	3835440	Yeah.
3835560	3837100	But there's still variables you didn't plan for.
3837220	3837540	Yeah.
3837600	3840760	There's still things that will take you off guard and be like, well, I didn't plan for this.
3840760	3841480	I didn't prepare for this.
3841520	3841640	Yeah.
3841720	3842460	And understanding those.
3842680	3842960	Yes.
3842960	3847260	Will actually help you on, you know, the future with the future things.
3847420	3847700	Okay.
3848640	3851760	Dude, thank you so much for sharing all this about the PSYOP stuff.
3852040	3854480	And I'm, I mean, endlessly fascinated.
3854480	3863200	I could talk about PSYOP for the rest of this podcast because it relates so closely to what I do.
3863400	3864740	We definitely have to do a part two.
3865620	3871900	But I do also want to get on to some other interesting things because you lead such an interesting life.
3873120	3879300	The next thing I want to talk about is your relationship to remote viewing.
3880160	3899400	Now, as some of you know, if you guys aren't aware, I spent a year researching remote viewing, practicing it, meeting some of the people who are the figureheads of remote viewing, Edwin May and McMonigle and Ed Dames and even Uri Geller.
3900400	3905860	all these people who really taught me quite a bit and Brett Stewart. And it was just so fascinating.
3906440	3912840	And I went into it a skeptic, knowing magic, knowing techniques and confirmation bias and
3912840	3918760	cold reading and this stuff. But after seeing the results myself, I came to the conclusion after
3918760	3922540	looking at the data, because there's a lot of data, that there was something there. There's
3922540	3923280	There's definitely something there.
3924180	3934960	How did you, knowing what you know, because almost having a magician like mine, how did you get into remote viewing?
3935000	3937640	And what happened to make you believe in this?
3938180	3945400	So I was already kind of down the remote viewing rabbit hole to a degree with my ninjutsu.
3945400	3955720	So the ninja had these nine abilities, this kuji, you know, these syllables, these nine syllables or nine powers that they worked in.
3955980	3966040	And this came from originally it was tradition that came out of India and then into China and Tibet and then to Japan.
3966120	3971060	And then they kind of wove their views and different things and had these different practices.
3971060	3986400	And the ninja were these villagers that used that as a means to help them survive and thrive in this society that really wanted to destroy them. And so one of the abilities is remote viewing.
3986400	3999400	So I remember having conversations with my teacher, this guy, Stephen K. Hayes, and he was saying, hey, there was this time when the Army and the military got really into like this thing called remote viewing.
3999500	4010000	We know it as something different, just like Coogee 6 or 7, you know, and we worked it from a different angle and they wanted to kind of see what I knew about it.
4010080	4011780	And they had me fill out all this paperwork.
4011880	4015440	And it was actually through the Air Force with Dale Graff.
4016400	4022260	when Del Graff was working, he was interested in it before he actually took over the unit for the
4022260	4028560	Army. And so he did some stuff and he was talking about that. So I was still very physical at the
4028560	4034280	time. And so the spiritual stuff was exciting, but not as exciting as the physical stuff.
4034560	4039760	And so he talked about it. We did some meditations and stuff, but then that was it.
4040320	4047300	Well, later on in my life, I came to this point where I'm teaching at my different martial art schools that I own.
4047560	4057220	And I would see children now are all into these animation characters and they would run around and they would do these mudras and they would act like they were like summoning dragons and stuff.
4057380	4058720	And I'd be like, man, this is cool.
4058800	4064220	This is like they it was these ninja cartoons and other cartoons like it that was using this lore.
4064520	4065740	Naruto, Dragon Ball.
4065780	4068820	Yeah, that comes from this actual stuff, you know.
4069760	4074040	to have these conversations like, hey, kids, you know, you can really we got things like that in
4074040	4079760	our art, you know, and they'd be like, really? Yeah, show me, you know. And I was like, huh?
4080700	4086880	Hmm. Well, if I wanted to show them, you know, how did I learn? And I was like, well, I spent 25
4086880	4091520	years with my teacher and doing stuff and diving into this on my own and leaving New Jersey to
4091520	4097020	move to Ohio to train my teacher in the woods and everything else. And I'm like, OK, kid,
4097020	4103600	train for 25 years with me and I'll get you there. And they're like, oh, I'm going to go back to
4103600	4111360	doing my pretending. And I was like, well, if the youth are the next generation, if I really want to
4111360	4117900	get them to understand and not lose this knowledge that I've worked so hard to gain and others have
4117900	4122740	too, we need to make it fun and exciting and something easy where they can have an experience
4122740	4128500	right now with that truth and then be able to thrive and grow and thrive in that experience.
4129420	4133560	And so I said, well, who's out there doing stuff like that? And then remote viewing came back.
4133980	4139160	And I was like, oh, OK, well, maybe I should get involved in that and really see what protocols
4139160	4144520	are out there. And started looking into that and found my first teacher, Paul Smith, who
4144520	4150680	is an amazing gentleman and he knows so much about this field. And then that led me to
4151480	4157680	another mentor, Tom McNair. And then that led me to another mentor, Bill Ray. And then I trained
4157680	4163260	under Joe McMonagle and took his classes. And, you know, I've been taking some of Len Buchanan's
4163260	4170480	classes. And so I just started gaining this knowledge. And the goal was, how do we get
4170480	4177900	youth to have these experiences in a controlled manner that allow them to explore this and then
4177900	4183260	hopefully grow up with this you know because a lot of the people i talk to find it much later in life
4183260	4189760	you know and and but if we can get little ones to really enjoy and grow in that power then that
4189760	4196460	would be ideal and that also led me to mind sight too um that same quest so yeah is that like the
4197340	4205980	hot pink or red or something yes it is the hot pink uh is that green yes it is okay orange yes
4207900	4213740	in a row that you have gotten right. Is that something you find? Because obviously with the
4213740	4219400	talk of psionics and this recruitment, they're saying they're recruiting these children from
4219400	4224440	all around the world who have been in traumatic events. And have you also seen a correlation
4224440	4233020	between the strength of the psi and the age of the student? I would say yes. I think that
4233020	4238080	that the kids that I, there's a weird dynamic happening
4238080	4241820	because there's still so many adults who don't believe, right?
4242160	4246100	And youth are mirror, they're mirror neurons,
4246240	4249800	which help them succeed and adapt to life.
4250060	4252300	They're watching the people in their environment
4252300	4254460	and they're gaining a lot of their perspective
4254460	4255780	based off those people.
4256680	4260560	And so chances are, if mom and dad really don't believe in this,
4260580	4262740	that kid is going to have some struggles
4263020	4267900	really understanding, even if they have an event, if they have that first timer effect where they
4267900	4273160	just like knock it out of the park after that, it may diminish because their environment doesn't
4273160	4279720	support it or doesn't really talk about it or do it or whatever. And so I have seen that youth
4279720	4287540	are willing to try a lot easier and dive in and have success. But I also see diminish it,
4287540	4293940	diminish in some youth based on the fact that their family doesn't, you know, follow that script.
4294840	4300960	And here's a perfect example of that is that I had these kids that I was working with. I call
4300960	4306800	it gut training, so I don't cross any lines or anything with other type of belief systems and
4306800	4311400	stuff. So I just say, hey, we're learning gut training. How do you, you know, which is true
4311400	4315900	self-defense, right? How do I? Instinct. Yeah, instinct. I'm looking at this person who's
4317540	4322260	of their mind and heart. They want to kidnap me and take me away from my family. But they're
4322260	4326560	saying all the right things. Hey, kid, I'm your buddy. You know, here, take this. So I have to
4326560	4331720	use something else to help me feel that out. And instinct in my gut will tell me through this
4331720	4336720	intuition that this person is not right. But my logic brain, because I don't want to use my
4336720	4342560	intuition anymore, because my immediate environment at home tells me that that's crap and we don't do
4342560	4348980	do that, then I go along with it and now I'm gone. Right. So I say, hey, we're just trying to build
4348980	4354540	up that gut and your instinct and get you that that that intuition that you need to kind of
4354540	4359460	survive these threats, you know. But really, I'm trying to get them to a different place. But I'm
4359460	4365200	using that as a means, a vehicle to help them grow. Not to cut you off, but just so everyone's
4365200	4370060	aware, you teach a lot of this stuff. You have you have students of all different age groups.
4370060	4379140	Yes. And you teach the ninja stuff, the mind sight stuff and this particular thing. So just for those of you listening, you've been teaching for how long now?
4380000	4387260	I've had my school in operation for 17 years. I've been teaching for probably 20 years.
4387380	4387560	Okay.
4387780	4388760	Yeah. Or more.
4389040	4396460	All right. Sorry to cut you off, but I did feel like that was important to get out of the way that people understand that like you're not just telling some random kids to like trust their gut.
4396460	4400040	that you have a school and you've been doing this for a long time. I didn't, that was my bad. I
4400040	4404780	didn't, I didn't set that up. Okay. And yeah, no problem. Thanks for going back to, to make sure
4404780	4412740	that, you know, I don't get beat up on the internet. Um, yeah, so that I had this kid in
4412740	4417960	there and they're playing these games and I put a blindfold on and they got to like do stuff and,
4417980	4425160	you know, with the blindfold. And, um, I one day was like, Hey, let's have your moms do it,
4426460	4429900	watching this. And the kids were like, yeah, I want to get mom involved. So they go and grab mom.
4429960	4435880	Mom's come out there, put the mask on. Some moms are doing well. Another mom is doing well.
4436340	4438980	And then one of them takes the mask off and she says, you know,
4440400	4445160	I thought he was pretending this whole time. I thought it was fake. I thought he had to be
4445160	4449880	peeking through the mask. She's like, but you can't see anything through that thing.
4450280	4459460	So then that gave me this kind of that kind of gave me this epiphany of like, wow, you know, what she basically just said without saying was that at home.
4461900	4465380	She's she's thinking it's just all made up and make believe.
4465500	4472720	Yeah. And if he's at home with her most of the time, if he's like, hey, I want to do gut training, she's like, oh, yeah, we don't do that pretend stuff.
4472840	4475060	You just do that when you're at the martial arts school.
4475060	4494140	And that could potentially shut down that youth wanting to explore that and wanting to grow in that. And so, again, that was my initial way into me wanting to get deeper into remote viewing. But also for me personally in my life, I am truly trying to follow this ninja path.
4494140	4520740	And so these nine abilities that they had, I'm really trying to embody that and then go down that goes through the process of doing that, because this was these nine. Once you obtained or was able to really, really grow in these nine abilities, it was what they call you. You become what they call a Tatsujin, which is like this fully actualized human being. Right.
4520740	4522420	Right. Well-rounded person.
4522460	4544480	And I also study and train in yoga. And, you know, we have the gross plane, the subtle plane and the causal plane. And you you exploring all of those and really getting to a point where you embody all of those takes you to this other level where you're in this really you're fully actualized human being.
4544480	4554840	You know, you're somebody who can really explore all aspects of what it means to be human, which is the term yoga, which means to join or to or union.
4554960	4558100	Right. You're joining all of who you are together.
4558240	4568500	So it's not just me being physical or it's not just me being gross and gross, subtle plane or or a gross plane or is not me just being in the subtle plane.
4568500	4583160	It's me weaving together all those in a very nice balance and really fully exploring what all that means and how they all interrelate, you know, so that we operate very well and efficiently and to our greatest potential.
4584340	4588600	And that's what my goal is personally for my own life.
4588600	4604020	And I see that if I can give even a little one, one extra taste of another aspect of their, you know, multidimensional nature, then I've done my job, hopefully as an instructor or a teacher for that person's life.
4604020	4621720	And I've also helped bring into the world someone who's going to be a more powerful being who hopefully fights for, when I say fight, I don't mean like, but, you know, really pushes for more light in the world and more love in the world.
4621720	4625440	because they recognize their own full,
4625540	4627240	they recognize a little bit more
4627240	4629260	about the magnitude of who they really are,
4630000	4633100	which helps them recognize the magnitude
4633100	4636080	of what they really are in the grand scheme of things
4636080	4638180	and how all that connects to one another.
4639060	4639540	Wow.
4639680	4642120	I mean, that's a lofty goal.
4643260	4645940	But I think, you know, I've seen you,
4645960	4647100	I've seen the videos you've sent me
4647100	4649000	where, you know, you're with your students
4649000	4650580	and they're doing the Mindsight things.
4651720	4655020	unaware, there are these things called mind folds, which are like blindfolds, but better.
4655580	4660740	They're completely blackout. I use them actually for meditating because no light gets into these
4660740	4664440	things. There's no peeking. Like, I mean, okay, sure. There's ways that you can probably rig it
4664440	4668840	up. I'm a magician, right? Like, I mean, I can, I can make a blindfold that I can look through.
4668920	4674520	Okay. But that's not what these are. And it's completely dark, like no lights getting in.
4675820	4678080	and these kids and these students,
4678180	4681760	what they're doing is they have colors in front of them
4681760	4685240	and then they have a pile of like cardboard papers
4685240	4687880	or whatever and they're kind of sensing somehow,
4688120	4690500	perceiving, in some cases, I guess,
4690520	4692820	even seeing in their mind's eye
4692820	4695260	what colors these papers are
4695260	4696680	and they're putting them in the right piles.
4696860	4699060	And there's some examples of that
4699060	4701140	in the telepathy tapes as well,
4701220	4703100	which was really cool to see.
4704520	4711500	And, you know, when I see this, man, like I'm not alone in thinking and being skeptical when I see this.
4711540	4711700	Right.
4711760	4718040	Because if I've seen some pretty incredible stuff and when I look at that, I'm like, that's so insane.
4718120	4718560	Yeah.
4718680	4725660	That like my brain glitches out and it goes straight to Occam's razor and Occam's razor tells me you can see it.
4725720	4726040	Yeah.
4726140	4726620	You're cheating.
4726700	4727060	Right.
4727160	4727880	That's Occam's razor.
4728120	4728240	Yeah.
4728240	4744480	But in this case, they're not. And it's just so hard to reconcile as an adult who has a view of reality, walks around every day. It's hard for an adult to reconcile that. How does that fit in my reality now? How does that even work?
4744480	4761120	So when you're doing these exercises, do you, first of all, this has happened to you too. You practice this. What is that like? Is it a sensation? Is it a vibration? Is it a sense? How does that work?
4761120	4769660	work i think your your question is huge and it has many layers to it and the first layer is
4769660	4775420	when we look at it and we think it's got to be something more i don't understand you know
4775420	4783680	there was a time i would stray to say in human history where that wasn't that wasn't the case
4784500	4805760	Oh, the shaman, the this, the that, those coming in. This is my theory. I think it's a little more than a theory, but I want to stay open. Those coming in, the children, spent most of their time with those going out, the grandparents and these tribes and these small communities or groups or whatever.
4806660	4828940	And the grandparents, the kids have this unique perspective because they're not really bound by the world. And then the grandparents, those who are going out, are losing their binds of the world. They're going back to source and these guys are coming out of source. And then the people in between, the parents, are hunting and fishing and building and doing those things.
4828940	4850780	They may still believe in those things, but they have things that they got to do to make sure that the village survives. So the youth are getting trained by those individuals, these older individuals. And then as they come into adulthood, they have that understanding already. I think it was supported back then. And then they had shaman and medicine people who were helping. And so they were a lot more in tune.
4850780	4864440	Hmm. But now in this paradigm, you know, we we are a lot more skeptical because we live in this kind of materialistic, reductionistic society and science has really helped us come along in some ways.
4864440	4889000	But I mean, you know, we've had all of these experiences in science where we thought shit was not real, where we said it can't be, that the earth goes around the sun, that there is no such thing as things in the air called germs we can't see that can infect people and do all that stuff.
4889080	4892020	And we'll kill you for it if you say it again, you know.
4892020	4901060	know, and then somehow that flipped over. And so I only wanted to talk about that point because,
4901120	4905240	you know, there are people who still say, no, no, no, that can't be, that can't be,
4905320	4910160	it's gotta be them tricking and playing and so on and so forth. But then that maybe,
4910300	4915640	I don't think that's how we always thought. I think that was probably the minority at some
4915640	4920260	point in time. And the majority was like, yeah, of course, you know, like, yeah, we can talk to,
4922020	4926520	man who said, oh yeah, the ancestors used to talk about like, how did you know you could eat that
4926520	4931760	plant in that one? Was it just that everybody died who ate that one? And then enough people said it.
4931940	4936980	And then they said, and these guys would say, no, the plant told us. And now we have all this
4936980	4941260	research coming out that's saying like plant or these sentient beings and that they're communicating
4941260	4945820	with each other and that, you know, there's mycelium under the ground that's telling this
4945820	4950780	tree over here and this tree a thousand miles away, like what's on its way. And we can prove
4952020	4957960	But these old ancient people were saying, oh, yeah, they're like, oh, you're just figuring that out.
4958940	4968880	We've been writing about this and telling it in what we call in Japanese martial arts, the okuden, like this verbal transmission for generations.
4969460	4970960	But you're just figuring that out.
4971280	4974820	Yeah, we don't need to understand the science to use it.
4975060	4975380	Yes.
4975520	4976000	Yeah.
4976360	4978340	Or to have, I mean, what is faith?
4978400	4980600	To have that belief that it's there.
4982020	4989480	understand that. But I wanted to definitely preface that and say like, okay, yeah, there's
4989480	4997060	that. And then there's, okay, well, what is happening when I do my mind sight, when I do
4997060	5003120	my remote viewing? And I can tell you, it's really odd. It's a knowing. And a lot of people have been
5003120	5007400	using that the more I've been in this circle where it's just a knowing. And I remember my teacher,
5007400	5015400	Paul saying, Paul Smith, he would say, if you think that it is this color or it's the shape,
5015540	5021200	this shape or whatever, you're probably wrong. If you feel like it is, though, you're probably right.
5021900	5026780	So if you're like, I don't even understand why I'm writing. I don't know. I just feel like I
5026780	5031380	should write square. And I don't know. And I've seen people when they first learn, they go through
5031380	5035980	that I don't know stage. What do you mean? Write something down. Yeah. Tell me what's in the box.
5037400	5039960	Just write the first thing that comes to mind. No, I don't understand.
5040380	5043700	You know, and they just start writing and they're like, I don't get it.
5043720	5047700	What am I supposed to be writing here? You know, well, what what what colors come to mind?
5047800	5054020	Oh, blue. But why? Why? Why blue? Black. Why black? You know, and they just they're just fighting it.
5054080	5059480	Their logic is just like resisting. And then you open the box and they're like, holy Jesus.
5059780	5065320	That's what happened to me. That's it. That's it. You feel so silly doing these things.
5065320	5074380	Yeah. And, you know, there is that that that sort of detachment from what it used to be, where you used to be like feel empowered with these things.
5074480	5077420	Now you do feel silly, like, you know, you're forced to feel silly.
5077500	5080280	You're kind of bullied into thinking that this isn't real. Right.
5080320	5087760	So I remember doing the sessions and during the sessions, I would always like I'd meditate and I'd feel good. Right.
5088040	5093840	And and like like you said, like sometimes you just know you're like, oh, that's a I'm getting a really good feeling about this.
5095320	5099200	And then as soon as it's done, I'm like, ah, and then it's time to open the envelope.
5099240	5103460	And I'd always be like, oh no, that's probably all wrong.
5103780	5107300	And then the doubt would sink in and then I'd be like, no, this is stupid.
5107360	5107840	I'm stupid.
5107960	5108420	What am I doing?
5108580	5109420	This is not going to work.
5109560	5110580	And then I'd start doubting myself.
5110780	5115340	But then I'd open the envelope and sure, lo and behold, I was like, whoa.
5116400	5120700	But I'd go through that doubt phase after, not during.
5121100	5122600	It's just right before opening the envelope.
5122660	5123880	And I'm like, oh, I'm going to look so dumb.
5125320	5129800	face like this is gonna this is gonna suck yeah and yeah it turns out that like that that knowing
5129800	5136720	really does translate and another thing i found is like after doing it a lot you would start to
5136720	5142440	recognize that knowing yes and that's the practice yeah and i i only found that out after because i
5142440	5149380	was like how do you practice just like gut checking things and well you remember how it is you felt
5149380	5154300	when a piece of information gets confirmed you remember what that felt like when you perceived
5155320	5159060	And so when it happens again, you go, oh, and you get excited and then you do it and then you find it.
5159100	5160800	And it doesn't always match, but sometimes.
5161000	5169400	And then you start to build a sort of repertoire of these senses and how that, you know, how those made you feel.
5169720	5174780	And but I also found it that relying too much on that isn't good either because then you start getting overconfident.
5174800	5177160	The ego gets in the way and it's so touchy.
5177460	5177820	Yeah.
5178800	5179160	Yeah.
5179160	5186520	Yeah. And that's and I mean, that that can be related to how does a person know when they shoot a three point shot that it's going to make it.
5186640	5193960	And when you talk when I played basketball and then also talk to people who play basketball, there'd be times I remember this guy.
5194120	5197760	He almost all the time from the three the free throw line.
5197960	5202640	He'll he throw this thing up and he would make it in there.
5202900	5207920	Right. And then he got to a point where he would just come down the court, throw it up, turn around, run back.
5209160	5212860	just make it. And we all, I'm sitting there in the center, like waiting for the rebound,
5212940	5217740	waiting for the rebound. And then I look over and I see him walking back. And then I look up
5217740	5222520	and it's like, and I'm like, how did that dude know? You know? And they'll just say like,
5222620	5226860	I don't know. I just know when I, it just feels, everything feels right when I put it in the air,
5226900	5232080	but they still sometimes miss, right? But they get better at recognizing that sense,
5232200	5238060	recognizing what it feels like when, when the knowing is happening and that, and giving us
5239160	5242880	to understand that. It's a story that I have that came to mind when you were saying that,
5242960	5248860	where I had an employee once and I noticed he would get this one meal and every time he would
5248860	5253480	get this meal, he would start, he would gargle a little bit when he talked, like he had phlegm in
5253480	5258160	his throat and I was, and he'd start coughing. And one day I said to him, I said, you know,
5258180	5265340	did you ever notice when you eat that, that meal you're eating, that you start getting a lot of
5265340	5270520	phlegm and you know you start coughing a lot and he was like no I don't think
5270520	5275740	that's he's like not ever noticed that and I don't think it's there and I was
5275740	5279180	like okay cool and I just went on about my business and like a month later he
5279180	5283160	comes back to me he said you know what since you said it that one time I've
5283160	5288360	been paying attention and every time I eat it I get tons of phlegm and all this
5288360	5293520	stuff and so yeah that changed my perspective right so I brought his
5295340	5299660	And he was aware enough to go back and like pay attention to it.
5299740	5308560	And then he was able to work something out where now he knows that he's not going to feel too well after he eats this meal, you know.
5308620	5315680	And that sometimes is why having a good teacher is important because they can help you have those moments.
5316840	5323180	And or just being able to be mindful and pay attention to what's what's happening in your world.
5323180	5332040	And that's part of the growth in these skills is having that awareness of when the knowing is happening.
5332180	5334480	Because at first it's like, I don't know what's going on.
5335120	5344120	And then after a while, you start having that moment where you're like, oh, every time I kind of feel this little thing, then that's happening.
5344240	5345720	And we see that with the mind sight, too.
5345780	5348980	We'll have people like use their hand and they'll look for things.
5349280	5352700	And I talk to people and I'll say, hey, like, how did you know?
5353180	5357500	Like, oh, one kid was telling me they feel like somebody pressing on their hand.
5358040	5359620	And I was like, oh, OK.
5359960	5362320	And then I've had kids who start with it.
5362360	5363100	They're like, I don't know.
5363180	5364180	I just knew it was there.
5364420	5367500	And then later they'll be like, you know, I was thinking about what you said.
5367580	5371160	And every time I get over the bag, it gets my hand gets really cold, you know.
5371280	5372760	And I'm like, oh, OK, cool.
5373000	5375700	Let's, you know, let's pay attention to that for next time.
5375780	5375980	Right.
5376040	5377320	And they are paying attention now.
5377320	5385080	So and then their stats get higher and higher because now they have the understanding of what that signal is and then go from there.
5385240	5388620	And then there's this thing where, you know, we call it your language.
5389820	5395700	Sometimes their language change. So now it's not cold, but it's hot, you know, and then they're like, oh, man, I'm getting it wrong.
5395820	5398720	I'm getting it wrong. And then they start getting them right.
5398780	5400580	And I say, well, what happened between when you're getting it wrong?
5400660	5402560	Well, I remember it used to get cold.
5402640	5406480	But then today, for whatever reason, it's not getting cold anymore, but it gets hot.
5407320	5417240	And so I started choosing hot and then I was getting them right. And it's like, oh, OK, well, isn't that interesting that we change as individuals from a day to day basis? Right.
5418200	5428480	You you have different days where you're susceptible to more things or you feel different ways based on how you went to bed, how much sleep you got, maybe what your chemistry is on that day.
5428480	5440920	And we do know that that's a fact that nobody you're not your constitution isn't always 100 percent the same as the day before as it is today based on all of these this balancing act that's going on.
5440960	5456060	The signal is so faint that any like little bit of lack of sleep or you ate too much or you're not feeling too well, like any of that is going to affect the signal or sort of how you perceive the signal.
5456120	5456500	Right.
5457200	5457720	Right.
5458480	5461360	Is there, okay, I'm so fascinated by this stuff.
5461520	5463080	There's so many things I want to get to.
5463140	5466700	But I do want to transition from here in a second.
5466900	5469520	But first I want to ask, just for the audience at home,
5469580	5473460	is there like a cool remote viewing story that you have personally that you did
5473460	5475280	that you like knocked your socks off?
5475680	5477440	That knocked my socks off?
5479180	5481180	I would say it's when I watch other people.
5481600	5484060	There are several people I know that are really, really good.
5484060	5492240	But I'd say probably the time I was the most impressed with my remote viewing was the time I was the most stressed.
5492800	5496840	And so I was trying to get this homework done for Paul.
5497020	5499400	He has this like his program super intensive.
5499620	5500000	It's amazing.
5500280	5503560	You know, you got a bunch of homework you got to do once you get done with the program.
5503660	5507660	And the only way you can make it to the next level is if you do all that homework.
5507660	5514900	work. And, and so I believe, yeah, it was, I was about to take his level two as intermediate course,
5515060	5519940	but I had like one more homework assignment done. And I was in, I'm in school for integrative health
5519940	5525620	medicine. I'm, I got my businesses, I got all this stuff going on and I just wasn't able to get that
5525620	5530820	last one done. And it's only like two days before I'm supposed to fly out. And so I'm thinking he's
5530820	5537560	going to either make me do it when I get there or whatever. Excuse me. So I'm like, oh man,
5537640	5541720	I got to get this done. I'm stressed. I'm like, oh, you know, I got, I got like five minutes,
5541740	5545700	maybe 10 minutes to get this thing done. And, you know, but when you do CRV, it's a pretty,
5545760	5549540	it could be a pretty lengthy process you got to go through. So I'm like, I'm going to just have
5549540	5553100	to do it. And whatever comes out, comes out. And then at least he'll tell me I'm wrong,
5553200	5557380	but I'll have it in, you know, like, so I'm gaming it in my mind and I'm sitting there,
5557380	5558160	I'm at the table.
5558180	5558940	I'm super stressed.
5559100	5560000	I don't do a cool down.
5560180	5561200	I don't try to get in the zone.
5561340	5562820	I'm just like, all right, here's the numbers.
5562920	5564460	And I'm writing it down.
5564500	5565640	I start speeding through.
5565780	5566900	I get to like four pages.
5566960	5568180	And then I'm like, all right, I'm done.
5568260	5569180	I'm just going to submit it.
5569240	5570680	And I opened the thing up.
5571200	5573420	And that was the best remote viewing I've ever done.
5574200	5575380	And it's like, whoa.
5575540	5582080	So all the times when I like tried to get in the zone and like sit down and take my time and focus.
5583060	5583380	Yeah.
5583380	5590580	I didn't do as good as when I was like under pressure and, you know, just didn't care.
5590860	5593840	This goes back to this goes to another story.
5594000	5598620	So I'm going to segue into the story about when I got my fifth degree black belt in ninjutsu.
5598840	5603240	So I'm going for my I failed the first two times I went for this test.
5603700	5607340	So we in ninjutsu, we have the five elements, right?
5607340	5611840	right? This five elemental manifestation, which, you know, you can find in Chinese stuff and in
5611840	5622380	Indian Hindu faiths or beliefs. And so we have these five elements and getting to your black
5622380	5627760	belt, you go from earth to water, to fire, to wind, to void, right? And then you get a black
5627760	5633000	belt and that's the mastery levels. And then first degree black belt is advanced earth. Second
5633000	5635460	Second degree is advanced water, advanced, you know.
5636000	5637120	So here I am.
5637300	5640460	I'm at this, you know, fourth degree black belt.
5640640	5645600	And I'm in here and I'm trying to, you know, get through this process.
5646720	5650560	And I've been in this kind of like fire mode, right?
5650720	5651920	So I actually use mastery.
5652100	5655860	Then it's second degree is like advanced earth or whatever.
5656060	5658980	And so I'm in this fire mode.
5659100	5662360	And I'm like, every time I come to the test, I'm like super athletic.
5663000	5664620	And I'm like, you know, doing this stuff.
5664780	5666920	And I'm just like all over it.
5666940	5667080	Right.
5667560	5669440	And they're like, nope, you don't pass.
5669880	5670600	You did good.
5671540	5672440	Nobody hits you.
5672520	5674020	You were like connected.
5674260	5674980	You're in there.
5675060	5675960	You're doing all this stuff.
5676060	5677520	But now you didn't pass it.
5678360	5679600	And so I'm like, what?
5679780	5680320	I didn't pass.
5680540	5681360	Like, this is crazy.
5681460	5682620	Like, what's going on?
5683100	5684620	They're like, you need to be more free.
5684700	5685340	You need to let go.
5685460	5687120	You need to kind of just move with it.
5687160	5688660	You need to be a part of this thing.
5688840	5691080	And I'm like, I'm like, what?
5691200	5692020	And they're like, like, when?
5693000	5699460	trying to get to win. You're trying to transition into the next piece. And so I'm like, I don't,
5699900	5704900	I don't get it, you know? So then I try another time and I fail again. And I'm like, and that
5704900	5709520	time I was like really trying to get the stuff down. And I'm like, you know, so I really got
5709520	5714820	to a point where I was like, well, fourth degree black belt is enough. I don't need to be wrapped
5714820	5720020	up in these belt things. You know, I'm not going to test anymore. I'm going to try one more time.
5720020	5721980	And if I don't do it, then all right, whatever.
5722260	5723560	I still love my teacher.
5723640	5724740	I love the people I'm training with.
5724780	5727380	I'll just train and I'm just done with testing now.
5727740	5729560	I'm going to just be a fourth degree forever.
5729960	5735680	So I go to that final test and I'm like, you know, my friend's like, are you going to test
5735680	5735880	today?
5735980	5736740	I was like, yeah.
5736940	5739040	But he's like, are you nervous or anything?
5739200	5739880	I said, no, bro.
5740760	5745080	I'm telling you as my witness, if I don't pass today, it's fine.
5745320	5745980	I don't care.
5746180	5746800	I don't care.
5746920	5748420	Whatever happens today happens, right?
5750020	5755380	that and really laid back and I'm watching all other people test and we have to do run dory,
5755480	5759080	what they call free response. So all these people come out and they're like trying to punch you and
5759080	5764740	kick you and it's not choreographed. You just got to like freestyle, freestyle. Right. And it's not
5764740	5769200	one-on-one. It's like people coming at you, you know, are they actually trying to hit you? Yeah.
5769260	5774300	They got gloves on and they're trying to punch you and you know, for real. Yes, for real. And so,
5774300	5778120	So I get up there and I fix my uniform.
5778380	5783900	I'm standing out there and like all of the seniors, because I'm a senior black belt at that time.
5783960	5785520	So only seniors attack you.
5785540	5786900	So people your level or above.
5787260	5789040	So juniors don't attack you.
5789060	5797660	Normally you don't get like a first degree or second degree because every, you know, the things you might do are too, may be too intense for them at that stage.
5798020	5803760	And so you get fourth degrees, fifth degrees, sixth degrees attacking you if you're going for a fifth degree.
5804300	5813780	I'm saying? Yep. And so I'm out there and they say, go. And then stuff is happening, I guess.
5815420	5821560	And then they are like, stop. And I'm like, and then my teacher comes up behind me, taps me on
5821560	5827960	the shoulder with this sword. And then it's the sword test. And you got to like feel the intention,
5828200	5832440	his murderous intent. And then you move out of the way at just the right time. The first two times
5834740	5839520	and he taps me on the shoulder to let me know that any moment now this could happen and then
5839520	5845980	all of a sudden i just move out of the way and i look to my left and the sword is right where i
5845980	5852060	was standing and then i hear everybody like whoa they're clapping and they're like yeah and i and
5852060	5856720	i'm like snap out of it and my friend runs up to me and he's like bro that was the most amazing
5856720	5863260	amazing thing I ever saw. And in my brain and in my heart, I was like, what the fuck just happened?
5864140	5870520	I lost all time. Like I have no clue to this day. Like when I took my, my, the test the first two
5870520	5876700	times, I can tell you every move I made, every move he made, everything that happened. It wasn't
5876700	5884060	until I let go that, and I really embodied letting go that I became the wind, which is our element
5884060	5886120	where you're like a leaf in the wind.
5886340	5889260	The leaf in the wind is not trying to control the wind.
5889380	5891640	The leaf in the wind is flowing with the wind.
5891740	5894260	Wherever the wind is pushing, that's where it goes, you know?
5894500	5896080	And I was like, and that's what happened.
5896160	5898160	And then my friend Rick comes up to me and he's like,
5898220	5900800	bro, I thought I was going to make you fail.
5900940	5901780	I said, how?
5901960	5904880	He's like, there's a time I was like,
5905300	5908780	I just was in the energy of everything that was going on.
5908860	5911240	I came up, I saw you, I went to punch you.
5911380	5913480	And I was like, oh no, he's not going to move.
5914060	5918040	from right in the face and it's going to make him fail his test. And he's like, I, he's like,
5918080	5923940	I didn't know what to do. I was just like, it's coming. I put everything into that punch. And he
5923940	5929060	said, and you disappeared. And I was on the floor and he said, do you remember that? I said, no,
5930640	5935480	he was like, it was amazing. I was on the floor. Like, how did I get here? And I'm like, I'm like,
5935600	5940020	whoa. I'm like, are you sure you were trying? He was like, bro, I thought I was going to be the
5940020	5946000	the reason you failed. And he was like, and then you were just gone. And I was like, wow. And I
5946000	5952080	didn't think about anything. I just knew my body knew what it needed to do. You know, I was beyond
5952080	5958860	re I was beyond reasoning or thinking through the thing and having to do the thing I had let go.
5959040	5963200	Just like in that moment, I'm like, Hey, I don't care. You know, I just got to get this done.
5963420	5968420	I'm I'm I got to get it turned in Paul so I can do this class. I don't care what, whatever comes
5970020	5974640	probably going to get it wrong. All right, whatever. Boom. So it's the best one I ever
5974640	5981820	did. Two things. Yeah. Stress and letting go. Letting go. So those two factors. That's
5981820	5988940	really interesting. It's almost like this neutral mind state. Yeah. Under duress. Which
5988940	5993780	that's a hard combo. Which obvious, which oddly Jake Barber talked about it. That's
5993780	5996920	that's where I was going. Yeah. That's exactly where I was going. They would induce stress,
5996920	6001420	but also like calm you down and like so that's like the pocket that's the zone that's the zone
6001420	6010240	wow okay interesting um all right let's get into talking about um let's get into talking about
6010240	6018060	side games yeah i'm really excited for this uh side games the pretty much the psychic olympics
6018060	6022500	is the elevator pitch as we said yeah which is amazing a lot of amazing speakers are going to
6022500	6028080	to be there. Who else you got there? You got, you got Sean Webb's going to be there, Chris Bledsoe.
6029700	6032660	Thomas Campbell, Tom Campbell. Oh, wow. Tom Campbell.
6032720	6036120	Yep. Diane, Dr. Diane Powell. Wow.
6036400	6038920	Yeah. So we, we have some big names. All-star lineup.
6039120	6045560	Yeah. All-star lineup of people coming to talk and to share and teach like yourself.
6045780	6049240	Yep. Yeah. I'm coming to do some, I'm coming to talk about, you know, some,
6049240	6055700	some stuff correlating to the art of magic, and that'll be a lot of fun.
6055820	6060680	But I think for the most part, what I'm mostly excited about is for the very first time,
6060780	6067040	we're going to have or see a competitive psychic event.
6067660	6071880	Can you walk us through what exactly that's going to look like?
6072460	6072920	Yeah.
6074100	6076100	You mean the games themselves?
6076100	6100160	So the games I can't really expand upon just to make sure people don't start like cheating and training for the game. So we're kind of keeping those secret. But on the website, we do have like a brief synopsis of what it might be about and give you some practices that you can do meditatively to kind of help you get better at the skill you will need to.
6100160	6106620	Can you let us know what the categories are?
6106740	6117400	Yeah. So there are five categories and they are remote viewing, mind sight, precognition, psychokinesis, and pendulum dowsing.
6117560	6126420	And so I chose all five of those because the more you talk to people, it seems like they kind of share like a common thread between all of them.
6126420	6133140	Like if you talk about remote viewing, some people think that it has a lot to do with precognition, especially if you get your feedback.
6133440	6136440	You know, you might be seeing the future, your future feedback.
6138180	6142320	Mindsight, if you do that enough, sometimes you don't actually see the item.
6142540	6144280	You actually just know it's a cup.
6144720	6145700	You get what I'm saying?
6145800	6150340	So you're like, you got this local awareness, almost like remote viewing would be non-local awareness.
6150600	6154300	You know, you're feeling or perceiving something at a distance.
6154300	6157460	And so, you know, there's those threads.
6157820	6163200	And so then you got these, we have individual competitions and we have team competitions.
6163560	6174760	And so if you have a team of five people, the person who the team deems is the best at remote viewing will compete in a remote viewing challenges against other individuals from other teams.
6175080	6181040	And if you are the best in my side, you know, you would compete in that, you know, the person would choose that.
6181040	6201260	And if you're just an individual and you don't know anybody and you're just like, I do this stuff, but I don't have a team, you can come and you can compete in those different categories against other people who are individuals competing in those categories. So that's kind of how we set it up. And yeah, it's the Psychic Olympics, man. It's going to be great.
6201260	6213500	Right. So what now here's the thing. When when I you know, when you first hear about this, you might be like, you know, I'm sure some of you are like hyper skeptical and like, oh, I mean, this all just sounds this all sounds a little too strange for me.
6213540	6219860	Yeah. But there is a point in doing this. And I really want you to explain why you're doing this.
6219920	6229380	Yeah. Because it goes beyond just the sort of surface level, what this is, the psychic. It goes beyond that.
6231300	6237700	Yes. So that's a really beautiful question. I thank you so much for asking that. Because like
6237700	6242380	you said, we want to take it out of the hokey room and or the woo-woo room, right? And that's
6242380	6248700	the big term now. There's two points or three points, three reasons why I'm doing this. One
6248700	6255780	is I'm a man of action. What's information without action? So right now you have all of this stuff
6255780	6260860	coming out about NHIs and UAPs and things of that nature and waiting for disclosure.
6261120	6263260	But we have disclosure, but we don't, you know.
6264480	6270420	And so the first one of the first things is like, well, you don't really need to.
6270480	6277680	It changes the game when you can actually pick up the phone and dial the person, you know, versus waiting for that person to call you.
6277940	6281640	And to do that, you have to have that number.
6281700	6284000	You have to have that relationship, you know.
6285780	6291380	build the skills that we have, the abilities that we have that allow us to really know what we need
6291380	6298360	to know, that knowing, right? And so, well, one way is that we have to know what the standard is,
6298840	6306600	and then we can start to build on that, right? And that's one of my last reasons, but I wanted
6306600	6313460	to bring it up first because of where we are and what we're talking about. My biggest reason,
6313460	6319000	reason, first it came as a download and I didn't want to believe that it was, it should be done
6319000	6322160	because I was like, nobody's ever done this before. And they, you know, and that's probably
6322160	6327280	a reason, you know, like, cause it doesn't make sense or something, something, and I'm too busy.
6327400	6331760	And then all these synchronicities kept popping up where it kept coming back into my life.
6331840	6333160	When you say download through meditation?
6333660	6339120	Yeah. Well, it wasn't actually like I was in meditation. I was in a moment, I guess,
6339120	6344940	of meditation while I was traveling. And it just popped into my head, like literally, like,
6345600	6351580	as we were talking about muses earlier or the idea of genius, right? Like I'm just sitting there and
6351580	6360640	it's like, side games. And I'm like, whoa, what is that? And I'm just like, whoa, you know,
6360660	6367500	like, what is that? Like, oh, and then details about what it could be, why it would be so on
6369120	6373340	what's going on? I'm looking it up on my phone. Nobody's done anything like this. What? Is that
6373340	6379780	crazy? That's what I started to say. Well, it's too big, too big. I can't do it. And then something
6379780	6384800	else would happen. And I'd be like, well, okay, that, that relates back to this. I can't, no,
6384880	6390240	I'm too big. I can't do that. Something else will happen. And I think the final straw for me
6391440	6399100	was I was listening to George Knapp and Jeremy Korbel's Weaponize.
6400900	6405520	And there was a guy from the DIA who wrote the, he's retired from the DIA,
6405640	6407100	but he wrote Skinwalkers at the Pentagon.
6407320	6408000	Have you read that book?
6408100	6408500	I have not.
6408680	6409760	That's a good book to read.
6410520	6413320	And he was like, and Jeremy Korbel was like,
6413460	6416340	hey, you're talking about NHIs and you're talking about all these abilities
6416340	6421160	and these things, these interdimensional beings might have this and they can do this.
6421320	6422160	Isn't that scary?
6422380	6423940	Isn't that like overwhelming?
6424560	6427480	And the guy said, no, I see no fear here.
6427620	6428960	I see no danger here.
6429120	6433220	He said, a matter of fact, and he's like, I can't say everything.
6433800	6435800	He said, but I will say this.
6436080	6441240	If humans could operate at their full potential, we wouldn't have a reason to be afraid.
6442560	6445800	And I was like, side games.
6447800	6452740	I was like, this is why the side games have to happen. We need to know what those potentials are.
6453040	6459500	We need to know who's operating at one of those high levels. And that will inspire the next
6459500	6465200	generation to move forward with getting better and give people a purpose, a drive, it'll motivate.
6465520	6470280	And this is in a fun way. In our culture, sometimes you say to work competitive,
6470480	6474500	especially in the conscious community. And they're like, oh, no, competitive. We got to
6476340	6477680	Competitive is just a word.
6478900	6484040	And the culture you build around that word can be destructive or it can be inspirational.
6484600	6502580	And so the people who are involved in that culture of competitiveness around love and excitement and the celebration of psychic abilities is what allows us to really create a new paradigm, which allows people to feel OK exploring those and growing in those ways.
6502700	6504960	Right. And when you.
6506340	6511560	You know, if you just say it's all, you know, it's got to be all flowers and rosy and stuff like that.
6511620	6512380	Yeah, it does.
6512480	6514100	I want it to be love and coherence.
6514160	6526140	And by the virtue of us going inside to become better at those things versus outside doing stuff on the outside, going to the expo and listening to, you know, such and such talk and so on and so forth.
6527220	6534460	The fact of we're setting people up to want to get better, which means that you have to do more work on the inside of who you are.
6536340	6541260	talks about that. You know, NHIs and interdimensional beings sound very scary,
6541300	6548340	like me playing basketball against Michael Jordan or going into the ring with Mike Tyson. I have no
6548340	6553300	skills to be able to deal with those folks. You know, like that's really scary. I don't know.
6553360	6559360	Like, what are they doing? Are they scrambling my brain? But when I've mastered those elements
6559360	6565680	that will allow me to walk in that arena, then it's a different feeling. It's a different feeling.
6566340	6570080	only bring that up just as an easy way, not that this is about fighting. I'm just saying that
6571200	6578920	when I have raised my vibration to a high level, to where I see something or I communicate with
6578920	6586260	something, I'm a lot less scared when I know who I truly am. When I'm not sure who I truly am and
6586260	6592820	what I'm capable of and what I'm able to do, then I feel threatened that something else can do
6592820	6598880	you something that I feel like I can't do. So how do we, so just like that guy said, if we knew who
6598880	6607700	we truly were and we could explore who we truly are and we were celebrated for it, then we take
6607700	6615580	the next step. And I think, I think, I always say if, because I have my belief, obviously, right?
6615640	6621600	But as a side of guy, I say if NHIs are a real thing, if interdimensional beings are a real thing,
6623280	6631320	then they're probably waiting for us to do the work, you know, to gain the abilities that they
6631320	6636280	say, oh, okay, these people aren't going to be afraid of me and try to kill me if I show up at
6636280	6643380	the doorstep now. They will know. They will have that knowing. How do I know what this thing is?
6643560	6648700	I just know. How do I know what I'm looking at? All of a sudden, I just know because I've been
6648700	6654260	in this realm of doing the work to get me to have a different way of seeing the world
6654260	6660200	to now I'm not threatened by that. It becomes a threat when it's like, just comes out of nowhere
6660200	6665280	and I'm like, I don't know what you are. Kill it. You know, like, like shoot that thing, you know?
6665280	6670260	But when I realized I can too walk through walls or I can too be in other places or I can too see
6670260	6675440	things that I'm not supposed to, then it's like, oh, I can do that. That's, you know, that's not
6675440	6680240	really that scary, actually. You know, let's have a, let's sit down and have a conversation now.
6680380	6685280	You know, you're, you're pretty interesting. Where are you from? Exorc? Okay, let's, let's go ahead.
6685380	6688800	Let's have some coffee. Oh, you don't drink coffee? Like, what do you drink? You know,
6688820	6696480	that's a different conversation than, you know, it would be if I don't have that. So my thoughts
6696480	6701860	were, how do I bring this to a community? So I started going to these different events and I'm
6701860	6710760	I'm looking around and I'm following, I'm looking at my teacher and all of the wonderful things that my teacher knows, Paul Smith and the Joe McMonacles and all these folks that I've trained with.
6710980	6719380	And I'm like, whoa, not only are these people at these conferences older, even the people who are teaching this stuff are older.
6720180	6725160	and who've done this research over these years and years and gone through all of the ringer,
6725220	6730460	like Dr. Diane Powell, where she was losing her medical license because she was like,
6730540	6733980	dude, I'm doing great research. These guys didn't even read her book. They were just like,
6734080	6738420	oh, you're talking about ESP? You're out of here, you know? And then they read it and then they were
6738420	6742680	like, oh, she's actually done some good research. But that was 10 years later, right? So all these
6742680	6749360	these people have this wisdom, this knowledge, and they, you know, by the timeline of what we think,
6749460	6755060	you know, the human body can live are on their way out, right? In a couple years, 20 years,
6755100	6759980	hopefully, maybe more. I don't want to wish anything negative on anybody, but just the
6759980	6765720	reality, harsh reality, or not harsh, but the reality of the world is that we have a certain
6765720	6770760	amount of time in this physical realm. And then you have these kids that have these abilities,
6772840	6776360	These youth have these abilities and then they lose it or they shut it off.
6776460	6779360	And then I started looking into, well, why are they shutting it off?
6779460	6784360	Because we don't have an arena or a place that supports that in our society.
6784780	6794780	So it doesn't seem like you can make a living or you can connect with other people in a grand way at that age.
6795000	6800700	Other 15-year-olds and 12-year-olds and 7-year-olds are like, oh, I want to play Tekken or this video game.
6802680	6828680	You know, and then you have this kid that can hear things and see things. And then parents are back to my experience. You're just making that up. You're you're faking it. That's not real. You go to your little karate class. I don't teach karate, by the way. But you but most parents don't know. So they like you go to your little karate class, put your little blindfold on and play pretend for a little while. That's cool. That's cute. Yeah, go do that.
6828680	6848400	But then at some point we got to have the real conversation that that's all BS and you can't do that at all. And the only way you're really going to make it in the world is to go out and get a job and do this hard factual thing and then lose that. And then quite often I was meeting people who now are in their 30s, 40s, 50s, 60s, and they have that reawakening.
6848400	6848940	Right.
6849060	6853020	And they say, man, when I was a kid, I could see through walls, bro.
6853100	6853940	You don't even understand.
6854240	6854960	I was like seven.
6855260	6861820	I'm seeing people on the other side of this wall, and I'm trying to tell my mom, and they're just like, nah, bro.
6862600	6862960	Yeah.
6863020	6863740	It's not working.
6863780	6864720	So now I shut it off.
6864800	6865360	There's no outlet.
6865540	6866320	Yeah, there's no outlet.
6866460	6867280	I shut it off.
6867380	6871140	And now here I am at 40, and I'm like, no, that was real.
6871480	6872220	That was real.
6872800	6875080	Now I'm back, and I'm trying to learn it now.
6875080	6880520	out, man, what would the world be like if we had a seven-year-old who had mentorship and support
6880520	6887400	and grew up with that knowledge and was getting guidance from the old ones going out, like we
6887400	6892780	talked about earlier, about all the information they accumulated over a lifetime of research and
6892780	6899520	study, helping them move to this next level, right? Yeah, there's something really special about
6899520	6906440	about the way that that's structured too, because we have the James Randi and win a million dollars
6906440	6909580	if you can prove that you're a psychic, but you're already starting off with a negative.
6909820	6914880	You're already starting off with a very skeptical sort of look at it, which is fine. You'd be a
6914880	6919780	skeptic all you want. But in this particular scenario, it isn't encouraging at all when the
6919780	6926860	audience is laughing at you and there's this whole, it's really built against you. And then
6926860	6930280	Then on the other side of that, you also have what now we're finding out.
6930320	6933060	Well, we had CE5, which was an encouraging thing.
6933100	6937600	But the goal there was to make contact with aliens and make these lights appear, which, again, is cool.
6937780	6940740	And again, that's what we're seeing with the psionics scene with Jake Barber.
6941540	6956960	there's no place that really allows you to push forward this idea in a way that is just beneficial for us.
6957320	6966060	And not simply to win money or not simply to call aliens or to talk to ghosts or whatever, but it's just human potential.
6966280	6967660	And it's encouraging.
6967660	6973400	encouraging and you know what the beautiful part about this is is that i know for a fact that
6973400	6980240	no matter what happens it was for a better cause it was for the betterment of people
6980240	6987160	and what's the harm in that yeah you know what i mean because the second you do that you might be
6987160	6993280	very very surprised by the results yes and then those results you know mark my words now
6993280	6999360	Now, when those results get published and people go, wait, what's happening at this side games thing?
6999500	6999920	Yeah.
7000060	7001300	These kids are doing what?
7001480	7002600	These people are, huh?
7003100	7004480	They got all that right?
7004700	7007180	Oh, they scored a perfect score on this?
7007260	7007740	What?
7008340	7009880	And then the evidence is there.
7009960	7010940	The video is there.
7011220	7020380	The data is there because you're doing this in a way that is pretty much, you know, not in a perfect vacuum because, you know, there are.
7020380	7026880	are, you don't want to do this in a lab because it's no fun, but pretty near. And you've even
7026880	7032040	come to me to make sure that there's no way you can cheat on these things. And as a magician,
7032200	7036400	there's a lot of ways you can cheat a lot of things. So I've helped you really look at this,
7036480	7041480	and you guys have been very vigilant on that. And so right off the gate, you have to get that
7041480	7045180	out of the way. You have to be like, hey, we're taking care of that aspect of it because we want
7045180	7054420	want real data. This isn't to support the idea that being psychic is real. This is once we have
7054420	7060140	the data, then we can jump to that conclusion. Yeah. Yeah. Yeah. And that's and, you know,
7060160	7064640	there's another thing that I've come across when I've had conversations, and that is,
7065360	7069260	well, why would you want to I mean, what does it matter if I could see through walls and stuff?
7069380	7073960	It's like, well, what does it matter if you can jog a mile or not? You know, it's like,
7075520	7082620	trying to fully embody who we really are as these multidimensional beings. I don't have to justify
7082620	7089840	that. I'm just trying to help you get stronger and grow in your own personal life. Because if
7089840	7095780	we have more people looking on the inside, and that part has been not only talked about by sages
7095780	7100920	all across the world and different religions and backgrounds, that when you look inside and really
7100920	7107760	do the internal work, you are better, not just you, but the people, everybody around you gets
7107760	7114520	benefit from that. So we're motivating people through this very fun and community environment
7115540	7123280	and getting them to go home and practice. And the way we practice is not by doing physical
7123280	7129660	things in the outside world. The way we practice is by working on our inner self. And so year after
7130920	7135620	seven or eight or a nine-year-old, and we have an adult division too. So it's not just for kids,
7135640	7140760	it's for adults as well. They're going home and they're working on how to get better at remote
7140760	7144460	viewing. And the way you get better at that is dive deeper into yourself.
7144460	7150900	Yeah. More meditation. Yeah. Self-reflection. I mean, it's just so cool. It's just so,
7150900	7156220	so cool because coming up, growing up, I was like, I want to be an X-Men.
7157460	7160460	Just putting that out there. I said I wanted to be a ninja at nine.
7160920	7168120	Like, dude, I mean, it was like I want to be a spy or a superhero or a ninja or a magician.
7168180	7171420	Anything with like some hidden identity with like cool superpowers.
7171460	7172860	Like that was our gadgets, right?
7172960	7173820	That's what we wanted.
7174580	7176240	And I never really grew out of that.
7176660	7177880	I don't think you did either.
7178020	7178120	No.
7178560	7183980	So for me, you know, to hear about this stuff, this is like Xavier's school of like, you know what I mean?
7183980	7184860	This is kind of cool.
7185000	7187200	This is like I get to see that in my lifetime.
7187400	7187760	Yeah.
7187860	7190440	I mean, that is way, way cool.
7191400	7194960	And to be able to do that in a way that's fun.
7195360	7195720	Yes.
7196600	7196960	Encouraging.
7198060	7198780	There's levity.
7199780	7202940	It's, hey, let's cheer this person on who's doing this event.
7203120	7205780	Or, oh, did you see so-and-so score with this and that?
7205900	7208840	I mean, it's just such a cool concept to be able to do.
7209580	7211880	It's not in a boring, weird lab.
7212580	7213440	You know what I mean?
7213540	7216340	And it's not in a place where people are going to scrutinize you.
7216480	7218580	It's in a place where people are going to encourage you to try.
7218800	7219620	And who knows?
7220920	7224520	even yield better results because we're all kind of wanting it to happen.
7224640	7228440	Well, it's research out that says that when you do things in play and fun, that you have
7228440	7229040	better results.
7229220	7235280	And there's a scientist who actually was doing psychic research who said, well, let's just
7235280	7240240	do this from a fun perspective and have people have a good time and do it.
7240340	7246180	And he found that the results were stronger in that environment than if it was like, hey,
7246260	7248560	make sure, you know, you do it this way.
7248560	7276600	And this kind of, like you said, vacuum and people were still getting decent results, but not as high as when it was from this front perspective. And that's really where we are. And I had a I had an individual approach me once. I was asking him his advice on this because he had walked this path with some research. And he was like, you know, this country did that with the kids and this country did that with the kids. And they were trying to do that. And they found that the kids just lose it after a while and this and other.
7278560	7285800	Let me be very clear. This is not a military program. This is not about what we can do for our government.
7286120	7296120	And when you're approaching it from that, that that if we truly believe energy and intention really can drive how we and we do it with money.
7296200	7300520	People say, oh, you want to manifest more money in your life. You have to have that intention.
7300700	7303080	If you want to be a better lawyer, you have to have that intention.
7303460	7308240	The attention you put around things really influences those things.
7308560	7319240	So if this is like this thing, this government thing, you might have different experience than if this is a loving, fun, joyful thing.
7319420	7335180	And if we put the proper intention, we will probably see that if we're talking about heart coherence, like the HeartMath Institute, they're finding that heart coherence and coming from the heart is actually allowing people to have great, great, better lives.
7335420	7337100	It's influencing their health.
7338560	7343720	things, that ties back to a bunch of sages that said the same thing and photos we see with prophets
7344400	7352140	and sages and special people with hearts and halos glowing, you know, this light. So if we truly
7352140	7359260	believe that, then that's how we advance is we surround things where people can get together
7359260	7364640	and explore these with that type of love, with that type of growth and or with that type of love
7364640	7365720	and have that type of growth.
7365900	7368660	And that's what I don't, that has not been done,
7368760	7370240	not in this capacity.
7370380	7372680	Maybe in a small organization
7372680	7375260	where we get 20 people at a time taking the class
7375260	7376320	and they all work on that.
7376440	7379580	But I'm saying, hey, all you organizations come together
7379580	7380920	under one roof.
7381080	7382760	Let's get some researchers in here
7382760	7385040	who have been doing research.
7385220	7388520	Let's get people who can do in here, who've been doing.
7388760	7391040	Let's get people who are in between both of those.
7391100	7392460	They do and they do research.
7392460	7397880	and let's just have us all have this great event where we can talk and communicate and learn and
7397880	7404600	mentor and grow and start different conversations. Because if I feel like you can do, if I'm a
7404600	7409260	researcher and I've never met you or I'm very, no, I just need you for the research. That's a
7409260	7413800	horrible conversation for some, for a lot of people. Like, hey, I heard you can do this thing.
7413920	7414500	It's exploitative.
7414560	7420540	Yeah. I need you to come to the lab so I can test you. Versus, man, Chris, you did amazing.
7422460	7428000	to get more data on this so that I can talk about like how it's done and things that would you help
7428000	7433600	me, you know, and then, oh, well, let's go have, you know, dinner tonight at the, you know, at the
7433600	7439800	downstairs restaurant, you know, and now we forge a real relationship, a friendship, and then we go
7439800	7444500	into the lab and we do the work. Yeah. And now because we have a friendship, all of that other
7444500	7451160	stuff hopefully disappears. And now we can really focus on, you know, what, what can be done and
7453420	7455360	I'm not really sure about this thing.
7455440	7456320	Yeah, what's in it for me?
7456380	7458020	Yeah, but I heard you can do it.
7458080	7460440	So come to my lab and let's see if you can do it.
7460480	7462800	Yeah, while we hook you up to these machines
7462800	7465520	and then tase you to induce stress.
7467480	7469520	And that'll give you some money.
7469840	7470040	Yeah.
7470400	7472480	But I mean, there is money here, which is nice too.
7472580	7473480	There are some prizes.
7473560	7474180	There are prizes.
7474420	7475500	Because incentive is always fun.
7475840	7478080	But I think more importantly, it's going to be the bragging rights
7478080	7480800	and be like, hey, you know, according to CyGames,
7482460	7483160	Like, that's cool.
7483200	7484040	That's cool to say.
7484760	7485260	All right.
7485340	7490460	We're going to, by the way, if you guys want to check it out, again, I left a link below to the Cy Games.
7490740	7493360	You can check it out at cygamesinternational.com.
7494220	7497140	And if you use a code that's below, you get 20% off your ticket.
7497240	7497980	And again, I'll be there.
7498020	7499720	I'll be speaking among so many other people.
7499960	7504760	And that's Cy as in P-S-I, because sometimes people think Cy as P-S-Y or whatever.
7504860	7507460	So it's P-S-I gamesinternational.com.
7508360	7508920	All right.
7508920	7515220	We're going to get to some questions from the patrons or sorry, the interns.
7515640	7517240	This is also YouTube members.
7517500	7519480	And we're going to pull those up here in a second.
7519540	7520880	I'm just going to go turn that camera on.
7520900	7521140	Okay.
7521160	7521440	One sec.
7527920	7528560	All right.
7528700	7529680	It's kind of like a game show.
7530080	7530400	Okay.
7533240	7535140	There's a, there's a lot of really good questions.
7535220	7536120	I've got like five.
7536260	7537840	I don't know if we'll have time to get through all.
7538920	7539320	Yeah, yeah.
7539560	7540940	Or I keep saying Patreon.
7541060	7543500	An intern extra episode after.
7543740	7545560	And you guys can come watch that.
7545580	7546720	Maybe we'll answer some more there.
7546880	7548140	But here's the first one.
7555800	7558860	How do you prepare your remote viewing sessions?
7560080	7561400	Meditation, hemi-sync.
7562100	7563140	What do you do?
7563540	7565640	This is from Blackworks1301.
7565800	7567220	I think that's a beautiful question.
7568960	7573460	it's either Bill Ray or Ingo Swann said you should be able to remote view in a foxhole, right?
7574940	7578660	And this idea that it doesn't matter where you are, what you're doing,
7578700	7585340	the goal is to try to get to a point where you can remote view in not ideal conditions.
7586320	7590740	Do you say I need to prepare my eyes so I can go out and see every day?
7590860	7592840	Or do you just open your eyes and go for it?
7592900	7596160	Now there are things to do to strengthen the eye muscles, right?
7596160	7600400	Right. So maybe you can, you know, acquire things faster if you're shooting or something like that.
7600460	7604300	But ultimately, you know, how do you how do you normalize it?
7604380	7618100	So I will if I do remote viewing and I do my cool down, they call it, you know, it'll be some meditation and maybe a little bit of breath work, some long enough breath work or even some mana to kind of get me in a balanced state.
7618360	7621780	Right. So let me explain that.
7621780	7630000	So for those who know yoga, there are three different, you know, energies that you can move to with breath work and stuff.
7630120	7634220	And there's langana, which is like a very relaxed or a relaxing state.
7634360	7636740	And there's samana, which is very balanced.
7636940	7641900	And, you know, and then there's brahmana, which is very energized or energetic.
7642040	7645300	And you can affect those energies based on how you breathe.
7645500	7649180	And so and then what your focus and intent of your practice is.
7649180	7656200	And so I would do like maybe calm myself with some long enough or I'd go into a very balanced state with some mana.
7657020	7659540	And then I would go into my remote viewing.
7659720	7667560	But lately, like I said, since I had that experience where, oh, man, I just got to get this homework in, you know, like I just get out of the way.
7667600	7669320	Let me just sit down and do it.
7669480	7674340	You know, that has been something that I've had a lot of success with.
7674640	7678720	And also it but it takes me not being tied to the outcome.
7679180	7690980	Right. You know, so if I'm in if I'm going in with the outcome that I want to be successful and everything has to be perfect, then then that could actually or my experience could hinder my ability to do well.
7691140	7697460	But if I just say, hey. Hands up, let's play, you know, let's go, let's do this.
7698380	7701260	That's when the experiment basically. Yeah. Yeah.
7701260	7708640	The knowing happens the most when I'm free to allow things to come to me the way I know they have before.
7709180	7711160	And if they don't, okay, that's cool.
7711240	7713240	But I'm not going to be down on myself because of it.
7713340	7714000	Great answer.
7714240	7716160	And not the answer I expected, which is great.
7716740	7717280	No, yeah.
7717340	7720020	I was like, I'm pretty sure he's going to go into like Focus 12 or something.
7720680	7721140	It's good.
7721200	7721880	I like that answer.
7723240	7723600	Okay.
7725760	7728080	Flippity flip asking the real questions here.
7728120	7728400	Okay.
7728560	7729160	Flippity flip.
7729320	7729840	Let's flip it.
7729940	7730780	You're ready for this one.
7731580	7732740	This is a great question.
7733280	7734920	That's all these colors up here.
7737260	7742220	What are ways to protect yourself from PSYOP or to detect them?
7742380	7743760	Good. That's a great question.
7743900	7753900	So the thing that we talked about earlier was to, one, first, you know, I love this question from Usual Suspects, if you ever watched that.
7753920	7754500	Great movie.
7754780	7758200	The greatest trick the devil ever pulled was making the world believe he didn't exist.
7758280	7758580	Right.
7758580	7765000	Right. And so you you as an individual pull the wool over your own eyes to start with.
7765120	7778160	And that is by saying, I know everything or I know what I you know, I my facts and the way I see the world is the way it is versus saying the way I see the world could still be a little off, you know.
7778160	7788820	And the way I'm viewing this, because it's filtered through the way I see the world and my brain does all these things to kind of make movement through life easier where it has all these patterns and things.
7789020	7793240	And I could be moving through attentional blindness or inattentional blindness.
7793480	7803820	And, you know, so I have to be first aware that I have those hooks, you know, and that I could be hooked by emotion or something like that.
7803900	7806760	So I have to step back and say, oh, is this my hook talking?
7809260	7834140	That's that's the first. And then the other is I have to cut out the middle person, the middle media. Right. What is that a newspaper, my blog or blog or Twitter or whatever? I have to get to you and have the conversation and say, well, what is it that you're thinking versus me going through this process of saying, well, this piece of information has to be true because of what? Because we really don't know. Right.
7834140	7848900	Right. You could go to a person that you think resonates with you and that they seem like they give good information and then find out down the line that that person's getting like 10 million dollars a year from some corporation through a shell company.
7849020	7853900	You know, like and then you're like, oh, are you USAID? Yeah, basically. Right.
7853900	7866700	To help influence, you know, in this way, because maybe they're not as aware or focused on who they're dealing with as you thought they were, you know.
7867520	7870420	So those two things I think are really powerful.
7870420	7882500	And the other is whenever you're watching something and you start feeling an emotion or you start landing on something, pause.
7882660	7885100	And that's when you need to really think about it.
7885140	7890000	So if something is influencing, you're watching a news broadcast and it's making you angry.
7890460	7894260	That's the time for you to pause and step back and say, whoa.
7894440	7897900	Or making you like super empathetic or sympathetic.
7897900	7902560	pathetic. Right. Oh man, I feel so bad for that person. You know, like maybe. So, so yeah,
7902620	7905580	they're really playing off that cancer or whatever. Like, you know, like they'll, they'll
7905580	7909220	hit you in the heartstrings sometimes. You're like, wait, there was a, there's actually,
7909280	7913660	it's funny you say that there was, um, the, the Superbowl. I was looking at some of the ads,
7914960	7921100	Pfizer. Um, they, they had like a really great ad, um, you know, regardless of how you feel about,
7921140	7926420	uh, pharmacist, giant pharmaceutical, you know, conglomerate. Um, but they had like, yeah,
7927900	7933320	fighting cancer and like he was like like a boxer and he was like running he was cancer free and the
7933320	7937060	nurses were crying and like he got back to his family his hug was like suit and then at the end
7937060	7944800	she's like Pfizer and I'm like I'm like you can't be mad at that right I'm in favor of this kid not
7944800	7950160	having cancer even though maybe I don't like Pfizer yeah you know what I mean so they play
7950160	7955600	on your emotions like that because at the end of the day you know maybe we're not talking about
7955600	7965260	Maybe we're talking about something else. So, you know, it's good to recognize. It's a good point. Like if you're feeling emotional, like if you're that means they've got you by the hooks. They've got you.
7965260	7991760	Yeah, I was watching a commercial because this is that time where you're looking for donations. Right. So it was for like this pet, you know, place that helps rescue pets. And the lady comes on there and she's like, and there's all these pets and they're all sad and they're chained up and they're this. And she's like, instead of just saying, hey, these pets need your help. She's like, these pets need your help. And I was like, she's like, like she's crying on the other end of this thing. Right.
7991760	7996500	Right. And I'm just like, oh, my gosh. And it's got the little dog and he looks so sad.
7996520	8000420	And, you know, producers like give us another one, but like more sad.
8000480	8003520	Yeah, this time. OK, less sad than exactly.
8003640	8020020	So if you're watching that and you have an attachment to dogs and and you and you hear this lady's voice, that sadness that they're relaying to you through her voice, that there's there's this compounding what we call Psy Act.
8022380	8026200	PSYOP, which tends to be more long-term, what you would do to influence.
8026320	8028980	And then there's the actions that are being done.
8029000	8032780	So PSYACs that are being done to create the PSYOP.
8032900	8033480	I see.
8033540	8034220	Does that make sense?
8034280	8034620	Yeah, yeah.
8034620	8035460	The individual components.
8035780	8036380	Components, yeah.
8036460	8041180	So the small things that you do to help you, like an advertisement, that advertisement
8041180	8046600	would be a PSYAC for the long-term goal of getting people to donate to that.
8047000	8049340	In magic, we call it subtleties.
8050940	8058500	so if um you know if i was to say like hey check this out i'm gonna i'm gonna make this disappear
8058500	8062140	and i go like this and it's gone you know eventually you'd figure out that i just threw
8062140	8068880	it on my lap type deal but um you know the subtlety uh to make it better would be this
8068880	8074120	would already had to be on the table it's weird that i put it down first and then took it picked
8074120	8078640	it up again that's insane only the same person would do something like that so why is it on the
8079340	8079460	Yeah.
8079720	8081320	That's what we got to think about as a magician.
8081400	8082080	Why is that on the table?
8082140	8084200	Maybe I did this and I was writing over here.
8084460	8086920	And now I'm thinking about something and I'm like, you know what?
8087000	8087520	Check this out.
8087560	8088200	And now I do it.
8088220	8089800	Right now, now there's a little bit of a justification.
8089860	8091020	We call those subtleties.
8091080	8091260	Yeah.
8091920	8093580	There's actually something called the Ramsey subtlety.
8093600	8094440	And I didn't invent this.
8094460	8096120	It was John Ramsey.
8096140	8097080	He's a coin magician.
8098060	8104200	But like if you're palming something to be able to hold something, this is a Ramsey subtlety.
8104240	8106800	Even though I have this in palm, I want to hide it.
8106800	8113660	So I'm going to hold something or I'm going to gesture like this. And this is a subtlety. So these little things that really like create that illusion.
8113660	8131720	Yeah, yeah. It's funny that you should say that because, you know, again, that's setting the stage, right? But, you know, these little subtle things that you do to kind of get the mind to adjust to what you're trying to do over time is very important.
8131720	8143600	And there's a book out that one of the books that we got was called Influence by Robert Coldini, I believe his name is. And that was like a Bible, right? And looking, reading that book, reading that book.
8143620	8144100	I have that book.
8144100	8163720	And then he came out with a new book called Presuasion, where he did a lot of research and put a lot of research in this thing where it talks about setting up the persuasion. All right. With presuasion. Right. Or actually, I think it's persuasion was that book. There's another book called Influence.
8163720	8184220	And then this so persuasion are the things you do to set up the persuasion. You you. So put the the cap on the table beforehand, you know, and then come to it and then make it disappear versus taking the cap off, drawing my attention to it, then making it disappear.
8184220	8189140	peer, you know, it's like that why, which also is a thing we have. And a friend of mine who's
8189140	8194080	special forces would, you know, brought that up to me one day and we were talking about
8194080	8199200	some overlap and the things that we did. And he said, you know, whatever, I'd go to an area and
8199200	8204280	I see somebody just one of the ways you can spot somebody who might be a tailing you or something
8204280	8209500	like that is to ask yourself, why is that person there? Right. So if you see somebody standing on
8209500	8214280	in the corner or you got five people out here standing on the corner immediately in your mind
8214280	8222460	go to why everybody's there so they nobody just stands on the corner normally so if i see this
8222460	8226720	person why they're oh they're they're about to get the trash oh he's waiting for his girlfriend
8226720	8231540	to come out of the house oh that guy's about to smoke a cigarette oh this person you know so your
8231540	8236420	brain will go through the whys in the minute the brain says oh there's a why that isn't being
8236420	8241620	being fulfilled, that's the red flag. And so then of course, spies learn how to create good wise,
8241780	8246300	right? Why would I be here? You know? It's exactly like a magic trick. I'm telling you,
8246320	8249960	we think about this stuff like more than anybody knows. Like it's, it's really, you're getting
8249960	8254760	into the really like the, when you jam with magicians, I go on a retreat every year with
8254760	8258100	some of the best magicians in the world for like a week in Spain. We rent the house every year
8258100	8263100	and we just go through like this stuff. We just talk shop and you know, the justifications and
8263100	8265200	and the subtleties and the whys are very, very important.
8266120	8269240	It's the difference between a good trick and a great illusion.
8269480	8275420	Like, I mean, if you have somebody doing something and every single move that they do is justified,
8276120	8279700	then there's no red flags popping off in your head subconsciously.
8279700	8279920	Yeah.
8280120	8281860	And it helps strengthen the magic.
8282040	8288800	Because if I'm here and, you know, and I'm standing and I'm like this, you know, you're like, why is his hand like that?
8289280	8289720	Why?
8290060	8290480	Right?
8290580	8291940	So my hand has to be natural.
8292180	8292460	Yeah.
8292500	8292840	Okay.
8293100	8295280	So my hand's natural, but why is my hand out here at all?
8295380	8296300	My hand should be down here.
8296420	8296660	Yeah.
8296720	8298780	My hand should, I shouldn't be doing that, you know?
8298780	8301840	And, and so there's all these, we answer the whys all the time.
8301860	8302420	Why are you doing that?
8302640	8304360	Why'd you, why'd you just do that little move?
8304460	8304600	Yeah.
8304680	8305620	Why'd you pivot that way?
8305720	8305980	Yeah.
8306020	8308840	Why did you, and so very, very cool.
8308980	8309280	Yeah.
8309380	8309680	Again.
8311180	8312000	Keep them coming.
8312160	8312480	Yeah.
8313380	8313940	All right.
8313960	8316720	We got, oh, this is good.
8316800	8317760	Not quite human.
8317840	8322540	So he's a, he's on our, you know, he's part of our discord and he actually
8323100	8328800	weekly remote viewing sessions for the interns. So if you're ever interested in remote viewing
8328800	8335620	and you're an intern, you can hit Not Quite Human up. And he's learning. He knows nothing about it.
8335620	8341760	He's a tasker. And so he's got a lot of questions. If ever, by the way, if you ever have time to hop
8341760	8346520	on our Discord for like a Q&A, I know this guy would be very thankful. He'd have a million
8346520	8351160	questions for you. Let's do it. Here's his question. It's a pretty good question. He had
8359800	8363180	What are your tips for remote viewing taskers?
8364300	8367660	That's an interesting one because I'm not a tasker per se.
8367840	8371140	Do you know any tips that you might be able to give him?
8371900	8380820	If you're tasking, make sure that you are – so one of the things they figured out, and this again is my perspective,
8380820	8397200	But one of the things they figured out in the past that if you don't give specific times, you know, like if you don't say, hey, we need for your monitor to give you this number, but we want to task it for this specific timeline.
8397200	8403580	timeline, then just like Joe McMonagle, who you interviewed, you can end up a thousand years in
8403580	8409900	the future or a thousand years in the past. And if I'm not looking at that timeline, then I could be
8409900	8415540	giving you information that is correct, but it's at the wrong time. Does that make sense?
8415680	8420020	Yeah. So for you, you're like, it's wrong, but it actually is right. But it's just at a different
8420020	8424880	time because sometimes the remote viewer's mind will jump at the most interesting thing that
8424880	8428560	happened in that place. Right. The most entropy or the most like, yeah.
8428620	8434640	So if you're, but if you want to know what's happening there now, then you should say when
8434640	8439340	to the monitor, hey, when you give this information, make sure that you ask like,
8439440	8444500	what's happening there right now? Or what's going to be happening? What happened on the moon
8444500	8449200	a million years ago? But you don't say the moon, obviously, but you're saying,
8449200	8456000	saying, here's the coordinate or whatever, seven, five, six, blah, blah, blah. And, you know, tell
8456000	8462520	me what happened there at that coordinate a million years ago, you know, and then the task,
8462660	8467800	I mean, then the remote viewer would be like, oh, okay, got it. Let me go. And then, but, you know,
8467800	8473500	so that would be one aspect of it is that when you're tasking that person, the other thing that
8473500	8477940	I would say too, is know who your remote viewers are and what they're good at. So some remote
8479200	8484340	giving you colors and shapes and some remote viewers are good at giving you like really
8484340	8490300	quality like drawings and ideograms like me all my drawings look like chicken scratch you know so
8490300	8495820	i'm not the guy you need sketches from you know like like i'll you need you need to get somebody
8495820	8501880	to discern just the sketches so it's a whole nother step if you want that um but i'm the guy
8501880	8507840	that you know you might get some good descriptors from you know and so um or i can give you i can
8509200	8513880	well on colors, but I don't do good on shapes, you know? And so know who you're dealing with,
8513920	8521060	just like you would in any other type of, you know, operational environment. Even in SIOP,
8521180	8527000	you know, some people were really good at coming out with radio ads or things that should be on
8527000	8531000	the radio. Some people were more visual, so they were better at coming up with things that might
8531000	8536680	be on the television, you know? So, and then you should be tasked based on your strength,
8536680	8542500	not your weakness okay great great answers thank i'm sure he'll appreciate that and i'm sure uh
8543220	8546860	i mean anything he seems very passionate about this remote viewing stuff which is really cool
8546860	8554340	to see um all right we have tess here this is a great question i like this question a lot and
8554340	8555880	after that we'll hop into the extra
8560940	8568380	Tess asks, what is the most unusual slash surprising way you have utilized your expertise?
8569580	8579460	Oh, my gosh. I don't know. That's a great question. Because I don't have a timeline. She was supposed to give me a timeline. At what point?
8579580	8581000	Which one stands out?
8581400	8581920	Hmm.
8585880	8594580	So I think, and I guess it depends on if it's my expertise as a ninjutsu practitioner or as a PSYOP.
8594580	8595860	Or a survival.
8596020	8597020	We need to get into that.
8597120	8597860	Or a survival experience.
8598060	8599060	Yeah, yeah.
8599120	8603080	I think those things are so many different realms.
8603140	8603920	So let's pick one.
8604140	8604460	Yeah.
8604600	8608900	Let's pick, you know what, let's go for survival.
8609500	8609940	Okay.
8609940	8613480	Because most people, you know, we didn't talk about that at all, but you're like a survival expert.
8613480	8619580	You were on Naked and Afraid, which is an insane concept for a show, by the way.
8619580	8621980	They just drop you off naked somewhere and they're like, good luck.
8622500	8628700	I was on First Man Out and the Tibetan Plateau in China and Race to Survive Alaska.
8628980	8631000	I was in the wilderness and wilds of Alaska.
8631380	8633660	So, yeah, it's been quite a bit of things.
8633900	8634160	Okay.
8634200	8636240	So bearing that in mind.
8636440	8639340	I think that's a great, and I have an answer now that you say it.
8639340	8647360	So when it comes to survival, one of the ways that I tend to look at things a little more uniquely is I use the ninja elemental structure.
8648060	8653500	And that helps me work within nature, with nature, and not against nature.
8653980	8657080	So I remember watching a show once.
8657120	8661500	I'm not going to say what, but I remember watching a person and they were like, I'm going to make nature my bitch.
8662200	8663940	They're all into it.
8664860	8666800	And for me, that's not it.
8666800	8690600	So the ninja were masters at being able to fit in, right? Our power as modern day ninja, but at a power as past ninja was not to force my will onto you, but how do I allow you to create your own destruction? And that's really challenging for people because we like to resist and do stuff, right?
8690600	8694020	Right. So now you're telling me, no, I'm letting you do stuff.
8694860	8698800	And that in doing that, it creates the openings for me to win.
8699660	8707260	Right. Right. Just like probably, you know, with magic, you're finding out where their opening is, that gap.
8707400	8709620	So you can get in there and the off beats. Yeah.
8709620	8721660	Yeah. And so when I'm in the wild, using this ninja mentality of the elements means that I understand how the elements interplay with each other.
8722080	8728500	So and I use that also. I use that for psyop too. And that was not taught to me at the schoolhouse. This was taught to me by ninjutsu.
8729140	8738840	And that made me unique again, was is that we we say that earth interacts the way earth interplays with, let's say, water.
8739620	8745160	So if I have a water mentality, let me take it from the human then to the nature.
8745300	8758820	If I have a water mentality, a person who is scientific, who likes to think through things, who's very reflective, so on and so forth, and I want to control that, then I would look at how Earth controls water and nature.
8759360	8761500	Oh, well, you can have troughs.
8761900	8764820	You can have a waterway or a stream.
8764960	8767060	And so you form a dam.
8767060	8769960	You form these things to help you guide the water.
8770040	8770220	Whoa.
8770380	8770920	Right?
8771120	8771900	That's awesome.
8772020	8782340	So then if I want to get a water mindset person, then I have to find solid means of helping guide them.
8782400	8794040	And because they're scientific and they like to analyze, I have to set up things for their analyzation, their analytical mind to then want to move in that direction.
8794140	8794700	Right?
8794700	8806420	Right. Now, let's say you're vice versa. Earth, super strong, stagnant. I'm there. Right. Well, how does water deal with Earth? Well, it erodes it over time.
8807200	8824400	So now I have to use my analytical mind to wear it down. How do I wear this down? And so if it's a relationship, maybe I don't want to wear down my partner, but maybe I keep making these suggestions and showing that partner like how it would be better if we did it this way.
8824700	8825380	Because of this.
8825600	8827980	And it actually weakens with that water too.
8828180	8828500	Yeah.
8828520	8829620	Yeah, exactly.
8829840	8831000	Oh, dude, this is so cool.
8831060	8831220	Right?
8832260	8833240	I love this.
8833360	8836900	So then when I'm in nature and I say, oh man, I see the sky.
8837060	8842120	It's about to rain on me and it's going to be super cold tonight and it's going to do all this stuff.
8842520	8845800	Okay, I have two means of dealing with this.
8845980	8847280	Well, I would use fire.
8848340	8851440	But if it's going to rain, the rain might put out the fire.
8851900	8854380	so I need a barrier
8854380	8856220	so against the water
8856220	8857700	so I'm going to make a shelter
8858160	8859100	you get what I'm saying
8859100	8862220	and the shelter is going to be able to keep the water out
8863020	8865360	but I need to keep my heat in
8865360	8867160	so I'm going to make insulation
8867160	8869940	so I'm going to use earth to help me keep the heat in
8869940	8873040	as though I would a fire ring around a fire pit
8873040	8876040	or like we would make a chimney
8876040	8878240	to reflect the heat back into the thing
8878240	8879620	so I need to keep that contained
8879620	8880800	so how do I do that
8881440	8885660	put insulation in here by putting debris on it. And I'm going to use earth that way. So
8885660	8892460	when I see how the elements interact and how they can stop or progress or move one another,
8893260	8898240	then I can now start thinking scientifically about what I need in that particular way
8898240	8902800	and interplaying with the environment as the environment knows how to interplay with itself.
8903740	8907720	So good, dude. That's so good. It's so much food for thought for me. Like, cause
8907720	8911560	Because especially when you're like, oh, water person, that's their type.
8911720	8913440	And then you can use the other elements.
8913540	8916200	I'm like, oh, my God, this is so practical.
8916400	8916720	Yeah.
8916800	8917480	So practical.
8917620	8919080	I'm going to add one thing to that.
8919100	8919240	Sure.
8919280	8920360	Because I think you'll like it.
8920780	8925680	So then we see normally we'll have the elements signed up in a row, right?
8925780	8926720	And so it's linear.
8926900	8927720	But it really isn't.
8927780	8929120	It's not even circular.
8929280	8932160	It's more spherical, right?
8932280	8936960	So the elements and how they play are moving around each other in a sphere-like thing.
8937720	8944620	they transition into one another. So water transitions into fire in order for water to
8944620	8950300	be effective in this interplay. And so when we look at it from personality wise, we say, well,
8950340	8959280	water is scientific, analytical. But as we were saying earlier, what's information in science and
8959280	8968720	analytics without action and fire is action so i've transitioned from this stage of fluidity and
8968720	8973940	looking at things from different angles to okay now it's time to make something happen and bring
8973940	8979780	it out in the world okay what is what do i need for that oh i need fire and then i say oh okay well
8979780	8988460	now i have this action but i only have so much energy and i'm i'm losing that i need i need more
8989280	8991100	I need more than just my mind.
8991200	8994780	So then I call in wind, which is going to help feed this flame.
8995000	8995220	Yeah.
8995280	8995500	Right?
8996120	9001220	But if I call in too much wind with no fuel, it'll burn me out.
9001400	9015620	So I need to get some earth people in here who like stability to help me have a good foundation while I continue to move with passion to bring this thing into existence and use the wind people to help feed me to help me grow that to the next level.
9015720	9019020	And so there's this interplay between them.
9019280	9022580	And we all have one or two elements that we kind of live in.
9022640	9030420	And then we branch out into the other ones as we have engagements and as we find new ways.
9030700	9035600	Because I'm normally a wind person, but I have been an earth.
9035800	9039880	I have had to operate from earth because I need stability at times.
9040020	9044320	I need to know that my business is going to be open tomorrow and things need to happen.
9044480	9048260	And so that means I just can't always be out in the world doing what I want and creating.
9049340	9058300	solidity. So that interplay helps me look at everything. I look at relationships with people,
9058440	9065560	but I also look at my relationship with the world in that same way. And so that, from my expertise,
9066020	9071060	that is one of the most unique ways that I found to be able to be successful in the wilderness
9071060	9079120	wilderness is not by trying to force my humanism on nature, but recognize the nature within my
9079120	9085640	nature. Wow. Beautifully said. That is amazing. I think we're going to end that there. There's a
9085640	9091240	better way to end that. That's so poetic. Hakeem Isler, man, you are such an inspiration. You're
9091240	9098500	so great. I love your magic. I love your energy. I wish you great success with this project. I know
9098500	9103140	know it will be a success in many ways and uh if you guys want to check out what hakeem does i'll
9103140	9107140	leave some links below you guys can check those out and if you want to join us we're going to
9107140	9111420	keep this conversation going take a quick little break go to the bathroom here but um we're going
9111420	9117640	to go in overtime into the intern only uh episodes if you guys want to watch that click the join
9117640	9123420	button or go to patreon.com slash area 52 investigations thanks for thanks for hanging
9123420	9125480	out with us thanks hakeem you're welcome thank you
