start	end	text
7260	15100	So you want to become an intern at Area 52. I get it. Access to future investigations.
15780	21500	Alright, so this is my last day in search of the Yeti. Uncut interviews. What about the
21500	27220	Vatican? Yeah, they've investigated me. They've investigated you? Yeah. Weekly video updates.
27780	31060	So I appreciate you guys getting in on the ground floor with me here.
32040	32920	Sounds pretty good.
34540	36200	But that's not why you're here, is it?
38080	40860	You're not here for top secret access to the Discord,
41120	45400	or the book clubs, or movie nights, or Q&As.
45600	46040	No.
47540	48560	I didn't think so.
54360	56220	I don't even think you're here for the skiff.
57400	60560	or for the early access, or the extra episodes,
61640	64680	or even to have your questions answered directly on the podcast.
66160	69520	I think you're here because you know there's more.
71380	72840	More than they've told us.
74340	76220	I need you to listen to my instructions.
77280	78840	And more than we're allowed to see.
81560	85220	And I think you want to be a part of it.
87280	89460	So what happens to your $5?
92640	93980	Only one way to find out.
106280	110500	Before we begin, I would like to try a bit of an experiment.
110880	111140	Oh, great.
111420	111820	Yeah.
112480	113000	Yeah.
114280	116480	So, you know, this room was built,
116540	119640	the inspiration for this room was more of like a skiff,
119740	123080	but also a place where they used to like test people with ability.
123380	125280	You know, like in the Stargate program,
126020	129280	they used to have these tests like Uri Geller,
129520	133880	they would fly him in and all sorts of other natural psychics and go swan.
133980	138960	And they would test some type of supernatural ability or psi ability.
139480	142140	Are you going to do a magic element on me here?
142160	144140	Yes, but it's going to be disguised as science.
145220	146220	So I have a dice here.
146680	147140	Oh, okay.
147200	147440	Here we go.
147540	149840	I was wondering if you were going to do something.
150980	155140	And I'm going to ask you to roll the dice on the table,
155200	157280	but hide the result from me.
157600	157960	Okay.
158020	161240	And don't give me any type of signal, okay?
161320	163400	So go ahead, roll it as many times as you want.
163440	164120	Drop it on the table.
164280	165800	As many times as I want and pick a number?
165800	168840	Just leave it on the table when you've committed
168840	170060	and stare at that number.
173020	173380	Okay.
182420	183180	What was the number?
184240	185020	It was six.
186440	186920	Was it?
187020	187340	Yeah.
187460	188020	I got four.
188220	188340	Fuck.
188700	189640	Okay, do this again.
189720	190100	Hold on.
190300	190900	This is me.
190960	191560	This is good.
191760	192840	This is an actual...
192840	194600	We're doing actual psychic stuff.
194660	195080	This is psychic.
195800	196400	Take the dice.
196540	198560	But my original number I wanted to keep was five.
198880	199200	Okay.
199240	199900	But then I didn't.
199940	200100	Okay.
200180	201280	So roll the dice.
201340	202220	Leave it on the table.
202380	202840	Yeah, I did.
202960	203100	Yeah.
203120	203300	Okay.
203340	203660	Okay.
203660	204380	And I'll show you though.
204980	205300	Okay.
205880	206480	Keep it there.
206600	206840	Yeah.
207780	208800	Think about this number.
208880	209160	Yeah.
209340	211600	And think about like transmitting it to me somehow.
222340	222660	Okay.
223340	224340	This time, what was the number?
224920	225560	It was four.
226280	228440	Okay, wait, let's try this one more time.
228740	229900	So it's 50-50.
230240	232500	But I was like, did we were predicting?
232500	234600	Did I pick up on what you were going to roll?
235140	236320	Yeah, were you predicting?
236640	238240	Ah, retrocausality.
238540	239880	Let's try this again.
240480	243840	I want to make sure that we can replicate this.
243880	247800	So take the dice, roll it, drop it on the table, hide it from me,
247900	251120	look at the number, and try to send me this number.
270080	271500	What number was it?
272220	272940	What was it?
273940	275060	What was it?
275180	275620	Is it one?
276460	277240	The eye.
277580	280200	But that's funny because I was thinking of an eye.
280380	280920	Were you?
281120	283340	Because it's supposed to be like a snake eye when you get two eyes.
283340	283760	That's right.
284200	285480	Get out of my mind.
285800	286380	You got the number one.
286440	288760	All right, one last time, and then we'll move on from this.
288920	291020	Can I do it with you and see if that works out?
291040	291700	We can try that after.
291700	292400	Yeah, sure.
292540	295220	I'm not a magician or anything like that, but I like to try.
295360	297180	It's got to go both ways, doesn't it?
297280	298260	I mean, it should, yeah.
298520	299540	You got to tell me how you're doing this.
300220	301200	Very well, I thought.
301500	302560	All right, go ahead.
303980	304300	Okay.
310300	311260	I'm getting a one again.
311600	312180	Fuck off.
312460	312720	Really?
313040	313620	Damn it.
314500	316040	How you doing this?
316180	317060	How you doing this?
318640	319940	Yeah, you can try it if you want
319940	321140	I'll see if you can pick it up
321140	321420	I'm not
321420	322160	This is not
322160	322700	Let's see
333720	334840	I'm really sending it to you
334840	335520	I know
335520	336660	I believe you
336660	337380	You picking it up?
337640	337940	Maybe
341880	342780	What do you have?
342960	343240	Five
343620	344160	Fucking right.
346720	347520	Yo, dude.
348540	349180	You did.
349460	351600	It doesn't get better than that.
351660	351760	That's amazing.
352240	352720	There it is.
352980	354460	And these are...
354460	355120	Get out of my head.
355160	355800	That's what I'm saying.
356240	357520	This is crazy.
359140	362400	And that is a demonstration of psychic ability.
362680	363880	Thank you for partaking.
364120	364460	It was fun.
364720	365320	It was fun.
365380	365920	It was so much fun.
365960	367040	You did very well on that test.
367080	367720	You passed the test.
367880	368060	Thank you.
368080	368420	You did too.
368500	368960	That's crazy.
369260	373120	You will now be recruited into the next top secret program.
373620	380100	here at area 52 um yeah oh i thought you were actually gonna like play music and stuff
381520	386200	oh no wrong one this one there we go that's better
387580	390980	it's waiting for something to come out just this one's the best
393240	402740	all right enough enough tomfoolery um welcome to the skiff thank you yeah it's exciting my
403620	406740	Yes, that's even more exciting. I feel very honored.
407060	409120	Thanks for joining me, Chrissy. I appreciate it.
409160	410020	Thank you for having me.
410520	413680	A bit of an intro for those of you watching at home.
414800	422980	Chrissy Newton, Canadian UFO reporter, writer, journalist, podcaster, TV host.
423320	427980	I mean, you've done quite well for yourself in this community so far.
428520	432120	The co-host of Alien Encounters, Fact or Fiction on Discovery.
434620	442040	fun premise for a show, and we'll get into that. Rebelliously Curious is the podcast under the
442040	447460	Debrief Podcast Network, a very good podcast you guys should check out. And then, I mean,
447540	455120	there's just so many TV appearances and people you've interviewed over the years that we'll talk
455120	459180	about that I'm really interested in hearing about. But welcome. Thank you for doing this. I appreciate
459180	459500	Appreciate you.
459580	460100	Thank you.
460100	460940	Thank you for the intro.
461180	461880	Yeah, absolutely.
462760	469880	So Chrissy, tell us a bit about what you do within the UFO community to get us started.
470300	470980	Oh, gosh.
471860	476920	I first started in the UFO community as like obviously a seeker like everybody else, right?
477020	479700	Since I was a little girl, I've loved UFOs because of my dad.
480280	483740	So started off as a seeker, became an explorer.
484980	491780	and when I was 25 started to go and went on like crop circle chasing circles kind of trips in
491780	496380	London England because I wanted to get to the close that what I thought may be the closest
496380	502280	to something that was tangible and learned a lot from Gary King that's out there that's like
502280	509080	and it's okay you shut this guy off here that's like a number one circle chaser that deals with
509080	512960	crop circles and who knows if they're real or not in that context and right I learned a lot
513740	517100	experience it if anything I've learned that they're just beautiful pieces of artwork yeah
517620	521740	that like everyone should go and see because they're like they're stunning so it started off
521740	527620	then like as a seeker and explorer and then started in the PR side of things and so people
527620	533100	would come to me when I was in my 20s and say like can you do anything in public relations like I was
533100	537960	25 when I started my company and knowing that I liked UFOs and they were like can you contribute
537960	543260	in some way a man named Victor Vigiani that's Canadian came up to me and was just like we need
543740	550020	in the PR space to help to push this forward. And I would say, well, I can't. I can't because
550020	553700	I'll get blacklisted. And this is before 2017. Wow, because the stigma.
553840	556980	Yeah, the stigma was so bad. And I said, I can't. I said, I won't have any clients.
557480	561980	Nobody's going to work with me. I said, the media will laugh at me. So I said, I can't.
561980	568020	But I can give you strategy. I can help with that. So I remember in 2017, I was in Mexico with a
568020	573260	friend and I get this text message from Victor Vigiani and it just says like we did it like
573260	578800	not meaning him and us just meaning like just UFOs in general yeah and the topic and he's like
578800	583380	we broke that broke through to the mainstream he's like it worked and I'm like oh my god so
583380	589080	I'm like in Mexico reading this stuff and I'm like this is unbelievable so right there I was like
589080	595800	I can help now like the narrative has shifted so you really feel like there was um yeah not only a
595800	597880	a shift within you, but within the subject itself?
598260	600140	Well, not even, there was a shift in me,
600300	601420	but I think it was just like,
601540	603400	it was one of those aha moments, right?
603500	604700	It was more a shift in the culture
604700	607680	that I could say like, now it's the time I can step in.
607840	609700	Like this has now become more acceptable
609700	612520	in the mainstream and we're getting through,
612720	614080	you know, we're breaking through that ceiling.
614720	617520	So I was like, okay, I'm gonna start helping
617520	618520	in ways that I can.
619180	620680	I did work with Jacques Vallée,
620840	622880	which I feel really grateful for.
623320	624620	I did some work with him.
625800	629860	working with the debrief as well but uh with trinity i helped him get that into the new york
629860	635600	times and the daily mail and tucker picked it up so and it'll be like and it pushed legislation a
635600	640240	little bit right and so like that was really cool wow and also like working with the godfather of
640240	645640	like the universe story and then like topic i mean absolutely oh yeah you're like you know and then
645640	649580	when he when i got the phone call the first time he was like hey is this chrissy and i'm like oh
649580	657380	oh my God, I was in California and I was on the phone and I'm like, oh my God, this is so cool.
657460	665900	But that's so interesting to me because this space isn't normally that attractive to people
665900	673760	who are working in a mainstream media setting. And so this definitely stems from further back,
673820	678300	right? You were definitely attracted to this subject prior to working in it.
679580	684220	like it's it's been around like my whole life yeah like since I was about six years old wow
684220	688500	I've always thought that UFOs were real so I've never had like a paradigm shift where I've been
688500	693620	like this this isn't real it's always been real to me right it was real to my dad my dad had an
693620	699680	experience and it was real for him and so and the group of people that were with him so he showed me
699680	703360	I think I've mentioned this to you and other people know if they've watched my work my dad
703360	708760	showed me a photo when I was a little girl that he took of a UAP and it like changed my experience
709580	714760	like for him wondering what it is and watching him but then also like looking at that and being like
714760	720920	what is this and like trying to understand it and just dissect it and being like so young and my dad
720920	725460	would say like you just you won't get it until you're older chrissy yeah and so forever you know
725460	730060	my relationship with you know my mom doesn't really care about ufos too much but my dad and i did so
730060	734240	it's something we connected over it was something that i think we both as like if you want to get
734240	736460	at astrological, we're both Aquarians.
740160	741780	That's what we're supposed to do.
742300	744040	So it wasn't a far stretch for us.
744200	747040	And yeah, it's just something like a father and daughter.
747240	750540	And then my dad, Synchronicity, which is really great,
750660	753420	he bought a place with my mom in Arizona.
754160	755940	And I looked up and I was like,
756000	758680	I wonder where the biggest UFO conference is.
758740	760480	And I was 25 and I said to my dad,
761020	762620	and we're all at the dinner table,
764240	766100	He's like, yeah, I'm going to go look it up.
766140	767920	So I go to look it up.
767920	769260	And I come in, and I'm like, dad.
769920	771180	And my parents are at the table.
771240	772320	They're like, what?
772500	775480	And I'm like, where in Arizona is the house?
775600	776660	Because we had it in Phoenix.
776680	780900	I said, where is this compared to where the Alejandro, shout out,
781380	783920	the International UFO Congress?
784460	786940	And he's like, that's at half an hour from the house.
787000	788340	He's like, book the tickets now.
788780	789660	So I was like, right.
789840	790700	So I'm booking tickets.
791180	791860	And I'm like, yeah.
792060	793140	And dad's like, we're going.
794240	795400	I go, dad, when is it?
795440	796960	And he's like, when is it?
797000	797740	And I go, it's in February.
797840	798860	He's like, that's when we go.
799620	800940	Oh, that's so sick.
801140	804580	So we show up and my dad looks at me and he's like, these are our people, Chrissy.
805000	806140	I just laughed.
806140	806940	So awesome.
807200	807420	Yeah.
807460	814920	And watching him be a seeker has been so amazing in my life to see him talk to people, connect
814920	819220	and just fall really in love with the subject more.
819440	819720	Yeah.
819720	823680	And now it's been interesting because I get to experience it.
823740	826920	And he's not always with me, unfortunately, because my mom is not the best right now.
827040	832740	So he is obviously taking care of her and such an amazing partner and such an amazing man.
833360	834760	I'm very lucky to have that.
834840	836380	So I'm out there for both of us.
836460	838980	And he follows a lot of what you do, I guess.
839100	840640	He listens to the podcast.
841300	842140	He'll listen to this.
842260	842740	What's his name?
842900	843180	Tony.
843480	844280	Shout out, Tony.
844460	844940	Yeah, dad.
844940	851760	dad um so yeah you know it's it's been i'm very fortunate and very lucky to have such a great dad
851760	857100	um but yeah it's it's been a it's been a wild trip and now like coming home and like visiting
857100	861520	him and telling him like all the stuff that's going on we watched like the first episode of
861520	866820	alien encounters factor fiction i took a picture we're all sitting back at my sister's and i'm like
868260	873720	wow wow indeed like how did this this how did this happen like why am i here like out of you
874940	876480	Why are we experiencing this together?
876940	879440	There's always reasons for everybody doing some type of topic.
879660	880860	But I just feel very grateful.
881000	882080	And I just love it.
882140	885300	And I'm very happy if it keeps going on the rest of my life.
885360	886840	Or even if it stopped at one moment.
887280	889920	I just love doing it.
890000	891240	I don't have to be in the front.
891380	892300	I can always be behind you.
892300	892640	Sure.
892640	896060	But something tells me that you were meant to be in the front of it.
896920	899440	And you've got a long career ahead of you still.
899620	901440	I mean, you're doing amazing things right now.
901440	911360	You're talking to the foremost experts in the field, gathering information from them.
911400	915620	But not only that, you're a point of reference for a lot of people in this field as well.
916040	922440	You had recent appearances on News Nation where you talked about the hearings, and they wanted your take on that.
922560	928540	So you do provide a valuable input and insight into this topic.
928540	932080	So that's a great place to be, and especially
932580	934140	as a fellow Canadian, very proud.
934340	936060	Oh yeah, representing Canada, that's for sure.
936160	936280	Heck yeah.
936580	937160	It's so cool.
937220	939200	And also, I like the fact that we live in Canada.
939420	940960	There's not so many of us here that
940960	942740	like UFOs that are in the forefront.
943100	945280	So it's like a little safe space, I think.
945480	948400	And I mean, maybe this is a great segue,
949060	952420	but there are numerous UFO sightings in Canada.
952600	953180	Oh yeah, for sure.
953260	955660	Some of the most famous encounters, actually.
955680	958180	One of the most famous encounters was Falcon Lake.
958540	958620	Yep.
959880	962840	You've researched this, I suspect, right?
963200	967680	So 1967 in Manitoba.
968800	973900	So Stephen Michalak was a man that was just like hiking during the day and he ends up in the mountains.
974040	980460	And he hears first, I believe from what I remember, he sees this object in the distance.
980520	986700	But before I think he saw it, he ends up hearing some type of like Swedish or European.
988540	990320	Actually, Micah Hanks, shout out from the debrief.
990400	992000	We've talked about this case a fair amount.
992360	993740	But he heard some kind of like speech.
993820	996860	And I didn't know this like point, this data point until Micah told me.
997320	998120	Yeah, right?
998360	999300	I didn't know about that either.
999400	999740	Exactly.
999740	1000440	I was like, oh.
1000580	1003900	But again, Micah Hanks is like a historian of UFOs.
1003900	1005320	He's like the same age as us.
1005380	1007200	And he's an encyclopedia.
1007420	1008240	It's pretty unbelievable.
1008420	1010600	So when I have to fact check sometimes, I just call Micah.
1010620	1010880	Nice.
1011020	1012360	He's like, Chrissy, I don't know everything.
1012520	1014080	And I'm like, I don't think you do.
1014620	1016300	It's like, you've got it tucked back there.
1016380	1017980	I just need to spark it sometimes.
1019140	1022440	But yeah, so he hears this like kind of Swedish or European dialect.
1022540	1024180	So he thinks that they're like Americans.
1024560	1029460	And so he goes and then like it's kind of like the typical like close the door.
1029660	1032100	But he sees like these occupants.
1032160	1037320	And so he thinks that it's like some kind of like American testing craft.
1037620	1041540	So he goes up to the craft and I believe then he touches the craft.
1041900	1044860	But then it like instantly accelerates.
1045020	1048260	And so it kind of gives off some type of radiation on him.
1048540	1054400	And then he has radiation burns with on his white shirt and then also on the glove that he was wearing that he has as well.
1054520	1056260	And I'm not sure why he was wearing the glove.
1056340	1059240	Maybe he was smart and put the glove on before he touched it.
1059240	1060860	He was out there fishing or something.
1061120	1061900	Something like that.
1061920	1062100	Yeah.
1062160	1067000	And he I don't know when he ended up seeing, but I believe it was at some point when he was like hiking.
1067140	1068700	I don't think it wasn't by the water.
1068760	1071460	I believe it was in the mountains or adjacent to it.
1072460	1076220	And anyway, and so I think APRO then gets these files.
1076220	1082520	profiles and so apro has them um uh the national ufo historical record centers david marler has
1082520	1090040	them and so i was recently there and i saw it in glass and i'm like holy shit like yeah i'm like
1090040	1095540	this is unbelievable like you have a piece you have his glove you have his shard shirt the shirt
1095540	1100400	yeah he has a piece of the shirt and then like the media files and whatever like the records
1100400	1106480	of the account. And it's, yeah, I'm like, and he said, and then he has a piece of the soil,
1106620	1110360	a dirt sample too. Wow. Right. Which is really important because it's obviously
1110360	1114220	touched down in that area. So who knows what that might still have remnants in if it ever does.
1114220	1118000	I mean, if it, if it had radiation, it still does for sure. Yeah, exactly. Cause it sticks
1118000	1125040	around for a long time. And so it's so wild that he has this. And then he opened up the dirt sample
1125040	1129600	when I was there too. And David Marler said to me when I was there, he was like, Chrissy,
1130400	1135300	the file and was like, this is like you hit the jackpot.
1135420	1138240	Yeah, especially within a Canadian case like that for us.
1138340	1138760	It's history.
1138820	1140080	That's a big part of our history.
1140340	1140840	It's a huge part of history.
1141040	1141200	Yeah.
1141320	1143980	And so that was one of those moments to see that.
1144060	1146080	I was like, this is cool as a Canadian.
1146120	1146460	Wow.
1146500	1147820	That was recently you did this?
1147820	1148100	Yeah, yeah.
1148100	1149140	This was in New Mexico?
1149420	1150840	Yep, in New Mexico and Albuquerque, yeah.
1150900	1151040	Wow.
1151040	1152260	Well, Rio Rancho, exactly.
1152320	1153800	What was that experience like?
1153860	1160240	Because I just saw from your stories and your posts, but it seems like the mecca of
1160400	1161940	of UFO information now.
1162100	1166000	And can anyone just go there and request to look at something?
1166160	1166780	How does that work?
1167060	1169240	Yeah, I think it opens mainly in January.
1169480	1171780	They're kind of doing their last minute security stuff.
1171980	1174480	So don't try to break in because that thing's like a fortress,
1174600	1175300	just so people know.
1175940	1177140	But you can put in a request.
1177480	1180060	And then I believe David Marler takes historians,
1180540	1182080	people that are just curious too.
1182340	1184060	And then they can go in and look at files.
1184220	1187360	But I don't know if they have to use gloves or anything like that.
1187420	1188500	I don't know what the protocol is.
1188560	1189360	He hasn't told me that.
1190400	1192480	probably still figuring out what the best way is.
1193260	1194240	Because there's everything.
1194420	1195400	Like there's so many,
1195440	1198980	there's hundreds and hundreds of thousands of files.
1199260	1199640	Wow.
1199840	1199920	Yeah.
1199980	1202860	And so I got a little emotional when I walked in
1202860	1203620	because I was like,
1204420	1205900	like who said it to me?
1206160	1207280	Someone from UFO Twitter,
1207500	1208500	Amy said to me,
1208520	1209100	she was like,
1209720	1210880	she does Good Morning UFOs
1210880	1212800	and she was there and she lives in Albuquerque
1212800	1214160	and she said to me,
1214200	1214820	she's like Chrissy,
1214940	1215640	she's like,
1215680	1216680	the truth's not out there,
1216840	1217620	it's in there.
1217820	1219200	And I looked at her and I was like,
1219260	1219820	holy shit, Amy,
1220400	1226840	it is perfect I used it in my article at the end because I was like this is so true I was like can
1226840	1231000	I ask her can I quote you in this because it's such a great quote and it's true I said there's
1231000	1235780	so much history and like David knows where a lot of it is too but he hasn't listened to everything
1235780	1241120	so there's all these like golden little nuggets that people that are just civilians can go in and
1241120	1247600	find and like there's a recording of J. Allen Hynek interviewing and or talking about Travis
1247600	1253180	Travis Walton's experience. Yeah. And just like his perspective on it. And I pulled it out and I
1253180	1258540	was like, I got to listen to this. I know. I was like, there's so much like, you know, as someone
1258540	1263660	who loves telling stories and content, I was like, this is for your, this is forever. Like you could
1263660	1268340	tell these stories for the rest of humanity. Yeah. So, you know, if any, like producers watching,
1268480	1273720	they're probably all going to run to the archives. Yeah. Maybe. Yeah. Maybe don't do that. Producers
1273720	1274740	Leave it up to us.
1274820	1275760	Yes, yeah, please.
1276080	1278160	Let us tell stories.
1279500	1281000	Don't butcher these stories, please.
1281360	1281720	No, exactly.
1282140	1282940	Keep them intact.
1283320	1284440	So there's so much of that.
1284580	1285660	There's just so many files.
1285880	1287500	There's also an intake section.
1287720	1288960	So there's so many different-
1288960	1292700	Or you can just go and listen to the documents or read them.
1292700	1295400	It takes for them to take in new stuff.
1295860	1296500	Oh, okay, that you submit.
1296740	1296940	Yeah.
1297280	1300780	Is a lot of this stuff from MUFON, I'm guessing?
1301100	1301720	That's a good question.
1303720	1307400	just like this investigative body in the UFO space.
1307660	1310080	I think much, and I don't want,
1310220	1311260	maybe I'll go out on a limb here,
1311380	1313680	but it seems to me that they were much more
1313680	1316880	of an investigative entity before,
1317040	1319680	or is that like still going on with MUFON?
1319740	1320900	But I feel like it was,
1321380	1323040	maybe it's just because, you know,
1323080	1326100	when everything was fresh in the early days of UFO,
1326360	1327740	like we hear about them a lot more,
1327900	1329760	but what's your take on them now?
1330040	1331680	Well, I think MUFON's still doing its thing.
1331700	1332580	Yeah, they're still doing their thing.
1332580	1332960	It's multiple chapters.
1333720	1340540	talked to the new mexico uh mufon uh director we i chat with him on uh on instagram uh because he
1340540	1346440	has obviously has an interesting job out there uh and uh so i think mufon's still doing his chapters
1346440	1351120	or people that are still taking in and they're doing a great job mufon had a little bit of
1351120	1355640	controversy obviously throughout the years with certain directors and certain uh inappropriate
1355640	1362520	activities so i think that kind of tainted things uh we look at um uh my gosh i'm forgetting nids
1363720	1370600	happened with NIDS and Bigelow and the context of like giving those information and MUFON was
1370600	1375980	attached to it I believe to the American government so I think there was a couple moments where you're
1375980	1381760	like our trust maybe has been lost yeah but they're still very much active active investigating
1381760	1387440	yeah but I also think that all the chapters like those are just directors right those are just
1387440	1392060	sometimes bad actors in an organization you're gonna get them but everyone that I've spoken to
1393720	1395780	has been really wonderful in different states.
1396200	1398620	So I still really appreciate MUFON
1398620	1399660	and what the stuff they're doing.
1399740	1401420	And the individuals doing it.
1401460	1403040	Because you have to really like sightings
1403040	1404380	to be able to do that and go and report
1404380	1407160	and talk to people and just have a conversation
1407160	1408980	and do all of that investigation work.
1409160	1410540	You have to be a little spy.
1410680	1411260	You've got to like it.
1411340	1412660	Yeah, you've got to be a little spy.
1412740	1413180	That's right.
1413520	1416120	Yeah, it's an interesting thing
1416120	1419080	because they probably have the most amount
1419080	1422120	of documentation on UFO,
1423720	1425420	I mean, close contact even.
1425500	1432060	I can't even imagine all of the data that entities like MUFON,
1432080	1435000	and now there's the New Paradigm Institute as well,
1435020	1437840	and we have all these other conglomerates of this UFO information,
1438120	1444200	but how much information is out there, including in this archive, is staggering.
1445060	1445360	Oh, yeah.
1445580	1447900	It's not hundreds.
1448340	1451180	It's tens of thousands of cases.
1451560	1452240	Or millions.
1452240	1453080	Or millions, perhaps.
1453720	1454920	Of like little pieces of paper.
1455100	1455380	Yeah.
1455640	1458680	And those are only the people willing to speak about it, right?
1458760	1463900	And that's, you know, I think that's just for me one of the most impressive things because I'm reading books now.
1464340	1471360	I'm reading one written by the Lorenzens, which is like this old book in the 60s that was about, you know, close encounters.
1472140	1480580	And I'm reading Passport to Magonia as well for the first time, which is, you know, an incredible encyclopedia of sightings and interactions.
1480580	1489580	and the amount the sheer amount of these interactions is staggering it's like i'm
1489580	1494960	reading things i'm like what this is this is nuts that that that this happened like if true
1494960	1498940	this person has no reason to lie and they're telling me about like these beings i've never
1498940	1503420	heard of before in this close encounter so yeah did you get a sense when going to that archive
1503420	1509100	that like you're gonna uncover some you know something that nobody knows about oh for sure
1510580	1514620	open up a filing cabinet, you're probably going to find something that somebody doesn't know.
1514740	1518940	Wow. Because there's so many media clippings. There's so many stories, right? And I think the
1518940	1523260	point that we forget, at least on the journalism side, we have the New York Times, obviously,
1523300	1527680	and Politico and the Washington Post and all these amazing, wonderful, legit outlets that
1527680	1532680	can disseminate information. And in 1947, you have Life Magazine, who was the prominent of
1532680	1537820	telling UFO stories and syndicated them. But we forget about the little local journalist.
1537820	1542700	and that's who that storyteller is and is the most important because if they don't cover in
1542700	1548060	their local paper a that's what helps get things syndicated and it still does now i think it's
1548060	1554180	independent journalism online um but that's who's important that's what helps syndicate so many ufo
1554180	1558800	stories in the 1940s was independent local journalism yeah and their little community
1558800	1563500	paper being like what is this like and curious and writing a story about it because they thought
1563500	1569240	something was there. So that like, and there's so many of those clippings and like, we forget
1569240	1574820	the importance of media. You know, today we live in such a, right, a polarized world with media,
1574940	1579560	but back then it wasn't as polarized. Like let's, you know, we could debate who was controlling it
1579560	1584060	or not, but let's just say, you know, you did have a lot of local independent journalists that were
1584060	1588180	just trying to cover real beats, real stories. And, you know, we still have those people out
1588180	1591780	there. I'd say at the debrief, we are those people, you know, cause we're not owned by any
1593500	1594200	We don't have an agenda.
1594420	1597520	We just try to find the truth and tell the truth, right, and do our best.
1597660	1599040	And if we screw up, we'll tell people too.
1599180	1602700	Like it's just the way we just try to report, straight reporting.
1602940	1605600	And so I think we forget that those people are so important.
1605680	1606880	And we still have those people.
1607020	1608500	And they're the first account.
1608740	1611800	And we need to document all of the first accounts all the time.
1612040	1622180	Do you guys receive any, like, I mean, because, I mean, you're working with some people who know a lot about this subject, arguably, like, you know, are the most prominent in this field about, you know, information.
1624220	1625560	Do people ever come to you?
1625580	1627340	Do people ever come to you with an exclusive?
1627860	1628280	For sure.
1628520	1628800	Yeah?
1628880	1630140	How do you treat that?
1630260	1632900	Is there a process that you have to vet them?
1633200	1636540	Well, if it's a big story, if it's a huge, huge story,
1636600	1637480	and it's going to go international,
1638100	1641220	we all have a degree of understanding what's going on.
1641540	1644600	We have a lot of people on our team that can vet really, really well,
1644680	1646120	just as well as the Washington Post.
1646600	1648660	I feel very proud to say that.
1650480	1653060	Ralph Lumenthal and Leslie Kane came to us for that story
1653500	1658160	know that we could do our due diligence and we do we do it well for a small group we're pretty
1658160	1663200	mighty like we're feisty and so and we all stick together trust me we've had our own bickermans
1663200	1668080	inside like a family does but it's been five years i think this week is like next week it's
1668080	1673520	been yeah yeah thank you so like it's you know we are a little family in that way and we work
1673520	1677760	together and we try to do our best and we're situated all over the world too we're not just
1677760	1682760	all in one area so yeah they do and then the same thing people just come to you sometimes with a
1683600	1686700	hopefully in the next week or two I'll come out with a great story about an
1686700	1692680	interagency meeting that I was given some information about so I'll write
1692680	1696620	that and I have the meeting notes and it's just a good story like nobody else
1696620	1702000	will have it I'll get to report it which is really cool exclusive it's an
1702000	1706020	exclusive but it's not breaking news it's just an exclusive too but it makes
1706020	1710900	sense because I we are part of that demo and it's based on edge science that's
1710900	1712720	It's also part of our demo covering.
1712860	1714240	It's not just UFOs.
1714240	1715980	Edge science is attached to it.
1716060	1718740	So the more that we dive into the UAP,
1718820	1720520	we also dive into edge science.
1720640	1723220	And there's so many other people within interagency
1723220	1724340	that's coming that way
1724340	1726920	and connecting to the UFO topic
1726920	1730280	and taking it seriously as interagency meetings
1730280	1731560	because they know it's important.
1731880	1733120	And that's exciting.
1733460	1735940	Like that's very, very, very exciting.
1736080	1737000	And I love to see it.
1737040	1738520	And I don't want to just report on UFOs.
1738520	1739180	I'm actually going to...
1739180	1740440	UFOs is just a little...
1740900	1745560	drop in my reporting, it's going to be who are all these other amazing people here doing stuff
1745560	1750020	in edge science and then UFOs are at the table. Yeah. And that's cool. Yeah. Because a lot of,
1750040	1755700	uh, that edge science stuff, you know, tends to correlate and there's a connection, a clear
1755700	1761040	connection with UAP phenomenon when we speak of, you know, whether it's, you know, manipulating
1761040	1766580	gravity, whether it's consciousness, whether it's, you know, all these other sort of, you know,
1766580	1774300	paranormal activities, but they seem to pop up a lot in the UFO realm. So if you're going to look
1774300	1779480	into one, you have to look into the other. Yeah, they're hand in hand, right? And as UFOs grow,
1779660	1783100	we're going to learn more. That subject grows and we learn more about it. We're going to learn more
1783100	1787100	about all those other areas. And then how does it work within government? How does government
1787620	1792740	become open to having these conversations? Because as much as science can do everything
1792740	1795900	everything that they're doing, you know, and all these wonderful academic institutions,
1796360	1802040	policy needs to change. And that really is the decision maker in many ways, but science and tech
1802040	1806740	and edge science can influence policy. It just takes a long time to get there because it does
1806740	1811340	become politicized. Like I will say this now, and I've said this to Kevin Wright, who works for the
1811340	1817080	paradigm Institute, um, and a couple other people, he's a PR friend and he's just a great human. And
1817080	1820820	you know, he really understands he used to work for the Republican side before he kind of got
1822740	1827400	and consulting from a PR perspective. And we were at Seoul, you know, we had this conversation
1828040	1832400	and I said to him, you know, watching the hearing is so great. I was like,
1832460	1839340	this is the best TV I've watched all year. And it came from a government channel. I was like,
1839400	1844500	how is this possible? Um, you know, and I was, I think I was getting my hair done while I was
1844500	1848180	watching with my stylist and she was just like, what the hell are you watching? I was like,
1848180	1853120	it's like Tasha you gotta hear this this is unbelievable and she likes it too she's like
1853120	1857780	this is wild I know I'm like this is the world we live in yeah um yeah watching it on mute
1857780	1862220	looks the same as everything else but turning that volume up you're like wait a second what
1862220	1865500	are they talking about yeah and it was like and I said to her I'm like took it and I'm like
1865500	1872320	they asked about hybrids and she's like that blew my mind I know I know I was like my biggest
1872320	1878340	takeaway what i was like and like no no no you know i'm like well you know that also i sat back
1878340	1884760	and was like thank god yeah are we gonna open this can of worms oh man i don't know if we're ready
1884760	1890820	for that yet but um but we didn't know if we were ready for nhi either last year you know that came
1890820	1896460	out of the blue i think a lot of people yeah were willing to discuss perhaps gravitational propulsion
1896460	1902780	repulsion or you know perhaps just these craft behaving in a bizarre manner that are undetected
1902780	1909420	on radar or turning invisible maybe yeah but we got nhi we got you know transdimensional beings
1909420	1916060	we got biologics recovered at crashes like i mean a lot came out last year yeah and you know although
1916060	1922760	you know maybe we'll talk about that a little bit but what were your major takeaways from you know
1922760	1927500	know, this year's hearing? Because like, once the cat's out of the bag last year, where do you go
1927500	1934180	from there, right? Other than direct hands-on whistleblower. Do you think that this year's
1934180	1938560	hearing was more of a step laterally or a step back? Or like, what were your biggest takeaways
1938560	1945200	from the hearing this year? That's a great question. I would say lateral, but progressive
1945200	1951540	many ways. We might have went into some maybe directions that I don't think are, you know,
1952760	1957640	prove it and we need evidence and one day we'll get proof but we need some form of evidence
1957640	1964340	and specific data to answer specific hypotheses that we have because that's more important right
1964340	1969300	that's what data does it helps point to a specific if we're talking about a hypothesis right because
1969300	1975840	that's what you need data for uh to then point to the evidence as well um but i do think that we
1975840	1981480	have i think it was it's progressive we're doing it it's great yeah what i didn't like to see and
1982760	1986760	having with Kevin or what we didn't see was that everybody at the table was Republican.
1987000	1988460	And there's nothing wrong with that.
1988480	1989640	Even on the congressional side.
1989760	1990020	Yes.
1990040	1991320	And there was no Democrats.
1991420	1992440	It wasn't bipartisan.
1992680	1993100	No.
1993240	1997900	And this is where I went, this is where I went, okay, this sucks.
1998100	2000580	I was like, this is getting really political now.
2000720	2002400	And it's quietly political.
2002520	2006360	When you don't have people show up at the other side of the table to have the conversation,
2006700	2009260	they've literally gone, this is a Republican topic.
2009460	2009760	Wow.
2009960	2012300	And that's where I went, man, this sucks.
2012760	2021100	It doesn't mean that either side, if it's, first of all, I'm Canadian, so I don't have a say. I tell my American friends, I have my opinions, but what I think does not matter, I don't live in the country.
2021240	2021540	Sure.
2021760	2023280	Right? And so that's just the truth.
2024000	2025380	And so, and I'm, you know.
2025400	2026060	Yeah, no, you're right.
2026320	2026660	Right.
2026920	2034120	When we watch, well, I can't speak for you, but I can speak for myself. When I watch, you know, these hearings and often I'll make a video on it.
2034180	2040400	And it's different with me because, you know, being a YouTuber and a content creator, I don't have to, I can make mistakes.
2040660	2041300	You know what I mean?
2042760	2049780	like be, you know, this, this, you know, this truth saying all knowing like entity, but like
2049780	2054120	when you're, you know, working at Joe Rogan status, you're going to be the news press.
2054640	2060160	Don't say that. But I'm still fallible. But what I meant to say is like, you know, watching this,
2060280	2065500	I'm making a video and I'm like, God, I love that question by Bobert. Or I love that question by,
2065500	2069300	you know, representative Luna or, or Nancy Mace. And I'll just get comments, be like,
2069300	2071380	like, that person's evil.
2071880	2074500	And I'm like, what, because they asked about hybrids?
2074560	2076920	And they're like, no, because they passed this bill.
2076980	2078100	I'm like, I don't know any of that.
2078200	2081480	I didn't even know necessarily that these were Republicans.
2082280	2085820	I'm looking at this from a complete neutral territory.
2086260	2086920	That's fair, yeah.
2086960	2088900	I'm like, let's talk about aliens and UFOs.
2089020	2089880	This is why I'm here.
2091100	2095140	I'm not here to vote on which bathroom people are allowed to go into.
2095340	2096520	I just want to hear about the aliens.
2096740	2097660	That's all I care about.
2099300	2106320	to that you know well i think it just i think it's important because that is a a big part of
2106320	2113520	where this topic is going to go right so it is uh it kind of signals how things might shift
2113520	2118060	right that this has become one-sided and so the other side doesn't want to talk about it
2118060	2124280	and chuck schumer for example has obviously been very right polarizing right contentious yeah right
2124280	2128720	but also he you know was asking specific things trying to push things into legislation too
2129300	2130760	and coming from a democratic side.
2130980	2133440	And so I think it's important that we know it,
2133500	2133940	but you're right.
2134020	2135320	It's like, I don't know everybody.
2135540	2136420	I did the same thing.
2136520	2139460	I think I put someone who was on the panel
2139460	2140940	and I put, wow, that was a great question.
2141220	2142940	And then Tim ended up coming later,
2143160	2144060	McMillan from my team,
2144140	2145300	and he was like, holy shit, Chrissy,
2145400	2147660	I did not expect you to say that coming from him.
2147740	2149640	And then sends me, as a female,
2149820	2151600	I'm like, obviously for female rights,
2152100	2153360	who isn't when you're a woman.
2153500	2156120	And he sent me something and he was just like,
2156200	2158060	I can't believe, I never thought,
2159300	2160060	to come out of your mouth.
2160380	2161580	And I said, I did not know.
2161740	2163940	I said, but I said, what's funny, when I wrote it,
2164000	2166140	I was like, I'm probably, Tim's probably
2166140	2166760	going to say something.
2167120	2169420	I was like, there's somebody's going to say something.
2169480	2170280	Like, who is this guy?
2170280	2171560	But also, that is the beauty of it, like you said.
2171620	2173040	Yeah, because that's my ignorance.
2173040	2173700	It's neutral territory.
2173960	2174260	Well, right.
2174300	2175600	And you can't know everything.
2175840	2176620	Like, none of us can.
2176740	2177120	It's impossible.
2177420	2179820	So you just have to be like, oh, I didn't know that.
2179920	2183220	But my choice on what people do politically
2183720	2185800	is not always important to me.
2186060	2187380	You know, for example, I obviously
2187380	2188620	don't want someone to take away my rights.
2189520	2194100	I, when people have different opinions than I do that are like Republicans or
2194100	2194460	Democrats,
2194880	2198600	I just leave it out of the way and I don't talk about it with them because we
2198600	2200320	talk about UFOs and the issue.
2200440	2203600	There's lots of people that I don't agree with their political stance,
2203720	2206300	but I still talk with them all the time because I think it's so important.
2206440	2210020	It doesn't really matter in this context. I don't think all the time.
2210060	2212640	It just matters that we're connecting, we're sharing information.
2213080	2216560	We're trying to find a source of truth and understanding and there's a
2216560	2218300	community behind that and that's great.
2219300	2221080	and we're exchanging something in real time.
2221220	2222600	And that's so important.
2222800	2225220	And to me, I don't always have to agree with you.
2225240	2225940	You don't have to agree with me,
2226000	2227820	but we can agree to not agree
2227820	2229860	and have a great relationship still
2229860	2232540	and be friends and search for this topic
2232540	2233420	and come to answers.
2233540	2235180	And that's what it's common ground.
2235460	2237940	And I think we do a good job.
2238000	2240340	I think people that try to research this topic,
2240500	2242440	even though people fight, it's going to happen.
2242520	2244860	There's drama in the UFO community all the time.
2245880	2247280	I think people do a good job
2247280	2248560	at least trying to mitigate that.
2249300	2249720	I agree.
2249720	2250760	Now he's not UFO Twitter.
2250980	2251420	Sure.
2251660	2252100	Yeah.
2252420	2254260	Don't go there if you're looking for a good time.
2255300	2259720	I do want to talk about this TV show that you did.
2259800	2263120	Because I think as a premise for a TV show, I just thought, so brilliant.
2264460	2266080	Alien Encounters, fact or fiction.
2266520	2269700	You would basically speak to experiencers.
2269820	2273360	They would present you with data, present you with evidence.
2273360	2277600	and you and another team member, your co-host,
2277840	2282020	you would look at the evidence, listen to their testimony,
2282120	2288560	and then pretty much kind of decide whether or not you think that this actually took place
2288560	2292700	or that it was something of an anomalous nature.
2293060	2293320	Yep.
2293460	2295560	Can you talk to us a little bit about this show?
2295640	2297520	Because I think it's a really fascinating topic.
2297740	2298020	Thank you.
2298060	2299920	It's the first time this has kind of ever been done,
2299980	2302040	at least with Discovery, from this perspective,
2303360	2307720	interviews, like we're chatting one-on-one, but myself and Mitch Horowitz, I come from it as a
2307720	2313420	journalistic perspective. He comes from it from the esoteric perspective. And we then listen to
2313420	2317760	people that have their first to fourth or fifth account, if you want to put that in close encounter.
2318400	2323660	And they give us either like some form of data when it comes to a photo, a video,
2323840	2329980	or a testimony or both, or like mass sightings, media clips, stuff like that. And so I have a
2329980	2335800	a team of experts that I work with that have done tons of research in the back end where we look and
2335800	2339900	break it down right we try to find those data points and we know like for example if it's the
2339900	2345760	isx or is oh my god the iss or it's starlink we can find out where they were you know were and
2345760	2350120	like where starlink was all that kind of stuff right there's so much satellite data yeah so we
2350120	2354500	look at that we look at the five observables I do talk about it but they didn't cut it into the show
2354500	2359380	and I wish they did because it's so important do you think it's a little too inside baseball for
2359980	2363180	It is, and also not every case could have five observables, right?
2363220	2366600	An abduction doesn't have five observables if a UFO wasn't present.
2366960	2372900	So it doesn't always, in that case, when you're looking, you're listening to testimony at this point if you don't have anything else.
2373240	2376960	And so my job is with the team is to break down the analysis with them.
2377080	2380200	And then I unfortunately become like the Simon Cowell of UFOs.
2380200	2381200	I got to break the news.
2381580	2384840	I'm like, God, it's like it's not who I am in real life.
2384860	2385120	God.
2385560	2387960	It's a tough job to tell somebody.
2388160	2388460	Yeah.
2388560	2389660	Just give it to Chris.
2389980	2390700	Break it to him easy.
2390840	2393160	It's like, put me in the position.
2393940	2395560	And I agreed to it, though, so good.
2396160	2399460	But Mitch then will talk about it from, like,
2399460	2402920	in a cult perspective and what he thinks from that cultural lens.
2403280	2403680	Right.
2403700	2406960	So, you know, we are, there's so many cases, though,
2407000	2408200	that had really great data.
2408300	2410000	And there was one off Catalina Island.
2410260	2413940	And, again, I want to write about this because I love the story.
2414000	2416700	And I wish they did more with it because it's so good.
2416860	2418760	And it's a transmedium UFO.
2419980	2425080	about this? Yeah, for sure. It was a UFO that was off Catalina Island, which I said. And so he has
2425080	2430960	a photo, a video of it where it's a triangle and you can see it. Yeah. And he's on a boat. So he's
2430960	2437300	himself and then his partner is on the island. And so they see this UFO. So they cross triangulate it.
2437480	2442100	And then the Coast Guard sees it as well. So you're getting three different points of view,
2442220	2447900	which we all want to need. Right. So then at three different areas saying what the hell is over top
2447900	2453800	of your boat and so he watched it i believe come from out of the water and then it was above him
2453800	2459360	but when he got it on video it was above him yeah is this daytime or nighttime nighttime wow yeah
2459360	2463380	and so when he's telling this first of all when i read the data before i go on i'm like
2464180	2470160	cool yeah like this is you know and then i look at like the rundown of like okay let's look at
2470160	2474060	the back end right let's see if they were doing any type of uh explosions were they doing any
2474060	2477560	type of flare activity because it's obviously the coast guards are there right and there's tons of
2477900	2484500	activity um exercises or right off catalina island so we look only thing that day in those couple
2484500	2490000	days were low barge explosions and so everything was like in the ground or in the water they
2490000	2495600	weren't above and so we knew that it couldn't be that it doesn't look like flares so you get these
2495600	2500040	three points you find out where all the activity is it's all in the water it's low and you go
2500040	2505240	okay like and you're obviously like a really good he's a really great he's really great at telling
2505240	2510380	his own story because he understands what he's seeing. He understands the water. He's a seaman.
2510480	2515440	He knows he's there all the time. His along with his partner, they live on the water.
2515640	2521640	So he's a great witness. So it's yeah, completely anomalous. Like he it's it's the same as if a
2521640	2526660	pilot tells you that's not a balloon. You know, you got to believe the pilot because he's the one
2526660	2532140	who sees things in a plane, you know, and he also like lives there on the water. So he knows the
2532140	2537340	a difference between military activity than he would knowing something's, you know,
2537360	2538060	unidentifiable.
2538360	2543840	A transmedium event like that, I mean, that just, I don't even think you need to be any
2543840	2546380	type of expert to realize that nothing does that.
2546540	2546940	No.
2547480	2548200	No, it's unbelievable.
2548820	2553820	Other than, you know, maybe seaplanes, but, or, you know, those funky cars they had in
2553820	2558100	the 50s that like came out of the water and like these transmedium crafts, but nothing,
2558200	2559460	nothing of this nature.
2559520	2559800	Wow.
2559940	2561280	Do you have a, do you have a video of that?
2562140	2562580	Yeah, it's on the show.
2562720	2563760	Yeah, you can see it.
2563800	2565700	Okay, I might have to clip that in.
2565720	2568200	Yeah, I think I still might have it in my file too.
2568220	2568800	I gotta look.
2569040	2569360	Amazing.
2569440	2573600	Were there any other sort of encounters like this
2573600	2575080	that like really surprised you?
2575460	2577200	Because like I'd imagine,
2577460	2581480	I've worked with producers before and a TV network
2581480	2584400	and I understand a lot of the frustrations
2584400	2585640	that come with that
2585640	2589540	because a lot of times people want to do
2589540	2591560	what they think is best for the show,
2592140	2597280	might not necessarily be best for the topic or or you know the niche especially when you're so close
2597280	2601900	to it and attached to it yeah having other people who aren't very familiar with the topic you know
2601900	2607480	call the shots sometimes isn't you know it can be a little bit of a can be a little bit of a battle
2607480	2613900	but were there at any points um like things that were brought to you that you were just like this
2613900	2620060	is unheard of this is like really good stuff like they did a good job bringing stuff in yeah it's a
2620060	2624680	a first series right it's a first show so you know you're having a whole bunch of producers that are
2624680	2629960	scouring the fields for ufo encounters or any type of phenomena right like they're looking for all
2629960	2638080	different stories uh but mainly uap or they think is extraterrestrial too right um and so yeah there
2638080	2644100	was a lot of great stories i think we interviewed about 30 people wow 30 accounts in two weeks but
2644100	2649720	which is a lot uh per day so you're doing back to back which is a lot are these all um in the area
2650060	2654160	these people from everywhere they're from everywhere across north america wow yeah so
2654160	2658400	they're flying them in and we're all you know meeting in roswell uh so that's kind of cool
2658400	2664960	yeah and uh about seven of them i've like kind of knew of or like no knew who they were online
2664960	2671100	and stuff so it was great being like hey like you know doug yeah what's up like real life uh let's
2671100	2675040	talk and so that was really great and there was and then there were some accounts where you're
2675040	2679600	like analyzing through and with the team you're like no you don't want to say yes like and i
2680060	2683460	People might be like, I'm trying to debunk.
2683480	2684460	I'm not a skeptic.
2684480	2687420	And I truly believe, and I will stand firm on this.
2687540	2690200	I'm like, I want to be able to debunk that.
2690260	2693240	We want to because it makes that 1% even more exciting.
2693580	2695260	Because then we get better data.
2695420	2698540	We're like, OK, let's get rid of the stuff that we know.
2698780	2700920	And yeah, it doesn't mean their experience isn't real.
2701000	2702080	They had some form of experience.
2702180	2703680	But I can explain your experience.
2704780	2709460	But then also, I've got this great little data set that's even smaller now
2710060	2715500	narrow in and really find out more info. And so that's the best part about debunkers. And that's
2715500	2719200	why they're so important in this space rather than us just kind of cut them up. And we're like,
2719200	2722920	you don't believe it's like, no, we got to work together because they're actually really important.
2723080	2727420	We need those people. We need them to be overly skeptical. Maybe then sometimes we're not doing
2727420	2732140	it ourselves because who knows they, they want it. That's what they want to do. Let them do it.
2732360	2737480	Um, it's just how they come out and attack each other. Not so cool. Uh, but there was something
2737480	2740760	something interesting a producer said to me or an executive at discovery and it was,
2740760	2745480	it was in the car and she's like, Chrissy, she's like, it's not like we're telling them they saw
2745480	2751220	a spaceship. And I said to her, I want to tell them they saw a spaceship. I said, because I go,
2751280	2755300	you know, it's, it's different. And for them, the executives don't always understand this,
2755380	2759320	that they're, there's something that goes on internally and you know this and everyone else
2759320	2764820	does. This is such a human subject. So you just saying to them, it's scarier to say it's
2764820	2768980	unidentified so I'd rather tell them they saw a spaceship so I can tell them what they saw
2768980	2773380	yeah because it makes there's some kind of conclusion then right instead of me saying to
2773380	2780680	them I don't know what it is yeah that can be petrifying exciting like you can walk out there
2780680	2786420	and it can change your entire life and it can be good or bad and how the person actually decides to
2786420	2791900	process that information right and depending where they are religiously maybe or like tons of things
2791900	2797480	experiences trauma that goes gone with it that also can create more pst ptsd they could live
2797480	2801940	in that ptsd more because they're asking more questions now rather than feeling they have an
2801940	2807040	answer so you kind of have to it was like oh god i was like and it's like please i want to hold you
2807040	2812740	like let's just have a like a talk like about this you don't leave here uh maybe feeling
2812740	2818760	on not unsatisfied but just it's created more issues for you or you just more wonder there's
2818760	2819260	There's no resolve.
2819340	2820300	No resolvement, right.
2820480	2823940	Do you think they came into this thinking there was going to be resolve, a lot of these people?
2824100	2828100	Well, you don't know what you're getting in when somebody walks in, how they're going to feel, if they're excited or not.
2828280	2832040	So some people would be like, I want it to be true because what they believe in.
2832100	2832420	I see.
2832500	2836480	And the form of grief that they're going through too, because it could be attached to a death.
2836800	2848080	And so that's something where you're like, I'm telling you that this was something that I can approve now, but they really want it to be something else because they thought they were talking to a loved one that was passed.
2848760	2851620	And so for there, you're living in so much grief.
2852000	2857040	And that's the part where that broke my heart because I'm like, I don't want to hurt you.
2857380	2863380	I want to give you hopefully a place where you can start to resolve that grief to some degree.
2863580	2864640	But again, I'm not a therapist.
2864920	2865320	A lot of responsibility.
2865340	2866420	But I'm not a therapist.
2866540	2871460	And unfortunately, they make me a little more clinical on the show than I am in real life.
2871500	2871920	Sure, yeah.
2872040	2878140	They need you to fill that role of the data analyst as opposed to, because or else you'd just be two people.
2878760	2880940	who really care versus like, you know, playing.
2881060	2881900	But what's wrong with that?
2881920	2883520	Yeah, we need Simon Cowell.
2883540	2883960	Yeah, exactly.
2884280	2885540	And they're like, just get Chrissy to do it.
2885680	2888440	But so, you know, you see that side and you're like, man,
2888580	2891220	like because it's such a real topic and like the real people
2891220	2894780	and like, and you watch them live through their grief.
2895040	2895440	Yeah.
2895460	2897400	And that is so hard to watch.
2897620	2900780	And that's so hard to talk to someone with.
2900880	2904060	So, you know, should be taking a class in counseling
2904060	2905560	just on the side now doing this.
2905680	2906080	Honestly.
2906360	2907040	For real.
2908760	2911360	because I have a lot of great friends. Marie Nicola is one of my best friends. She's really
2911360	2914260	great at holding space for other people. So, you know, I learned a lot from her.
2914340	2915160	Marie Nicola.
2915280	2915900	Marie Nicola.
2915960	2916800	Marie Nicola.
2916860	2917440	Marie Nicola.
2917440	2921980	Yeah. And so she holds a lot of great space for people. And I'm very lucky. I have a lot of women
2921980	2926180	in my life that know how to do that. So, you know, you teach each other how to do it, right?
2926380	2930600	And so it gives me the ability to go in and hold space with others too, right?
2930680	2930820	Yeah.
2930820	2935220	So you can listen to them for long periods of time and get stuck in each other's tractor beams.
2935220	2942340	Yeah, that can be, I mean, I'd imagine that that's also, you know, there's a line there where it becomes a lot, I'm sure.
2942840	2946600	You know, I've spoken to, I have a friend who worked for MUFON for a very long time.
2947020	2950760	And, you know, it took a toll on him dealing with experiencers.
2950940	2958460	He had to, you know, especially abductees, you know, speaking to these people, it was a lot of trauma, a lot of PTSD.
2959220	2962520	And, you know, there is that sort of hitchhiker effect as well.
2962580	2965000	And there's all these other things that come along with it.
2965220	2967760	But it can definitely take its toll.
2967860	2971740	Did you feel yourself being a little bit beaten up after this experience?
2971900	2977440	Or did you take away more of a positive feedback from it?
2977560	2979580	Not beaten up by listening to the stories.
2979680	2984820	I think it was just the, I want to do my best to say if it is or it isn't.
2985660	2992740	And not try to be swayed and to be like, well, I should just say it is because that's what people want to hear.
2992740	2993060	Right.
2993380	2995280	So sticking to my values and my convictions.
2995400	2997300	You were the right person for the job then.
2997420	2998940	Well, trying to, right?
2999040	3002400	Because like, you know, and again, like we for sure could, there were more data that
3002400	3004140	could come out and we can make mistakes too.
3004260	3005860	Because they are opinions.
3006040	3009800	Like I am trying to go off data, so I try to stick to the data and then I listen to
3009800	3010400	the testimony.
3010460	3014340	And testimony can always change your opinion too, depending on your data points, right?
3014520	3015580	Testimony is so important.
3016220	3020580	And there was, for example, one account where I saw everything and I saw the video, but
3020580	3021900	I was like, I want to hear the testimony.
3022740	3031720	And that's really what changed my perspective of it because, yeah, because I had to ask all these other questions to fill in the blanks, you know, from the video I was seeing.
3032320	3033400	So there's stuff like that.
3033460	3037120	There was another one, for example, it was we thought we had the best UFO case.
3037320	3041260	So I see the photo open up and I'm like, wow, like that's amazing.
3041540	3042940	And it's like a UFO from Peru.
3043100	3043980	I'm like, even better.
3045160	3048920	So we're like, they're like, this must be the best photo ever taken.
3048960	3050000	I was like, oh, my God.
3050000	3055020	So I'm looking through the data points and I'm like reading through everything and I'm like...
3056300	3057720	Watermark Billy Meyer. You're like, no.
3060160	3067180	I've seen that somewhere. And so I'm looking through like, yeah, the data points. And so
3067180	3072320	the story that, you know, I had to ask her to make sure it was for sure what we thought it was.
3072400	3075840	Because first of all, we thought if anyone's watched the show, they would know this account.
3075840	3079100	but we thought, okay, we know what it is.
3079140	3081380	We think we've debunked it, but we need to ask her.
3081460	3083140	So I go in there and I'm like,
3083180	3086280	so what were you traveling like on and in?
3086440	3088180	And she was like, I go, you know,
3088180	3089420	and she's like, well, I was on a train.
3089520	3091680	And I'm like, this is exactly what it is.
3092600	3094620	So I start asking her questions
3094620	3096120	because she doesn't know what I know,
3096200	3097980	which is also kind of not fair too.
3098200	3100780	Yeah, this is where your little spy tactics come in.
3100820	3102420	But I did have to ask her proper questions
3102420	3103960	to get the rest of the story out
3103960	3105480	because we didn't have that account down.
3105840	3111620	right so we just took from what the knowledge we knew uh shout out to ben hansen amazing he was one
3111620	3117460	of the experts in the back end like i love ben like he just he instantly knew what it was and
3117460	3122980	i was like yeah because he's been on that train so there's one train oh that specific train there's
3122980	3128640	one train that's in peru and so what happened was this woman was we found out was on a train
3128640	3134820	she took a photo through the window and this is so great she took a photo through the window
3135840	3141340	kind of like of the peruvian mountains right like just this is really beautiful and so the ufo i can
3141340	3145280	send you the picture you can cut it in if you want ufo has like a little like smoke trail in the back
3145280	3150980	it looks like okay like just like a cloud it's just like perfectly situated there so she takes
3150980	3156520	it and then she develops it later and like looks and goes like oh my gosh what is this like i just
3156520	3162400	captured something so we find out she's on the train and then we're like what could this possibly
3162400	3170620	be we end up looking around in the train there's a light that is like a circular light and i put
3170620	3176820	both pictures by side by side and they both look the same and i go what is does this look like what
3176820	3184600	you saw and she said yes and i said okay i said when you took a photo the reflection from the
3184600	3190740	light that's in the train was reflecting through the glass the glass took the ufo but it looked
3192400	3197740	a foe but it's really just the light upside down and i go but that's why you couldn't see it when
3197740	3203740	you looked through the window and she was like oh but she was kind of like went in being like i just
3203740	3209100	want to know what it is she didn't have a really the best attitude to have exactly and so but i
3209100	3216080	was like what a great case but ben he's like right i was like you are such a good such a good
3216080	3221100	investigator i was like you knew that so well like instantly i said and also like you knew it was a
3222400	3222920	how did you know that?
3222960	3224560	But she never said she was on a train.
3224960	3225800	So that's the best.
3225900	3226340	Those are the,
3226340	3227640	those like those ones.
3227880	3228200	Yeah.
3228200	3229000	You can't beat that.
3229080	3229860	I love that.
3229940	3232420	I love the idea that we're getting fooled,
3232540	3233540	not by AI,
3234460	3237420	but we're still getting fooled by like double exposure and reflections.
3237720	3238120	And,
3238140	3238780	you know,
3238780	3239580	there was the famous,
3239820	3240200	um,
3241020	3242820	what was that case in Florida?
3244080	3244480	Um,
3245420	3246340	what was that case?
3246440	3246760	It was,
3247320	3248260	I forget the name of it.
3248280	3248680	It was like the,
3248700	3249120	the,
3249160	3250180	the bay or something.
3250300	3250680	Uh,
3250840	3252160	but there was a case where,
3252640	3260020	somebody had taken multiple photos of a craft, and then somebody tried to debunk it by doing
3260020	3265420	double exposure with their Polaroid cameras, where you take half the picture. And gosh,
3265880	3271000	I wish I could remember the name. I'm terrible. But anyways, yeah, it was proven to be, again,
3271080	3276040	just like another camera trick. And this is something that's so funny, because nowadays,
3276040	3279300	is we don't do camera tricks anymore.
3279460	3280340	We do AI tricks.
3280480	3283520	We do digital enhancement or we do CGI.
3284020	3286600	And back in the day, a camera trick was like
3286600	3288660	you had to play with lighting and exposure.
3288940	3293000	And there's a lot of effort that went into a hoaxed photo.
3293400	3294320	It wasn't just-
3294320	3294920	Jelly Meyer's nose.
3295020	3295740	Yeah, exactly.
3296000	3299940	It wasn't just copy paste or a prompt like nowadays.
3300220	3304360	Do you think as we move forward,
3306040	3312300	own thoughts on this, but do you think as we move forward that we're just going to be up against
3313980	3321760	this unmanageable monster of, you know, of, of, of fake photos and documents?
3322120	3327540	Probably. But we're, again, if you work with debunkers, we'll be able to prove it. So we'll
3327540	3332460	be able to work together and people that are in the field that are in the digital fields that can
3332460	3334700	and say, you know, this is CG, this is that.
3334900	3337800	Those people are really important now than ever.
3337920	3338280	Right.
3338340	3340500	So I think they'll come in, right?
3341200	3343460	There's a room for everyone to have a job.
3344180	3344660	Yeah.
3344860	3345340	Seriously.
3345600	3347640	If you don't think you can have a job
3347640	3349840	in like doing any research in UFOs,
3349860	3350780	that is not true.
3351060	3353620	Your job will apply to this job.
3354120	3354600	Somehow.
3354600	3357540	We need some, everyone has a part here.
3357740	3360020	So I meet so many people, they're like,
3360020	3364020	like, I don't, they worked with top, uh, topographical maps. Right. And he was like,
3364120	3368520	uh, this is what I do and stuff. Yeah. And he's like, this is what I do with my job. But, um,
3368760	3372940	I don't know if there's a way I can help. And I said, Oh my gosh, I was like, seriously, dude,
3373400	3379100	I was like, there's so much you can do. I said, there's like, there is so much. I'm like, it just,
3379120	3383600	it depends on any type of analysis is great. It doesn't matter what it is, but everybody has a
3383600	3388540	job of contribution of something they can help. Um, it's just how they end up maybe doing it.
3390020	3391040	Yeah, so I think we will.
3391120	3392620	I think it will get bigger.
3392760	3394800	The pool of people will just get bigger and bigger.
3395100	3399300	And the expertise will be a little more refined and fine-tuned to what we're seeing now.
3399500	3399880	Yeah, exactly.
3400080	3404800	And as technology picks up, we see all these wonderful people that are coming in and will be financing.
3405060	3407740	You know, edge science are related to UAP, right?
3407880	3412000	It just takes a long time to finance something like that because you're not getting a direct return.
3412520	3414860	And, like, how do you fund something like that?
3415220	3417400	So they're coming up with funding models now.
3417560	3418280	And we're seeing them.
3418280	3419360	They were talking about them at Sol.
3420220	3423460	And that's really great to see because you're seeing this financial side
3423460	3425140	and this big business side.
3425200	3427100	If people like it or not, it's happening, right?
3427260	3430240	It's attracting a lot of tech people, a lot of big money in tech as well.
3430320	3435020	Obviously, if any of this turns out to be reproducible,
3435620	3438020	I mean, there's instant trillionaires.
3438840	3442920	So it is very interesting to a lot of people getting into this on a financial side.
3443200	3446620	Yeah, and people always say, well, you shouldn't be making money off UFOs.
3446620	3458120	And it's like, okay, well, if you're selling American footage to other media outlets and you're making money off it when it's taxpayer money, that's totally different.
3458500	3459740	That's not cool, right?
3459860	3467300	But when you're promoting something and trying to break a story, there's a difference because how the heck are we going to use that as an evidence piece or a data point to help prove?
3468280	3471200	But you're not making amounts of money off it, right?
3471260	3473120	You're not trying to do deals on the back end.
3473440	3476120	But I think with tech, people are going to make money.
3476620	3480960	to make money. It just is the way the world works, right? At least in a capitalistic society,
3481320	3487320	you have to so that they can fund. And some people don't care about UFOs. They care about
3487320	3491500	their investment or they care about edge science. They all have different degrees to come in,
3491580	3495820	but we need all of those people like we do with tech. We need them to come in and see this as
3495820	3500460	very interesting. And then we have the theologians or we have the philosophers and the people in
3500460	3504980	psychology and the soft sciences that can come in and say like, well, let's look at this from
3506620	3510380	community's perspective too right well the investors and funders are just backing all the
3510380	3515520	hard science so what's happening now it just takes a long time to get a return if you get anything
3515520	3520340	it's exciting though it is exciting and it's so new because when people go into conferences i made
3520340	3524380	a joke with soul you know it's such a great conference there's so many academics and there's
3524380	3528720	so many leaders there that you get to talk to and everybody's just kind of you know at the beginning
3528720	3533400	of something so wonderful but i was like there should be a joke on like sat on saturday night
3533400	3538680	I you know we all take out our UFO like tinfoil hats and put them on I got one right here it's
3538680	3544480	don't you you yeah and like take a group picture good old collager oh I thought we gotta make a
3544480	3550040	a tinfoil one too on the side but I was like we all like bring out our tinfoil hats and like
3550040	3556080	you know sit back and take a photo and just mock mock you know own it yeah I think we own that
3556080	3561940	stereotype so that absolutely make fun of it um that's that's been my biggest thing is like
3563400	3568180	of people in the UFO space are obviously taking it very seriously because it is, you know, if you
3568180	3574380	want it to be, it can be a very serious topic. But, you know, part of the way that I see it is,
3574900	3580820	this is a little silly. Like, we have to also understand that we're adults, you know, talking
3580820	3586280	about something that we were raised on to be very silly. This is a very silly topic to my younger
3586280	3590800	self, right? And I'm okay with that. I'm okay with this being a little silly and being like, yeah,
3590800	3592040	yeah, let's laugh at this for a second.
3592080	3595340	This is wild that we're getting this footage
3595340	3596860	of an extraterrestrial.
3596920	3599900	Yes, this is silly, but in the greatest way.
3600060	3602560	It's not silly in a mocking,
3602720	3605780	sort of denigrating type of way.
3605840	3609160	It's more like, hey, this is silly,
3609260	3610320	but we're all a part of it,
3610360	3611560	and it's uplifting, and it's fun,
3611780	3614580	and it can be great for story time.
3615060	3616000	It's fantastical.
3616180	3618040	Yeah, and as an entertainment value,
3618040	3620900	I see it as very important.
3621940	3633880	You look back into World War II, the amount of money that was poured in from the government to fund entertainment just to keep the people at home appeased during the war.
3634060	3634820	Everything was fine.
3634940	3638260	So all these amazing movies came out, Casablanca, all these.
3638320	3641320	They all came out during that sort of wartime.
3641320	3641780	Yeah.
3642640	3648540	Entertainment serves an incredible amount of value, especially in a distressed society.
3649060	3654240	And I think the closer we get to this UAP stuff, the scarier it's going to be for a lot of people.
3654540	3662560	And I think we do need some entertainment aspect that does cover this in a way that isn't always 100% serious.
3662600	3664980	Like we can make light of something.
3665140	3665840	That's a great point.
3665840	3667100	And still be enlightened by it.
3667140	3671040	We don't have to completely reject it, but we can also make fun and have fun.
3671320	3676920	Yeah. And we should be able to play in the space. I always say, seriously, I know I agree. It should
3676920	3680840	be, it should be, it should be approachable. Right. And how do we do that? And there, everyone
3680840	3685860	will have a point where they're like their point person or somebody that connects them to it,
3685900	3690200	talks to them about it. It could be their neighbor. It could be a podcaster. It could be anybody. So
3690600	3694400	yeah, I do agree with you on that. It's such a really solid point because we're going through
3694400	3699480	a challenging time right now. But I always laugh because I'm like, why UFOs? I'm like,
3701320	3701880	into politics.
3702000	3704000	I'm like, why didn't I get into like this and that?
3704120	3705300	But I'm like, why?
3705560	3710340	And I kind of laugh to myself consistently where I go, it's UFO.
3711700	3712680	It's going on.
3712880	3714540	I'm like, it's like, what's going on?
3714540	3716780	You're in a skiff right now talking about aliens.
3717440	3721140	It's just so, and I laugh all the time because I'm like, why?
3721580	3723640	And I always ask my own self that.
3723760	3724100	Why?
3724340	3725400	Like, why, why, why?
3725620	3727260	Why do I like this so much?
3727260	3734860	And I know a lot about myself, or I hope I do, as I'm learning God every day, I think we are, that, you know, why it interests me, I know that.
3734960	3736640	But sometimes I'm like, why?
3736880	3744420	And why do I have to wake up every day and like, you know, think about like certain topics?
3744480	3748900	The first thing that pops in my head is just like, not all the time, but sometimes I'm like, why is this happening?
3749080	3754900	Or a connection to a story, you know, and I'm like showering, like thinking about it.
3754900	3756440	But it's a mental sport.
3756600	3758100	And I've said that on my acts.
3758520	3759760	It's a mental sport to me.
3759880	3761560	It is not like I like sports.
3761860	3762880	I'm a basketball fan.
3763120	3765320	And I like that's really about it.
3767340	3773300	And I like like all different types of like, I guess, watching sports to a degree, but more of a basketball fan.
3773420	3774620	But this is my mental sport.
3774740	3777580	This is like where I'll be able to like dive in.
3777700	3782500	And it's got everything you need from philosophy to history to psychology to stats.
3782500	3784320	And you can commentate this.
3784320	3784620	Starting lineup.
3784940	3785180	Yeah.
3785240	3785760	Well, yeah.
3785800	3788920	I kept saying at Seoul, I was like, you know what's amazing?
3789160	3793240	I was like, we have a fantasy football league team that's going into the government right now.
3793440	3799300	And I was like, if you had to pick your starting lineup for who your players would be for disclosure, let's look at that.
3799400	3799540	Whoa.
3799800	3800500	Hold on.
3800520	3801060	John Radcliffe, right?
3801060	3802180	I love this.
3802200	3803000	Isn't it good?
3803140	3803540	Okay, wait.
3803540	3804200	Thank you.
3804220	3804900	People like Chrissy.
3804980	3806060	I was like, it's true, though.
3806120	3806280	Dude.
3806320	3807800	Pick your fantasy football league.
3807880	3808100	All right.
3808120	3809020	We got to make this a thing.
3809160	3809960	But what's, okay.
3810100	3812080	John Radcliffe is in the CIA, man.
3812500	3813140	It's crazy.
3813520	3815220	Your top five for disclosure right now.
3815280	3815780	Oh, gosh.
3816040	3818060	Well, John, he's in it right now.
3818180	3820580	I would say the lineup that we have is not bad at all.
3821100	3823920	I would put Lou in Congress at 1.2.
3825940	3830200	I obviously would put Mellon in there too, because why wouldn't he?
3830300	3831600	He makes sense to be in there.
3831700	3832620	But what position?
3833200	3836000	I don't know where I would put Mellon in the position.
3836400	3837720	Yeah, let's not worry about the position.
3837840	3839520	Let's worry about who's on the team.
3839520	3845260	you got five people the starting lineup okay i haven't thought that far through i just know
3845260	3850040	our starting lineup that's like no let's do your administration has your starting lineup okay
3850040	3854680	very interested this is a great question yeah and it's fun it's a fun super fun yeah but it's also
3854680	3860560	like reality and you can go you can go researchers too i can go are they can they be dead dead or
3860560	3867040	alive okay good yeah okay um oh man valet 100 yeah people might be like these are all known people
3867040	3869720	But yeah, valet for sure, I would put in there.
3872560	3875160	I wonder if I would put a journalist.
3875740	3877140	Hal put off for sure.
3877580	3879360	Yeah, Hal put off for sure on that.
3879540	3881900	I wonder if I would put a journalist in there.
3882200	3884580	I wonder, maybe as a director of communications
3884580	3887920	or like a secretary, you know, a press secretary.
3887980	3888840	Who would you see?
3889040	3889900	Oh, man.
3890260	3891860	Schellenberger, would it be you?
3892900	3894600	No, I would love that, trust me.
3894680	3895820	Actually, I like to go.
3895900	3896340	Leslie Kane?
3897040	3899700	Cain, yeah, I'd like to see probably a woman in that too.
3899940	3901440	But a man, I'm like, I know.
3902020	3902900	Actually, you know what?
3903080	3904780	Bryce Sable would be really good at that.
3904780	3905280	Bryce Sable.
3905380	3907960	Bryce is actually really good at talking directly.
3908620	3909980	I would put Bryce in.
3910080	3910780	Yeah, I would.
3910820	3913000	Just spending time with him and seeing how he works
3913000	3915020	and how he knows how to anchor the story
3915020	3917240	and comes off it different than Ross there,
3917300	3918160	like yin and yang in that.
3918160	3921160	Yeah, Ross would be another great pick there as well.
3921460	3923820	Yeah, it would be.
3924100	3926620	But everyone would be great, let's be honest.
3927040	3927920	But you got to do the lineup.
3928020	3929200	Yeah, and then Melon, too.
3929900	3930620	And Lou?
3931080	3931740	Yeah, I would.
3932020	3933280	Yes, Melon or Lou.
3933420	3933620	OK.
3933660	3934640	I think I would do either or.
3934640	3935140	For the same position.
3935240	3937920	Yeah, again, but then Jake Stratton is in that, too, right?
3938880	3940280	He's coming out with a book, isn't he, as well?
3940420	3940920	Yeah, he is.
3941020	3941780	So I don't know.
3941800	3942860	There's so many of them.
3944620	3947540	But for sure, I think Valet should be overseeing everything.
3948040	3948920	Yeah, oh, my god.
3948920	3949560	Heineck at the top?
3949560	3950000	I know.
3950140	3950820	At the helm?
3951020	3951600	I know.
3951600	3953260	There's too many people.
3953400	3953940	There are too many.
3953940	3955240	What would be your starting lineup?
3955520	3956180	Yeah, it's hard.
3957040	3957480	Very similar.
3957560	3958640	Very similar to yours.
3958700	3960280	I love the angle of a journalist.
3960380	3961880	I didn't think about that.
3962060	3967620	And for me, it'd be, I mean, a toss-up between Leslie and Ross, I think, for that position.
3968480	3970380	Press secretary makes sense for a journalist.
3970740	3971880	Yeah, it really does make sense.
3973140	3976260	I do love Hal, Hal Puthoff.
3976380	3977960	I think that's a great choice.
3978760	3985620	Jacques Vallée, because just from the sort of philosophical, scientific, sort of different
3985620	3986780	side of things.
3987040	3992180	need somebody who thinks a little outside the box yeah um and then we need like nuts and bolts guy
3992180	3998340	right so you know whether whether lou or grush maybe or like you know one of these guys who's
3998340	4008280	i would i would probably go with someone who has like a very good grasp on uh the mechanics and
4008280	4013260	like the real nuts and bolts like and i know i i think grush has like an engineering background
4013260	4021100	ground right so that makes sense maybe maybe that and then yeah i guess i guess somebody who's
4021100	4026340	familiar with you know running projects like this would be would be an interesting uh but maybe
4026340	4031940	maybe hynek i think i think hynek would be you know just somebody who's who's seen this stuff
4031940	4036500	bigelow would be interesting bigelow would be interesting too we need to get those nid files
4036500	4037920	The Lorenzans also?
4038200	4038460	Yeah.
4038460	4039200	I mean, yeah, there's...
4039200	4041660	Oh, I mean, Bob Lazar.
4041740	4043140	That's just a personal...
4043720	4044920	That's my personal pick.
4045000	4046600	My personal draft pick would be Bob.
4046720	4046880	Yeah.
4047000	4048620	I would have Bob in there.
4048680	4050200	Bob would be like making things
4050200	4051860	that like blowing up in the back end.
4051860	4052180	Yeah.
4052200	4053140	Like, what's going on?
4053220	4053620	Exactly.
4053620	4054780	We need a loose cannon.
4055020	4055580	Yeah, I'd be like,
4055580	4058580	put him as like the head of like,
4058800	4059180	I don't know,
4059200	4060000	even a science...
4060000	4060340	Yeah, propulsion.
4060380	4061580	Yeah, right, exactly.
4061940	4062120	Yeah.
4062420	4062820	Fitting.
4063000	4064040	Right, it makes sense.
4064200	4064400	Yeah.
4064540	4065740	Like, this is wild.
4066500	4067120	Great thought experiment.
4067520	4067860	Right?
4067900	4068220	It's fun.
4068340	4071920	And so I laughed because when it came out, I was like, this is like fantasy football.
4072280	4072440	Yeah.
4072500	4075080	I was like, I can't believe the starting lineup.
4075300	4080160	You know, if you like politics or not in the Trump administration side or not, it's a wild
4080160	4080900	UFO lineup.
4081120	4081300	Yeah.
4081300	4081820	Like it's.
4081940	4082340	Yeah.
4082480	4086660	And also with that said, we'll see about the JFK stuff that will hopefully come out too.
4086800	4088620	Which recently even they've been alluding to.
4088680	4089900	They're looking into it or something.
4090040	4090220	Yeah.
4090220	4091200	There's something floating around Twitter.
4091640	4092320	Here's the thing.
4092400	4095840	I have my theory on this.
4096960	4098720	conspiracy theory on the JFK side.
4098900	4099840	You're in the right place.
4100600	4102800	It's like, I think that
4102800	4104520	Trump could have let out those
4104520	4106900	files last time he was in administration, and he didn't.
4107120	4108740	He did. There were
4108740	4110500	some files that were declassified, I believe.
4110580	4112620	Yes, but not everything. And he had the choice
4112620	4114760	to do everything or not. I might be wrong about that.
4114800	4116460	Please, someone correct me if I'm wrong.
4116640	4118400	I always want to know the other side.
4119160	4120760	I do have a feeling that the reason
4120760	4122200	why is that we know that
4122820	4124740	George Bush Sr. was the head
4124740	4126220	of the CIA then, obviously, right?
4126500	4129260	and did not like Kennedy whatsoever.
4130080	4134840	And so the conversation now is with George Bush Jr. is still alive,
4134980	4140180	and the Bush family is such a dynasty that if there's something within those dynasties of families
4140180	4142980	that have so much information and know so much,
4143120	4147660	the choice as a president from a former president is to probably protect each other into some degree.
4147920	4152560	You do probably have like a bro code when you're a president, I would imagine.
4152620	4155920	So you're like, you know what, let's wait until he passes,
4156500	4157260	And we'll let that other.
4157360	4158620	So my theory is that.
4158680	4160260	Unless his kids get into politics.
4160520	4162560	But they're not from what we see that I know of.
4162580	4163160	I might be wrong.
4163300	4164020	So someone tell me.
4164100	4166280	But they're pretty quiet, right?
4166340	4166500	Yeah.
4166580	4167680	When it comes politically.
4167920	4172040	And right now, George and I know and his daughter talk about they just do painting and he's
4172040	4172800	into yoga and stuff.
4172980	4173920	And I was like, good for you, George.
4174020	4175520	But gosh, if you like him or not.
4175660	4176480	But anyway, that's another story.
4176800	4181640	But I do think that once the Bush family is not in the limelight anymore and that dynasty
4181640	4183840	is not as strong as it was in the media,
4183980	4187040	then it won't be like retaliation.
4187200	4188860	And so I think by president,
4188940	4190540	he knows that something is going on
4190540	4192040	with George Bush Sr.
4192220	4192600	Yep.
4192820	4193940	And it's not.
4193940	4194760	Yeah, by proxy.
4195060	4196580	I mean, that's a great point
4196580	4197800	because one of the biggest-
4197800	4198860	It's a lot of power and control in my family.
4198880	4199420	Oh, absolutely.
4199800	4199980	Yeah.
4200040	4202180	That was definitely one of the biggest cases
4202180	4205640	of contention for this not being released
4205640	4208580	was everyone who had something to do with it is dead.
4208800	4210280	Why don't we release it?
4210340	4211000	But like you said,
4211640	4216520	more to that. There's a tie-in directly to that. I never thought of that.
4216520	4222940	Well, we also have 9-11 really connected to, obviously, George Bush Jr. too. So it's going to be like, if your dad did this, we want to know this.
4222980	4232040	He was asked about that too. He was asked about declassifying those files as well, Trump, and he said he would do it. So that, yeah. I mean, if that comes out, maybe not one without the other.
4232420	4233660	This is going to get crazy, Chris.
4233660	4235260	It might get crazy real quick.
4235300	4237160	It might be a lot of fluff.
4239380	4243760	I wouldn't put it past him to say these things and not do them.
4244180	4246660	That's something that politicians are really great at too.
4248800	4253680	But that's the other thing that's really interesting about Trump in the UFO community
4253680	4260680	is that when voting happened, you were not only voting for who your president was going
4260680	4261600	to be in the United States.
4261600	4265240	you were voting for who the president of disclosure to some extent was going to be.
4265360	4265840	Good point.
4265960	4272180	Because a lot of that, a lot of the talk in the circles is 2027 or 2026 or 2028.
4272320	4272540	Bad number.
4272960	4274600	It's around there, right?
4274760	4276180	2027 comes up a lot.
4276260	4277580	Lou brings it up a lot as well.
4278840	4287520	And if that's the case, then the president you chose is going to be the president who's going to disclose aliens.
4287960	4288380	Could be.
4288380	4295700	And so a lot of people looked at it like who was more favorable to disclose that stuff between Kamala and Trump.
4295780	4299840	And I think a lot of people saw that Trump at least mentioned it.
4299980	4300220	Yeah.
4300240	4300500	Right.
4300620	4302840	So it might have swayed some votes, I guess.
4302920	4303280	I don't know.
4303280	4311720	I had an interesting conversation with somebody who does targeted bomb dropping, which is like a very interesting job in Intel.
4312480	4312920	Yeah.
4313340	4315060	And of all the places we met on a plane.
4315060	4316880	Imagine having a dull conversation with someone like that.
4318380	4319380	and I sat beside him.
4319500	4319820	Oh, wow.
4319920	4320020	Yeah.
4320100	4320860	And then we were like
4320860	4321800	Insta friends, right?
4321920	4322700	I was like, what do you do?
4322780	4323540	I was like, what do you do?
4323760	4325160	No way he just told you that.
4325420	4325900	Well, yeah, we just,
4326040	4327240	he can tell me that.
4327320	4328020	That's insane.
4328120	4329120	But I like grilled him
4329120	4329780	about his job.
4329880	4330900	Why wouldn't I?
4331000	4332080	Did he know you were like
4332080	4333220	a reporter?
4333540	4333840	No, he didn't.
4333840	4334860	Like an investigation.
4334960	4335680	No, but I was,
4335680	4337220	and more like for,
4337300	4337740	you know,
4337740	4337920	our,
4338460	4339880	his interest in the topic
4339880	4340520	is interesting,
4340620	4341120	but he's not like
4341120	4342220	a big UFO guy.
4342400	4342640	Right.
4342700	4343720	But I was really curious
4343720	4344480	about his job.
4344560	4345460	So like I asked
4345460	4346520	a lot of questions
4348380	4349020	Like, this is wild.
4349140	4352240	And then I also asked him, like, how does that feel doing that job?
4352460	4354620	Yeah, like, it's a rough job.
4354660	4355600	It's a hard job.
4355940	4357200	Do you disconnect completely?
4357440	4358460	You have to to some degree.
4359020	4364400	And I think that there's, yeah, like, it's not easy working in the government to some degree when you make choices, right?
4364460	4365900	And you have to make those types of choices.
4366560	4370700	Yeah, you might as well be playing a video game, like, in your head because that is.
4370700	4376460	But I did say to him, you know, I'm hearing this thing like 2027.
4376640	4378440	Like, what are you hearing?
4378600	4379920	Like, you have a secret computer.
4380320	4382520	Like, what's in your secret computer?
4383480	4388340	And we were talking, but I asked him from a perspective about when China will invade Taiwan.
4388720	4393020	I said, you know, outside of UFO stuff, I said, I keep hearing 2027.
4393060	4395520	It was 2025 that was a prediction at the end of this year.
4395580	4397260	It's been pushed to 2027 now.
4397260	4402920	and now people and not so much what he's told me but i know people in the intel community have told
4402920	4408560	me that they're pushing it to you know 2030 right right so i do have again a pet theory that there
4408560	4413640	is this connection between this date of 2027 and maybe related to what is going to go on around the
4413640	4419020	world globally when it comes to us it's not so much like hey they're here it's more about you're
4419020	4425020	going to kill yourself if you guys don't figure it out and so the comment that was really interesting
4425020	4432700	when we chatted was because when you work in the air force and somebody please tell me this and i
4432700	4436380	want to write something on it but i haven't found it and again this could be i'm not trying to start
4436380	4444600	a conspiracy i'm more about curiosity um i'm about starting a conspiracy so let's go just disclaimer
4444600	4450860	yeah he's just gonna cut this section no no no whatever she says is is yeah i i see it this way
4450860	4452140	Okay, we got it.
4453860	4454220	Shit.
4455080	4459200	And so I said to him, you know, we were chatting about the time,
4459240	4460060	and he said 2027.
4460180	4462440	And I said, yeah, I go, but in the UFO world.
4462540	4463360	I said, do you want to hear something?
4463540	4465120	And I go, along with the experiencers.
4465300	4466920	I go, experiencers are saying this.
4467120	4469340	You know, we're hearing about China invading Taiwan.
4469460	4471180	Again, they want to push it to 2030.
4471900	4474580	But if that happening, and if America gets involved,
4474840	4477900	or Canada gets involved and becomes a global conflict, you know,
4477900	4478880	it being 2027.
4480960	4485140	2027, something's going to happen, like fault lines or all these things, right?
4485300	4486760	Like there's something, there's safe zones.
4486980	4488060	I've heard all this stuff too.
4488300	4494040	And then the other part is I hear is like, okay, the science side, Pioneer, I believe,
4494600	4495500	this is interesting.
4495560	4501320	I think they can look up, it's 2027, I believe, is that when Pioneer, they did, UCLA put like
4501320	4506140	a graph on Pioneer and it obviously went into interstellar space, but it was going the trajectory
4506140	4507700	of potential civilization.
4507700	4511400	socialization. So their prediction that when something will come back to us at some point in
4511400	4518580	communication will be 2027. I know. I was like, stop. If you believe John Ramirez, former CIA
4518580	4523460	agent, he says 2027. Some people like his stuff. Some people don't. I don't follow it myself.
4524620	4527900	But that's a conversation. There's so many things.
4528100	4528640	Which what did he say?
4528900	4533400	He says that something's going to happen. The massive disclosure, I believe, will be 2027.
4533420	4533860	He said this?
4534020	4535740	I believe so, yeah. John Ramirez has said this.
4535760	4536680	No, but the guy on the plane.
4536780	4537060	No.
4537700	4538980	I'm like, wait, hold on.
4539580	4540360	This guy knows.
4540380	4540840	Sorry, scary.
4540860	4541380	No, no.
4541560	4543200	So I start telling him all this stuff.
4543360	4547020	And then he says out loud, he's just like, well, yeah, in the Air Force, there's like
4547020	4548820	this patch that like everybody wears.
4548920	4549960	It says 2027.
4550100	4551320	And then we both stopped.
4551320	4552040	It went like this.
4553380	4554340	And then he's like.
4555320	4555840	Wait, why?
4557020	4557340	Why?
4557700	4560520	And so I asked him, but I don't know if he knows what the patch is about.
4560560	4561100	It's been talked about.
4561100	4563200	So I was like, I got to see this freaking patch.
4563620	4564880	Look at, let's look it up.
4565420	4566200	Let's look it up.
4568020	4572140	way no way and so i leave you know the plane and i'm like maybe i know something
4573040	4579100	the timeline probably not though um but it is yeah let's see this patch but i think that you
4579100	4583960	can uh oh no i think marie did this i did tell my friend and we looked it up and she said there's
4583960	4589220	something about a graduation that's 2027 that they wear a patch just the just the numbers yeah
4589220	4593940	2027 yeah it's the air force specifically that wears it huh so i was like what does this mean
4593940	4595160	I'm like, what do they know?
4595340	4596440	Yeah, that is crazy.
4596700	4598120	It's crazy, especially when it's the Air Force.
4598380	4600420	So that's probably a huge conspiracy theory.
4600500	4603840	When Space Force starts wearing 2027, that's when we should be concerned.
4603940	4604340	Yeah, exactly.
4604480	4605360	Or naval intelligence.
4605480	4605880	Right.
4605980	4607820	So that's going to start a conspiracy theory.
4607960	4612260	But my little conspiracy theory on the brain, sorry, on the plane was like, oh, wow.
4612480	4614360	But I'm hearing it from all circles.
4614440	4618360	So the academic circle is saying this from past historical stuff, UCLA.
4618820	4621180	We're hearing it from people that are working-
4621180	4621760	Former intelligence.
4621820	4622460	Former intelligence.
4623940	4624640	saying there's a timeline.
4624780	4626020	We're hearing from experiencers.
4626200	4628100	And this guy that doesn't really,
4628160	4629620	he's not really into UFOs,
4629620	4632080	is telling me stuff related to talking about China
4632080	4633020	and global conflicts.
4633380	4635260	So there's a lot here.
4635380	4636140	There is a lot to unpack.
4636140	4637180	It seems that way.
4637240	4638600	It seems like a culmination.
4640840	4642840	People in our age demographic,
4643300	4646200	we've been subjected to quite a few of these things.
4646320	4649520	I think the last one I fell for was 2012.
4649880	4651500	And before that was Y2K.
4651500	4654340	and we had a 2021, I believe.
4654380	4655620	There was like the winter solstice,
4655640	4656980	something was supposed to happen there.
4657200	4659860	And we get these ever so often.
4660120	4662240	But do we really ever,
4663360	4665360	because it's happened in the UFO community too,
4665540	4667180	do we really ever hold people accountable
4667180	4668220	when it doesn't happen?
4668460	4668720	No.
4668780	4670720	Well, we do.
4671080	4671460	Or do we?
4671520	4674180	Because I know Bashar as well has,
4674300	4677160	the guy that does the channeling,
4677160	4678100	the Bashar guy.
4678280	4679140	Oh, yes, yes, yes.
4679140	4691440	Yeah, so he also says those dates, but then he's kind of smart because he kind of goes, in this timeline, if we keep doing things this way, it will happen.
4691520	4693600	But if we start shifting, then it won't happen.
4693660	4694320	I'm like, that's it.
4694600	4695440	That's how you get out of it.
4695440	4696560	That's how you got to do it.
4696700	4700040	If you're going to predict something, you can't just straighten Osterdamus it.
4700140	4700840	You got to have an out.
4701440	4703100	That's my magician mind thinking.
4703140	4704100	Right, fair enough.
4704340	4705800	I'm like, that's so true.
4705800	4713660	True. I fell for the Y2K. I was on a plane, actually, and I was going to Tanzania. And
4713660	4719220	I was sitting with this guy. And we dropped down in Ethiopia first, and I was sitting with a priest.
4721300	4722260	It's a wild story.
4722500	4726080	Yeah, I know. And he said to me, and he's like, you know, and I was like, well,
4726140	4732420	the day that we land, the world on the other side is going to disconnect. It's all going to change.
4732420	4735540	and he's like yeah but you know where the safe spot is and I said where he
4735540	4745240	goes Ethiopia I went no shit there's no Wi-Fi in Ethiopia well apparently like
4745740	4749420	biblically and also there was you know if you're looking at the start of time
4749420	4753700	there's so much like history around Ethiopia it's also higher up to an
4753700	4757620	altitude so there's other things but he just said he's like yeah this is a safe
4757620	4761540	spot and I was like wow yeah you know and so when we landed I was like wonder
4762420	4763240	and looking around.
4763240	4763900	You're ground zero.
4764080	4766500	Yeah, I was like, wow, if this is actually true,
4766560	4768420	obviously I'm here, so it didn't.
4768480	4770740	But I laughed because I was like, out of all the places
4770740	4772980	and this priest tells me I'm on a plane,
4773080	4774320	I was like, what does this mean?
4774700	4775900	Yeah, maybe that timeline.
4776160	4776640	It's a wild story.
4776960	4777140	Yeah.
4778240	4779660	Happened in a different timeline, perhaps.
4779860	4780460	Yeah, exactly.
4780540	4782660	Wasn't Ethiopia also like, isn't there rumors
4784520	4786540	that Ethiopia has like the Ark of the Covenant?
4786700	4787340	Isn't that like another?
4787620	4788140	I believe so.
4788200	4790260	And one of the first, I forget her name,
4790260	4796140	uh one of the oldest uh i think remains were found too like beginning for like civilization
4796140	4801760	spears yeah there's a full body was found i believe though too i forget her name it was a
4801760	4808820	female um but yeah there's there's so much to ethiopia that is just historical and uh and and
4808820	4814940	fascinating and it is it is great like uh but i was going to tanzania um outside of us just kind
4814940	4815800	kind of stopping over there.
4815980	4816440	Is that,
4817720	4818080	that's,
4818840	4819660	that's the mountain,
4820080	4820440	right?
4821000	4821360	Kilimanjaro,
4821400	4821620	is that right?
4821780	4821820	Kilimanjaro,
4821980	4822100	yeah.
4822280	4822400	Yeah.
4822440	4823280	Was that where you were going to do?
4823460	4823740	No,
4823820	4824200	I was,
4824220	4824720	it was,
4824720	4825680	I was in Arusha,
4825700	4826800	so I did fly into it.
4826840	4827760	So I've seen it a couple times.
4827960	4830080	I was down there doing some work with MTV.
4830340	4832420	We were doing a program I was producing
4832420	4834880	and doing some PR on the backend with them.
4835300	4837360	I was working with a not-for-profit and an NGO
4837360	4839860	and we filmed a piece where we're trying to show
4839860	4842040	the juxtaposition of youth in Tanzania.
4842220	4842560	Oh,
4842560	4842620	cool.
4842620	4844020	And what it was like to be Canadian
4844940	4849960	to be wow yeah and so we went into all different orphanages and i've met so many different programs
4849960	4856140	that were being done by the local community that needed funding so that was just on like africa has
4856140	4862640	such a spirit that we do not understand like unless you like you live there yeah i've never
4862640	4867600	obviously if you're african it's it's something else like it's just we don't understand community
4867600	4873180	they do um and that continent does and all those countries really do there's just the greed is so
4874940	4878780	bad and it's so unfortunate but it was one of the best experiences I've ever had in my life and
4878780	4883640	I've gone back twice I took my mom the second time because it like totally changed me when I came
4883640	4890140	home I you know I will say my sister uh was really one of those people that was doing work in Africa
4890140	4894020	when she was 19 and she was an influence to that she was doing some work with Save the Elephants
4894020	4898460	uh she was doing some stuff she literally jumped on a plane at 19 and was like doing some stuff
4898460	4903920	with CNN whoa yeah like she's got balls was she was she like a big inspiration for you growing up
4904940	4908940	anyways, my sister's in media. She's just, she's my bigger sister. And like, you know,
4908940	4913560	we don't always agree eye to eye and we haven't for years, but we, I think we've come to this
4913560	4918520	really understanding, like family understanding, uh, dealing with hard stuff, watching each other
4918520	4924660	grow, being, um, understanding our backgrounds of like how we grew up and the things that we love
4924660	4928520	and how we're so similar, but how we're so different. And we're both really strong women.
4929520	4934160	So that's, it's interesting. Yeah. She's, she's influenced me and I have so many people and women
4934940	4939520	my life but for sure she is and like you know when i do an interview or something adele will be like
4939520	4943840	this was great do that tweak this you know and i love that like marie will do it for me and so many
4943840	4949740	people so yeah i'm very lucky to have them um but yeah like adele for sure was an inspiration in
4949740	4953740	many ways because when i was growing up she would talk about africa like she was there she's five
4953740	4959140	years older than i am so she was like living in and when she came home i remember picking her up
4959140	4965120	with my parents and how much it changed her. And then when I went and experienced it, I understood
4965120	4969560	what she was talking about, you know, and we've been lucky enough, you know, Adele and I have done
4969560	4974680	co-projects together where we help build an orphanage in Honduras. We did that about seven
4974680	4978280	years ago and my friend was there. Yeah. We raised like 10 grand and we went and we built it
4978280	4982520	in the middle of the mountains in Honduras. That's amazing. Yeah. It was a, it was a grade school,
4982620	4987900	like one building, one room kind of classroom. So that was really great. Um, and like lived with
4989140	4993700	lived in like, you know, a local kind of, you know, it wasn't a hotel or anything. Um, so we
4993700	4997960	just, you know, you're just doing the groundwork, which is actually like a lot of fun. Cause you're
4997960	5002020	for sure. Yeah. And like, you're learning so many things I'm sure. Well, yeah. And you're seeing so
5002020	5005480	much and you're talking to so many people and you're seeing how people live and you're like,
5005560	5011580	wow. And it just opens your eyes. Like, you know, I understand to a degree, you know, when looking
5011580	5016380	at certain areas within Tanzania, I won't say, cause that's my only been to Ethiopia and Tanzania
5016380	5017840	and been all throughout Africa, right?
5017900	5019420	And every country is different
5019420	5020840	and everybody is different, right?
5021920	5024340	But understanding like, you know,
5024960	5027500	being how there is this moment
5027500	5029680	of how poverty does expand over time.
5029880	5031280	And it's so sad.
5031340	5033920	And you see how these people are just doing their best
5033920	5035100	and living their best lives.
5035160	5037420	And someone said to me, you know, Chrissy,
5037560	5038840	we're not unhappy people.
5038960	5040640	We're just unhappy with our situation.
5041100	5044660	And it just, this guy was like 15 or something, 16.
5046380	5051560	that the truth to be that wise already yeah and I was like wow like thank you for saying that to me
5051560	5057280	and like and like showing me like this amazing connection yeah that like I don't we don't have
5057280	5061380	within community within our own we have it maybe with friends in our internal community
5061380	5067340	but this was like everywhere yeah and so wow yeah it's really beautiful and there's something there
5067340	5071840	that I think you know again my sister experienced I got to experience and then I brought my mom with
5071840	5077000	me so that she could experience it and she was just like this is i'm like it's you know it's
5077000	5081680	funny because your mom and you're like mom like let's go and she's like chrissy
5081680	5088500	i was like mom you can't you can't take photos of everything so you know that's cute yeah it was
5088500	5093200	it was a funny also it's like different ages like yeah you know millennial to like boomer right like
5093200	5097360	traveling and just or she's so used to traveling different ways where i'd be like roughing it i was
5097360	5101700	like let's go and then we almost missed a plane i was like we gotta get on the bus let's let's go
5101840	5105060	Granny, you know, like, she's like, I just want to go into the gift shop.
5105180	5105420	Yeah.
5105500	5107580	And I was like, no, like, we got to go.
5107700	5107740	That's awesome.
5107840	5110660	So we're, like, this close to missing a plane to, like, fly out.
5110720	5111700	You know, you're like, mom.
5111780	5112220	It's a good time.
5112340	5112820	It was.
5112940	5113800	It's, yeah.
5113840	5117900	Yeah, traveling with the parents is always a fun experience.
5118180	5118380	Yeah.
5119480	5119800	Okay.
5119880	5124140	Well, let's, I want to wrap things up a little bit here.
5124240	5127940	And then after, if you still have time, I'd love to continue some of these conversations
5127940	5132220	conversations in the, uh, in the Patreon episode, like 20 minutes, if that's, if that's cool.
5132300	5137240	Uh, I did want to mention, um, something and feel free to, you know, if you want to talk about this
5137240	5142200	or not, but when we had spoken the first time you'd mentioned like the UN and their involvement
5142200	5148340	with UAP. Um, can you maybe fill us in a little bit on, on what's going on with that? Like what's
5148340	5153800	the, what's the plan there? Well, we're hoping that the UN gets involved. Um, so Jacques Vallée
5153800	5158680	was one of the first people to put it forward that the UN, I believe this again, if I'm wrong
5158680	5163820	in my history, someone correct me, but Jacques Vallée was one of the first and then along with
5163820	5168540	Lee Spiegel. And then he partnered up with Jacques Vallée again to bring it, to research the topic.
5168600	5174020	So I believe it's had two kind of resurgence. Now there's three, Apollo, who is, I'm,
5174540	5178180	Apollo's going to kill me. I'm forgetting his last name, is based in Italy, but they're trying
5178180	5182940	to get San Marino to be the major hub, right? It's small. It's a very, very small country,
5184440	5186040	and close to Italy and Europe.
5186220	5188340	And so you'll be able to like fly in
5188340	5189380	and this would be like a point
5189380	5190760	where delegates and scientists
5190760	5192440	and people could go consistently
5192440	5194400	or at least once a year for like a week
5194400	5195740	and have a conference like a UN,
5195820	5197320	like a G Summit kind of meeting idea
5197320	5199400	and have people around the world talk
5199400	5200380	and contribute ideas.
5201320	5204980	So Paulo has gotten where San Marino has agreed
5205460	5207560	and has pushed it through somewhat of
5207560	5210220	as a country of grants that they would host it,
5210320	5211980	but they're trying to get Congress
5211980	5213280	and if anybody's out there,
5213800	5218780	help Paulo and I'm trying to help him where they kind of want to stamp from Congress to say,
5218880	5225600	or at least some politicians to be like, this is a great idea. And so the UN would also, you know,
5225600	5229240	they've got a lot of other issues they're dealing with right now. Right. So this would kind of be
5229240	5234860	lower on the agenda, but it doesn't mean until 2027. Well, exactly. They're like, Holy crap.
5235140	5239820	We're all like, here's the blueprint. We've already figured it out. Just let us in.
5239820	5241380	And we know what we're doing.
5241500	5242340	We've got the team.
5242420	5244620	We've got our fantasy football lineup in the UN.
5245520	5248200	Who am I bringing in for disclosure of the UN?
5248560	5250860	But Paul was really doing a wonderful job.
5250980	5251700	And he was at Seoul.
5251880	5255980	And he was trying to talk to people that are related or connected to Congress so that he
5255980	5258960	could get some form of government support from the American side.
5259460	5262260	I think we can get it from the Canadian side, from Larry McGuire.
5262460	5263840	We are going into an election.
5263960	5265340	So that's going to be hard next year.
5265340	5270040	sometimes politicians don't want to get involved with such a you know a polarizing topic at times
5270560	5275480	because they don't want to say something and their party gets mad at them not like i know this from
5275480	5280320	larry i just know in general it's how it works yeah but so maybe he'll say something or write
5280320	5285400	something that is a like a stamp for the united nations and we can always ask larry to do that
5285400	5290880	publicly and it would help propel that subject into the united nations because it is important
5290880	5293920	Like there's so many reasons why we could have this.
5294500	5308520	First of all, as a comms person in the background, when you're part of the United Nations, you have all these wonderful people and around the world that are delegates and heads of their countries where we can say, this is when we have massive disclosure to some degree.
5308720	5310380	This is what we do in a comms.
5310380	5311160	So we don't react.
5311480	5315200	We're proactive and we go, here are all the things we can do.
5315260	5317700	And we've agreed to do this around the world.
5318320	5323500	like all of these countries that are here are saying yes this is the protocol and how we're
5323500	5327320	going to do it yeah you would think we'd have that in place like you look at all these movies
5327320	5332020	yeah of you know the event that happens whether it's arrival or whether it's like whatever the
5332020	5336680	movie is but you would think that like there is some type of blueprint like you said in place
5336680	5343680	that's you know should this event arise like this is how we proceed but there isn't anything like
5343680	5348280	that right well well I think SETI has something some degree I think they're
5348280	5350740	actually the point of contact if something really okay that makes sense
5350740	5354740	yeah it does but they're a not-for-profit they're not huge right
5354740	5359400	that you need to have a bigger they're not the table but they at least have a
5359400	5363780	plan to some degree from what I know right but the United Nations would have
5363780	5368180	that plan but it would be a global plan to who's ever in the United Nations that
5368180	5372580	Greece and that's how to be executed to each country around the world the comms
5373680	5378720	don't get into this polarization topics the words are agreed upon and the words that we use are so
5378720	5383420	important you mean the words to communicate to these entities should they that show up to the
5383420	5387980	public or to the public both ways never thought about it that way right you know there needs to
5387980	5392220	be some you need to think of that yeah right like that's why we're going to talk to these things
5392220	5397180	or whatever it may be yeah sure right you know and or how it shows to some degree that we have
5397180	5401880	to communicate with it and we are communicating with it now but how do you do it on a global way
5403600	5409700	is. And then talking to the masses around the world. So we're not using polarized words. We're
5409700	5414920	not using words that decides to separate weaponizing and can be activating for people
5414920	5420480	that are like, you know, don't, don't agree with it. So we find these common words around the world
5420480	5427640	that we can use, or we create words that we can use to have an understanding. So it's not polarized
5427640	5432800	and it's not reactive. And then from there, then we also look at all the data that comes in around,
5433680	5436880	National security, unfortunately, at times is good and bad, right?
5437400	5439160	Sometimes over-classification sucks.
5439480	5443320	But at least the stuff that we could get from around the world,
5443440	5446580	we can then have a point group within the United Nations
5446580	5448880	to be able to look at, take AI,
5449120	5451020	and look through all the similarities
5451020	5454520	and narrow down each year or every six months,
5454660	5457000	comes out with a report the same way Arrow does.
5457200	5460460	And they say, this is all the global phenomenon that we're seeing.
5460640	5462560	This is all the occurrences.
5463680	5464360	This is the shapes.
5464500	5465620	These are the experiences.
5465860	5467200	These are all the accounts.
5467420	5468860	And we can narrow it down even more.
5468960	5473600	And then now we have these global 1% where we're like, holy crap.
5474000	5477300	We can take AI doing what's going to happen throughout the year.
5477400	5478800	And then we can go back into history.
5478980	5480540	And then we can do the exact same thing.
5481700	5484020	There's so many reasons why the UN could take it.
5484120	5484700	That's exciting.
5484900	5490900	It's fascinating to think about, too, that it might come to that one day in our lifetimes.
5491280	5492700	I hope so.
5493680	5496040	famous speech that Reagan gave at the UN.
5496080	5498100	In our obsession with antagonisms of the moment,
5498800	5503160	we often forget how much unites all the members of humanity.
5504340	5507780	Perhaps we need some outside universal threat
5507780	5510640	to make us recognize this common bound.
5512000	5516040	I occasionally think how quickly our differences worldwide
5516040	5520300	would vanish if we were facing an alien threat
5520300	5522480	from outside this world.
5523860	5528540	And yet I ask you, is not an alien force already among us?
5529320	5536520	What could be more alien to the universal aspirations of our peoples than war and the threat of war?
5537020	5538180	That it was in front of the UN.
5538500	5538900	That was in front of the UN.
5538900	5539960	Oh my God, I didn't know that.
5540060	5541840	I just thought that it was a presidential speech.
5542020	5543340	I know my history beat on that.
5543360	5544040	Clip it in here.
5544400	5544520	Yeah.
5544640	5552540	But it was such a, you know, such a, you know, a lot of conspiracy theorists are like, man, you know, it's so weird that he would say that.
5553680	5558700	need is another worldly threat to unite us all and this is like during a time we're like so you
5558700	5564740	know but that there is a good point to that it's like why read in though don't we heard that i
5564740	5570120	mean i mean potentially i wouldn't you know i wouldn't put it past you know him being read in
5570120	5576440	but you know that is just such a an important thing and he is right it's like are we gonna wait
5576440	5582040	until there's a global conflict before we set this plan in motion?
5582580	5587120	Or should we at least on a preparatory intelligence level
5587120	5591200	have this already aside and ready to go?
5591400	5592240	Ready to go.
5592280	5592680	Yeah.
5592720	5594620	Ready to go and agreed upon in many ways.
5595200	5597100	That's why we get into problems right now
5597100	5599600	is because we can't agree on certain words.
5601480	5604180	Lobbyist groups create things and they just know what they're doing
5604180	5604920	because they have an agenda.
5606440	5610960	the same agenda and we agree on the same words yeah we can't get mad at each other it's tough
5610960	5615640	yeah and you're always gonna have people that are gonna you know be like this they freak out and
5615640	5621300	i don't like how it's done but at least yeah it's true bring them to the table then too it's like
5621300	5627240	you know you have a say you're the smallest country in the world yeah come on down um so uh i think
5627240	5632280	there is a way to do it it's just and also this is it would start now whenever disclosure may be
5632280	5636160	to what that degree looks like if we're living in it i think we are to some degree but bigger
5636440	5644940	disclosure, big D, little d. I think in that larger mass global scale, you have, it's going
5644940	5649200	to take like 10 to 20 years to write that, right? It's going to take a long time. It's not going to
5649200	5652540	happen in a year. You're just going to, you're going to have to look at your-
5652540	5655260	Yeah. Language is so important. Semantics.
5655520	5656100	So important.
5656260	5656500	Delivery.
5656780	5663280	Yeah. And like, how do you do it? And then writing that like comms plan around how you would go about
5663280	5667580	doing it but then also just like what are the back history beats to all this
5667580	5671220	because a person that's in the UN or the group that's in the UN that will be
5671220	5675200	changing will be transient it'll be a transient job to some degree yeah you're
5675200	5679100	also gonna have delegates from around the world that that person or people
5679100	5683040	will be talking to to say hey Canada what are you hearing so then they
5683040	5686240	they're the collector of information yeah within the government and then or
5686240	5689880	just whoever it may be it could be a civilian depending on the country and
5689880	5690860	And here's the information.
5691040	5692820	And then you have that direct point access.
5693000	5694840	But then you do have to know the historical beat.
5694900	5702460	So who's ever working on that, it's like, for sure, it's like, OK, now I've got to write a history, a proper history backgrounder on this for everyone that's coming in.
5702460	5703000	A lot of prep work.
5703340	5704880	Yeah, employees who are coming in.
5704900	5706080	So your employees are prepped.
5706140	5709300	So it's like, watch these videos for like five days.
5710120	5711940	I got some links I could send them.
5712040	5712800	Yeah, exactly.
5713220	5716560	There's a ball in Manchester at the airport strip they should check out.
5718840	5723600	there's so many things like to the back like it just it's going to take a long time so we need
5723600	5728080	to start it now so that we at least just have the dialogue and then we start prepping for it
5728080	5733300	and it actually wouldn't be a lot of money for the united nations to do it it actually like you're
5733300	5737880	just employing people to do history beats and writing comp it's using people's brains and data
5737880	5743280	tools and stuff that we they already have access to you know so it's not it's actually could be
5743280	5744340	we've done really cheap.
5744520	5744900	Like,
5745000	5745500	you know,
5745600	5746900	we're not asking them to build telescopes.
5747080	5748600	We're using other people's telescopes.
5748840	5749100	No,
5749120	5750120	you bring up a great point.
5750240	5750480	Like,
5750480	5750900	and it's,
5750900	5753000	it's so important too,
5753120	5757120	because the last thing you want is a world leader just coming off the top of
5757120	5758340	the head with like,
5758420	5759780	whatever he's going to say to the people,
5759820	5760120	you know,
5760120	5760240	or,
5760280	5763260	or his publicist drafting something up the night before,
5763340	5763540	like,
5763600	5765000	this is the last thing you want.
5766660	5767140	They're like,
5767240	5768040	it's a weather balloon.
5768100	5768520	We're like,
5768540	5768700	ah.
5769000	5769380	Yeah.
5769380	5769920	But like,
5770040	5770360	you know,
5770360	5770680	it's,
5770720	5771160	you know,
5771180	5771540	that whole,
5772180	5772560	uh,
5773280	5779960	you know, people of America, we are in contact now, you know, like, or whatever that sounds like,
5780020	5785240	we don't want that being drafted up the night before. That's a great point. Like, we need,
5785420	5789460	you need to choose your words wisely because you're going to affect the rest of history.
5789560	5795960	I definitely believe that should some cataclysmic event or disclosure with a big D, as you put it,
5795960	5805400	happen. I think that we're going to start counting from year zero again. I do think we'll have a
5805400	5814680	pre and post disclosure reality. I think that everything, just like now, when we talk about,
5814780	5820860	before COVID, after COVID, it was such a big event that we do think of time in that way now.
5820980	5825280	We're like, oh, yeah, but that was before COVID, or that was before 9-11. We have these major
5825960	5829220	that our lives, our paradigms completely shifted.
5829240	5832040	Our entire life shifted to some extent.
5832560	5836740	But this would be, I mean, it would be as big as Jesus.
5837080	5837860	Oh, huge.
5838220	5838680	Exactly.
5838740	5843820	And I do think that we're going to start at year zero when this happens.
5844100	5845700	Yeah, it's a whole new world.
5845720	5847340	Yeah, we need to have that map ready.
5847580	5848560	What are we doing?
5848840	5849680	Yeah, you're right.
5850380	5855260	And I think, for sure, in how we perceive time or what we understand,
5855960	5861840	about who we are and what does that mean and what is this thing? What are these things? Can I ask
5861840	5870780	you, what's your theory? What theory do you lean closer to? Okay, I lean closer to, I do like the
5870780	5878660	idea of consciousness being this type of field that is omnipresent, that there is no beginning
5878660	5885880	to, there is no end to, it just kind of is. And we are all just this manifestation of this
5885880	5891680	consciousness. We are the universe expressing itself. I am a little node growing in a complex
5891680	5896480	life form that has this, because I'm complex, I'm attracting this consciousness into me,
5896580	5901580	and now I choose to sing and I choose to dance, because that's what the universe wants. It wants
5901580	5909440	wants to express itself. And I think that's kind of what it all is now, you know, as far as the
5909440	5915400	minutiae of it and as far as like the little finer details. I do, you know, I do believe in,
5916080	5920820	I've come around to these ideas though, because I've, you know, I was raised Catholic, became
5920820	5927200	staunchly atheist due to being a magician for, you know, 20 years. You're sort of disenchanted
5927200	5933480	by reality very quickly, to then coming around to being agnostic, and then now to being more
5933480	5939180	open spiritually, but still not being opposed to the scientific explanation for the spiritual
5939180	5948240	things that we experience. So I think that at the end of it all, there are little things that can
5948240	5953920	happen, such as we're being observed by these things, whether they're physical,
5953920	5959140	you know extra dimensional or extra tempest real like Michael masters says
5959140	5963200	or it could be all of these things but I think all of these things live under
5963200	5968060	some type of umbrella and I think whether you're us or whether you're a
5968060	5972180	being that is a billion years more advanced I think we're both in pursuit
5972180	5976680	of the same answers I just think that they might have a better grasp on it and
5976680	5980240	they might be you know using us to somehow find the answers that they're
5980240	5985980	are looking for. That's an interesting perspective. We're all looking. Yeah, we're kind of like their
5985980	5994580	version of AI. We all are a part of AI, whether we want to be or not. Yeah, and you Google something,
5994880	6001280	you're instantly part of AI, right? So we are a collective machine creating artificial intelligence,
6001560	6008740	whether we know it or not. You have no choice but to be part of the creation of AI in today's day
6010240	6014020	level. If you're walking around with your phone, guess what? That's mapping where you're going.
6014440	6021160	So we're all being used to create this artificial intelligence. I think that
6022620	6029660	us as a species and probably many other species are being used in a not so dissimilar way to
6029660	6032880	attain some other type of goal or some other type of answer.
6033280	6037180	Yeah. I like the fact that you're, and it's true, why can't they be seekers?
6037180	6050040	You know, I've said this a couple times, and I've talked about it with friends, and I think I said it in a group podcast once on another show, and they said to me, they were just talking about it, and I was like, why do they always have to be perfect?
6050700	6052040	I'm like, why can't they screw up?
6052140	6053840	Because they're like, well, in Roswell, they crashed.
6054060	6057520	And it's like, well, why does everything have to be perfect?
6057720	6059140	Perfect doesn't exist.
6059580	6060360	It's not real.
6060620	6064320	And why does it have to be in other dimensions or whatever it may be, right?
6064360	6065480	We're still learning so much.
6067180	6073260	seekers? Why can't they be looking and trying to ask questions and know and, you know, research us
6073260	6077780	to find out what the answer is too? They're probably just as curious of us as we are of them,
6077800	6082200	right? Yeah, maybe there's something about what we're doing that informs them, you know, about
6082200	6085960	the universe somehow that we're oblivious to. Yeah, it's true. You know, they're like, wow,
6086100	6091220	they're painting? This is new? What is painting? You know, or whatever that is. Yeah, they're like,
6091260	6095820	gangster rap? Yeah, exactly. What do they do with their fingers? They're like, Tupac
6097360	6106200	yeah he definitely or a prophet yeah or in cuba yeah all right please jupac i like that we're
6106200	6113060	ending it on that this is a whole other rabbit hole for them to get into um chrissy thank you
6113060	6119240	so much for being a part of this inaugural episode of the skiff i appreciate your time here i
6119240	6124700	appreciate what you're doing for humanity and not just the ufo subject i i really appreciate it
6124700	6126360	I think you're doing great things
6126360	6129520	and I feel very appreciative
6129520	6130800	of knowing you
6130800	6131480	and being a part of it
6131480	6132940	so thank you for being here
6132940	6133920	thank you for saying that
6133920	6134740	thanks for having me
6134740	6136080	guys if you want to check out
6136080	6136860	Chrissy's work
6136860	6137380	I'll leave the link
6137380	6137960	to all the stuff
6137960	6139240	we talked about below
6139240	6140600	you can check it out
6140600	6141880	check her out on her socials
6142280	6143800	check her podcast out
6144560	6145360	Rebelliously Curious
6145880	6147420	on Debrief Podcast Network
6147420	6148620	also you know
6148620	6150980	catch her show on Discovery
6152340	6153340	remind me again the name?
6154700	6155240	Fact or Fiction.
6155360	6155920	There it is.
6156140	6157280	Go check that out.
6158400	6159360	Thank you so much.
6159420	6160200	It's been a pleasure.
6160340	6160900	Stick around.
6161140	6163440	We're going to be heading into the Patreon for some overtime stuff.
6164240	6167280	And I got some deeper questions to ask Chrissy,
6167380	6169520	so you'll want to join and stay tuned for that.
6169880	6170480	Thanks, Chrissy.
6170640	6171220	Thank you.
6185320	6188020	Thank you.
