start	end	text
0	7180	Good morning everyone, thank you for your presence, those who are watching us online.
9000	17260	Every human encounter has to make us grow humanly.
17580	27780	Therefore, I have strong hope, almost certain, that we will leave here enlarged, humanly.
27780	37420	This is a public hearing of the participatory legislation commission,
37420	40740	where the citizenship participates.
40800	44840	The meaning of this commission is very important in the House,
44960	49220	and it is not disputed, unlike almost all others.
49220	56460	others. And why is that? Because here we don't deal with big
56460	65320	enterprises, big business, big regulation themes of society,
65860	72840	from the economic, financial point of view, and even social, as it is called.
72840	78960	but the social is the meaning, the soul and the life of this Commission.
79840	87320	That's why absolutely all the demands that come to us are examined and welcomed.
87860	89780	That's how it should be done.
90680	102000	That's why I highlight that this Commission is, together with the Consumer Defense Commission,
102840	109500	to discuss the connection between ufology, the use of the Law on Access to Information
109500	117240	and its potential impacts on society's information and the maintenance of national sovereignty.
118660	122620	I would like to highlight that the present audience is in favor of the approval of the
122620	131920	Requerimento 66 de 2025 de minha autoria. Gostaria de reiterar o agradecimento pela
131920	138820	presença dos membros desse colegiado, suas assessorias, dos convidados e convidadas e
138820	149240	de todos e todas que nos assistem. Esse evento está sendo transmitido na internet e o vídeo
149240	154160	The video can be accessed by the Participatory Legislation Commission website,
154160	159520	on the Chamber of Deputies website and on the Chamber's YouTube channel.
160000	166480	Something that we often forget, without the Chamber's advisory, without the House's servants,
166480	168300	there would be no plenary sessions.
169080	175900	So, my thanks, I just saw that they prepared the whole structure here, the names and such,
175900	181400	and I said here, by ear, that you are great. Thank you very much.
182560	188840	It is important to emphasize that, from the Commission's website,
188880	193020	citizens can participate in online interactive debates
193020	199040	at all CLP events, sending questions that, at the end of the event,
199180	203400	will be submitted to the table for the guests' presentation.
204380	211720	Before we move on, this is already at the end, the next part I want to invite the members
211720	214440	who will set up the table here.
218100	221840	Tiago Luiz Tiquete, editor of the magazine Ufo.
222740	226380	Welcome, you can come here, do not be afraid.
228560	234360	Vittorio Pacatini Tavares Paz, consultant of the magazine UFO.
235100	243260	Marco Antonio Petit, my fellow countryman, president of the Brazilian Commission of UFOs, CBU,
243340	248580	and Fernando de Aragão Ramalho, vice president of the Brazilian Commission of UFOs.
250340	251700	Welcome everyone.
256820	262080	I welcome a previous criticism. There's only a man here on the table.
262960	266080	There's a female representative from the UFOLGOS Brazilian Commission.
266080	269360	She came from Rio de Janeiro to honor this audience.
269720	270340	What's her name?
270640	271280	Lala Barreto.
271340	275320	Lala Barreto, also from the Brazilian UFOLGOS Commission.
275500	280160	Welcome. You'll have the priority, if you want, to speak in the debates.
280160	291180	debate. I would like to, before passing the floor to you, make some quick considerations.
291360	299520	It's curious, right? We have done this throughout our lives. In this legislature, which is my
299520	314280	as a federal deputy, many public hearings, many initiatives were taken in terms of environmental issues,
314320	322020	in terms of climate education, just to talk about this legislature that is a little more than half of it.
322020	331480	half, we discussed territorial rights of indigenous peoples, fake news, a series of
331480	337440	very important initiatives, due to the theme you observe, but also,
341140	347200	despite the interesting theme of several other initiatives, none of them
347200	355000	It has had such a repercussion on the press as this one, in a positive sense, of applause,
355340	361420	the initiative that almost no one has, almost no one has even, you came to say that, courage
361420	365920	to make this public hearing, I suppose that there is no one armed there who wants to kill
365920	367160	the president of the commission.
367460	372420	So, I've already faced situations in life, I'm a survivor of the dictatorship, at
372420	377180	When I was 16, I went to Cannes as a student of Pedro II, to participate in a passeata.
377440	379580	But you don't need courage.
379960	389740	Now, you need to question with rationality, because there are those, and I respect them a lot,
389900	396500	who were surprised, thinking that I should be dealing with more important things.
396640	400020	Imagine spending public money, no guest is here,
400020	403200	the expenses of the Participatory Legislation Commission.
403800	406920	Those who are not from Rio came on their own,
407760	410820	but still there were these criticisms,
412020	415040	and we welcome them, understand them, respond to them.
415540	421060	Now, it's impressive, all this shows, at least, a great curiosity about the subject.
421140	425360	Sometimes the strangeness is even the result of some kind of interest.
426360	438660	And of course, in the morning of today, I was very overwhelmed with two things, which have nothing to do with the subject of this hearing, at least directly.
439340	449960	The murder of the delegate of the São Paulo police, already retired, who was now Secretary of Administration of Praia Grande,
449960	456600	and who since the beginning of the 2000s fought, led the fight against the PCC.
456740	462940	He was ambushed, killed in an absurd, abominable, tragic way.
462940	471660	Now, what shocked me even more was to hear a statement from him saying that he had no protection,
471660	475560	There was no protection, he lived alone in Praia Grande,
475900	479620	he had no official protection.
480380	482640	This is unacceptable.
483240	485960	A person who was obviously threatened with death
485960	488680	has no protection.
489040	491120	As a result, at the age of 70,
491840	497100	in the vigor of his activity, he was eliminated in a terrible way.
498460	500200	I dedicate this to him, our tribute.
500560	503620	I dedicate this to him, our audience.
504280	507860	Another news that has touched me violently
507860	515580	was the terrestrial advance of the forces of the current government of Israel
515580	519820	on Gaza, to end the elimination of that territory,
520140	525440	in a process that the UN declared as genocide yesterday.
527580	532900	This is part of the concerns and the parliamentary activity.
533140	537900	And finally, more directly here, I heard news, and this one made me a little happy,
539600	545580	that such an anarchy, a continuous act after the historic decision of the Supreme Court,
546440	551020	is entangled there because there is no text, maybe they don't get in the order of the day.
551020	558800	And I really want things here, all of them, to be debated and discussed with transparency.
559400	560460	This is democracy.
561440	566900	Like here, this morning, we will discuss and debate with transparency.
567320	576140	Not to say that I only talked about problems or flowers, I want to, already starting, provoking
576140	582140	the table here, there is a criticism that I received in the many comments that came about it.
583060	591100	Although the focus of the audience was not a debate between ufology and those who consider it
591100	599460	a debauchery or a uselessness, there is this, you know that, but there is no
599460	603540	There is no questioning. The table is very uniform.
603940	610400	It's true, this could be discussed when we started organizing this public hearing,
610400	618340	but first, I'm going to read two criticisms here for you to respond as a provocation,
618500	627440	and nothing prevents us from calling those who have a lot of zeal
627440	633540	by science and that are not considered to be contemplated here on this table.
636300	642460	The criticisms are the following.
642940	643540	Where is it?
646460	647880	I'm not finding it, it's a lot of paper.
648100	652500	If it were on the screen, I would click and it would already be solved.
660280	666240	There comes the advisory. The advisory is to suppress the ignorance of the advisory.
667440	673480	It could even be the president, Putin or Trump. Without the advisory, they would do even more nonsense.
674160	685620	Well, Vitor Andrade, philosopher, scientific divulger, very vehement in his criticism of me, the president,
687720	701480	All members of this table, with the exception of Wagner Vital, have public declarations
701480	705580	conspiratorial, without scientific proof.
705900	713900	And, in quotes, his textual, what security policy do you really think will come out of it?
713900	718720	We will start investing in security and hunting aliens?
719900	726040	You will excuse me, but everything is planned to become a big circus.
726820	734060	We will, throughout this meeting, show that, with all due respect to the circus activity,
734060	740640	which I really love, here in the Chamber of Deputies and in this public hearing,
740640	749300	not everything is programmed to turn into a circus. Another scientific divulger, Sergio Sacani,
749640	760780	he attacked this audience and said that the country hates science, and with taste. I
760780	766360	disagree with that too. Instead of having a public audience to discuss the construction
766360	772960	construction of a meteorological satellite, good idea, Saccani, let's incorporate here in the
773880	781340	participatory legislation commission, thank you, of a GPS system or how to efficiently manage
781340	787880	rare lands, very opportune, Saccani. Deputy Glauber Braga, who is also the chairman of this
787880	794100	this commission, will be with us implementing an audience on the mineral
794100	796980	riches in Brazil and the threats to it.
798020	801620	He even has a bill to preserve them definitively.
804180	811140	Speaking of these riches being great resources we have, this, yes, reveals the defense of
811140	814200	true national sovereignty.
815000	816620	We are going to talk about UFOs.
818060	822220	Does he know exactly what is Ovosin? He must know, it's not just a flying saucer.
822720	824860	I honestly don't know what else to say.
825420	827800	Well, it's over then, there's nothing more to say.
828020	830500	May God have mercy on this country.
830660	834800	I had an insight that I saw Eduardo Cunha,
834840	840000	President of the Chamber, in the session of the deputies of President Dilma Rousseff,
840140	842460	exactly say this expression.
842820	847260	We will not use the name of God in vain, and I am sure, in my belief,
847880	855840	particular and personal, that God is present in all the activities that we do with good faith
856380	862540	and with the public spirit here in this house. God and all the gods of all beliefs,
862740	869420	we defend the secular state, which is the only one that assures the plurality of beliefs.
869880	877700	Well, we start hot, so I've already said too much, the public audience is for the parliamentarians
877880	884260	but listen. We need to do a course of listening more than of listening.
884900	892680	And that's how it will happen. With a time limitation, because today there are a thousand activities here,
892840	899440	at noon I will be late a little, at half past noon I have to go to a meeting of our very important bench
899440	903080	to deal with the order of the day of the week.
906080	912660	Also, to close my participation here, I, in fact, made requirements for information
914880	917180	to the government bodies.
918200	927620	We could also have invited someone from the government to be here on this table, but everything,
927620	931680	Of course, this public hearing is not the only one, it is not the last one.
933700	939100	According to the order, we will be alive for a little while, or a long time, some here.
939840	944980	I want to inform you that the mandate has already made three information requirements
947120	952760	regarding the registration and study of unidentified flying objects and their crew.
954200	956380	Requirements 44 of 2009,
958900	965520	64470-2009, 679-2011 and 3515-2018.
966180	971600	They were partly responded by the Armed Forces, but responded.
972120	975420	No one said it was delirium, that it was an impertinent matter.
976120	980860	The answers confirmed the existence of some information,
981400	986160	such as some occurrences involving supposed UFOs,
987620	993780	with which at least the Brazilian Air Force deals with the subject, and not only Brazil,
994160	1001580	not the Air Force of many countries. We have today more than 10,000 pages of documents and other
1001580	1007860	types of information in various formats, in collected lots and under the possession of the National Archive
1007860	1014360	in Brazil and Rio de Janeiro, sent by FAB. Despite this, in many cases, the Ministry of Defense
1014360	1020200	the defense only lists the documents indicating the origin, date, subject, destination and
1020200	1030480	classification degree attributed. It has a confidential, confidential, secret or ultra-secret document,
1030520	1038720	as well as the expiration date of the secrecy, that is, the explanation about why sensitive data
1038840	1047620	sensitive data, does not appear. The text only records the decision to classify them and the
1047620	1057660	access restrictions. So, this is to treat this issue seriously. And so we will move forward,
1057760	1065420	because nowadays you have noticed how drones are determining even wars
1065420	1073120	in the whole world. And the drone, many times, when it is not identified, can be classified
1073120	1080920	as an unidentified flying object. So, here it is not just poetry. In my childhood,
1081040	1087080	I loved a caipira fashion that said, I hope it is true that there is a flying disc,
1087080	1093660	that it is an intelligent people to bring us a lot of peace and love. If it is for the
1095420	1101380	this intervention. Here on Earth, we only think about war. Killing the neighbor is our intention.
1101920	1111240	So, look, there is a generosity there, of wanting solutions for humanity, so perplexed, so bellicose,
1112100	1119760	not bellicose, you see, Governor Zema, and sometimes bellicose, and so unruly.
1119760	1126420	On the other hand, the most sophisticated, the famous Gal Costa,
1126840	1135220	sang the unidentified object, a passion that shines at night in a city in the countryside.
1135480	1144480	So the theme is part of the wonderful human universe, sometimes perverse, luminous, sometimes obscure.
1144480	1149180	Well, after these immense, extensive considerations,
1150000	1157880	like the vote of Fux, I will pass the word here to our guests,
1158440	1163660	having made all these records and saying that the public audience is for that,
1163760	1170720	to raise controversy, to continue the debate and to seek a little light on this path.
1172920	1186880	I pass the floor to the editor of the magazine Ufo.
1188720	1190560	Thank you, Mr. Deputy.
1191180	1198700	On behalf of you, I thank the presence of the other parliamentarians and also our guests.
1200560	1210300	First, I would like to hand over to the Ufo magazine, which is the oldest and most well-known publication in the world about the philological phenomenon.
1210320	1215740	For more than 30 years, it has been trying to find answers to this phenomenon.
1216340	1222260	We are approaching the 300th edition. It was a creation of G. Bauer, a healthy G. Bauer, who has left us.
1222780	1229060	We are approaching the 300th edition and we have always been talking about this subject of great importance.
1231700	1237020	I have a presentation, can you pass it to me please?
1237800	1238360	Thiago.
1247560	1252720	I will talk about the public hearings that are being held in the United States.
1252720	1259460	For being the country that, at first glance, is the country that is most concerned with this phenomenon.
1259940	1269040	And when we talk about the philological phenomenon in the United States, we are not saying that there they are simply looking for green men or flying saucers.
1269320	1271960	The question is more serious than that.
1271960	1278120	These are investments that the US government, the US parliamentarians, are not aware of,
1278120	1283220	carried out by the military in search of answers to unidentified object-fragile objects
1283220	1286220	that they claim are not a threat to national security.
1286440	1292420	So, we have three important points to highlight, which are access to information,
1293200	1295400	both here in Brazil and in the United States,
1295520	1301180	these objects that are in our skies and we have no idea how they come and how they go,
1301960	1308880	a budget, a black budget, that is used there for this purpose of research, and that not even
1308880	1315960	the parliamentarians, who should be the people who would know this topic, are being warned.
1324660	1326640	Hello, is it working?
1327720	1328120	Okay.
1328900	1332260	So, my name is Thiago Luchiquete, I am the editor of the magazine UFO, I am also Director
1332260	1335920	of International Relations of the CBU, the Brazilian Ufology Commission, and Director
1335920	1341300	National of MUFON in Brazil, in addition to delegate in Brazil of ICER and CIF.
1344060	1353680	Since 2022, after 2018 to 2019, where three videos were leaked and the New York Times
1354420	1359320	and the Washington Post, the main American newspapers, released these videos,
1359460	1364660	the American parliamentarians began to pressure the military government in an answer
1364660	1366420	to what these objects would be.
1367300	1373760	So since 2002, the Congress has been promoting public hearings on UAPs, which would be
1373760	1381340	unidentified aerial phenomena, UFOs or UFOs, an official term that is now being used by the Pentagon.
1384120	1389760	In the first hearing, which took place on May 17, 2022, in the Subcommittee of Intelligence
1389760	1394160	of the Chamber, this video was presented, from the Department of Defense of the United States,
1394580	1400600	where the Pentagon or the Department itself had no explanation of what this object was.
1400600	1406640	And when we say here that it is an UFO, people have to understand that the UFO is not necessarily an extraterrestrial object.
1406860	1409160	Because if that is determined, it is no longer an UFO.
1409560	1412840	So it can be anything that we don't know today, but that in the future we can know.
1414440	1419480	The witnesses in this audience were Scott Bray, who was the vice director of Naval Intelligence,
1419520	1423000	and Ronald Montrey, who was the adjunct director of Intelligence.
1424160	1428620	showed this video of a spherical object with a reflective surface
1428620	1430840	that flew over the cabin of an F-18,
1431200	1433760	one of the most modern fighter jets in the United States.
1434840	1437860	This object had no wings, no turbines,
1438200	1440340	no one inside it.
1440440	1444740	It was something totally unknown and they didn't know the answer.
1445200	1449400	It was the first formal public hearing in more than 50 years
1450180	1452280	about the UFO theme.
1455720	1462180	The second hearing took place on June 26, 2023, by the Committee of Supervision of the
1462180	1468160	Chamber, where we had former military and people who had reports and experiences with
1468160	1470560	beings, excuse me, with unidentified flying objects.
1471180	1476220	David Grush, who was an ex-intelligence officer, he stated that there is a secret program
1476220	1482160	for the recovery of unidentified, inhuman flying objects by the United States.
1484480	1487160	and tried to do reverse engineering.
1487980	1491600	They deconstructed to build, to learn how to do it.
1491920	1497200	Even David Gruch stated that there were non-human biological bodies
1497200	1498400	in these rescues.
1498600	1501640	Remembering that every hearing in the United States
1501640	1504800	called by a committee of the US Congress,
1504800	1508280	the people raise their hands and swear to tell the truth,
1508600	1509960	nothing more than the truth.
1510140	1512840	And if they are lying, they can be charged with perjury.
1514160	1517800	If he affirms that, he has to indicate where the people, where the
1517800	1520480	parliamentarians will be able to access this information.
1520920	1526060	This is rarely done face to face. They reserve in a room, he will give
1526060	1529720	name of people and also where you can find this material.
1531480	1535120	Another who also participated in the audience was David Fravor, who was a former
1535120	1540500	Navy commander who filmed the Tic Tac object, which is a cylindrical object in
1540500	1542400	in the shape of that tic tac ball.
1542500	1544880	He filmed it, and it's a famous image of him screaming,
1545120	1548540	not screaming, but celebrating with another pilot
1548540	1550740	what that was, we don't know what that is,
1550900	1554700	and this image, this footage is famous all over the world.
1557380	1558660	He was in the audience too.
1560000	1562360	And Ryan Graves also went to the Navy,
1562620	1565000	who reported that he saw anomalous phenomena frequently
1565600	1567980	while flying over the Atlantic Ocean.
1567980	1570680	There will be a coincidence that you will see later.
1572560	1578240	On September 9th, last week, we had the third public hearing in the United States,
1578300	1581840	where also military, being one of the active, was summoned.
1583680	1589700	Jeffrey Nuccelli, who was a veteran, said he had multiple incidents between 2003 and 2005,
1590080	1597060	near the Vandenberg Space Force Base during missile launch.
1597980	1601420	These objects were on sensitive North American areas.
1602760	1608360	The objects pulsated and moved in a strange way, and the incidents were documented.
1611000	1620160	Dylan Boland, who was also an Air Force veteran, in 2012, at Langley Base, saw a triangular object about 30 meters long.
1620160	1627680	long-term. Silent and interfering in electronic devices. He claimed that he suffered internal
1627680	1630360	retaliation so that he would not comment on the case.
1632520	1639580	And we had Alejandro Wiggins, who is an official of the US Navy, in 2023, while serving on board
1639580	1647080	the USS Jackson ship, saw objects of that type, tic tac, luminous emerging from the ocean
1647080	1653860	and joining the other three, and this quartet simply disappeared and was
1653860	1659180	recorded by US radars. The images in this same
1659180	1665220	audience were displayed in a video where an American MK9 drone, the Reaper,
1665460	1671040	fired Hellfire missiles against an object over the sea near the coast of
1671040	1678080	in Yemen in October 2024. The object seems to have been hit by this missile,
1678180	1682660	because this missile pierces layers of the ground, it easily pierces any type of
1682660	1688360	armor. This object seems to have been hit, but nothing suffered, except for three
1688360	1692880	small fragments that seem to come off it, but keep following it.
1693660	1695280	I'll just show you a part of the movie.
1698080	1699940	Can you play it for us?
1700780	1703660	You can see that the missile will hit the object.
1705160	1707780	And it continues, releasing three fragments.
1708920	1711700	The total film lasts about a minute and a half.
1713580	1716840	But in slow motion, it hits the object.
1717100	1719280	And the object seems to continue flying.
1720200	1721940	And these fragments continue to follow.
1722520	1726280	In the sequence of this footage, the object really continues to move over the sea.
1727360	1730220	This video, the Pentagon, so far has no explanation.
1730840	1735760	It may possibly be in the front, it may be, but so far it is a legitimate object,
1735900	1737600	a unidentified flying object, or UAP.
1739160	1741160	It was last year, and it was released last week.
1742180	1745460	So there are several. If you just go to a site called Arrow,
1745740	1749620	which is the department that investigates this, there are several videos that they explain themselves
1749620	1754520	and others that continue there. It is a department linked to the Pentagon that continues there, these videos,
1754620	1756120	that they have no explanation to this day.
1759460	1763620	This is another video, other videos without explanation to the Pentagon. This was
1763620	1767240	made in Yemen. You will see here, in the corner of the video, a sphere passing.
1768760	1770680	This footage is being made by a drone.
1772940	1777780	So this sphere, it will continue down there and no one has been able to explain it
1779620	1780280	in 2022.
1784380	1788100	This is the famous one of the navy pilot, it's the tic tac that he filmed, this is inside
1788640	1793240	his plane, this screen that he was seeing, it's an object that moved in a strange way,
1793240	1796360	that had no wings, no turbine, had nothing too.
1803840	1808480	Let me go back here. As I said, this is a timeline
1809620	1814700	the appearance of these objects, big or small, in sensitive military areas in the United States,
1814760	1820900	in the whole world. We had in 1967 in Maelstrom, in the United States, where an object deactivated
1820900	1826280	nuclear missile silos. It simply deactivated them. They were deactivating them one by one.
1827220	1831400	We had in 1980 in the Floresta Ranchman, an UFO landed at the base.
1832180	1836000	The military saw it. A military man came to touch it. And then it disappeared.
1836000	1842320	We had the Tic Tac in 2004, as I said, in 2010, several objects accelerated at
1842320	1847340	straight angles and disappeared from the radar, UFOs always in conflict zones or security.
1847840	1854280	In 2015, the Gimbal and Go Fast and in 2023, the SS Jackson.
1855440	1860560	The standard of reports, nuclear and military security areas, radar interference and
1860560	1864700	weapon systems and maneuvers, in addition to the technology known to us.
1867440	1871780	Today we have some countries with some initiative in research, mainly.
1872520	1877720	The United States, which has the All Domain Anomaly Resolution Office, which is the AROW,
1877800	1883740	which receives these reports, these videos, these reports of pilots and analyzes.
1884220	1891180	We had in England the CODGN from 1997 to 2000, but we believe that today they still maintain
1891180	1892840	has a secret investigation program.
1894160	1898300	China uses military intelligence and IA technology
1898300	1901680	to track the increase in sightings of these objects
1901680	1903860	all over the world, especially in China.
1904380	1907580	And also in Japan, a group of parliamentarians
1907580	1912000	defending the creation of organs similar to the US Arrow.
1912000	1914140	So the concern is enormous.
1917780	1924480	In 2022, we had here in the Senate, also in a commemorative hearing of the 75th anniversary
1924480	1928960	of the World Day of Autology, of Senator Girão, Giver, Salvador Giver, organized this for us,
1929160	1935080	we also talked about ufology, we brought the captain who was in Malmström,
1935180	1939920	who was inside the office where he was.
1939920	1941040	I was...
1941040	1942400	Is it working?
1942540	1942720	Okay.
1944000	1944780	I'm finishing.
1945880	1948820	And the conclusion is this, Congressman.
1949320	1953580	Ufological investigation must walk along with the Law on Information Access.
1953680	1958800	The right to information is constitutional and guarantees transparency, science and democracy.
1959600	1964160	Denying access to data about UFOs and UFOs is denying citizenship.
1964600	1968260	And society has the right to know the truth.
1972080	1973280	Thank you, Thiago.
1973900	1974340	Next,
1980780	1981660	Vitório Pacatini.
1981880	1982640	Did I say it right?
1982860	1983280	No.
1983860	1984300	Welcome.
1984800	1985280	Thank you.
1985280	1985980	Thank you very much.
1987020	1987860	Ladies and gentlemen,
1988480	1992420	I would like to thank the deputy Chico Alencar,
1992600	1995020	in my name, in the name of all Brazilian ufology,
1995020	1997780	and of the Brazilian people, for being here.
1997780	1999780	foreign
2028180	2032320	a town affectionately called Princess of the South of Minas,
2032620	2036420	a city with a very high human development rate,
2037800	2043960	and which was the stage of the greatest case in the history of Brazilian and world ufology,
2043960	2048920	side by side with the Roswell case that happened in the United States in 1947.
2048920	2056360	1947, but it was a target in several aspects of its logistics, civil and military testimonies,
2056360	2064020	times and movements. It has even surpassed the Roswell case. I would say, gentlemen, after more than 18 years
2064020	2070980	of field expeditions in a large group of ufological research in Belo Horizonte, the CICOANI,
2071640	2075040	Center for Civil Research of Unidentified Air Objects,
2075040	2081580	as soon as I became known by the media for the events in Varginha,
2081660	2089280	I moved there, where my mother, Rosa Pacatini, still lived in the city,
2089480	2091680	and there I set up an operational base.
2091820	2095100	As soon as I got there, I looked for my childhood colleagues,
2095100	2099700	because Três Corações has a gigantic infantry battalion of war,
2100980	2103660	which is called ESA, the School of Weapons Sergeant.
2104300	2106840	So, gentlemen, I come here with an open chest.
2106980	2112920	I was not afraid of anything in 1996, I am not afraid of anything in the middle of 2025.
2113340	2116140	That's why I'm here in the presence of the deputy Chico Alencar,
2116300	2120180	our colleagues from the Brazilian Ufology, the largest ufology in the world.
2120300	2123620	It's Brazilian ufology. I wanted to leave this recorded.
2124580	2128580	Arriving in Três Corações, I asked for help from childhood friends.
2128580	2133920	I was literacy in three hearts. Many of my friends at school, when I was little,
2134400	2140120	had their parents in the military, the ESA, the Army Sergeant School.
2140120	2144160	Great school, we are the best sergeants in all of Latin America.
2144500	2148720	Their parents influenced them to become military later.
2149340	2154560	And it was through my childhood friends, who were literacy with me,
2154560	2162120	I had access to a set of information that allowed us to unravel a large part of the
2162120	2169840	occurrences in Varginha. And I am here assuring you that what happened in Varginha is something
2169840	2179040	unprecedented and has become a national controversy, much in favor of the misinformation that the military
2179040	2186320	military as a tactic, he undertook to create the ridiculous and disbelieve all
2186320	2193080	research. They failed, rigorously they failed. Who won was the Brazilian ufology,
2194200	2201240	because we discovered that, no matter what, the creatures spotted in Varginha
2201240	2205540	initially by Cátia, Liliana and Valkyria, were not strange monkeys,
2234120	2240180	Because the armed forces would not undertake a whole military operation to leave the city
2240180	2246420	of Três Corações, acting in a stealthy way, entering the city of Varginha without
2246420	2251420	warning the mayor, the vice-mayor, the chamber of the mayors, the secretaries.
2251680	2257940	They moved a whole national security operation, it was not to capture a different dog,
2258460	2259600	a different cat.
2259600	2265580	They knew that those creatures that were there were extraterrestrial beings.
2266120	2269160	And so they acted in silence,
2269480	2273600	they blocked the streets, they prevented the access of the people,
2274040	2277120	they moved military trucks from the bomb shelter,
2277240	2278800	they captured these creatures.
2279120	2284360	And what people think is a creature or an ET from Varginha
2284360	2286220	is because that's how it was called by the media.
2286220	2297380	Today we are absolutely certain that we can identify the time, the operations, who participated, who commanded at least five of these creatures,
2297740	2305860	who were captured at different times and removed from the city of Varginha in an extremely stealthy way,
2305920	2312420	with the support of the military forces, the military police and the fire department.
2312420	2317700	I would like to tell you that the intimidation was very serious.
2318700	2321600	We stopped counting the death threats by telephone,
2321880	2323620	we even stopped answering the telephone.
2323980	2329720	Not only me, but my brother, partner Marco Antônio Petit,
2329780	2333420	the greatest ufologist in the world, was present at the table,
2333460	2337540	with Clauderico Ovo, professor Irene Grancki,
2337660	2340300	and a group of fantastic colleagues,
2340300	2346400	colleagues, Irmãos Mondini, Boa Aventura, currently we have the support of Fernanda Pires,
2346520	2352100	who is in Canada. A group of ufologists who joined together around the research,
2352420	2359480	carried out an IPM, a military police inquiry, I was invited to appear, Mr.
2359500	2365140	Deputy, I gave a statement for four hours, with all the intimidation, because they didn't just
2365140	2372680	They just wanted to know how I got so much information from the military, they wanted to get my informants.
2372800	2375820	They never put their hands on any of my informants.
2376200	2379740	I protect them to this day, along with the Brazilian Ufology.
2380120	2386000	Tiago Tichetti knows the whole story, he is the editor of the magazine UVO, he fully knows the context.
2386700	2390960	And, in addition, they wanted to sue me for an illegal criminal.
2390960	2396380	criminal they wanted to deprive me of my freedom as if by chance to do
2396960	2402360	ufological research was against the Brazilian constitution a whole process
2402360	2407800	of intimidation that didn't work didn't take absolutely nothing to
2407800	2413940	in the end make a lie accusation claiming that the creature
2413940	2417580	of vagina because initially Mr. deputy they said it was
2419420	2434380	The chief of communications of the military base had the audacity to come to the public initially and say that it was a couple of very ugly and deformed dwarves where the woman was pregnant.
2434600	2445560	I am here attesting to you. Not only me, but the Brazilian ufology, the population of Varginha, has never seen this couple of dwarves in Varginha.
2445560	2446720	So it's a lie.
2447820	2448940	After the...
2448940	2451060	Are you at the conclusion of the IPM?
2451520	2453060	No, they didn't mention it.
2453280	2456440	They mentioned another context, which is what I will say next.
2457100	2459800	Since the pair of dwarves didn't stick, didn't work,
2460440	2465040	at the end of the IPM, to say that we are all, well,
2465680	2468980	inventors, we don't know anything, we're crazy,
2469280	2472360	they invented what was called the Mudinho,
2472360	2477760	a normal citizen who had only a small mental retardation,
2477760	2484300	could not articulate the words very well. This was the conclusion of the parliamentary inquiry,
2484300	2492360	military, they claimed that the creature was the Mudim. So, notice, the Mudim has a multiplier effect.
2492640	2498340	It was the Mudim who was piloting the ship that passed in front of the farm of the couple Eurico and Oralina,
2498340	2503420	Then, Mudinho stayed at Jardim Andere, where the three girls saw him.
2503700	2508040	Then, Mudinho was captured by the police officer Marco Elisheresi,
2508180	2510420	from the military police in Varginha, who came to die.
2510760	2513300	Then, Mudinho passed to the regional hospital.
2513380	2515660	He passed to the Humanitas hospital.
2515660	2518660	It was he that Mrs. Terezinha Klepp saw inside the zoo.
2519060	2525000	So, they created the IPM to, in the end, bring this farce.
2525000	2533500	We came to the public, we denounced everything, I'm here publicly claiming that it was never the Moudinho.
2534020	2539880	His image was altered with CorelDRAW, a software that works images,
2540220	2547320	so that he looks as much like the creature, a creature completely different from human patterns.
2547320	2548680	I would like to...
2548680	2549280	And the little mud...
2549280	2556800	They changed his image and claimed it was the little mud, with this multiplier effect, ok?
2557280	2561040	So, I would say, the seal was implemented.
2561200	2567820	It is not up to us to try to explain why the military forces, not only from Brazil, but from the world,
2567820	2574580	the world, they hide the existence of extraterrestrial beings, probably because they are
2575320	2580840	using reverse engineering when they can have contact with these ships and these creatures
2581880	2589140	to absorb propulsion technology, space navigation, communication, metallurgy,
2589300	2597580	and also to avoid panic in the population, probably for philosophical and religious reasons.
2598240	2605020	I conclude by saying to you with absolute certainty, what happened in Varginha is the
2605020	2607660	biggest case in the history of Brazilian and world ufology.
2607820	2616060	And I would like to say that all the intimidation that they tried to silence Brazilian ufology
2616060	2616820	did not work.
2617300	2621420	Living under the egypt of fear is not an option for anyone.
2621420	2628280	And I would like to end by paraphrasing the world's largest ufology editor, J. G. Vare.
2628500	2631240	It's cold, my friend. You're not alone.
2633800	2634660	Thank you.
2637080	2638780	Thank you, Vitório.
2639560	2641680	Let's go now to the next one.
2642160	2648340	Marco Antônio Petit, great understander of many things.
2673500	2674500	Thank you, Mr. President.
2683620	2685420	Thank you, Deputy Chico Alencar.
2686380	2689000	I presented a book by Varginha, my book.
2689000	2691780	Pacatinha has just released the second edition of his book.
2692840	2697520	We have been together since the beginning in this fight and denounced all the coverage
2697520	2702720	linked to Varginha, also through this book, which was written with the help of the 9th
2702720	2702920	deputy.
2703220	2703480	Why?
2703480	2713500	because it was through his performance that we finally got access to the content of this military police inquiry.
2714480	2720200	And the book ended up being protocolized by the CBU, through our great friend and brother Fernando Ramalho,
2720400	2725140	in the Ministry of Defense as a complaint against the Brazilian Army.
2725820	2729200	He should have answered the complaints, but he hasn't done it until today.
2729200	2732880	This is just a detail to add something about Caso Varginha.
2733060	2737680	I have been in the public sphere since 1979, and this is properly documented.
2738680	2741340	And we consider the following.
2741760	2746060	The most important thing for me, in my life, since the beginning,
2746340	2750140	is to have that awareness that we cannot play with doing ufology.
2750560	2752000	The thing is really serious.
2752380	2756880	So, in relation to the criticisms that the noble deputy brought to the public,
2756880	2760460	I consider them extremely important. Why?
2760700	2766740	Because it is through criticism that we can show our knowledge and the true information.
2767260	2771800	Just as an example, by chance I brought it here, it is delivered in the hands of the deputies,
2772000	2776740	we were presented as conspirators, as if we were not serious.
2777020	2780960	This is an invitation from the specialist school,
2783780	2790400	of aeronautics, so that I could be a lecturer to guide the students of this school.
2790620	2793280	This is one of the conspirators.
2794240	2798240	Another thing, I prepared here quickly some quotes that I consider fundamental
2798240	2800620	that we put within this time.
2800960	2806400	As everyone here has already put, the situation is very serious, it is very serious, really.
2806720	2808120	Hence the importance of this audience.
2808120	2816180	It is not very serious because the planet is at risk or because there is already the possibility of an attack on the national territory.
2816180	2823360	It is not that. It is very serious because of what has been covered, not only in Brazil but also abroad.
2823840	2832460	I was happy, and this is also an answer for those who I consider important to make the criticisms,
2832460	2841460	I was happy, and I consider myself privileged, to have counted on the respect and credibility
2841460	2851340	of some of the main military authorities involved in the philological issue.
2851340	2856780	I will mention only a few with which I had the chance to interview, to do interviews,
2857300	2860100	to interact and to have information.
2860100	2865300	more than that, all these military men that I will quote now, gave me authorization
2865920	2870400	for me to publish, if this was done, in my books, in the UFU magazine, with the information
2870400	2876020	that they passed to me, which is not part, largely, until this moment, of any
2876860	2877900	document released.
2878360	2879800	That's why the situation is serious.
2880000	2884400	I will quote some of these authorities with which I interacted, directly linked to the
2884400	2885160	ufology issue.
2885160	2891020	Colonel Irangi Holanda, commander of Operation Prato, revealed to me and Gevaer
2891020	2895920	impressive things about UFOs in the Amazon. Brigadier José Carlos Pereira
2895920	2901980	said to us in text, not only is the subject serious, but something surprising.
2902400	2908420	In Brazil, unlike what happens in the United States, Thiago made this review,
2908700	2914980	in Brazil he told me, don't shoot UFOs by the Air Force, because we can't
2915160	2920960	how they could react. So, there, deputies, you can see, and all of us who are
2920960	2925440	following us here live and also through the internet, how there are
2925440	2929940	great implications behind this whole story. Another great military man
2929940	2934940	within the area of ​​Ufolugê who gave me information, the admiral, I had contact with the
2934940	2938420	admiral through my city, our state, Rio de Janeiro,
2938580	2943860	Admiral Giovanni Gajullo, who also guaranteed that the Navy has a dossier
2945440	2950380	documents that officially the law of access to information has not been able to access.
2950880	2956920	Another one of them, I had contact with one of the conspirators who would not be serious
2956920	2963680	in this bank, I had contact with two ministers of state to deal with ufology, Brigadier
2963680	2971000	Otávio Júlio Moreira Lima and Socrates Monteiro. Moreira Lima, for example, told me, he was
2971000	2975540	It ended up because of the conspiracy, as we usually say, of the universe,
2975820	2977760	so that we can access important things.
2978080	2980960	First, I interviewed Regiane Schumann,
2980980	2984660	because he did not disclose the promised report on May 86,
2985000	2990080	when 21 UFOs were tracked by the Sindacra screens, for example.
2990240	2992720	So, me and this journalist in Rio went after him,
2992740	2995960	and, one of the reasons he told us,
2995960	3002880	for the not-publishing of the report 30 days after the promise, his words, I remember perfectly,
3003240	3008720	are also published in the UFA magazine, that the authorities, notice what I'm going to say,
3008840	3017820	that the authorities have to be careful not to publish news that can lead to panic,
3018020	3023980	this said by Minister Moreira Lima. He also did not imagine anything at the level of an
3025960	3028860	but because people, because they are not being prepared,
3029760	3034700	and the audience called by you has a fundamental importance
3034700	3038360	for this process to start happening also from now on,
3038380	3043880	can minimize this type of effect that will end up having to happen with the truth.
3044340	3048400	In this case, for example, I also had contacts with generals,
3050680	3054040	I received in my home in the region of Serra da Beleza,
3054100	3057000	very rich in observation of UFOs, where I went to investigate,
3057480	3063160	I received Moreira Lima, Valença, Conservatory District and
3063160	3067800	San Isabel do Rio Preto. There, after the interview with the Minister,
3068020	3074120	I had the chance to receive a request from the Minister himself
3074120	3076340	so that I could host them in my hotel.
3076580	3076740	Imagine!
3077500	3080300	Of course, I ended up giving in to my own suite,
3080480	3082960	the hotel was full, to receive them.
3083240	3087640	Who participated in this presence because of the anniversary of one of them?
3087920	3090080	Eight colonels and the Minister himself.
3090140	3092880	And then, by the pool, he arrived before everyone else,
3092920	3094980	he came to me and said,
3095200	3096780	I'm going to open my heart to you.
3097520	3098620	He already knew me.
3099380	3100680	He told me to start.
3100680	3109300	the technology involved in these appearances, notice, it looks like magic in front of our eyes.
3109560	3112100	It looks like magic in front of our eyes.
3112480	3116600	It revealed speeds that sometimes passed, according to him,
3116660	3120900	who followed the night of May 1986, 19 to 20 of May 1986,
3121260	3124000	speeds that according to him and other military leaders,
3124000	3130260	passed 15 times the speed of sound within the atmosphere, Mach 15.
3131020	3135720	Another thing, he reported cases that he also had no explanation, but he told me,
3135720	3142800	I'll tell you, you can divulge, and I did, of several observations by military aircraft
3142800	3147420	of the Brazilian Air Force, not only fighters, but military aircraft of the Brazilian Air Force in general,
3147420	3150460	who came during the time he was Minister,
3150840	3153620	and found in the middle of the day,
3154520	3157980	mainly in the section where we are today,
3158060	3158880	in the central plain,
3159420	3160240	to Rio de Janeiro,
3160420	3164960	metal objects with more than 30 meters in diameter
3164960	3168740	approaching military aircraft.
3169020	3177080	Now, what was the report that ALAI has managed to get so far
3177420	3181620	despite this enormous amount that the Air Force was, so far, a great
3181620	3184800	collaborator of ours, obviously there is much more left.
3185900	3193460	Another thing, I had within the syndicate, another happiness that the conspirators
3193460	3197460	here had, the CBU, which I have the honor today to preside,
3198460	3201320	Ramalho is our man here in the congress, interacts with the deputy
3201320	3205380	since long time ago, and once again I thank you for everything, to the friend.
3211380	3219640	We had the official invitation, we had the official invitation within the syndicate,
3219840	3228880	where we were shown in detail the information inherent to the case, also of the official night of UFOs.
3228980	3232820	Another thing, at the Brazilian Air Defense Command, at the Condabra,
3232900	3239600	I, Ramalho, we are the survivors, GVS was there with us, Caldeir Cova, among others, but today is healthy,
3241220	3247660	I'll keep the name, Ateneu Azambuja, the commander of the Condabra in that historic
3247660	3253240	official meeting with the members of the CBU, arrived at a certain moment when he looked
3253240	3258900	back at a screen like this, which reproduced what appeared on the radars in the
3258900	3264460	air defense control in the underground, where we had the chance to get there, he told us
3265460	3266540	High and good sound, right, Ramalho?
3267060	3271800	It's not something armed for you, but you can see, looking back now,
3271920	3276760	a UFO that is being detected by the syndicate and the condabra,
3276820	3279260	passing exactly over Brasília.
3279460	3283800	So my testimony today here is not only as the president of CBU,
3283860	3288900	or in my name, but it is also as a witness to these things that...
3289660	3290720	I'm going to finish, I'm going to finish.
3290720	3295400	finalize with some joint statements of these military officers.
3296960	3301920	The UFOs alternate visibility conditions both in the visual and radar sense,
3301920	3306520	that is, in these cases that I am quoting Ampassan, these objects may be being
3306520	3311960	seen at the moment, in that position, visually on the radar, suddenly they add up on the radar
3311960	3317580	or in the visual, that is, they demonstrate to us the advanced capacity.
3317580	3325160	Another thing, speeds above Mach 15, I've already put, another thing that several of these high-patent military,
3325160	3328260	as the ministers themselves declared to us, to me personally, even,
3328540	3333460	that they have already made several times, flights in squadron with our military aircraft,
3333760	3338700	clearly demonstrating that there is, of course, an intelligence behind it.
3338700	3347040	I had already commented, do not shoot UFOs in Brazil, unless with presidential order,
3347040	3350480	there must be a consultation. And do not shoot because, highlighting,
3350880	3354540	there was the Minister Socrates Monteiro himself who revealed the following,
3354840	3361480	we do not know how they could react if we went for an aggression,
3361780	3365000	but also all these military men guaranteed me the following,
3365000	3369960	until the moment of these conversations, which until, I will not say today, but until
3369960	3379800	these moments of the past, there is no record by the Air Force of a really hostile attitude
3379800	3384780	by what we call UFO phenomenon within the Brazilian airspace.
3386080	3393080	Another thing, they have guaranteed that the UFOs have made demonstrations to our military
3395000	3402080	since the year 54, flying over military bases, just to give a single example.
3402440	3405720	And I would like to make clear here, at this moment, the following.
3406440	3412760	I have the published book, it is in your hands, but we have, like Pacatini and others from CBU,
3412820	3417340	we have the names, specifically speaking of the book of Caso Varginha,
3417340	3423820	the names of the main authorities, even not yet publicly mentioned,
3423820	3427160	but they are in the book, linked to the Varginha case.
3427180	3431420	So, today, if there is an opportunity or interest, I have a small list
3431420	3436340	and I can, once again, demonstrate that here no one jokes about doing ufology.
3436920	3440340	It's very easy to say, the Air Force covered, the Army covered.
3441080	3445480	But sometimes it's not as easy to say as any of us here does.
3447620	3452120	at risk, yes, as Pacatinho was a living proof of this,
3452840	3457000	our own security, by mentioning names
3457720	3463940	prominent of the past within the Republic, not only in the military area, but also in the area
3463940	3470480	of the federal government, committed, pay attention, this is inserted directly in the
3470480	3474640	final proposal of this hearing, the issue of national sovereignty.
3475720	3483400	As pessoas que participaram, infelizmente aqui no Brasil, em 96, da entrega de praticamente
3484140	3487520	tudo relativo ao caso Varginha para os Estados Unidos da América.
3487640	3491760	A gente tem os nomes dessas pessoas para citar e se houver essa oportunidade eu estou
3491760	3492520	pronto a fazê-lo.
3492940	3499180	Agradeço de coração, deputado, e a atenção de cada um de vocês aqui presentes e também
3499180	3501120	através das nossas mídias sociais.
3502380	3503260	Obrigado, Petir.
3506300	3513560	The last participant here from the table, Fernando de Aragão Ramalho.
3515420	3522940	Good morning everyone. Special thanks to Deputy Chico Alencar, who opened this space for us.
3523340	3533420	And it's not today, right? It's been a long time, since 2009, we've been in contact with the deputy to help us in this hard task,
3534640	3540040	to bring information to the public and, as our noble President Petit said,
3540660	3547100	to prepare society for this type of information and that is now the law
3547640	3557080	on which we must enter our exhibition, which is the means we have today,
3557080	3564660	today, kind of cool, even voted for this house here, and we had a close
3564660	3574060	follow-up on the elaboration and the entry into force of this LAI, because we had already been
3574060	3581540	acting on this, trying to open these documents since 2004. So, before
3581540	3587440	Before we get into the use of LAI and our difficulties,
3587900	3592180	I'd like to make a little history of how CBU was created,
3592620	3594740	how ufology is treated here in this house.
3597700	3602100	People, including these criticisms that came to the deputy
3602100	3605240	when he proposed this audience,
3606240	3610060	they are unjustified because this house always paid attention.
3613000	3620120	since 1995, right? We will be 30 years old now at the end of the year. And for you to have an idea,
3620260	3630360	we were ufologists before we came here. And I've always followed this and I know, of course, with the collaboration
3630360	3638140	of our center of information of the chamber, we got some documents.
3638860	3641220	Let me see here, it's passing.
3646560	3648480	Guys, please give us some advice.
3650100	3651400	Next slide.
3653500	3663100	With the help of the Center for Documentation of the Chamber, we got a presentation from
3664460	3664940	1975.
3667480	3672080	So, for you to have an idea, in 1975, ufology was already being treated here.
3672080	3672460	here inside.
3676740	3683780	And the SED provided us with 15 pages of a presentation...
3683780	3686420	Back, please, the second slide.
3689080	3691080	A presentation...
3692960	3696860	Back, please.
3696860	3697240	Please.
3699920	3700480	You are going forward.
3710240	3716440	Well, so we don't waste time, before 1975,
3719320	3726120	there was already a requirement for the formation of the deputy Roberto Magalhães,
3726860	3735600	1958, it was not here in Brasilia yet, but we already had this house dealing with
3735600	3740980	the theme of ufology, specifically about the case of the island of Trindade, which were
3740980	3752300	photographs taken, the case of the deputy Magalhães, he made a request and the
3752300	3760140	the Navy responded to what was happening in the case of the Tridade Island and these documents
3760140	3769360	were reserved until the entry into force of the LAI. Thanks to the deputy, we already had access to
3769360	3776160	this document before, but it only appeared after we activated the LAI. Here,
3776160	3780400	here, dealing with the documents obtained here in the Chamber by the SED,
3780500	3789100	here in Brasilia, through General Shoa and Brigadier and Deputy Brigid Tinoco,
3789260	3793020	who was the president of the Science and Technology Commission at the time,
3793120	3798360	we managed to bring Dr. Joseph Hallenheinig,
3798360	3805840	who, for the laymen who don't know who he is, he was an American government scientist,
3806360	3814920	very respected, including he who described the types of contacts that would be with these UFOs.
3815100	3817480	First, second and third contact, immediately.
3818440	3823560	So he was a very respected person, a professor at the University of Northman,
3823560	3833340	and he made an exhibition here at the Ulisses Guimarães Plenary,
3833340	3838480	in 1975 it was not yet named, but after this exhibition,
3838960	3843820	he went to the Science and Technology Commission
3844560	3849240	and presented his work, from the Condom team,
3849240	3859260	that finally resulted in the book Blue Book, which is a book released by the American government
3859260	3866300	to discredit the obvious phenomenon. So you see that at that time this coverage was already
3868020	3876380	fundamental to be treated in the way within the parliament, here in this house,
3876380	3881160	very seriously, bringing a scientist from the United States.
3884480	3889060	So, Dr. Heineken made it very clear, we won't read everything,
3889300	3895800	due to lack of time, but in 1975 he already said that the time of the ridiculous
3895800	3902140	about UFOs is over, right? And it makes no sense for people to criticize
3902140	3907440	criticizing the deputy for such an initiative, saying that he is dealing with bullshit here in the
3907440	3915400	chamber, because this was already treated as a serious thing in 1975. He also said that he should
3915400	3921460	create here in Brazil a seriously interested scientific group in the discovery of what
3922400	3931800	UFOs really are and study them. This was already an initial light for the creation of the CBU, because the CBU
3932140	3939940	is not composed only of ufologists who are observers of the sky, they are scientists.
3940740	3943880	There are many scientists. We have psychologists, doctors,
3948140	3957100	physicists in physics, in the case of our engineers, there are many.
3957100	3965680	So, the CBO is made up of serious people and we don't joke, as Peti said, about doing ufology.
3966340	3976140	And, once again, Heineck criticizes this issue of the United States publicly presenting such negative conclusions,
3976140	3981520	not based on scientific research, but only on political considerations.
3981520	3987640	is when you start to see the problem of national sovereignty.
3988520	3998880	For political interests, the United States imposed a long period of secrecy on Brazilian ufology.
3998880	4001260	And we will go on.
4004820	4007960	Just after two years,
4008880	4012380	in fact, 12 years after this presentation by Hynek,
4013200	4020320	we put into practice, at the first World Ufology Forum here at the Boa Vontade Legion,
4020320	4027240	where there were 70 ufologists, 35 international and 35 Brazilian,
4028880	4038360	from all over the world, from several countries, and there it was delivered the letter from Brasília,
4038720	4046100	which was the first document of request for the opening of information.
4046760	4056840	At the time, it is in red, we put mainly Operation Plate and the official night of UFOs,
4056840	4062500	that our colleagues here have already commented a lot, we will not go into detail, but at that time
4062500	4069840	the case of Varginha had not yet entered, and only came to enter later. This letter from
4069840	4080460	Brasilia was delivered to the then senator José Roberto Arruda, to the representative of Lieutenant Brigadier
4080460	4085320	Lélio Viana Lobo, who was the Minister of Aircraft at the time, addressed to
4085320	4094380	President Fernando Henrique Cardoso. This letter did not have answers until 2004,
4095020	4099480	when we decided to do the campaign UFOS Freedom of Information Now.
4099660	4105820	The magazine UFOS, together with Adhemar Gevaed and us from CBU,
4105820	4113300	we were able to be invited, as Peti already said, to a visit to Condabra,
4113400	4122260	where we had access to the first documents we requested in the letter from Brasília.
4123020	4128880	We became witnesses of the existence of those documents,
4128980	4134500	because that was not a fantasy, official documents made with the greatest rigor of the military.
4135960	4145220	And we delivered, once again, a manifesto of the ufology to Brigadier Teles Ribeiro,
4145380	4151240	who was the head of the Social Communication Center of the Air Force.
4152400	4157280	And inside the condabra, as Peti said, we went to the CODA.
4157840	4164260	We had these documents in hand, and we saw a UFO on the screen there.
4165820	4170360	a system that watches the whole of Brazil, and the maritime area as well,
4170520	4175380	composed of several satellites, radars and everything connected.
4175900	4179120	We witnessed a UFO live.
4179520	4183820	And we started to enact the law.
4184140	4189300	At the time it was 11.111 of 2005, this visit was in 2005.
4190300	4197000	This law was later revoked by the 12.527, but at the time it was what we had.
4197900	4201220	We protocol the Doce Eufo Brasil in the Brazilian Civil House,
4201960	4207080	and several other federal agencies.
4211320	4217180	In 2013, we were welcomed by the Ministry of Defense.
4217320	4219620	This had never happened anywhere in the world.
4219820	4222480	The CBU went to the Ministry of Defense.
4223260	4228600	We discussed the possibility of creating a working group involving military,
4229120	4231840	of the three armed forces and the CBU.
4232100	4238080	This working group did not move forward for political reasons, obviously.
4238080	4244240	Obviously, right after 2013 we had the impeachment of President Dilma,
4244340	4254800	the fall of Minister Celso Amorim, who was the person who provided this meeting with the military of the three forces.
4255980	4264120	And from then on, the process of the LAI was already in force,
4264120	4277020	But we couldn't, because of several reasons, we looked for these reasons several times, we requested, we protocolized the Petit book in the Ministry of Defense,
4277320	4287000	then this book was... the Ministry of Defense itself asked for three more copies, we protocolized three more copies with this book, which is a true complaint,
4287000	4294040	These copies were sent to the three forces, the Air Force, Navy and Army, without any response.
4294120	4301240	So we were in a limbo, let's say, for almost six, eight years.
4302480	4310100	And in that time, looking for answers to that, I read this book by Lucas Figueiredo,
4310100	4318700	that tells more or less what the process is, how this process of covering up military documents is done.
4318720	4326020	This is a cultural issue within the military structure itself.
4326020	4332500	It records everything, all that my colleagues have put in place, it is recorded, it has documentation.
4332500	4337640	the documentation, preserves it, because this kind of confidential information is
4337640	4344580	imprescriptible, it cannot be destroyed, they hide, lie and keep silent,
4345360	4349360	constantly. That's why it didn't make sense for us, now, in this first
4349360	4356500	audience, deputies, to bring here military to listen to this.
4356500	4365280	First, we have to put what is happening, say explicitly, publicly, so that later they can
4365280	4370960	provide the information within the law, because we have been asking for this for a long time.
4371240	4379360	Since the law came into force, we have accessed gov.br, which is the means, each one has their
4379360	4384980	registration today, everyone makes income tax through gov.br, everyone has this right,
4387080	4402980	we access the CIDs of what we could find, CIDIC, by the way, is the indexation code of documents that contain classified information,
4402980	4409980	looking for this information, but we can't find it, there is no way to find it using LAI, understood, Congressman?
4409980	4417520	That's why this is our problem. We have to problematize this, obviously using the Commission,
4417860	4422920	the power that the Commission has to make it work, because these documents need to be exposed.
4424300	4429640	And LAI itself, it commands that these documents be...
4431360	4436100	they enter a hall of unclassified or classified documents.
4436100	4440520	But it's like finding a needle in a straw.
4441440	4443540	Because it's a huge code.
4443900	4447380	We have some examples here of what we tried.
4447660	4449760	It's a huge code that you can't say,
4449960	4454860	if this is classified, what is it about ufological information?
4454860	4458860	There's no way to realize that and request via LAI.
4459920	4461880	It's a very specific thing.
4461880	4466700	The LAI can be good today, for example, so you already know what the subject is,
4466760	4473040	you activate the LAI and go there, look, the subject is about this, I'm interested in this and such.
4473460	4479600	This information I want, then the LAI provides. But old stuff, especially before the Constitution,
4481020	4485720	we don't have access. For example, Operation Prato, we have the films from Operation Prato.
4485720	4490840	Even Thiago had access to the film's frames.
4491240	4493640	At least 15 minutes of film.
4493820	4494580	Where is that?
4496280	4497720	We've already requested the aeronautics,
4498320	4502500	the process reached the General Control of the Union,
4502800	4504320	and when it arrived, he stopped and said,
4504480	4512300	the server who said they didn't have this information,
4512700	4513660	has public faith.
4513660	4517900	So, it's there, it's there. So, you stopped there, you can't go any further.
4520740	4530900	So, it's a difficulty that the CBO has. Unfortunately, we have, once again, to appeal to our dear deputy Chico Alencar,
4531040	4536440	our ufologist deputy. Thank God, we have an open deputy on this subject,
4536440	4545780	question, which publicly places this, makes the chamber fulfill its role, which is the role of
4546520	4554900	bringing the debate, a serious thing like this. We didn't go into detail here because of the lack of time,
4554900	4562680	but it is very serious, it causes a religious, political impact.
4563760	4569500	There was interference from the United States here, in this case, breaking our sovereignty,
4569720	4575120	because they took the pieces of the object that had fallen into the puddle.
4575300	4578520	How? This must have generated the document.
4578520	4585800	document, we tried, deputy, even the Ministry of Foreign Relations,
4587480	4595080	documents that attested this exit of these objects, of the creatures, right? You don't have, you don't have
4595080	4604500	how to access this via LAI. So here is our complaint, right? This is a complaint, right?
4604500	4611100	o que estamos fazendo aqui e solicitando mais uma vez não sei como nós vamos fazer isso para
4611700	4618400	acessar pelo menos até a presidência da República porque a ordem tem que vir de cima para baixo né
4618960	4625380	assessoria alguma casa civil não sei novamente como fizemos com o dossier o Brasil conseguimos
4625380	4633640	hoje o deputado colocou aqui tem mais de 10 mil documentos na no arquivo Nacional né mas é como
4634640	4641340	Gévaud said, that is perfumery. There are many more things,
4641400	4647900	hair, as we call it, back there, and that are hidden by the military power,
4648060	4655760	I don't know by order of who, but this is a population right and we have to have access to it.
4657820	4665800	Thank you, Fernando. Fernando generously said that I am a
4668700	4673620	ufologist. I am an ignorant of these topics, I am very curious.
4674640	4680160	I am inspired by a Greek philosopher who said, nothing human is strange to me, and the
4680160	4686080	and the human being as well, which are religions, if not the search for mysteries,
4687180	4691000	which always have to be painted around, mysteries, right?
4691100	4696720	And I'm also, there's more my field of knowledge, of history, of philosophy,
4698840	4704640	of politics, obviously, which, as incredible as it may seem, is also a science,
4705780	4713440	although some despise it, making it political and low-politicality instead of political science,
4713440	4717180	and serving the interests of the classes, that's another story.
4717420	4725880	But Norberto Bobbio, who was not a Marxist, was an Italian philosopher, one of the greatest,
4726120	4732740	he said the following, democracy is the regime of transparency, and there can be no secret in it.
4734640	4741740	here in your speeches, a lot of essential demand that every human being who has a democratic spirit
4741740	4751460	must accept, which is transparency, information. I want to know what is there in the bottom of the sea,
4751660	4762100	which is the largest part of planet Earth. I want to know where the supposed remains or debris
4762100	4767360	pieces of an unidentified object that was captured.
4768820	4777800	I do want us to have an opening to discuss all the issues that put us.
4778720	4785100	Also, going back to the Greeks, by the way, I don't know if Verissimo or Mário Quintana,
4785240	4786880	a good gaucho like him, said,
4787260	4792800	there is nothing we say that has not been said by the Greeks back then.
4794080	4796460	Curiosity is the mother of intelligence.
4797100	4802140	So here, this public hearing is about human intelligence,
4802220	4807580	about the investigation, about the advance in our own self-knowledge.
4808040	4812440	What we want here is to improve the lives of human beings
4812440	4816420	and have more harmony, identification, peace.
4816780	4818000	Well, let's go.
4818160	4822220	I have, as I said at the beginning, a half-day commitment.
4822220	4824180	I'm going to delay a little bit, but just a little bit.
4824340	4825900	We have half an hour.
4828620	4831000	Wait a minute, but yes, of course.
4831160	4832620	But there's an order here.
4832720	4835140	I promised Lala Barreto.
4836020	4837200	You, what's your name?
4837420	4837800	Victor.
4841540	4844400	Let's go. Let me write down here.
4849640	4852520	Victor, right?
4852880	4855640	Are you the one I referred to at the beginning?
4855880	4856300	Yes.
4858480	4859660	Victor and?
4860000	4860500	Carlos.
4861560	4862200	Carlos?
4863560	4870060	And look, because it's impressive, it's not very common, right?
4870440	4884840	Until 10 and 20, there were no less than 18 inquiries that the excellent advisory committee selected, even by subject.
4884840	4892600	will not be able to answer you where there are questions there are many very interesting questions
4892600	4900340	of high level here there is no question of low provocation but let's go there there
4900340	4903200	Hello, two minutes, it has to be like this.
4903360	4907440	Is it blocked? It's not anymore.
4912460	4914360	The on and off never turns off.
4915260	4917780	Oh, it's the priority.
4924920	4928360	Hello, deputies. It's a great pleasure
4930340	4935280	with all our colleagues from CBU, and I wanted to talk quickly,
4935620	4941880	to re-enact this question of the pertinence of this audience with the question of science.
4942320	4948100	It's as if ufology was not science. It's not science, why?
4948420	4955700	Because ufology is a position of man before a knowledge that is multifaceted.
4955700	4965080	object. So this is a unique object in science. Another unique thing about ufology for
4965080	4973580	Earth science is that we are observers, observed by intelligences that place themselves with
4973580	4982360	knowledge much above ours. That's one thing. Today, at least 10 years ago, we are already
4982360	4990860	vivendo um novo paradigma da ciência. A física quântica já está explicando o comportamento dos
4990860	4999140	UFOs que são observados, isso já está sendo explicado pela nossa ciência. Então, já não é mais um
4999140	5009040	objeto de conhecimento vindo da imaginação. Outra coisa é que a humanidade da Terra já é hoje uma
5009040	5015880	a cosmic civilization, right? Humanity has already explored the entire solar system, it is on Mars,
5016200	5023840	probably discovering life on Earth. Our deputy, who is a historian and a philosopher,
5024220	5031040	knows the importance of this matter of discovering life on Earth, even if it is a
5031040	5037900	bacteria right then and we have two probes that are already out of the solar system
5037900	5046760	so that everything that put the ufology as non-science is falling to the ground
5046760	5053240	right I myself have the work inserted in the institute of philosophy and social sciences
5053240	5060520	of Rio de Janeiro about anthropology in relation to this phenomenon. So I'm producing
5060520	5067660	knowledge and science, like many colleagues in Brazil and all over the world, and even in our own
5067660	5073980	commission. So that's what I wanted to say, to refocus this issue, because ufology
5073980	5081000	is not just observation. Observation is an important part, but we have to extract
5081000	5088480	to extract knowledge from what we observe. And it is this new era of science, this new era of humanity
5089000	5097000	that is being renewed today. And asking for documents from the Brazilian Armed Forces
5097000	5103860	is of great importance to us, because, by the excellence of the Armed Forces,
5103860	5115740	pela capacidade que eles têm de poder recolher indícios, refletir sobre isso, mas não esconder de nós,
5115940	5122840	porque nós também estamos estudando isso. De modo que muito obrigada, essa questão é muito ampla,
5122860	5129140	eu espero que eu tenha me feito entender. Muito obrigada, deputado. Obrigado, Lala.
5132080	5136200	Vitor said he was the one I referred to, he must have been mistaken.
5136660	5144520	Yes, but you are not Vitor Andrade, whose organization has a representation here.
5144740	5151240	The word, despite the lack of time, is up to you if you want to speak or not.
5151700	5152860	Calm down, Vitor.
5154500	5156780	I'm going to pass the video that you said you would like.
5156900	5161060	Everything is open here. Here is democracy and good education that comes first.
5161480	5162900	Victor, what is your surname?
5163300	5163780	Hatz.
5164120	5164600	Hatz.
5164860	5167820	Look, Congressman Chico, I would like to thank you for the space.
5168480	5172400	And I would also like to lament what is happening here today.
5172700	5176320	I'm wearing this aluminum hat to represent the spirit of the audience,
5176800	5178860	but I should be wearing a clown hat,
5178860	5185180	because we are here today in a serious country, with serious problems, with CPMI and INSS going on,
5185240	5189180	and apparently the priority of this commission is to debate ETBlu.
5190060	5194900	We are in a country where we are behind South Korea, where research is not invested,
5195580	5201120	where science is hated, where real science has no protagonism,
5201300	5202820	where technological development is demonized,
5202820	5208300	the technological development where you don't have cooperation between companies and universities
5208820	5215080	and I think it's a pity that the priority of a commission is a science show like this one
5215080	5222280	where ET Bilu and Varginha debate. What are they going to do in a little while? A public audience to investigate the Hulk?
5222940	5230420	It's a pity. PSOL, for example, doesn't see a problem with the invasion of the MST, but apparently the big problem
5230420	5232460	and the alien invasion that will happen.
5232700	5235060	It's a pity what's happening here in this house,
5235300	5238880	and I'd like to record my repudiation to this audience
5239420	5241700	and to this nonsense that's happening here today.
5244040	5246660	Thank you, Victor. Democratic Law.
5247860	5252720	You said that this Commission only dedicates itself to this topic.
5253260	5257080	You certainly don't know how many public audiences
5257080	5263600	this participatory legislation commission has already done, with issues such as agrarian reform,
5263600	5270680	under the control of rural workers, you don't like it, maybe you thought it was also a joke, but it's your right.
5270820	5276520	I want to apologize to the guests because he went to the subject of adjectivation,
5276780	5284080	to disqualification of a conversation that some may not like, may find out of reality,
5284080	5290060	reality, but our dedication, as I said at the beginning, I don't know if you were, at the beginning,
5290280	5299920	at the opening, to central issues of everyday life, such as the massacre in Gaza, the war in Ukraine,
5300260	5306660	the Brazilian social inequalities, the attempt of a new coup with a project that no one
5306660	5311600	knows the text yet here in the Chamber of Analysties, are in the field of our concerns.
5311600	5313800	I would like to ask you to answer, President.
5313900	5318460	No, there are other people here. You have already had your time, you stopped before two minutes.
5318600	5328380	Now, our Carlos, please. And I apologize for the offense he made, even with the clothing, to ridicule.
5328380	5331240	But it's okay, everyone sees himself as he wants.
5331320	5335020	You can't come here naked, because it's an attempt at modesty.
5335180	5339020	Now, there are attempts at ethics, at decorum, here in the Chamber, in profusion.
5341880	5348580	I'll go back to the word quickly, for two minutes, to explain what ufology is, because there are those who don't understand.
5349620	5351320	Unfortunately, Victor here...
5351320	5352240	No, no, no.
5354460	5360760	Victor here joined Jô and Trigo. If he knew a little bit about ufology, he would see that we are against ETBLU.
5360840	5366640	And here, Victor, much more than a political party discussion, because each one has their own political position,
5366640	5369720	We are here talking about freedom of information and the right of the citizen.
5370060	5373820	Something that you should be providing, something that you should be defending.
5374480	5382680	We are here talking about a topic that any topic here in this participatory commission can raise.
5383100	5386380	We went after it, we got a deputy to support us.
5386560	5391980	Simply that. So don't say that everyone here is a clown, that it's a circus, because there are no clowns here.
5391980	5397980	They are people who investigate, dedicate their lives, dedicate time with their families to a serious research.
5398060	5404180	So, when you are going to speak, speak in another way, in an educated way, and don't throw everyone in the same bag of potatoes, ok?
5405020	5411020	Let's go, Carlos. This is not a plenary session of the Chamber. You were nominally mentioned.
5411020	5419960	You made an offensive adjective, as long as possible, and he, who was accused of being a clown, like me too, but I'm not worried about that,
5419960	5430220	He answered, let's go there, one minute for your speech, with the enormous patience that I learned to have against some people in politics, extreme right.
5430480	5435080	Look, I consider it incredible how...
5436860	5438220	Is it working already?
5439040	5443140	It's incredible how you defend science, now it becomes extreme right.
5443600	5446160	It's very good that you don't defend ET Bilu.
5446160	5449440	Now, are there really evidence of Varginha's E.T.?
5449440	5452360	Is there any serious study that indicates Varginha's E.T.?
5452360	5455580	Is it a priority of this committee to debate Varginha's E.T.?
5455580	5458440	We are left behind in South Korea's patent.
5458440	5460300	There's no point in showing me your little book.
5460760	5462300	There's no point in showing me your little book.
5462600	5464620	It looks like Bolsonaro showing the chloroquine.
5464880	5468540	And deputado Chico being consensual with this is absurd.
5469060	5470960	It's impressive what's happening here in this committee.
5471760	5473100	Apparently defending science,
5473100	5479000	science, fact, data, has become extreme right now. I want us to have a serious research
5479000	5483000	with countries like South Korea and not this absurd that is happening here today.
5484620	5493660	Thank you, Victor. You know that today's world, in addition to unidentified objects
5493660	5499940	and anomalous phenomena, also has the cuts of likes, right? All being filmed for him
5499940	5504520	to make his shine. He tried his best, he took advantage of the space of the great,
5504720	5508780	quote, clownery that we did here. But let's go on. Carlos, please.
5509380	5520460	Thank you very much. First of all, good morning to everyone. It is a gratitude I have for the initiative
5520460	5528120	of the deputy Chico Alencar, to give this opportunity, to grant this opportunity to ufologists,
5529940	5535880	such a serious and serious subject as it was put here in several opportunities.
5537600	5544920	Therefore, it is an honor for me to be able to participate in this public hearing, as
5544920	5548700	the Secretary of the Brazilian Ufology Commission.
5550780	5561340	A theme, ufology, of extreme importance, I would say of a very special meaning, because
5561340	5567740	it speaks about all of us, all of us, terrestrial humanity.
5570300	5577540	I take this opportunity, I think it is extremely appropriate to talk about two very important aspects,
5579080	5582620	that is, rights and duties.
5585680	5595780	We have, supported by the LAI, the right to know about everything that is happening.
5597740	5608880	about the truth of the occurrences that marked the manifestations of the UFO phenomenon in our country.
5612740	5625080	I speak of Varginha and I speak of what happened with a series of cases of Operation Prato in the northern region of Brazil.
5627740	5632940	mainly what was hidden from us and continues to be hidden.
5633980	5642640	And this coverage requires an opening without restrictions.
5643380	5655820	The CBU, created in 1996, already has almost three decades of tireless struggle
5657740	5667180	of answers in search of the truth about all the facts that occurred in this country.
5670740	5681100	The Brazilian Ufology Commission did not measure efforts during this period of almost 30 years,
5681100	5694200	realizing an tireless work to get to this situation, to get to this historic public audience.
5694200	5706900	historical. Therefore, Mr. Deputy, it is time for the Brazilian society to close
5706900	5720120	lines to make the uncovering a awakening of the conscience, so that
5720120	5730440	so that this may represent what we are, with great awareness,
5730980	5739620	taking into account the knowledge that we are visited, we are accompanied, monitored,
5739620	5752920	monitored and, with all this, with the old slogan that everyone here knows, they are
5752920	5754620	among us.
5756560	5761860	I repeat, we have the right to know.
5763100	5774840	And, regarding the duty, the CBU, the Brazilian Ufology Commission, fulfills its duty to clarify
5775740	5783840	Brazilian society, and this has always happened throughout this period, of all the facts that
5783840	5790620	that were hidden, covered, regarding the events here in this country.
5791340	5794440	I repeat, in an tireless campaign.
5795640	5803300	And this audience becomes a giant step for all truth to come out.
5803300	5814040	And to close, I say that it is now also a duty of the armed forces,
5814040	5822000	especially the army and the air force, to open the files, because we all here
5822000	5828060	have the right to know everything about everything that happened.
5828060	5839300	And I thank you for your perseverance, your dedication, your commitment and initiative
5839300	5844920	to make this public hearing possible, which is historic.
5846240	5854400	And congratulations to you for being engaged in our campaign.
5855820	5856260	Thank you very much.
5856560	5857260	Gratitude.
5862420	5868600	Well, we are here at the end of our audience, it is time to return the word to the members
5868600	5877620	of the table, for two minutes each, please, effort of synthesis, but I want to say that...
5884560	5893180	First, I want to thank Mr. Roberto San Pedro. I am a member founder of LASO,
5893420	5899960	the Latin American Academy of Scientific Ufology, of Dr. Júlio Acosta Navarro.
5901200	5909300	Our main objective is to elevate the ufology of a mere speculation activity to a field of academic study.
5909960	5913740	Our mission is clear, to demystify and investigate.
5914460	5920220	We seek, through a scientific and rigorous approach, to collect and analyze,
5920660	5925840	to share data and evidence related to the phenomenon Wapioven.
5928140	5936160	I would also like to tell you that we are an association, that we have a CNPJ focused on ufology.
5936560	5945340	And we have four scientific papers published in international magazines.
5945560	5948520	For your analysis, if you want, I brought them here.
5948740	5956620	So, for it to be clear, Brazilian ufology is growing and reaching an international level,
5958080	5964660	of the SCU, which also Tiago Tiquete is part of this group, which is one of the largest
5964660	5971180	international ufology groups. In other words, we also have the scientific part of ufology,
5971480	5977500	and here is the proof of the scientific papers published. Gratitude to everyone for the opportunity.
5979860	5985500	Thank you, it's important. Please, if you can give us the document. So, look, I want to apologize
5985500	5991420	I apologize to those who sent questions, many interesting ones, including about the
5991420	5998360	scientific character of ufology, if it exists, if it doesn't flirt in parts with mystical
5998360	6008660	theses without any scientific support, but also praiseworthy questions from this
6008660	6015100	this very parliamentarian, why the Civil House, the CGU, is never called to an
6015780	6021480	ufology audience, maybe because we have started from a pre-supposed, who knows, prejudice that
6021480	6026340	they would not accept. I have personal relations, even because he has already been a deputy with the Minister of Defense,
6026680	6033260	and I will address many issues here for him too. Anyway, I want to thank
6033260	6042560	I would like to thank Jackson Camargo, Paulo Henrique Barac Werner, Arthur Paredes, Maria Valdete Leite,
6043260	6049640	Gerbialdo Silva, Leandro Antônio dos Santos, João Marcelo Marques, Jenner Silva,
6049960	6059540	Jean Carlos Quintas Vieira, Robert de Souza, Eduardo Rodrigues de Oliveira, Viacer Flávio Rabelo,
6059540	6067380	Daniel Coimbra, João Batista Trigo, João Marcelo Marques, Carlos Augusto, Alba,
6069100	6074880	Rogério Ribeiro da Silva, Cláudio Aparecido. I thank you very much for your interactions,
6075280	6082520	your questions, all of them very interesting, which would deserve an audience, a dialogue of
6082520	6090700	of four or five hours, very interesting, criticism or affirmations of ufology, questioners
6090700	6097680	of this kind of more interesting theme that they are asking here, or praise,
6097960	6106400	anyway, I will pass the questions to the entities represented here, so that
6106400	6114160	that will then send us the answer and our mandate is available to be a channel for this dialogue.
6114920	6123420	We are not here to defend the thesis A, B or C as absolute truth,
6123540	6128900	because absolute truth and dogma are from the religious field.
6128960	6131140	I have mine, thank God.
6132020	6138040	Now, in the field of science, debate, controversy, dialectics,
6138040	6142600	doubt is what drives humanity.
6143240	6147720	I don't know if you've seen a very well-made movie called Conclave.
6148280	6155200	And there, a candidate for the Pope, I voted for him in the movie, in the fiction,
6155200	6163740	reflection, he comes to a distressing conclusion that, in short, God is the own doubt, God is the
6163740	6172000	great inquiry of the universe. There, it was not him, by the way, a surprising one came in, I won't give the spoiler,
6172180	6179580	well, anyway, a minute for each member of the table, thanking everyone, including
6179580	6184740	Even Victor, who has disrespected the audience, but he has every right to do so.
6184980	6185740	You have every right to have your own space.
6186200	6189600	No, we are here. You know you have every space.
6191040	6197480	Ladies and gentlemen, I would like to thank you all on behalf of the Brazilian Ufology.
6197660	6204300	I am here to assure you that there is documentation of the incident in Varginha.
6204300	6211240	These creatures passed through the Regional Hospital of Varginha, were transferred to the Humanitas Hospital,
6211260	6217880	were removed from the city of Varginha in a military operation of national security, of absolute secrecy.
6218020	6220600	There are videos, there are photographs.
6221940	6225160	It is clear that the military is in possession of this material.
6225560	6232660	It has been practically 30 years that we have been waiting, and until now, not only the Brazilian ufology,
6234300	6240960	Brazilian people as a whole and the world population are there attentive to have access to
6240960	6249880	this information they this access will happen it's already passed the time I affirm there is
6249880	6258580	documentation photos and videos of extraterrestrial beings who were located captured removed from the
6258580	6264500	cidade de varginha nós vamos ter acesso a eles graças a deus tivemos oportunidade
6264500	6270780	está nessa audiência pública é um primeiro passo muita coisa está por vir muito agradecido
6275400	6279700	bom primeiramente deputado agradeço a oportunidade de nos ter aqui nessa
6279700	6285400	comissão participativa onde qualquer um pode pedir para participar é lembrar que a comissão
6285540	6289020	The Ufologos company is made up of several professionals.
6289820	6297840	So, the survey we do, despite our work not being posted on social media every day,
6297840	6303220	we work a lot within the law, always within the law,
6303280	6307780	and we always seek access to information freedom.
6308380	6311920	We know that we have documents still saved,
6311920	6315720	We want to have access to this because we live in a democracy.
6316600	6320780	So, every citizen must have access to this information.
6321340	6324440	We are seeing a phenomenon that is happening all over the world,
6324440	6329480	with big countries, powerful countries, investigating this phenomenon,
6329580	6330840	and Brazil cannot lag behind.
6331600	6333880	Besides being a national case of defense,
6335000	6337920	for having objects entering and leaving our airspace,
6338040	6342060	without us being able to identify them or prevent them.
6342780	6350180	We also have this information being catalogued and saved by the Brazilian military.
6350500	6356240	We would also like to propose, if that is the case, to participate in a research group,
6356240	6360180	civil and military. We could help in this investigation,
6360540	6366280	even to give a response to society about what is happening in our country and in the world.
6368040	6375140	I repeat, everyone here who does ufology research, does it out of love and also out of questioning.
6376180	6382700	We stop spending time with our children, with our families, with our friends, in search of something that we consider very important.
6383500	6387780	So, once again, thank you very much for this space and for receiving us here at the House of the People.
6417640	6423500	the members of today, the members who are no longer with us today, since its beginning,
6423800	6432200	have had, notice that I will put, the respect and consideration of the military commands of this nation
6432200	6441620	that led us to be invited to the Syndacta, to the Air Defense Command and to the Ministry of Defense itself
6441620	6449560	to discuss the ufology issue seriously, this is an undeniable proof that the work we do
6449560	6455480	is not something that can be associated with any non-serious thing.
6455480	6462760	The audience itself today here, the faculty, is another evidence of this type,
6462820	6468860	not only of the perception of seriousness that our group has, and that many other ufologists,
6468860	6474560	we like to emphasize, even those, of course, who are not part of the so-called CBU,
6475280	6477460	also practice in terms of serenity,
6478560	6482360	having this type of respect from you,
6483400	6489580	is something that also makes it clear that we are looking to do something that has a sense,
6489820	6495720	precisely, I would say, not only for the Brazilian population, but also for the world.
6495720	6512380	So, I am ready to provide, to talk with all of us, with the deputy, about possible other attitudes that will be able to lead to a greater clarification.
6512680	6515760	So, I thank you once again and to all.
6518600	6519840	Thank you.
6521120	6533100	Mr. Deputy, I will leave the line of thanks a little bit, because it is very clear that
6533100	6535600	without the deputy we would not be able to do any of this.
6535760	6541740	And I would like to make myself available to the deputy, within what we have already managed,
6541740	6547760	to bring ideas, to act, looking for these documents.
6548280	6552580	For example, we have already reached the top of the Ministry of Defense,
6552860	6558520	and as I said, it was proposed to us the idea of creating a GT,
6558700	6562700	a working group, as Thiago put it, and this is fundamental,
6563260	6568640	with the participation of military, civilians, ufologists,
6568640	6576640	of people from the information area, because this is sensitive information,
6577160	6584260	for us to investigate what is there, for us to reach a consensus
6584260	6590300	that can really be released as information for society,
6590300	6598780	for it not to cause traumas of various aspects, whether religious or...
6599300	6603640	for us to end up with this kind of criticism that we are forced to listen to.
6603720	6605180	We listen to this constantly.
6606300	6612020	So, Mr. Deputy, who is part of the government base,
6612020	6618060	for you to have an idea, all our documents that we have obtained so far
6618060	6625040	were achieved within this line of government that we have today.
6625280	6628340	Either they were in the Lula government or in the Dilma government.
6629740	6638500	And even our meeting there at the Ministry of Defense was promoted by Ambassador Celso Amorim,
6638580	6640980	who was the Ministry of Defense at the time.
6640980	6654020	and his first secretary, Dr. Ari Matos Cardoso, who received us, put us face to face with the military of the three forces,
6654240	6659160	and we opened this here, everything we are putting, without any response.
6660180	6662360	The working group did not go forward.
6663040	6670500	So, we can only run here, in this democratic House, the House of the People,
6670720	6682420	which is where this issue has to be discussed, to be taken to the top of the executive power.
6683100	6689940	And then, if you have a contact, a help, a legal way for us to get there, to the civil house,
6689940	6695220	Even the Ambassador Celso Amorim is the Secretary of the President,
6696460	6705980	to once again try, from top to bottom, to request not only the films of Operation Prato,
6706400	6711500	which we know that this was generated, if it is not here in Brazil, where was it?
6712420	6720200	As questões do caso Vaginha, que o nosso colega Pacatini colocou, que são gravíssimas,
6720320	6723240	ele sofreu ameaças, mas sabe da verdade.
6723720	6725260	Cadê esses documentos?
6725320	6726420	Foram para onde?
6726580	6729360	Cadê a nossa soberania em cima disso?
6730040	6736960	Então é um apelo, deputado, que nós fazemos e colocamos aqui à sua disposição o conhecimento
6736960	6739120	da CBU para ajudar nisso.
6739120	6742820	in a legal way, I don't know, political, whatever way.
6743260	6751380	We need to have this knowledge to prepare society for, who knows, a future contact.
6752160	6753980	The songs say that.
6754640	6756100	Caetano already said that.
6756240	6757440	One day the Indian will descend.
6758320	6761820	And we need to be prepared for that.
6764460	6767820	Impaveled and infallible as Bruce Lee.
6769600	6783980	Let's change the routine a little bit, because we tried for a long time to make a video,
6784360	6788660	but it was with technical difficulties and only now it arrived.
6788660	6791200	So, I ask for everyone's patience, including the panel.
6792520	6795280	Two and a half minutes, is that it?
6796860	6804400	Douglas Rodrigues de Aguiar de Oliveira, editor-in-chief of the Universal Racionalista,
6804580	6810020	also representing the Brazilian Association of Psychology, based on Evidence,
6810300	6815860	and the group Coalizão de Políticas Públicas, based on Evidence.
6815860	6822840	He was trying to send this message by video. There was a technical problem, but in the name of democracy.
6823500	6835380	And then I also ask, I'm being trampled on my bench already at this time, but I ask someone at the table to have some answer if necessary.
6835860	6841540	Because his opinion is quite critical here at the table. I don't know, but I'm assuming so.
6841540	6847980	Yes, let's go, two minutes, right? Yes, hello, technician, otherwise heads will roll, huh?
6848760	6861360	Hello everyone, my name is Douglas Rodrigues Zagueiro de Oliveira, I am a computer scientist.
6861420	6865560	I have been working for more than ten years with scientific promotion, mainly in the field of astrobiology,
6865560	6869640	which is the science that seeks to analyze the possibility of life outside the date to exist,
6870020	6874100	either with the help of radio astronomy, microbiology or related areas.
6874200	6879760	Ufology is a pseudoscience, which is what is being debated here in this public hearing,
6879760	6884040	because it has no study object, it does not use scientific methods,
6884060	6892160	and the works that ufologists claim to produce are not even published in peer-reviewed magazines,
6892160	6893220	in scientific magazines.
6893720	6895960	So, these works that they claim to develop
6895960	6899060	are published in alternative media,
6899060	6900800	in journalistic websites,
6900800	6903040	without any kind of quality criterion,
6903160	6905940	without any kind of criterion of scientific quality,
6905940	6907740	which is expected from a robust work.
6907860	6909760	It is not based on evidence,
6909980	6913160	and the documents that usually use it as a basis,
6913420	6915280	they rely on reports of people,
6915580	6918300	or testimonies that visualized the event.
6918620	6921280	Not necessarily that it has any kind of relationship
6922540	6926960	extraterrestrial activity. In fact, these reports do not serve as a
6926960	6931680	proof element for the extraterrestrial phenomenon, if it exists.
6932240	6939060	That is why a multidisciplinary science was created and developed with the approach of astrobiology,
6939160	6944040	precisely to investigate the possibility of this life being able to exist and develop outside.
6944040	6957740	outside. What is being presented here are purely conspiracy theories, allegations that cannot be verified, narratives that do not have any kind of scientific support.
6957820	6967140	For example, the Varginha case has no physical evidence that it has any kind of relationship with extraterrestrial beings.
6968180	6975220	Operation Plateau has alternative explanations based on psychology, mainly as collective hysteria,
6975220	6987100	as luminous phenomena, for example, atmospheric phenomena, and also has the whole context of the time of military activity due to the context of the Cold War of the time.
6987280	6995520	So, there are many absurd cases that are treated as veridical in an ufological context, but that are not analyzed with due care.
6997140	7001120	scientific evidence and scientific data and researchers really on the subject,
7001180	7005920	dealing with astronomical issues, with atmospheric sciences, would not have
7005920	7009380	gained so much attention from the media, because there is not much extraordinary
7009380	7015040	to be presented in this medium. So I would love to have people
7015040	7020900	representing scientists here who really deal with the subject in a serious way,
7020900	7026720	without fantasy elements, without conspiracy theory, just to try to
7028140	7030140	as possible. Thank you all.
7033500	7041680	Thank you Douglas. Well, of course the table asked for the right of answer and will have it, and then we will close.
7042420	7048720	A minute for those on the table who want to speak, asked for it to be restrained in time.
7049280	7050080	Vitório, come on.
7050080	7050140	Let's go.
7051080	7055480	Gentlemen, I regret to hear a person so unprepared, ok?
7055680	7062500	He does not know field ufology research, we are worth established sciences, so
7062500	7068940	sit in the chair looking at the books, establishing scientific theses, it's very
7068940	7076060	easy for a lazy person, for those who do not move a finger to go to the field, listen to the witnesses,
7076060	7081460	test, take a magnetometer, a Geiger counter, do topographic analysis,
7081480	7085640	atmosphere analysis, waste left on the soil and listen to the witnesses.
7086560	7091320	Ufological research is valid in established sciences. I'm sorry for the witness so unhappy.
7092160	7094140	Space is the final frontier.
7094940	7098240	Thank you, Vitório, who showed his Italian verve.
7100600	7105380	But I also thank Douglas, who brought good issues of controversy here.
7105500	7107140	Now, Thiago, a minute.
7110040	7116520	The debate is always important. When it was said that there was no scientific research, it is here.
7116700	7119340	The link published in scientific international newspapers and magazines.
7120540	7122940	Just have knowledge and seek this knowledge.
7122940	7127820	As Pacatti said, sitting in front of a computer does not help at all.
7127960	7133300	A field ufology research takes you to have all the other sciences with you,
7133500	7136020	from chemistry, physics, mathematics, astronomy,
7136460	7141640	whatever is to be done through a serious ufology research.
7141780	7145780	So what we do here, most of these ufologists,
7146080	7149200	all of them are here, and most of the serious ufologists in Brazil,
7149200	7154100	they use scientific methodology for their research.
7154280	7158140	If we don't have physical evidence of an extraterrestrial, of a space ship,
7158240	7160940	it's not because of lack of search and investigation.
7163220	7170920	Mr. Deputy, what scares me is that I've been hearing statements exactly with this theory for 40 years.
7171080	7177100	It's as if science itself hadn't evolved, this science that is so much propagated.
7177100	7185680	I work, for example, daily, 4, 5 hours, within certain addresses of the American Space Agency, NASA,
7187320	7192600	and the thing I find the most is the reference, extraterrestrial life.
7192640	7200960	So, nowadays, if you think that ufology has nothing positive to take from the scientific field itself,
7200960	7208340	And notice, who in our country can have a greater record of these phenomena,
7208580	7215200	than the person who made the testimony, treated as if it were something totally alien to credibility?
7215660	7221140	It's our military, and it's these military that have generated this kind of documentation.
7221140	7229620	And then I ask, Congressman, why here in Brazil Brigadeiro Moreira Lima did not seek,
7230500	7235840	let's call it nothing against science, notice, I defend it, but did not seek precisely
7235840	7238940	some scientist to say what he told me?
7239320	7242240	Why did Socrates Monteiro never do that?
7242440	7247620	He didn't do that because many times very serious people from the scientific area
7247620	7254400	are tired of assuming a position in favor of what we defend,
7254660	7257100	precisely because of this kind of thought,
7257360	7262320	totally out of the question after so many years of evidence registered worldwide.
7263020	7268520	I'm not going to defend here, I'm not a supporter of defending any kind of North American politics,
7268520	7275520	but all the last American presidents included in their platforms
7275520	7279620	the platforms, that story, whether elected or not, talk about ufology.
7280020	7284540	So this country is not a serious country either, because it deals with its presidents.
7285020	7288780	Does this president also have no idea what science is and what it is not?
7289520	7292840	Science certainly is not what was presented here or defended.
7297180	7300480	Just to finish, because our colleagues have already said everything,
7301060	7304120	the subject could go to the National Archives.
7304980	7311880	Here in the National Archives we have the report of the one that Brigadier Julio Moreira Lima
7312480	7316540	was able to publish, that's it, the CBO was able to publish it.
7316560	7320520	He only tells us that it is extraterrestrial, but he says it is intelligent,
7320900	7322860	it is not our technology, nor American.
7324380	7329280	That gave a show in the FAB hunts, there was a Mach 15,
7330500	7332420	Where does this technology come from?
7333500	7335800	The brigadeiro himself who signs the report says,
7335980	7338660	look, this is not ours, it is intelligent,
7339120	7341300	it may not be crewed, but it is intelligent.
7341900	7345060	Then our friend, who is an astronomer,
7345080	7349040	could at least suggest where this comes from.
7350460	7352360	Obviously, we are open to discussion.
7353300	7354580	Now, where does this come from?
7354840	7356660	This is a subject of the study of ufology.
7357100	7358640	If this is not science, what is it?
7360880	7364580	Go to the National Archives, study ufology.
7365620	7371720	Don't just criticize, as if a comrade came here and said a lot of bullshit.
7372000	7376920	Why don't you have knowledge? This is prejudice, and it exists inside the academy.
7377580	7383220	Okay, guys? Let this be very clear. It's a taboo to talk about ufology inside the academy.
7384140	7391520	Thanks to God, there are some universities that are already including doctoral courses, people talking about ufology.
7392220	7398760	I mean, a person who brings a conversation like this, he is totally out of it. This is pure prejudice. That's all.
7428960	7438740	but I have a lot of appreciation for science and I think that the explanation of the world does not end in science either.
7439060	7440340	I'm not dogmatic.
7440680	7447640	Having nothing more to talk about, I would like to call on deputies and deputies, members of this collegiate,
7447980	7457360	the Participatory Legislative Commission, to the deliberative meeting of the Commission tomorrow, Wednesday, September 17, at 2 p.m.
7458340	7464820	In this plenary, the three of this Chamber of Deputies, the meeting is closed.
7466340	7466780	Thank you very much.
